# Wavefront OBJ exported by MilkShape 3D

mtllib Ship.mtl

v 23.626791 13.467842 -167.689972
v 23.626804 26.638638 -153.556854
v 23.169352 26.638630 -153.556854
v 23.169342 13.467842 -167.689972
v 23.626801 24.464542 -153.560516
v 23.626804 26.638638 -153.556854
v 23.626791 13.467842 -167.689972
v 23.626791 13.474174 -165.230133
v 23.169342 13.474174 -165.230133
v 23.169346 24.464542 -153.560516
v 23.626801 24.464542 -153.560516
v 23.626791 13.474174 -165.230133
v 23.626804 26.638638 -153.556854
v 23.169352 26.638630 -153.556854
v 23.169342 13.467842 -167.689972
v 23.169352 26.638630 -153.556854
v 23.169346 24.464542 -153.560516
v 23.169342 13.474174 -165.230133
v 23.626791 13.474174 -165.230133
v 23.626791 13.467842 -167.689972
v 23.169342 13.467842 -167.689972
v 23.169342 13.474174 -165.230133
v 23.191900 14.119560 -166.874420
v 17.657532 14.119560 -166.874420
v 17.657532 13.929558 -166.874420
v 23.191900 13.929558 -166.874420
v 23.191900 14.119560 -164.670197
v 17.657539 14.119560 -164.670197
v 17.657532 14.119560 -166.874420
v 23.191900 14.119560 -166.874420
v 23.191900 13.929558 -164.670197
v 17.657539 13.929558 -164.670197
v 17.657539 14.119560 -164.670197
v 23.191900 14.119560 -164.670197
v 23.191900 13.929558 -166.874420
v 17.657532 13.929558 -166.874420
v 17.657539 13.929558 -164.670197
v 23.191900 13.929558 -164.670197
v 17.657532 14.119560 -166.874420
v 17.657539 14.119560 -164.670197
v 17.657539 13.929558 -164.670197
v 17.657532 13.929558 -166.874420
v 23.191900 14.119560 -164.670197
v 23.191900 14.119560 -166.874420
v 23.191900 13.929558 -166.874420
v 23.191900 13.929558 -164.670197
v 17.715555 13.467842 -167.689972
v 17.715561 26.638638 -153.556854
v 17.257946 26.638638 -153.556854
v 17.257950 13.467842 -167.689972
v 17.715555 24.464542 -153.560516
v 17.715561 26.638638 -153.556854
v 17.715555 13.467842 -167.689972
v 17.715555 13.474174 -165.230133
v 17.257946 13.474174 -165.230133
v 17.257925 24.464542 -153.560516
v 17.715555 24.464542 -153.560516
v 17.715555 13.474174 -165.230133
v 17.715561 26.638638 -153.556854
v 17.257946 26.638638 -153.556854
v 17.257950 13.467842 -167.689972
v 17.257946 26.638638 -153.556854
v 17.257925 24.464542 -153.560516
v 17.257946 13.474174 -165.230133
v 17.715555 13.474174 -165.230133
v 17.715555 13.467842 -167.689972
v 17.257950 13.467842 -167.689972
v 17.257946 13.474174 -165.230133
v 23.191906 15.372650 -165.481842
v 17.657532 15.372650 -165.481842
v 17.657532 15.182663 -165.481842
v 23.191900 15.182663 -165.481842
v 23.191900 15.372650 -163.277618
v 17.657539 15.372650 -163.277618
v 17.657532 15.372650 -165.481842
v 23.191906 15.372650 -165.481842
v 23.191900 15.182663 -163.277618
v 17.657539 15.182663 -163.277618
v 17.657539 15.372650 -163.277618
v 23.191900 15.372650 -163.277618
v 23.191900 15.182663 -165.481842
v 17.657532 15.182663 -165.481842
v 17.657539 15.182663 -163.277618
v 23.191900 15.182663 -163.277618
v 17.657532 15.372650 -165.481842
v 17.657539 15.372650 -163.277618
v 17.657539 15.182663 -163.277618
v 17.657532 15.182663 -165.481842
v 23.191900 15.372650 -163.277618
v 23.191906 15.372650 -165.481842
v 23.191900 15.182663 -165.481842
v 23.191900 15.182663 -163.277618
v 23.191900 16.659557 -164.069611
v 17.657539 16.659557 -164.069611
v 17.657539 16.469570 -164.069611
v 23.191900 16.469563 -164.069611
v 23.191906 16.659557 -161.865387
v 17.657539 16.659557 -161.865387
v 17.657539 16.659557 -164.069611
v 23.191900 16.659557 -164.069611
v 23.191906 16.469570 -161.865387
v 17.657539 16.469570 -161.865387
v 17.657539 16.659557 -161.865387
v 23.191906 16.659557 -161.865387
v 23.191900 16.469563 -164.069611
v 17.657539 16.469570 -164.069611
v 17.657539 16.469570 -161.865387
v 23.191906 16.469570 -161.865387
v 17.657539 16.659557 -164.069611
v 17.657539 16.659557 -161.865387
v 17.657539 16.469570 -161.865387
v 17.657539 16.469570 -164.069611
v 23.191906 16.659557 -161.865387
v 23.191900 16.659557 -164.069611
v 23.191900 16.469563 -164.069611
v 23.191906 16.469570 -161.865387
v 23.191906 17.965855 -162.665924
v 17.657536 17.965855 -162.665924
v 17.657536 17.775845 -162.665924
v 23.191906 17.775845 -162.665924
v 23.191906 17.965855 -160.461456
v 17.657536 17.965855 -160.461456
v 17.657536 17.965855 -162.665924
v 23.191906 17.965855 -162.665924
v 23.191906 17.775845 -160.461456
v 17.657536 17.775845 -160.461456
v 17.657536 17.965855 -160.461456
v 23.191906 17.965855 -160.461456
v 23.191906 17.775845 -162.665924
v 17.657536 17.775845 -162.665924
v 17.657536 17.775845 -160.461456
v 23.191906 17.775845 -160.461456
v 17.657536 17.965855 -162.665924
v 17.657536 17.965855 -160.461456
v 17.657536 17.775845 -160.461456
v 17.657536 17.775845 -162.665924
v 23.191906 17.965855 -160.461456
v 23.191906 17.965855 -162.665924
v 23.191906 17.775845 -162.665924
v 23.191906 17.775845 -160.461456
v 23.191906 19.133072 -161.442413
v 17.657532 19.133072 -161.442413
v 17.657532 18.943047 -161.442413
v 23.191906 18.943047 -161.442413
v 23.191906 19.133072 -159.237946
v 17.657532 19.133072 -159.237946
v 17.657532 19.133072 -161.442413
v 23.191906 19.133072 -161.442413
v 23.191906 18.943047 -159.237946
v 17.657532 18.943047 -159.237946
v 17.657532 19.133072 -159.237946
v 23.191906 19.133072 -159.237946
v 23.191906 18.943047 -161.442413
v 17.657532 18.943047 -161.442413
v 17.657532 18.943047 -159.237946
v 23.191906 18.943047 -159.237946
v 17.657532 19.133072 -161.442413
v 17.657532 19.133072 -159.237946
v 17.657532 18.943047 -159.237946
v 17.657532 18.943047 -161.442413
v 23.191906 19.133072 -159.237946
v 23.191906 19.133072 -161.442413
v 23.191906 18.943047 -161.442413
v 23.191906 18.943047 -159.237946
v 23.191906 20.190620 -160.343170
v 17.657532 20.190620 -160.343170
v 17.657532 20.000626 -160.343170
v 23.191906 20.000626 -160.343170
v 23.191906 20.190620 -158.138763
v 17.657532 20.190620 -158.138763
v 17.657532 20.190620 -160.343170
v 23.191906 20.190620 -160.343170
v 23.191906 20.000626 -158.138763
v 17.657532 20.000626 -158.138763
v 17.657532 20.190620 -158.138763
v 23.191906 20.190620 -158.138763
v 23.191906 20.000626 -160.343170
v 17.657532 20.000626 -160.343170
v 17.657532 20.000626 -158.138763
v 23.191906 20.000626 -158.138763
v 17.657532 20.190620 -160.343170
v 17.657532 20.190620 -158.138763
v 17.657532 20.000626 -158.138763
v 17.657532 20.000626 -160.343170
v 23.191906 20.190620 -158.138763
v 23.191906 20.190620 -160.343170
v 23.191906 20.000626 -160.343170
v 23.191906 20.000626 -158.138763
v 23.191900 21.292362 -159.120270
v 17.657532 21.292362 -159.120270
v 17.657532 21.102364 -159.120270
v 23.191900 21.102364 -159.120270
v 23.191900 21.292362 -156.915863
v 17.657532 21.292362 -156.915863
v 17.657532 21.292362 -159.120270
v 23.191900 21.292362 -159.120270
v 23.191900 21.102364 -156.915863
v 17.657532 21.102364 -156.915863
v 17.657532 21.292362 -156.915863
v 23.191900 21.292362 -156.915863
v 23.191900 21.102364 -159.120270
v 17.657532 21.102364 -159.120270
v 17.657532 21.102364 -156.915863
v 23.191900 21.102364 -156.915863
v 17.657532 21.292362 -159.120270
v 17.657532 21.292362 -156.915863
v 17.657532 21.102364 -156.915863
v 17.657532 21.102364 -159.120270
v 23.191900 21.292362 -156.915863
v 23.191900 21.292362 -159.120270
v 23.191900 21.102364 -159.120270
v 23.191900 21.102364 -156.915863
v 23.191900 22.346970 -158.001556
v 17.657520 22.346970 -158.001556
v 17.657520 22.156952 -158.001556
v 23.191900 22.156952 -158.001556
v 23.191900 22.346970 -155.797089
v 17.657520 22.346970 -155.797089
v 17.657520 22.346970 -158.001556
v 23.191900 22.346970 -158.001556
v 23.191900 22.156952 -155.797089
v 17.657520 22.156952 -155.797089
v 17.657520 22.346970 -155.797089
v 23.191900 22.346970 -155.797089
v 23.191900 22.156952 -158.001556
v 17.657520 22.156952 -158.001556
v 17.657520 22.156952 -155.797089
v 23.191900 22.156952 -155.797089
v 17.657520 22.346970 -158.001556
v 17.657520 22.346970 -155.797089
v 17.657520 22.156952 -155.797089
v 17.657520 22.156952 -158.001556
v 23.191900 22.346970 -155.797089
v 23.191900 22.346970 -158.001556
v 23.191900 22.156952 -158.001556
v 23.191900 22.156952 -155.797089
v 23.191887 23.439835 -156.860931
v 17.657520 23.439835 -156.860931
v 17.657520 23.249832 -156.860931
v 23.191887 23.249832 -156.860931
v 23.191887 23.439827 -154.656586
v 17.657520 23.439835 -154.656586
v 17.657520 23.439835 -156.860931
v 23.191887 23.439835 -156.860931
v 23.191887 23.249832 -154.656586
v 17.657520 23.249832 -154.656586
v 17.657520 23.439835 -154.656586
v 23.191887 23.439827 -154.656586
v 23.191887 23.249832 -156.860931
v 17.657520 23.249832 -156.860931
v 17.657520 23.249832 -154.656586
v 23.191887 23.249832 -154.656586
v 17.657520 23.439835 -156.860931
v 17.657520 23.439835 -154.656586
v 17.657520 23.249832 -154.656586
v 17.657520 23.249832 -156.860931
v 23.191887 23.439827 -154.656586
v 23.191887 23.439835 -156.860931
v 23.191887 23.249832 -156.860931
v 23.191887 23.249832 -154.656586
v 23.191900 24.874096 -155.357635
v 17.657532 24.874096 -155.357635
v 17.657532 24.684101 -155.357635
v 23.191900 24.684101 -155.357635
v 23.191900 24.874096 -153.153534
v 17.657536 24.874096 -153.153534
v 17.657532 24.874096 -155.357635
v 23.191900 24.874096 -155.357635
v 23.191900 24.684101 -153.153534
v 17.657536 24.684101 -153.153534
v 17.657536 24.874096 -153.153534
v 23.191900 24.874096 -153.153534
v 23.191900 24.684101 -155.357635
v 17.657532 24.684101 -155.357635
v 17.657536 24.684101 -153.153534
v 23.191900 24.684101 -153.153534
v 17.657532 24.874096 -155.357635
v 17.657536 24.874096 -153.153534
v 17.657536 24.684101 -153.153534
v 17.657532 24.684101 -155.357635
v 23.191900 24.874096 -153.153534
v 23.191900 24.874096 -155.357635
v 23.191900 24.684101 -155.357635
v 23.191900 24.684101 -153.153534
v -17.180599 13.467842 -167.689972
v -17.180580 26.638638 -153.556854
v -17.638035 26.638630 -153.556854
v -17.638050 13.467842 -167.689972
v -17.180595 24.464542 -153.560516
v -17.180580 26.638638 -153.556854
v -17.180599 13.467842 -167.689972
v -17.180599 13.474174 -165.230133
v -17.638044 13.474174 -165.230133
v -17.638044 24.464542 -153.560516
v -17.180595 24.464542 -153.560516
v -17.180599 13.474174 -165.230133
v -17.180580 26.638638 -153.556854
v -17.638035 26.638630 -153.556854
v -17.638050 13.467842 -167.689972
v -17.638035 26.638630 -153.556854
v -17.638044 24.464542 -153.560516
v -17.638044 13.474174 -165.230133
v -17.180599 13.474174 -165.230133
v -17.180599 13.467842 -167.689972
v -17.638050 13.467842 -167.689972
v -17.638044 13.474174 -165.230133
v -17.615480 14.119560 -166.874420
v -23.149860 14.119560 -166.874420
v -23.149860 13.929558 -166.874420
v -17.615480 13.929558 -166.874420
v -17.615480 14.119560 -164.670197
v -23.149849 14.119560 -164.670197
v -23.149860 14.119560 -166.874420
v -17.615480 14.119560 -166.874420
v -17.615480 13.929558 -164.670197
v -23.149849 13.929558 -164.670197
v -23.149849 14.119560 -164.670197
v -17.615480 14.119560 -164.670197
v -17.615480 13.929558 -166.874420
v -23.149860 13.929558 -166.874420
v -23.149849 13.929558 -164.670197
v -17.615480 13.929558 -164.670197
v -23.149860 14.119560 -166.874420
v -23.149849 14.119560 -164.670197
v -23.149849 13.929558 -164.670197
v -23.149860 13.929558 -166.874420
v -17.615480 14.119560 -164.670197
v -17.615480 14.119560 -166.874420
v -17.615480 13.929558 -166.874420
v -17.615480 13.929558 -164.670197
v -23.091841 13.467842 -167.689972
v -23.091835 26.638638 -153.556854
v -23.549450 26.638638 -153.556854
v -23.549438 13.467842 -167.689972
v -23.091835 24.464542 -153.560516
v -23.091835 26.638638 -153.556854
v -23.091841 13.467842 -167.689972
v -23.091835 13.474174 -165.230133
v -23.549450 13.474174 -165.230133
v -23.549458 24.464542 -153.560516
v -23.091835 24.464542 -153.560516
v -23.091835 13.474174 -165.230133
v -23.091835 26.638638 -153.556854
v -23.549450 26.638638 -153.556854
v -23.549438 13.467842 -167.689972
v -23.549450 26.638638 -153.556854
v -23.549458 24.464542 -153.560516
v -23.549450 13.474174 -165.230133
v -23.091835 13.474174 -165.230133
v -23.091841 13.467842 -167.689972
v -23.549438 13.467842 -167.689972
v -23.549450 13.474174 -165.230133
v -17.615480 15.372650 -165.481842
v -23.149860 15.372650 -165.481842
v -23.149860 15.182663 -165.481842
v -17.615480 15.182663 -165.481842
v -17.615480 15.372650 -163.277618
v -23.149849 15.372650 -163.277618
v -23.149860 15.372650 -165.481842
v -17.615480 15.372650 -165.481842
v -17.615480 15.182663 -163.277618
v -23.149849 15.182663 -163.277618
v -23.149849 15.372650 -163.277618
v -17.615480 15.372650 -163.277618
v -17.615480 15.182663 -165.481842
v -23.149860 15.182663 -165.481842
v -23.149849 15.182663 -163.277618
v -17.615480 15.182663 -163.277618
v -23.149860 15.372650 -165.481842
v -23.149849 15.372650 -163.277618
v -23.149849 15.182663 -163.277618
v -23.149860 15.182663 -165.481842
v -17.615480 15.372650 -163.277618
v -17.615480 15.372650 -165.481842
v -17.615480 15.182663 -165.481842
v -17.615480 15.182663 -163.277618
v -17.615480 16.659557 -164.069611
v -23.149849 16.659557 -164.069611
v -23.149849 16.469570 -164.069611
v -17.615480 16.469563 -164.069611
v -17.615480 16.659557 -161.865387
v -23.149849 16.659557 -161.865387
v -23.149849 16.659557 -164.069611
v -17.615480 16.659557 -164.069611
v -17.615480 16.469570 -161.865387
v -23.149849 16.469570 -161.865387
v -23.149849 16.659557 -161.865387
v -17.615480 16.659557 -161.865387
v -17.615480 16.469563 -164.069611
v -23.149849 16.469570 -164.069611
v -23.149849 16.469570 -161.865387
v -17.615480 16.469570 -161.865387
v -23.149849 16.659557 -164.069611
v -23.149849 16.659557 -161.865387
v -23.149849 16.469570 -161.865387
v -23.149849 16.469570 -164.069611
v -17.615480 16.659557 -161.865387
v -17.615480 16.659557 -164.069611
v -17.615480 16.469563 -164.069611
v -17.615480 16.469570 -161.865387
v -17.615480 17.965855 -162.665924
v -23.149860 17.965855 -162.665924
v -23.149860 17.775845 -162.665924
v -17.615480 17.775845 -162.665924
v -17.615480 17.965855 -160.461456
v -23.149860 17.965855 -160.461456
v -23.149860 17.965855 -162.665924
v -17.615480 17.965855 -162.665924
v -17.615480 17.775845 -160.461456
v -23.149860 17.775845 -160.461456
v -23.149860 17.965855 -160.461456
v -17.615480 17.965855 -160.461456
v -17.615480 17.775845 -162.665924
v -23.149860 17.775845 -162.665924
v -23.149860 17.775845 -160.461456
v -17.615480 17.775845 -160.461456
v -23.149860 17.965855 -162.665924
v -23.149860 17.965855 -160.461456
v -23.149860 17.775845 -160.461456
v -23.149860 17.775845 -162.665924
v -17.615480 17.965855 -160.461456
v -17.615480 17.965855 -162.665924
v -17.615480 17.775845 -162.665924
v -17.615480 17.775845 -160.461456
v -17.615480 19.133072 -161.442413
v -23.149860 19.133072 -161.442413
v -23.149860 18.943047 -161.442413
v -17.615480 18.943047 -161.442413
v -17.615480 19.133072 -159.237946
v -23.149860 19.133072 -159.237946
v -23.149860 19.133072 -161.442413
v -17.615480 19.133072 -161.442413
v -17.615480 18.943047 -159.237946
v -23.149860 18.943054 -159.237946
v -23.149860 19.133072 -159.237946
v -17.615480 19.133072 -159.237946
v -17.615480 18.943047 -161.442413
v -23.149860 18.943047 -161.442413
v -23.149860 18.943054 -159.237946
v -17.615480 18.943047 -159.237946
v -23.149860 19.133072 -161.442413
v -23.149860 19.133072 -159.237946
v -23.149860 18.943054 -159.237946
v -23.149860 18.943047 -161.442413
v -17.615480 19.133072 -159.237946
v -17.615480 19.133072 -161.442413
v -17.615480 18.943047 -161.442413
v -17.615480 18.943047 -159.237946
v -17.615480 20.190620 -160.343170
v -23.149860 20.190620 -160.343170
v -23.149860 20.000626 -160.343170
v -17.615480 20.000626 -160.343170
v -17.615480 20.190620 -158.138763
v -23.149860 20.190620 -158.138763
v -23.149860 20.190620 -160.343170
v -17.615480 20.190620 -160.343170
v -17.615480 20.000626 -158.138763
v -23.149860 20.000626 -158.138763
v -23.149860 20.190620 -158.138763
v -17.615480 20.190620 -158.138763
v -17.615480 20.000626 -160.343170
v -23.149860 20.000626 -160.343170
v -23.149860 20.000626 -158.138763
v -17.615480 20.000626 -158.138763
v -23.149860 20.190620 -160.343170
v -23.149860 20.190620 -158.138763
v -23.149860 20.000626 -158.138763
v -23.149860 20.000626 -160.343170
v -17.615480 20.190620 -158.138763
v -17.615480 20.190620 -160.343170
v -17.615480 20.000626 -160.343170
v -17.615480 20.000626 -158.138763
v -17.615480 21.292362 -159.120270
v -23.149860 21.292362 -159.120270
v -23.149860 21.102364 -159.120270
v -17.615480 21.102364 -159.120270
v -17.615480 21.292362 -156.915863
v -23.149860 21.292362 -156.915863
v -23.149860 21.292362 -159.120270
v -17.615480 21.292362 -159.120270
v -17.615480 21.102364 -156.915863
v -23.149860 21.102364 -156.915863
v -23.149860 21.292362 -156.915863
v -17.615480 21.292362 -156.915863
v -17.615480 21.102364 -159.120270
v -23.149860 21.102364 -159.120270
v -23.149860 21.102364 -156.915863
v -17.615480 21.102364 -156.915863
v -23.149860 21.292362 -159.120270
v -23.149860 21.292362 -156.915863
v -23.149860 21.102364 -156.915863
v -23.149860 21.102364 -159.120270
v -17.615480 21.292362 -156.915863
v -17.615480 21.292362 -159.120270
v -17.615480 21.102364 -159.120270
v -17.615480 21.102364 -156.915863
v -17.615480 22.346970 -158.001556
v -23.149868 22.346970 -158.001556
v -23.149868 22.156952 -158.001556
v -17.615480 22.156952 -158.001556
v -17.615480 22.346970 -155.797089
v -23.149868 22.346970 -155.797089
v -23.149868 22.346970 -158.001556
v -17.615480 22.346970 -158.001556
v -17.615480 22.156952 -155.797089
v -23.149868 22.156952 -155.797089
v -23.149868 22.346970 -155.797089
v -17.615480 22.346970 -155.797089
v -17.615480 22.156952 -158.001556
v -23.149868 22.156952 -158.001556
v -23.149868 22.156952 -155.797089
v -17.615480 22.156952 -155.797089
v -23.149868 22.346970 -158.001556
v -23.149868 22.346970 -155.797089
v -23.149868 22.156952 -155.797089
v -23.149868 22.156952 -158.001556
v -17.615480 22.346970 -155.797089
v -17.615480 22.346970 -158.001556
v -17.615480 22.156952 -158.001556
v -17.615480 22.156952 -155.797089
v -17.615505 23.439835 -156.860931
v -23.149868 23.439835 -156.860931
v -23.149868 23.249832 -156.860931
v -17.615505 23.249832 -156.860931
v -17.615505 23.439827 -154.656586
v -23.149868 23.439835 -154.656586
v -23.149868 23.439835 -156.860931
v -17.615505 23.439835 -156.860931
v -17.615505 23.249832 -154.656586
v -23.149868 23.249832 -154.656586
v -23.149868 23.439835 -154.656586
v -17.615505 23.439827 -154.656586
v -17.615505 23.249832 -156.860931
v -23.149868 23.249832 -156.860931
v -23.149868 23.249832 -154.656586
v -17.615505 23.249832 -154.656586
v -23.149868 23.439835 -156.860931
v -23.149868 23.439835 -154.656586
v -23.149868 23.249832 -154.656586
v -23.149868 23.249832 -156.860931
v -17.615505 23.439827 -154.656586
v -17.615505 23.439835 -156.860931
v -17.615505 23.249832 -156.860931
v -17.615505 23.249832 -154.656586
v -17.615480 24.874096 -155.357635
v -23.149860 24.874096 -155.357635
v -23.149860 24.684101 -155.357635
v -17.615480 24.684101 -155.357635
v -17.615480 24.874104 -153.153534
v -23.149855 24.874104 -153.153534
v -23.149860 24.874096 -155.357635
v -17.615480 24.874096 -155.357635
v -17.615480 24.684101 -153.153534
v -23.149855 24.684101 -153.153534
v -23.149855 24.874104 -153.153534
v -17.615480 24.874104 -153.153534
v -17.615480 24.684101 -155.357635
v -23.149860 24.684101 -155.357635
v -23.149855 24.684101 -153.153534
v -17.615480 24.684101 -153.153534
v -23.149860 24.874096 -155.357635
v -23.149855 24.874104 -153.153534
v -23.149855 24.684101 -153.153534
v -23.149860 24.684101 -155.357635
v -17.615480 24.874104 -153.153534
v -17.615480 24.874096 -155.357635
v -17.615480 24.684101 -155.357635
v -17.615480 24.684101 -153.153534
v -15.807470 2.780441 175.944763
v 0.000000 2.780441 176.409515
v 0.000000 2.780441 194.414032
v 15.807469 2.780441 175.944763
v -25.728195 2.780441 156.688477
v 0.000000 2.780441 157.015167
v 0.000000 2.780441 137.620667
v -32.389458 2.780441 137.508606
v 25.728199 2.780441 156.688477
v 32.389450 2.780441 137.508606
v 0.000000 -0.763767 79.437233
v 0.000000 -0.763767 118.226097
v -36.409828 -0.763767 118.141258
v -36.409828 -0.763767 79.437233
v 36.409836 -0.763767 79.437233
v 36.409836 -0.763767 118.141258
v -32.389458 -0.763767 137.535828
v 0.000000 -0.763767 137.620667
v 32.389450 -0.763767 137.535828
v 0.000000 -0.763767 40.648529
v 0.000000 -0.763767 79.437233
v -36.409828 -0.763767 79.437233
v -36.409828 -0.763767 40.648529
v 36.409836 -0.763767 40.648529
v 36.409836 -0.763767 79.437233
v 0.000000 -0.763767 1.859711
v 0.000000 -0.763767 40.648529
v -36.409828 -0.763767 40.648529
v -36.409828 -0.763767 1.859711
v 36.409836 -0.763767 1.859711
v 36.409836 -0.763767 40.648529
v 0.000000 -0.763767 -114.506989
v 0.000000 -0.763767 -75.717743
v -36.409828 -0.763767 -75.717743
v -36.409828 -0.763767 -114.506989
v 36.409836 -0.763767 -114.506989
v 36.409836 -0.763767 -75.717743
v -36.409828 -0.763767 -36.928986
v 0.000000 -0.763767 -36.928986
v 36.409836 -0.763767 -36.928986
v 0.000000 13.413116 -153.295868
v 0.000000 13.413116 -114.506989
v -36.409828 13.413116 -114.506989
v -36.409828 13.413116 -153.275604
v 36.409836 13.413116 -153.275604
v 36.409836 13.413116 -114.506989
v 0.000000 13.413116 -194.854889
v -34.537132 13.413116 -191.334015
v 34.537125 13.413116 -191.334015
v 0.000000 -24.391912 187.599304
v 9.224601 -24.391912 176.409515
v 0.000000 -36.205925 173.326813
v 0.000000 -12.577859 193.376129
v 15.865235 -12.577859 176.409515
v 0.000000 -0.763767 195.686676
v 16.498890 -0.763767 176.409515
v 4.184765 -36.205925 157.015167
v 19.441561 -24.391912 157.015167
v 6.592131 -36.205925 137.620667
v 25.348255 -24.391912 137.620667
v 25.473339 -12.577859 157.015167
v 31.941231 -12.577859 137.620667
v 26.490742 -0.763767 157.015167
v 33.216957 -0.763767 137.620667
v 8.882755 -36.205925 118.226097
v 28.416245 -24.391912 118.226097
v 28.416245 -24.391912 79.437233
v 8.882755 -36.205925 79.437294
v 35.807190 -12.577859 79.437233
v 35.807190 -12.577859 118.226097
v 37.237320 -0.763767 79.437233
v 37.237320 -0.763767 118.226097
v 0.000000 -43.109070 118.226097
v 0.000000 -43.109055 79.437233
v 0.000000 -43.109070 137.620667
v 0.000000 -43.109070 157.015167
v 0.000000 -43.109055 171.214142
v 37.237320 2.780441 79.437233
v 37.237320 2.780441 118.226097
v 33.216957 2.780441 137.620667
v 26.490742 2.780441 157.015167
v 16.498890 2.780441 176.409515
v 0.000000 2.780441 195.686676
v 16.498896 8.020321 176.409515
v 0.000000 8.020321 195.686676
v 26.490742 7.405590 157.015167
v 33.216957 6.420078 137.620667
v 28.416245 -24.391912 40.648529
v 8.882755 -36.205925 40.648529
v 8.882755 -36.205925 79.437294
v 28.416245 -24.391912 79.437233
v 35.807190 -12.577859 40.648529
v 35.807190 -12.577859 79.437233
v 37.237320 -0.763767 40.648529
v 37.237320 -0.763767 79.437233
v 0.000000 -43.109055 79.437233
v 0.000000 -43.109055 40.648529
v 37.237320 2.780441 40.648529
v 37.237320 2.780441 79.437233
v 28.416245 -24.391909 1.859711
v 8.882755 -36.205925 1.859711
v 8.882755 -36.205925 40.648529
v 28.416245 -24.391912 40.648529
v 35.807190 -12.577859 1.859711
v 35.807190 -12.577859 40.648529
v 37.237320 -0.763767 1.859711
v 37.237320 -0.763767 40.648529
v 0.000000 -43.109055 40.648529
v 0.000000 -43.109055 1.859711
v 37.237320 2.780441 1.859711
v 37.237320 2.780441 40.648529
v 28.416245 -24.391909 -114.506989
v 8.882755 -33.600590 -114.506989
v 8.882755 -36.205925 -75.717743
v 28.416245 -24.391909 -75.717743
v 28.416245 -23.748335 -153.295868
v 8.882760 -30.561077 -153.295868
v 26.959724 -22.671875 -192.085114
v 35.807190 -12.577859 -114.506989
v 35.807190 -12.577859 -75.717743
v 35.807190 -12.577859 -153.295868
v 33.971832 -12.577859 -192.085114
v 37.237320 -0.763767 -114.506989
v 37.237320 -0.763767 -75.717743
v 37.237320 -0.763767 -153.295868
v 35.328667 -0.763767 -192.085114
v 0.000000 -41.992935 -114.506989
v 0.000000 -40.493408 -126.864410
v 0.000000 -43.109055 -75.717743
v 37.237320 13.413116 -153.295868
v 37.237320 13.413116 -114.506989
v 35.328667 13.413116 -192.085114
v 37.237320 2.784798 -98.697784
v 37.237320 2.780441 -75.717743
v 37.237320 18.904594 -153.295868
v 37.237320 18.904594 -114.506989
v 35.328674 18.904594 -192.085114
v 37.237320 13.413116 -107.832794
v 37.237320 18.093960 -110.658417
v 0.000000 -43.109055 -36.928986
v 8.882755 -36.205925 -36.928986
v 28.416245 -24.391909 -36.928986
v 35.807190 -12.577859 -36.928986
v 37.237320 -0.763767 -36.928986
v 37.237320 2.780441 -36.928986
v 26.959724 -22.671875 -192.085114
v 8.882755 -29.703480 -174.437592
v 8.882760 -30.561077 -153.295868
v 1.767710 -31.183525 -170.820099
v 1.767710 -31.183525 -170.820099
v 1.436400 -33.346310 -153.295868
v 1.436400 -33.346310 -153.295868
v 0.000000 -40.493408 -126.864410
v 0.000000 -22.671875 -194.748444
v 0.000000 -29.703480 -176.013153
v 8.882755 -29.703480 -174.437592
v 26.959724 -22.671875 -192.085114
v -26.959728 -22.671875 -192.085114
v -8.882755 -29.703480 -174.437592
v -1.407180 -31.199184 -170.782013
v 0.130025 -31.066929 -171.495087
v 1.767710 -31.183525 -170.820099
v 0.000000 -12.577859 -195.686676
v 0.000000 -22.671875 -194.748444
v 26.959724 -22.671875 -192.085114
v 33.971832 -12.577859 -192.085114
v -33.971840 -12.577859 -192.085114
v -26.959728 -22.671875 -192.085114
v 0.000000 -0.763767 -195.686676
v 0.000000 -12.577859 -195.686676
v 33.971832 -12.577859 -192.085114
v 35.328667 -0.763767 -192.085114
v -35.328674 -0.763767 -192.085114
v -33.971840 -12.577859 -192.085114
v -28.416245 -23.748335 -153.295868
v -8.882751 -30.561077 -153.295868
v -8.882755 -29.703480 -174.437592
v -26.959728 -22.671875 -192.085114
v -28.416245 -24.391909 -114.506989
v -8.882755 -33.600590 -114.506989
v -28.416245 -24.391909 -75.717743
v -8.882755 -36.205925 -75.717743
v -35.807190 -12.577859 -153.295868
v -33.971840 -12.577859 -192.085114
v -35.807190 -12.577859 -114.506989
v -35.807190 -12.577859 -75.717743
v -37.237320 -0.763767 -153.295868
v -35.328674 -0.763767 -192.085114
v -37.237320 -0.763767 -114.506989
v -37.237320 -0.763767 -75.717743
v 0.000000 -41.992935 -114.506989
v 0.000000 -43.109055 -75.717743
v -37.237320 13.413116 -153.295868
v -35.328674 13.413116 -192.085114
v -37.237320 13.413116 -114.506989
v -37.237320 2.780441 -75.717743
v -37.237320 2.784798 -98.697784
v -37.237320 18.904594 -153.295868
v -35.328674 18.904594 -192.085114
v -37.237320 18.904594 -114.506989
v -37.237320 13.413116 -107.832794
v -37.237320 18.093960 -110.658417
v -37.237320 2.780441 -36.928986
v -37.237320 -0.763767 -36.928986
v -35.807190 -12.577859 -36.928986
v -28.416245 -24.391909 -36.928986
v -8.882755 -36.205925 -36.928986
v 0.000000 -43.109055 -36.928986
v -28.416245 -24.391912 40.648529
v -8.882755 -36.205925 40.648529
v -8.882755 -36.205925 1.859711
v -28.416245 -24.391909 1.859711
v -35.807190 -12.577859 40.648529
v -35.807190 -12.577859 1.859711
v -37.237320 -0.763767 40.648529
v -37.237320 -0.763767 1.859711
v 0.000000 -43.109055 1.859711
v 0.000000 -43.109055 40.648529
v -37.237320 2.780441 40.648529
v -37.237320 2.780441 1.859711
v -28.416245 -24.391912 79.437233
v -8.882755 -36.205925 79.437294
v -8.882755 -36.205925 40.648529
v -28.416245 -24.391912 40.648529
v -35.807190 -12.577859 79.437233
v -35.807190 -12.577859 40.648529
v -37.237320 -0.763767 79.437233
v -37.237320 -0.763767 40.648529
v 0.000000 -43.109055 40.648529
v 0.000000 -43.109055 79.437233
v -37.237320 2.780441 79.437233
v -37.237320 2.780441 40.648529
v -28.416245 -24.391912 118.226097
v -8.882755 -36.205925 118.226097
v -8.882755 -36.205925 79.437294
v -28.416245 -24.391912 79.437233
v -25.348255 -24.391912 137.620667
v -6.592129 -36.205925 137.620667
v -35.807190 -12.577859 118.226097
v -35.807190 -12.577859 79.437233
v -31.941225 -12.577859 137.620667
v -37.237320 -0.763767 118.226097
v -37.237320 -0.763767 79.437233
v -33.216965 -0.763767 137.620667
v -19.441561 -24.391912 157.015167
v -4.184759 -36.205925 157.015167
v -9.224600 -24.391912 176.409515
v 0.000000 -36.205925 173.326813
v -15.865235 -12.577859 176.409515
v -25.473335 -12.577859 157.015167
v -16.498890 -0.763767 176.409515
v -26.490740 -0.763767 157.015167
v 0.000000 -24.391912 187.599304
v 0.000000 -12.577859 193.376129
v 0.000000 -0.763767 195.686676
v 0.000000 -43.109055 171.214142
v 0.000000 -43.109070 157.015167
v 0.000000 -43.109070 137.620667
v 0.000000 -43.109070 118.226097
v 0.000000 -43.109055 79.437233
v -16.498890 2.780441 176.409515
v -26.490740 2.780441 157.015167
v 0.000000 2.780441 195.686676
v -33.216965 2.780441 137.620667
v -37.237320 2.780441 118.226097
v -37.237320 2.780441 79.437233
v -16.498890 8.020321 176.409515
v -26.490740 7.405590 157.015167
v 0.000000 8.020321 195.686676
v -33.216965 6.420078 137.620667
v 0.000000 -40.493408 -126.864410
v -1.434050 -33.347195 -153.295868
v -8.882751 -30.561077 -153.295868
v 0.000000 -41.992935 -114.506989
v 0.000000 -40.493408 -126.864410
v -8.882751 -30.561077 -153.295868
v -1.407180 -31.199184 -170.782013
v -1.434050 -33.347195 -153.295868
v -1.407180 -31.199184 -170.782013
v 0.000000 -40.493408 -126.864410
v 0.029130 -40.462463 -153.353119
v -1.434050 -33.347195 -153.295868
v -1.407180 -31.199184 -170.782013
v 0.201910 -40.405617 -170.963043
v -1.407180 -31.199184 -170.782013
v 0.201910 -40.405617 -170.963043
v 0.130025 -31.066929 -171.495087
v 1.767710 -31.183525 -170.820099
v 1.436400 -33.346310 -153.295868
v 1.767710 -31.183525 -170.820099
v 0.201910 -40.405617 -170.963043
v 0.029130 -40.462463 -153.353119
v 1.436400 -33.346310 -153.295868
v 0.000000 -40.493408 -126.864410
v 0.000000 13.413116 -114.506989
v 0.000000 -0.763767 -114.506989
v -36.409828 -0.763767 -114.506989
v -36.409828 13.413116 -114.506989
v 36.409836 13.413116 -114.506989
v 36.409836 -0.763767 -114.506989
v 0.000000 13.413116 -195.686676
v 0.000000 -0.763767 -195.686676
v 35.328667 -0.763767 -192.085114
v 35.328667 13.413116 -192.085114
v -35.328674 13.413116 -192.085114
v -35.328674 -0.763767 -192.085114
v 0.000000 18.904594 -195.686676
v 35.328674 18.904594 -192.085114
v -35.328674 18.904594 -192.085114
v 0.000000 2.780441 137.620667
v 0.000000 -0.763767 137.620667
v 32.389450 -0.763767 137.535828
v 32.389450 2.780441 137.508606
v -32.389458 2.780441 137.508606
v -32.389458 -0.763767 137.535828
v -32.389465 6.420078 137.494934
v -33.216965 6.420078 137.620667
v -37.237320 2.780441 118.226097
v -36.409828 2.780441 118.141258
v -25.728195 7.405590 156.688477
v -26.490740 7.405590 157.015167
v -15.807470 8.020321 175.944763
v -16.498890 8.020321 176.409515
v 0.000000 8.020321 194.414032
v 0.000000 8.020321 195.686676
v -37.237320 2.780441 79.437233
v -36.409828 2.780441 79.437233
v 15.807474 8.020321 175.944763
v 16.498896 8.020321 176.409515
v 0.000000 8.020321 195.686676
v 0.000000 8.020321 194.414032
v 25.728199 7.405590 156.688477
v 26.490742 7.405590 157.015167
v 32.389450 6.420078 137.494934
v 33.216957 6.420078 137.620667
v 36.409836 2.780441 118.141258
v 37.237320 2.780441 118.226097
v 36.409836 2.780441 79.437233
v 37.237320 2.780441 79.437233
v 36.409836 2.780441 40.648529
v 37.237320 2.780441 40.648529
v 37.237320 2.780441 79.437233
v 36.409836 2.780441 79.437233
v 36.409836 2.780441 1.859711
v 37.237320 2.780441 1.859711
v 37.237320 2.780441 40.648529
v 36.409836 2.780441 40.648529
v 36.409836 2.784798 -98.697784
v 37.237320 2.784798 -98.697784
v 37.237320 2.780441 -75.717743
v 36.409836 2.780441 -75.717743
v 36.409836 13.413116 -107.832794
v 37.237320 13.413116 -107.832794
v 37.237320 18.093960 -110.658417
v 36.409836 18.093960 -110.658417
v 37.237320 18.904594 -114.506989
v 36.409836 18.904594 -114.506989
v 36.409836 18.904594 -153.275604
v 37.237320 18.904594 -153.295868
v 34.537140 18.904594 -191.334015
v 35.328674 18.904594 -192.085114
v 37.237320 2.780441 -36.928986
v 36.409836 2.780441 -36.928986
v 0.000000 18.904594 -194.854889
v 0.000000 18.904594 -195.686676
v 35.328674 18.904594 -192.085114
v 34.537140 18.904594 -191.334015
v -34.537125 18.904594 -191.334015
v -35.328674 18.904594 -192.085114
v -36.409828 18.904594 -153.275604
v -37.237320 18.904594 -153.295868
v -35.328674 18.904594 -192.085114
v -34.537125 18.904594 -191.334015
v -36.409828 18.904594 -114.506989
v -37.237320 18.904594 -114.506989
v -37.237320 18.093960 -110.658417
v -36.409828 18.093960 -110.658417
v -37.237320 13.413116 -107.832794
v -36.409828 13.413116 -107.832794
v -36.409828 2.784798 -98.697784
v -37.237320 2.784798 -98.697784
v -36.409828 2.780441 -75.717743
v -37.237320 2.780441 -75.717743
v -36.409828 2.780441 -36.928986
v -37.237320 2.780441 -36.928986
v -36.409828 2.780441 40.648529
v -37.237320 2.780441 40.648529
v -37.237320 2.780441 1.859711
v -36.409828 2.780441 1.859711
v -36.409828 2.780441 79.437233
v -37.237320 2.780441 79.437233
v -37.237320 2.780441 40.648529
v -36.409828 2.780441 40.648529
v -36.409828 2.780441 118.141258
v -36.409828 -0.763767 118.141258
v -32.389458 -0.763767 137.535828
v -32.389458 2.780441 137.508606
v -36.409828 2.780441 79.437233
v -36.409828 -0.763767 79.437233
v -32.389465 6.420078 137.494934
v -25.728195 2.780441 156.688477
v -25.728195 7.405590 156.688477
v -15.807470 2.780441 175.944763
v -15.807470 8.020321 175.944763
v 0.000000 2.780441 194.414032
v 0.000000 8.020321 194.414032
v -36.409828 2.780441 40.648529
v -36.409828 -0.763767 40.648529
v -36.409828 -0.763767 79.437233
v -36.409828 2.780441 79.437233
v -36.409828 2.780441 1.859711
v -36.409828 -0.763767 1.859711
v -36.409828 -0.763767 40.648529
v -36.409828 2.780441 40.648529
v -36.409828 2.784798 -98.697784
v -36.409828 -0.763767 -114.506989
v -36.409828 -0.763767 -75.717743
v -36.409828 2.780441 -75.717743
v -36.409828 13.413116 -107.832794
v -36.409828 13.413116 -114.506989
v -36.409828 18.093960 -110.658417
v -36.409828 18.904594 -114.506989
v -36.409828 18.904594 -153.275604
v -36.409828 13.413116 -153.275604
v -34.537125 18.904594 -191.334015
v -34.537132 13.413116 -191.334015
v -36.409828 -0.763767 -36.928986
v -36.409828 2.780441 -36.928986
v 25.728199 7.405590 156.688477
v 25.728199 2.780441 156.688477
v 32.389450 2.780441 137.508606
v 32.389450 6.420078 137.494934
v 15.807474 8.020321 175.944763
v 15.807469 2.780441 175.944763
v 0.000000 8.020321 194.414032
v 0.000000 2.780441 194.414032
v 36.409836 2.780441 118.141258
v 36.409836 -0.763767 118.141258
v 36.409836 -0.763767 79.437233
v 36.409836 2.780441 79.437233
v 32.389450 -0.763767 137.535828
v 36.409836 2.780441 -75.717743
v 36.409836 -0.763767 -75.717743
v 36.409836 -0.763767 -114.506989
v 36.409836 2.784798 -98.697784
v 36.409836 13.413116 -114.506989
v 36.409836 13.413116 -107.832794
v 36.409836 18.904594 -114.506989
v 36.409836 13.413116 -153.275604
v 36.409836 18.904594 -153.275604
v 34.537125 13.413116 -191.334015
v 34.537140 18.904594 -191.334015
v 36.409836 18.093960 -110.658417
v 36.409836 2.780441 -36.928986
v 36.409836 -0.763767 -36.928986
v 36.409836 2.780441 40.648529
v 36.409836 -0.763767 40.648529
v 36.409836 -0.763767 1.859711
v 36.409836 2.780441 1.859711
v 36.409836 2.780441 79.437233
v 36.409836 -0.763767 79.437233
v 36.409836 -0.763767 40.648529
v 36.409836 2.780441 40.648529
v 0.000000 18.904594 -194.854889
v 0.000000 13.413116 -194.854889
v -34.537132 13.413116 -191.334015
v -34.537125 18.904594 -191.334015
v 34.537140 18.904594 -191.334015
v 34.537125 13.413116 -191.334015
v 0.002085 13.402542 -140.539032
v -17.214415 13.402542 -140.539032
v -17.214415 13.402542 -127.445221
v 0.002085 13.402542 -127.445221
v 17.218586 13.402542 -140.539032
v 17.218586 13.402542 -127.445221
v 0.002085 13.402542 -153.632660
v -17.214415 13.402542 -153.632660
v 17.218586 13.402542 -153.632660
v 0.002085 13.402542 -166.726715
v -17.214409 13.402542 -166.726715
v 17.218586 13.402542 -166.726715
v 0.002085 13.402542 -179.820648
v -17.214415 13.402542 -179.820648
v 17.218586 13.402542 -179.820648
v 23.674770 13.402542 -140.539032
v 23.674770 13.402542 -127.445221
v 23.674770 13.402542 -153.632660
v -23.670599 13.402542 -127.445221
v -23.670599 13.402542 -140.539032
v -23.670599 13.402542 -153.632660
v -17.214415 43.109055 -140.539032
v -10.758225 43.109055 -140.539032
v -17.214415 43.109055 -127.445221
v -23.200485 43.109055 -140.539032
v -23.670599 43.109055 -140.539032
v -23.670599 43.109055 -127.445221
v -23.670599 43.109070 -116.905853
v -17.214415 43.109070 -116.905853
v 0.002085 43.109055 -127.445221
v 0.002085 43.109070 -116.905853
v 17.218586 43.109055 -127.445221
v 10.762394 43.109055 -140.539032
v 0.002085 43.109055 -140.539032
v 17.218586 43.109070 -116.905853
v 23.674770 43.109055 -127.445221
v 17.218586 43.109055 -140.539032
v 23.217896 43.109055 -140.539032
v 23.674770 43.109055 -140.539032
v 23.674770 43.109070 -116.905853
v 0.002085 43.109070 -153.632660
v -10.758225 43.109070 -153.632660
v -10.758225 43.109070 -166.726715
v 0.002085 43.109070 -166.726715
v -10.758225 43.109070 -172.294037
v 0.002085 43.109070 -172.294037
v 10.762394 43.109070 -153.632660
v 10.762394 43.109070 -166.726715
v 10.762394 43.109070 -172.294037
v 0.002085 26.564243 -127.445221
v 0.002085 13.402542 -127.445221
v -17.214415 13.402542 -127.445221
v -17.214415 26.564243 -127.445221
v -23.670599 26.564243 -127.445221
v -23.670599 13.402542 -127.445221
v 17.218586 26.564243 -127.445221
v 17.218586 13.402542 -127.445221
v 0.002085 13.402542 -127.445221
v 0.002085 26.564243 -127.445221
v 0.002085 43.109070 -116.905853
v 0.002085 26.564236 -119.588776
v -17.214415 26.564236 -119.588776
v -17.214415 43.109070 -116.905853
v -23.670599 43.109070 -116.905853
v -23.670599 26.564236 -119.588776
v 17.218586 43.109070 -116.905853
v 17.218586 26.564236 -119.588776
v 0.002085 26.564236 -119.588776
v 0.002085 43.109070 -116.905853
v 23.674770 26.564236 -119.588776
v 23.674770 43.109070 -116.905853
v 23.674770 26.564243 -140.539032
v 23.674770 13.402542 -140.539032
v 23.674770 13.402542 -127.445221
v 23.674770 26.564243 -127.445221
v 23.674770 26.564236 -153.632660
v 23.674770 13.402542 -153.632660
v 23.674770 13.402542 -140.539032
v 23.674770 26.564243 -140.539032
v 23.674770 30.720772 -153.632660
v 23.674770 30.720764 -140.539032
v 17.218586 26.564236 -166.726715
v 17.218586 13.402542 -166.726715
v 17.218586 13.402542 -153.632660
v 17.218586 26.564236 -153.632660
v 17.218590 30.720779 -166.726715
v 17.218586 30.720772 -153.632660
v 17.218586 26.564236 -166.726715
v 17.218586 26.564236 -179.820648
v 17.218586 13.402542 -179.820648
v 17.218586 13.402542 -166.726715
v 17.218586 30.720779 -179.820648
v 17.218590 30.720779 -166.726715
v 23.674770 30.720764 -140.539032
v 23.674770 26.564243 -140.539032
v 23.674770 26.564243 -127.445221
v 23.674770 43.109055 -140.539032
v 23.674770 43.109055 -127.445221
v 10.762394 43.109070 -153.632660
v 10.762394 26.564236 -153.632660
v 10.762394 26.564243 -140.539032
v 10.762394 43.109055 -140.539032
v 10.762394 43.109070 -166.726715
v 10.762394 26.564236 -166.726715
v 10.762394 26.564236 -153.632660
v 10.762394 43.109070 -153.632660
v 10.762394 43.109070 -172.294037
v 10.762394 26.564236 -172.294037
v 10.762394 26.564236 -166.726715
v 10.762394 43.109070 -166.726715
v 0.002085 26.564236 -179.820648
v 0.002085 13.402542 -179.820648
v 17.218586 13.402542 -179.820648
v 17.218586 26.564236 -179.820648
v 0.002085 30.720779 -179.820648
v 17.218586 30.720779 -179.820648
v -17.214415 26.564236 -179.820648
v -17.214415 13.402542 -179.820648
v 0.002085 13.402542 -179.820648
v 0.002085 26.564236 -179.820648
v -17.214415 30.720779 -179.820648
v 0.002085 30.720779 -179.820648
v 0.002085 43.109070 -172.294037
v 0.002085 26.564236 -172.294159
v 10.762394 26.564236 -172.294037
v 10.762394 43.109070 -172.294037
v -10.758225 43.109070 -172.294037
v -10.758225 26.564236 -172.294037
v 0.002085 26.564236 -172.294159
v 0.002085 43.109070 -172.294037
v -17.214409 26.564236 -166.726715
v -17.214409 13.402542 -166.726715
v -17.214415 13.402542 -179.820648
v -17.214415 26.564236 -179.820648
v -17.214405 30.720779 -166.726715
v -17.214415 30.720779 -179.820648
v -17.214415 26.564236 -153.632660
v -17.214415 13.402542 -153.632660
v -17.214409 13.402542 -166.726715
v -17.214409 26.564236 -166.726715
v -17.214409 30.720772 -153.632660
v -17.214405 30.720779 -166.726715
v -23.670599 26.564243 -140.539032
v -23.670599 13.402542 -140.539032
v -23.670599 13.402542 -153.632660
v -23.670599 26.564236 -153.632660
v -23.670599 30.720764 -140.539032
v -23.670599 30.720772 -153.632660
v -23.670599 26.564243 -127.445221
v -23.670599 13.402542 -127.445221
v -23.670599 13.402542 -140.539032
v -23.670599 26.564243 -140.539032
v -10.758225 43.109070 -166.726715
v -10.758225 26.564236 -166.726715
v -10.758225 26.564236 -172.294037
v -10.758225 43.109070 -172.294037
v -10.758225 43.109070 -153.632660
v -10.758225 26.564236 -153.632660
v -10.758225 26.564236 -166.726715
v -10.758225 43.109070 -166.726715
v -10.758225 43.109055 -140.539032
v -10.758225 26.564243 -140.539032
v -10.758225 26.564236 -153.632660
v -10.758225 43.109070 -153.632660
v -23.670599 43.109055 -127.445221
v -23.670599 26.564243 -127.445221
v -23.670599 26.564243 -140.539032
v -23.670599 30.720764 -140.539032
v -23.670599 43.109055 -140.539032
v 23.217886 26.564236 -153.632660
v 17.218586 26.564236 -153.632660
v 17.218586 13.402542 -153.632660
v 23.674770 26.564236 -153.632660
v 23.674770 13.402542 -153.632660
v 23.217886 30.720772 -153.632660
v 23.674770 30.720772 -153.632660
v 23.217886 26.564236 -153.632660
v 23.217886 26.564243 -140.539032
v 17.218586 26.564243 -140.539032
v 17.218586 26.564236 -153.632660
v 16.894421 26.564236 -153.632660
v 10.762394 26.564236 -153.632660
v 10.762394 26.564243 -140.539032
v 10.762394 26.564236 -166.726715
v 16.894426 26.564236 -166.726715
v 10.762394 26.564236 -172.294037
v 16.895121 26.564236 -179.455536
v 0.002085 26.564236 -179.464447
v 0.002085 26.564236 -172.294159
v 23.217886 30.720764 -140.539032
v 23.217896 43.109055 -140.539032
v 17.218586 43.109055 -140.539032
v 23.217886 26.564243 -140.539032
v 17.218586 26.564243 -140.539032
v 10.762394 26.564243 -140.539032
v 10.762394 43.109055 -140.539032
v 23.674770 43.109055 -140.539032
v 23.674770 30.720764 -140.539032
v 23.674770 13.402542 -127.445221
v 17.218586 13.402542 -127.445221
v 17.218586 26.564243 -127.445221
v 23.674770 26.564243 -127.445221
v -23.200489 30.720764 -140.539032
v -23.200489 26.564243 -140.539032
v -17.214415 26.564243 -140.539032
v -23.200485 43.109055 -140.539032
v -17.214415 43.109055 -140.539032
v -10.758225 43.109055 -140.539032
v -10.758225 26.564243 -140.539032
v -23.670599 43.109055 -140.539032
v -23.670599 30.720764 -140.539032
v -23.200489 26.564243 -140.539032
v -23.200489 26.564236 -153.632660
v -17.214415 26.564236 -153.632660
v -17.214415 26.564243 -140.539032
v -10.758225 26.564243 -140.539032
v -16.909765 26.564236 -153.632660
v -10.758225 26.564236 -153.632660
v -16.909760 26.564236 -166.726715
v -10.758225 26.564236 -166.726715
v -16.909475 26.564236 -179.464813
v -10.758225 26.564236 -172.294037
v 0.002085 26.564236 -179.464447
v 0.002085 26.564236 -172.294159
v -23.670599 13.402542 -153.632660
v -17.214415 13.402542 -153.632660
v -17.214415 26.564236 -153.632660
v -23.200489 26.564236 -153.632660
v -23.670599 26.564236 -153.632660
v -23.670599 30.720772 -153.632660
v -23.200489 30.720772 -153.632660
v -23.670599 26.564236 -119.588776
v -23.670599 26.564243 -127.445221
v -23.670599 43.109055 -127.445221
v -23.670599 43.109070 -116.905853
v -17.214415 26.564236 -119.588776
v -17.214415 26.564243 -127.445221
v -23.670599 26.564243 -127.445221
v -23.670599 26.564236 -119.588776
v 0.002085 26.564236 -119.588776
v 0.002085 26.564243 -127.445221
v 17.218586 26.564236 -119.588776
v 17.218586 26.564243 -127.445221
v 23.674770 26.564236 -119.588776
v 23.674770 26.564243 -127.445221
v 23.674770 43.109070 -116.905853
v 23.674770 43.109055 -127.445221
v 23.674770 26.564243 -127.445221
v 23.674770 26.564236 -119.588776
v 16.894426 30.720772 -153.632660
v 16.894430 30.720779 -166.726715
v 17.218590 30.720779 -166.726715
v 17.218586 30.720772 -153.632660
v 17.218586 30.720779 -179.820648
v 16.895121 30.720779 -179.455536
v -16.909475 30.720779 -179.464813
v -17.214415 30.720779 -179.820648
v 0.002085 30.720779 -179.820648
v 0.002085 30.720779 -179.464447
v 16.895121 30.720779 -179.455536
v 17.218586 30.720779 -179.820648
v -16.909756 30.720779 -166.726715
v -16.909760 30.720772 -153.632660
v -17.214409 30.720772 -153.632660
v -17.214405 30.720779 -166.726715
v -16.909475 30.720779 -179.464813
v -17.214415 30.720779 -179.820648
v 23.217886 30.720772 -153.632660
v 23.674770 30.720772 -153.632660
v 23.674770 30.720764 -140.539032
v 23.217886 30.720764 -140.539032
v -23.200489 30.720764 -140.539032
v -23.670599 30.720764 -140.539032
v -23.670599 30.720772 -153.632660
v -23.200489 30.720772 -153.632660
v -16.909760 30.720772 -153.632660
v -16.909765 26.564236 -153.632660
v -17.214415 26.564236 -153.632660
v -17.214409 30.720772 -153.632660
v -16.909756 30.720779 -166.726715
v -16.909760 26.564236 -166.726715
v -16.909765 26.564236 -153.632660
v -16.909760 30.720772 -153.632660
v -16.909475 30.720779 -179.464813
v -16.909475 26.564236 -179.464813
v -16.909760 26.564236 -166.726715
v -16.909756 30.720779 -166.726715
v 0.002085 30.720779 -179.464447
v 0.002085 26.564236 -179.464447
v -16.909475 26.564236 -179.464813
v -16.909475 30.720779 -179.464813
v 16.895121 30.720779 -179.455536
v 16.895121 26.564236 -179.455536
v 0.002085 26.564236 -179.464447
v 0.002085 30.720779 -179.464447
v 16.894430 30.720779 -166.726715
v 16.894426 26.564236 -166.726715
v 16.895121 26.564236 -179.455536
v 16.895121 30.720779 -179.455536
v 16.894426 30.720772 -153.632660
v 16.894421 26.564236 -153.632660
v 16.894426 26.564236 -166.726715
v 16.894430 30.720779 -166.726715
v 17.218586 30.720772 -153.632660
v 17.218586 26.564236 -153.632660
v 16.894421 26.564236 -153.632660
v 16.894426 30.720772 -153.632660
v 23.217886 30.720764 -140.539032
v 23.217886 26.564243 -140.539032
v 23.217886 26.564236 -153.632660
v 23.217886 30.720772 -153.632660
v -23.200489 30.720772 -153.632660
v -23.200489 26.564236 -153.632660
v -23.200489 26.564243 -140.539032
v -23.200489 30.720764 -140.539032
v 0.453015 -35.212158 -170.773590
v 0.453015 -35.212158 -172.656586
v 0.903030 -35.533394 -172.656586
v 0.903030 -35.533394 -170.773590
v -0.120945 -35.212158 -170.773590
v -0.120945 -35.212158 -172.656586
v -0.570960 -35.533394 -170.771637
v -0.570960 -35.533394 -172.656586
v -0.120945 -35.212158 -172.656586
v -0.120945 -35.212158 -170.773590
v -0.570960 -35.943108 -170.773590
v -0.570960 -35.943108 -172.656586
v -0.120945 -36.264328 -170.773590
v -0.120945 -36.264328 -172.656586
v -0.570960 -35.943108 -172.656586
v -0.570960 -35.943108 -170.773590
v 0.453015 -36.264328 -170.773590
v 0.453015 -36.264328 -172.656586
v -0.120945 -36.264328 -172.656586
v -0.120945 -36.264328 -170.773590
v 0.903030 -35.943108 -170.773590
v 0.903030 -35.943108 -172.656586
v 0.903030 -35.533394 -170.773590
v 0.903030 -35.533394 -172.656586
v 0.903030 -35.943108 -172.656586
v 0.903030 -35.943108 -170.773590
v -0.570960 -35.533394 -170.771637
v -0.120945 -35.212158 -170.773590
v 0.453015 -35.212158 -170.773590
v 0.903030 -35.533394 -170.773590
v -0.120945 -36.264328 -170.773590
v -0.570960 -35.943108 -170.773590
v 0.453015 -36.264328 -170.773590
v 0.903030 -35.943108 -170.773590
v 0.166035 -35.738251 -172.847137
v 0.903030 -35.533394 -172.656586
v 0.453015 -35.212158 -172.656586
v 0.903030 -35.943108 -172.656586
v 0.453015 -36.264328 -172.656586
v -0.120945 -36.264328 -172.656586
v -0.570960 -35.943108 -172.656586
v -0.570960 -35.533394 -172.656586
v -0.120945 -35.212158 -172.656586
v 0.706775 -36.058067 -172.171722
v 3.074481 -36.903671 -172.287201
v 3.076071 -34.500134 -171.971527
v 0.707220 -35.376747 -172.087006
v 4.323366 -34.254078 -171.832611
v 4.321425 -37.144119 -172.425995
v 5.388606 -34.567669 -171.752167
v 5.387061 -36.830513 -172.506439
v 6.347425 -35.012718 -171.803802
v 6.346476 -36.385452 -172.454803
v -0.324995 -35.429329 -172.183319
v -2.710374 -34.576847 -172.298798
v -2.711964 -36.980400 -171.983124
v -0.325440 -36.110649 -172.098602
v -3.962569 -37.225708 -171.844208
v -3.960629 -34.335651 -172.437714
v -5.027804 -36.912086 -171.763763
v -5.026264 -34.649250 -172.518158
v -5.986629 -36.467026 -171.815399
v -5.985680 -35.094307 -172.466522
v -0.271550 -36.120628 -172.171722
v -1.486420 -37.815750 -172.287201
v 1.931350 -37.816887 -171.971527
v 0.697290 -36.120934 -172.087006
v 2.278156 -38.708748 -171.832611
v -1.831410 -38.707367 -172.425995
v 1.832210 -39.469162 -171.752167
v -1.385470 -39.468056 -172.506439
v 1.199365 -40.153610 -171.803802
v -0.752615 -40.152931 -172.454803
v 0.723950 -35.385811 -172.183319
v 1.954860 -33.688519 -172.298798
v -1.462910 -33.687382 -171.983124
v -0.244890 -35.385490 -172.098602
v -1.806405 -32.796276 -171.844208
v 2.303160 -32.797657 -172.437714
v -1.360470 -32.035851 -171.763763
v 1.857215 -32.036949 -172.518158
v -0.727625 -31.351421 -171.815399
v 1.224360 -31.352097 -172.466522
v 3.075536 -34.504543 -171.930389
v 3.074585 -36.909126 -172.246185
v 0.706705 -36.060852 -172.130463
v 0.707090 -35.379242 -172.045746
v 4.322626 -34.261044 -171.791840
v 4.322031 -37.153160 -172.385712
v 5.388105 -34.578526 -171.712250
v 5.388005 -36.843697 -172.467499
v 6.347536 -35.027023 -171.765228
v 6.347961 -36.402191 -172.417328
v -2.711429 -36.975975 -171.941986
v -2.710479 -34.571407 -172.257904
v -0.324920 -35.426537 -172.142181
v -0.325310 -36.108154 -172.057465
v -3.961829 -37.218727 -171.803436
v -3.961234 -34.326611 -172.397430
v -5.027304 -36.901245 -171.723969
v -5.027210 -34.636059 -172.479095
v -5.986735 -36.452736 -171.776825
v -5.987160 -35.077568 -172.429047
v 1.925070 -37.816505 -171.930389
v -1.494160 -37.815826 -172.246185
v -0.275505 -36.120567 -172.130463
v 0.693740 -36.120842 -172.045746
v 2.268235 -38.708214 -171.791840
v -1.844265 -38.707787 -172.385712
v 1.816790 -39.468796 -171.712250
v -1.404230 -39.468735 -172.467499
v 1.179030 -40.153687 -171.765228
v -0.776425 -40.153984 -172.417328
v -1.456635 -33.687763 -171.941986
v 1.962595 -33.688450 -172.257904
v 0.727905 -35.385864 -172.142181
v -0.241340 -35.385582 -172.057465
v -1.796490 -32.796795 -171.803436
v 2.316005 -32.797222 -172.397430
v -1.345045 -32.036209 -171.723969
v 1.875970 -32.036278 -172.479095
v -0.707290 -31.351337 -171.776825
v 1.248170 -31.351032 -172.429047
v 0.707220 -35.376747 -172.087006
v 0.707090 -35.379242 -172.045746
v 0.706705 -36.060852 -172.130463
v 0.706705 -36.060852 -172.130463
v 0.706775 -36.058067 -172.171722
v 0.707220 -35.376747 -172.087006
v 3.076071 -34.500134 -171.971527
v 3.075536 -34.504543 -171.930389
v 0.707090 -35.379242 -172.045746
v 0.707220 -35.376747 -172.087006
v 4.323366 -34.254078 -171.832611
v 4.322626 -34.261044 -171.791840
v 5.388606 -34.567669 -171.752167
v 5.388105 -34.578526 -171.712250
v 6.347425 -35.012718 -171.803802
v 6.347536 -35.027023 -171.765228
v 0.706775 -36.058067 -172.171722
v 0.706705 -36.060852 -172.130463
v 3.074585 -36.909126 -172.246185
v 3.074481 -36.903671 -172.287201
v 4.322031 -37.153160 -172.385712
v 4.321425 -37.144119 -172.425995
v 5.388005 -36.843697 -172.467499
v 5.387061 -36.830513 -172.506439
v 6.347961 -36.402191 -172.417328
v 6.346476 -36.385452 -172.454803
v 6.346476 -36.385452 -172.454803
v 6.347961 -36.402191 -172.417328
v 6.347536 -35.027023 -171.765228
v 6.347536 -35.027023 -171.765228
v 6.347425 -35.012718 -171.803802
v 6.346476 -36.385452 -172.454803
v -0.325440 -36.110649 -172.098602
v -0.325310 -36.108154 -172.057465
v -0.324920 -35.426537 -172.142181
v -0.324920 -35.426537 -172.142181
v -0.324995 -35.429329 -172.183319
v -0.325440 -36.110649 -172.098602
v -2.711964 -36.980400 -171.983124
v -2.711429 -36.975975 -171.941986
v -0.325310 -36.108154 -172.057465
v -0.325440 -36.110649 -172.098602
v -3.962569 -37.225708 -171.844208
v -3.961829 -37.218727 -171.803436
v -5.027804 -36.912086 -171.763763
v -5.027304 -36.901245 -171.723969
v -5.986629 -36.467026 -171.815399
v -5.986735 -36.452736 -171.776825
v -0.324995 -35.429329 -172.183319
v -0.324920 -35.426537 -172.142181
v -2.710479 -34.571407 -172.257904
v -2.710374 -34.576847 -172.298798
v -3.961234 -34.326611 -172.397430
v -3.960629 -34.335651 -172.437714
v -5.027210 -34.636059 -172.479095
v -5.026264 -34.649250 -172.518158
v -5.987160 -35.077568 -172.429047
v -5.985680 -35.094307 -172.466522
v -5.985680 -35.094307 -172.466522
v -5.987160 -35.077568 -172.429047
v -5.986735 -36.452736 -171.776825
v -5.986735 -36.452736 -171.776825
v -5.986629 -36.467026 -171.815399
v -5.985680 -35.094307 -172.466522
v 0.697290 -36.120934 -172.087006
v 0.693740 -36.120842 -172.045746
v -0.275505 -36.120567 -172.130463
v -0.275505 -36.120567 -172.130463
v -0.271550 -36.120628 -172.171722
v 0.697290 -36.120934 -172.087006
v 1.931350 -37.816887 -171.971527
v 1.925070 -37.816505 -171.930389
v 0.693740 -36.120842 -172.045746
v 0.697290 -36.120934 -172.087006
v 2.278156 -38.708748 -171.832611
v 2.268235 -38.708214 -171.791840
v -0.271550 -36.120628 -172.171722
v -0.275505 -36.120567 -172.130463
v -1.494160 -37.815826 -172.246185
v -1.486420 -37.815750 -172.287201
v -1.844265 -38.707787 -172.385712
v -1.831410 -38.707367 -172.425995
v 1.832210 -39.469162 -171.752167
v 1.816790 -39.468796 -171.712250
v 2.268235 -38.708214 -171.791840
v 2.278156 -38.708748 -171.832611
v 1.199365 -40.153610 -171.803802
v 1.179030 -40.153687 -171.765228
v -0.752615 -40.152931 -172.454803
v -1.831410 -38.707367 -172.425995
v -1.844265 -38.707787 -172.385712
v -1.404230 -39.468735 -172.467499
v -1.385470 -39.468056 -172.506439
v -0.776425 -40.153984 -172.417328
v -0.752615 -40.152931 -172.454803
v -0.752615 -40.152931 -172.454803
v -0.776425 -40.153984 -172.417328
v 1.179030 -40.153687 -171.765228
v -0.244890 -35.385490 -172.098602
v -0.241340 -35.385582 -172.057465
v 0.727905 -35.385864 -172.142181
v 0.727905 -35.385864 -172.142181
v 0.723950 -35.385811 -172.183319
v -0.244890 -35.385490 -172.098602
v -1.462910 -33.687382 -171.983124
v -1.456635 -33.687763 -171.941986
v -0.241340 -35.385582 -172.057465
v -0.244890 -35.385490 -172.098602
v -1.806405 -32.796276 -171.844208
v -1.796490 -32.796795 -171.803436
v 0.723950 -35.385811 -172.183319
v 0.727905 -35.385864 -172.142181
v 1.962595 -33.688450 -172.257904
v 1.954860 -33.688519 -172.298798
v 2.316005 -32.797222 -172.397430
v 2.303160 -32.797657 -172.437714
v -1.360470 -32.035851 -171.763763
v -1.345045 -32.036209 -171.723969
v -1.796490 -32.796795 -171.803436
v -1.806405 -32.796276 -171.844208
v -0.727625 -31.351421 -171.815399
v -0.707290 -31.351337 -171.776825
v 1.224360 -31.352097 -172.466522
v 2.303160 -32.797657 -172.437714
v 2.316005 -32.797222 -172.397430
v 1.875970 -32.036278 -172.479095
v 1.857215 -32.036949 -172.518158
v 1.248170 -31.351032 -172.429047
v 1.224360 -31.352097 -172.466522
v 1.224360 -31.352097 -172.466522
v 1.248170 -31.351032 -172.429047
v -0.707290 -31.351337 -171.776825
v 0.000000 -0.763767 -36.928986
v 0.000000 -0.763767 1.859711
v -36.409828 -0.763767 1.859711
v -36.409828 -0.763767 -36.928986
v 36.409836 -0.763767 -36.928986
v 36.409836 -0.763767 1.859711
v 28.416245 -24.391909 -36.928986
v 8.882755 -36.205925 -36.928986
v 8.882755 -36.205925 1.859711
v 28.416245 -24.391909 1.859711
v 35.807190 -12.577859 -36.928986
v 35.807190 -12.577859 1.859711
v 37.237320 -0.763767 -36.928986
v 37.237320 -0.763767 1.859711
v 0.000000 -43.109055 1.859711
v 0.000000 -43.109055 -36.928986
v 37.237320 2.780441 -36.928986
v 37.237320 2.780441 1.859711
v -28.416245 -24.391909 1.859711
v -8.882755 -36.205925 1.859711
v -8.882755 -36.205925 -36.928986
v -28.416245 -24.391909 -36.928986
v -35.807190 -12.577859 1.859711
v -35.807190 -12.577859 -36.928986
v -37.237320 -0.763767 1.859711
v -37.237320 -0.763767 -36.928986
v 0.000000 -43.109055 -36.928986
v 0.000000 -43.109055 1.859711
v -37.237320 2.780441 1.859711
v -37.237320 2.780441 -36.928986
v 36.409836 2.780441 -36.928986
v 37.237320 2.780441 -36.928986
v 37.237320 2.780441 1.859711
v 36.409836 2.780441 1.859711
v -36.409828 2.780441 1.859711
v -37.237320 2.780441 1.859711
v -37.237320 2.780441 -36.928986
v -36.409828 2.780441 -36.928986
v -36.409828 2.780441 -36.928986
v -36.409828 -0.763767 -36.928986
v -36.409828 -0.763767 1.859711
v -36.409828 2.780441 1.859711
v 36.409836 2.780441 1.859711
v 36.409836 -0.763767 1.859711
v 36.409836 -0.763767 -36.928986
v 36.409836 2.780441 -36.928986
v 28.548775 -0.890293 -99.380646
v 28.548756 13.423820 -113.513519
v 29.006214 13.423805 -113.513519
v 29.006226 -0.890293 -99.380646
v 28.548761 11.061008 -113.509918
v 28.548756 13.423820 -113.513519
v 28.548775 -0.890293 -99.380646
v 28.548775 -0.883411 -101.840546
v 29.006226 -0.883411 -101.840546
v 29.006214 11.061008 -113.509918
v 28.548761 11.061008 -113.509918
v 28.548775 -0.883411 -101.840546
v 28.548756 13.423820 -113.513519
v 29.006214 13.423805 -113.513519
v 29.006226 -0.890293 -99.380646
v 29.006214 13.423805 -113.513519
v 29.006214 11.061008 -113.509918
v 29.006226 -0.883411 -101.840546
v 28.548775 -0.883411 -101.840546
v 28.548775 -0.890293 -99.380646
v 29.006226 -0.890293 -99.380646
v 29.006226 -0.883411 -101.840546
v 28.983660 -0.182011 -100.196198
v 34.518021 -0.182011 -100.196198
v 34.518021 -0.388500 -100.196198
v 28.983660 -0.388500 -100.196198
v 28.983660 -0.182011 -102.400482
v 34.518013 -0.182011 -102.400482
v 34.518021 -0.182011 -100.196198
v 28.983660 -0.182011 -100.196198
v 28.983660 -0.388500 -102.400482
v 34.518013 -0.388500 -102.400482
v 34.518013 -0.182011 -102.400482
v 28.983660 -0.182011 -102.400482
v 28.983660 -0.388500 -100.196198
v 34.518021 -0.388500 -100.196198
v 34.518013 -0.388500 -102.400482
v 28.983660 -0.388500 -102.400482
v 34.518021 -0.182011 -100.196198
v 34.518013 -0.182011 -102.400482
v 34.518013 -0.388500 -102.400482
v 34.518021 -0.388500 -100.196198
v 28.983660 -0.182011 -102.400482
v 28.983660 -0.182011 -100.196198
v 28.983660 -0.388500 -100.196198
v 28.983660 -0.388500 -102.400482
v 34.460007 -0.890293 -99.380646
v 34.459999 13.423820 -113.513519
v 34.917610 13.423820 -113.513519
v 34.917610 -0.890293 -99.380646
v 34.460007 11.061008 -113.509918
v 34.459999 13.423820 -113.513519
v 34.460007 -0.890293 -99.380646
v 34.460007 -0.883411 -101.840546
v 34.917610 -0.883411 -101.840546
v 34.917633 11.061008 -113.509918
v 34.460007 11.061008 -113.509918
v 34.460007 -0.883411 -101.840546
v 34.459999 13.423820 -113.513519
v 34.917610 13.423820 -113.513519
v 34.917610 -0.890293 -99.380646
v 34.917610 13.423820 -113.513519
v 34.917633 11.061008 -113.509918
v 34.917610 -0.883411 -101.840546
v 34.460007 -0.883411 -101.840546
v 34.460007 -0.890293 -99.380646
v 34.917610 -0.890293 -99.380646
v 34.917610 -0.883411 -101.840546
v 28.983650 1.179867 -101.588837
v 34.518028 1.179867 -101.588837
v 34.518028 0.973392 -101.588837
v 28.983660 0.973392 -101.588837
v 28.983660 1.179867 -103.792877
v 34.518021 1.179867 -103.792877
v 34.518028 1.179867 -101.588837
v 28.983650 1.179867 -101.588837
v 28.983660 0.973392 -103.792877
v 34.518021 0.973392 -103.792877
v 34.518021 1.179867 -103.792877
v 28.983660 1.179867 -103.792877
v 28.983660 0.973392 -101.588837
v 34.518028 0.973392 -101.588837
v 34.518021 0.973392 -103.792877
v 28.983660 0.973392 -103.792877
v 34.518028 1.179867 -101.588837
v 34.518021 1.179867 -103.792877
v 34.518021 0.973392 -103.792877
v 34.518028 0.973392 -101.588837
v 28.983660 1.179867 -103.792877
v 28.983650 1.179867 -101.588837
v 28.983660 0.973392 -101.588837
v 28.983660 0.973392 -103.792877
v 28.983660 2.578468 -103.001007
v 34.518013 2.578468 -103.001007
v 34.518013 2.371986 -103.001007
v 28.983660 2.371979 -103.001007
v 28.983656 2.578468 -105.205109
v 34.518021 2.578468 -105.205109
v 34.518013 2.578468 -103.001007
v 28.983660 2.578468 -103.001007
v 28.983656 2.371986 -105.205109
v 34.518021 2.371986 -105.205109
v 34.518021 2.578468 -105.205109
v 28.983656 2.578468 -105.205109
v 28.983660 2.371979 -103.001007
v 34.518013 2.371986 -103.001007
v 34.518021 2.371986 -105.205109
v 28.983656 2.371986 -105.205109
v 34.518013 2.578468 -103.001007
v 34.518021 2.578468 -105.205109
v 34.518021 2.371986 -105.205109
v 34.518013 2.371986 -103.001007
v 28.983656 2.578468 -105.205109
v 28.983660 2.578468 -103.001007
v 28.983660 2.371979 -103.001007
v 28.983656 2.371986 -105.205109
v 28.983656 3.998146 -104.404633
v 34.518021 3.998146 -104.404633
v 34.518021 3.791649 -104.404633
v 28.983656 3.791649 -104.404633
v 28.983656 3.998146 -106.609039
v 34.518021 3.998146 -106.609039
v 34.518021 3.998146 -104.404633
v 28.983656 3.998146 -104.404633
v 28.983656 3.791649 -106.609039
v 34.518021 3.791649 -106.609039
v 34.518021 3.998146 -106.609039
v 28.983656 3.998146 -106.609039
v 28.983656 3.791649 -104.404633
v 34.518021 3.791649 -104.404633
v 34.518021 3.791649 -106.609039
v 28.983656 3.791649 -106.609039
v 34.518021 3.998146 -104.404633
v 34.518021 3.998146 -106.609039
v 34.518021 3.791649 -106.609039
v 34.518021 3.791649 -104.404633
v 28.983656 3.998146 -106.609039
v 28.983656 3.998146 -104.404633
v 28.983656 3.791649 -104.404633
v 28.983656 3.791649 -106.609039
v 28.983656 5.266685 -105.628143
v 34.518028 5.266685 -105.628143
v 34.518028 5.060181 -105.628143
v 28.983656 5.060181 -105.628143
v 28.983656 5.266685 -107.832489
v 34.518028 5.266685 -107.832489
v 34.518028 5.266685 -105.628143
v 28.983656 5.266685 -105.628143
v 28.983656 5.060181 -107.832489
v 34.518028 5.060181 -107.832489
v 34.518028 5.266685 -107.832489
v 28.983656 5.266685 -107.832489
v 28.983656 5.060181 -105.628143
v 34.518028 5.060181 -105.628143
v 34.518028 5.060181 -107.832489
v 28.983656 5.060181 -107.832489
v 34.518028 5.266685 -105.628143
v 34.518028 5.266685 -107.832489
v 34.518028 5.060181 -107.832489
v 34.518028 5.060181 -105.628143
v 28.983656 5.266685 -107.832489
v 28.983656 5.266685 -105.628143
v 28.983656 5.060181 -105.628143
v 28.983656 5.060181 -107.832489
v 28.983656 6.416058 -106.727325
v 34.518028 6.416058 -106.727325
v 34.518028 6.209572 -106.727325
v 28.983656 6.209572 -106.727325
v 28.983656 6.416058 -108.931610
v 34.518028 6.416058 -108.931610
v 34.518028 6.416058 -106.727325
v 28.983656 6.416058 -106.727325
v 28.983656 6.209572 -108.931610
v 34.518028 6.209572 -108.931610
v 34.518028 6.416058 -108.931610
v 28.983656 6.416058 -108.931610
v 28.983656 6.209572 -106.727325
v 34.518028 6.209572 -106.727325
v 34.518028 6.209572 -108.931610
v 28.983656 6.209572 -108.931610
v 34.518028 6.416058 -106.727325
v 34.518028 6.416058 -108.931610
v 34.518028 6.209572 -108.931610
v 34.518028 6.209572 -106.727325
v 28.983656 6.416058 -108.931610
v 28.983656 6.416058 -106.727325
v 28.983656 6.209572 -106.727325
v 28.983656 6.209572 -108.931610
v 28.983660 7.613453 -107.950165
v 34.518028 7.613453 -107.950165
v 34.518028 7.406963 -107.950165
v 28.983660 7.406963 -107.950165
v 28.983660 7.613453 -110.154510
v 34.518028 7.613453 -110.154510
v 34.518028 7.613453 -107.950165
v 28.983660 7.613453 -107.950165
v 28.983660 7.406963 -110.154510
v 34.518028 7.406963 -110.154510
v 34.518028 7.613453 -110.154510
v 28.983660 7.613453 -110.154510
v 28.983660 7.406963 -107.950165
v 34.518028 7.406963 -107.950165
v 34.518028 7.406963 -110.154510
v 28.983660 7.406963 -110.154510
v 34.518028 7.613453 -107.950165
v 34.518028 7.613453 -110.154510
v 34.518028 7.406963 -110.154510
v 34.518028 7.406963 -107.950165
v 28.983660 7.613453 -110.154510
v 28.983660 7.613453 -107.950165
v 28.983660 7.406963 -107.950165
v 28.983660 7.406963 -110.154510
v 28.983660 8.759594 -109.068878
v 34.518036 8.759594 -109.068878
v 34.518036 8.553089 -109.068878
v 28.983660 8.553089 -109.068878
v 28.983660 8.759594 -111.273285
v 34.518036 8.759594 -111.273285
v 34.518036 8.759594 -109.068878
v 28.983660 8.759594 -109.068878
v 28.983660 8.553089 -111.273285
v 34.518036 8.553089 -111.273285
v 34.518036 8.759594 -111.273285
v 28.983660 8.759594 -111.273285
v 28.983660 8.553089 -109.068878
v 34.518036 8.553089 -109.068878
v 34.518036 8.553089 -111.273285
v 28.983660 8.553089 -111.273285
v 34.518036 8.759594 -109.068878
v 34.518036 8.759594 -111.273285
v 34.518036 8.553089 -111.273285
v 34.518036 8.553089 -109.068878
v 28.983660 8.759594 -111.273285
v 28.983660 8.759594 -109.068878
v 28.983660 8.553089 -109.068878
v 28.983660 8.553089 -111.273285
v 28.983681 9.947330 -110.209442
v 34.518036 9.947330 -110.209442
v 34.518036 9.740818 -110.209442
v 28.983681 9.740818 -110.209442
v 28.983681 9.947323 -112.413849
v 34.518036 9.947330 -112.413849
v 34.518036 9.947330 -110.209442
v 28.983681 9.947330 -110.209442
v 28.983681 9.740818 -112.413849
v 34.518036 9.740818 -112.413849
v 34.518036 9.947330 -112.413849
v 28.983681 9.947323 -112.413849
v 28.983681 9.740818 -110.209442
v 34.518036 9.740818 -110.209442
v 34.518036 9.740818 -112.413849
v 28.983681 9.740818 -112.413849
v 34.518036 9.947330 -110.209442
v 34.518036 9.947330 -112.413849
v 34.518036 9.740818 -112.413849
v 34.518036 9.740818 -110.209442
v 28.983681 9.947323 -112.413849
v 28.983681 9.947330 -110.209442
v 28.983681 9.740818 -110.209442
v 28.983681 9.740818 -112.413849
v 28.983660 11.506100 -111.712799
v 34.518021 11.506100 -111.712799
v 34.518021 11.299618 -111.712799
v 28.983660 11.299618 -111.712799
v 28.983660 11.506100 -113.916901
v 34.518021 11.506100 -113.916901
v 34.518021 11.506100 -111.712799
v 28.983660 11.506100 -111.712799
v 28.983660 11.299618 -113.916901
v 34.518021 11.299618 -113.916901
v 34.518021 11.506100 -113.916901
v 28.983660 11.506100 -113.916901
v 28.983660 11.299618 -111.712799
v 34.518021 11.299618 -111.712799
v 34.518021 11.299618 -113.916901
v 28.983660 11.299618 -113.916901
v 34.518021 11.506100 -111.712799
v 34.518021 11.506100 -113.916901
v 34.518021 11.299618 -113.916901
v 34.518021 11.299618 -111.712799
v 28.983660 11.506100 -113.916901
v 28.983660 11.506100 -111.712799
v 28.983660 11.299618 -111.712799
v 28.983660 11.299618 -113.916901
v -35.180489 -0.890293 -99.380646
v -35.180511 13.423820 -113.513519
v -34.723053 13.423805 -113.513519
v -34.723045 -0.890293 -99.380646
v -35.180504 11.061008 -113.509918
v -35.180511 13.423820 -113.513519
v -35.180489 -0.890293 -99.380646
v -35.180489 -0.883411 -101.840546
v -34.723045 -0.883411 -101.840546
v -34.723053 11.061008 -113.509918
v -35.180504 11.061008 -113.509918
v -35.180489 -0.883411 -101.840546
v -35.180511 13.423820 -113.513519
v -34.723053 13.423805 -113.513519
v -34.723045 -0.890293 -99.380646
v -34.723053 13.423805 -113.513519
v -34.723053 11.061008 -113.509918
v -34.723045 -0.883411 -101.840546
v -35.180489 -0.883411 -101.840546
v -35.180489 -0.890293 -99.380646
v -34.723045 -0.890293 -99.380646
v -34.723045 -0.883411 -101.840546
v -34.745605 -0.182011 -100.196198
v -29.211239 -0.182011 -100.196198
v -29.211239 -0.388500 -100.196198
v -34.745605 -0.388500 -100.196198
v -34.745605 -0.182011 -102.400482
v -29.211248 -0.182011 -102.400482
v -29.211239 -0.182011 -100.196198
v -34.745605 -0.182011 -100.196198
v -34.745605 -0.388500 -102.400482
v -29.211248 -0.388500 -102.400482
v -29.211248 -0.182011 -102.400482
v -34.745605 -0.182011 -102.400482
v -34.745605 -0.388500 -100.196198
v -29.211239 -0.388500 -100.196198
v -29.211248 -0.388500 -102.400482
v -34.745605 -0.388500 -102.400482
v -29.211239 -0.182011 -100.196198
v -29.211248 -0.182011 -102.400482
v -29.211248 -0.388500 -102.400482
v -29.211239 -0.388500 -100.196198
v -34.745605 -0.182011 -102.400482
v -34.745605 -0.182011 -100.196198
v -34.745605 -0.388500 -100.196198
v -34.745605 -0.388500 -102.400482
v -29.269253 -0.890293 -99.380646
v -29.269266 13.423820 -113.513519
v -28.811649 13.423820 -113.513519
v -28.811649 -0.890293 -99.380646
v -29.269258 11.061008 -113.509918
v -29.269266 13.423820 -113.513519
v -29.269253 -0.890293 -99.380646
v -29.269258 -0.883411 -101.840546
v -28.811649 -0.883411 -101.840546
v -28.811628 11.061008 -113.509918
v -29.269258 11.061008 -113.509918
v -29.269258 -0.883411 -101.840546
v -29.269266 13.423820 -113.513519
v -28.811649 13.423820 -113.513519
v -28.811649 -0.890293 -99.380646
v -28.811649 13.423820 -113.513519
v -28.811628 11.061008 -113.509918
v -28.811649 -0.883411 -101.840546
v -29.269258 -0.883411 -101.840546
v -29.269253 -0.890293 -99.380646
v -28.811649 -0.890293 -99.380646
v -28.811649 -0.883411 -101.840546
v -34.745613 1.179867 -101.588837
v -29.211235 1.179867 -101.588837
v -29.211235 0.973392 -101.588837
v -34.745605 0.973392 -101.588837
v -34.745605 1.179867 -103.792877
v -29.211239 1.179867 -103.792877
v -29.211235 1.179867 -101.588837
v -34.745613 1.179867 -101.588837
v -34.745605 0.973392 -103.792877
v -29.211239 0.973392 -103.792877
v -29.211239 1.179867 -103.792877
v -34.745605 1.179867 -103.792877
v -34.745605 0.973392 -101.588837
v -29.211235 0.973392 -101.588837
v -29.211239 0.973392 -103.792877
v -34.745605 0.973392 -103.792877
v -29.211235 1.179867 -101.588837
v -29.211239 1.179867 -103.792877
v -29.211239 0.973392 -103.792877
v -29.211235 0.973392 -101.588837
v -34.745605 1.179867 -103.792877
v -34.745613 1.179867 -101.588837
v -34.745605 0.973392 -101.588837
v -34.745605 0.973392 -103.792877
v -34.745605 2.578468 -103.001007
v -29.211248 2.578468 -103.001007
v -29.211248 2.371986 -103.001007
v -34.745605 2.371979 -103.001007
v -34.745613 2.578468 -105.205109
v -29.211239 2.578468 -105.205109
v -29.211248 2.578468 -103.001007
v -34.745605 2.578468 -103.001007
v -34.745613 2.371986 -105.205109
v -29.211239 2.371986 -105.205109
v -29.211239 2.578468 -105.205109
v -34.745613 2.578468 -105.205109
v -34.745605 2.371979 -103.001007
v -29.211248 2.371986 -103.001007
v -29.211239 2.371986 -105.205109
v -34.745613 2.371986 -105.205109
v -29.211248 2.578468 -103.001007
v -29.211239 2.578468 -105.205109
v -29.211239 2.371986 -105.205109
v -29.211248 2.371986 -103.001007
v -34.745613 2.578468 -105.205109
v -34.745605 2.578468 -103.001007
v -34.745605 2.371979 -103.001007
v -34.745613 2.371986 -105.205109
v -34.745613 3.998146 -104.404633
v -29.211239 3.998146 -104.404633
v -29.211239 3.791649 -104.404633
v -34.745613 3.791649 -104.404633
v -34.745613 3.998146 -106.609039
v -29.211239 3.998146 -106.609039
v -29.211239 3.998146 -104.404633
v -34.745613 3.998146 -104.404633
v -34.745613 3.791649 -106.609039
v -29.211239 3.791649 -106.609039
v -29.211239 3.998146 -106.609039
v -34.745613 3.998146 -106.609039
v -34.745613 3.791649 -104.404633
v -29.211239 3.791649 -104.404633
v -29.211239 3.791649 -106.609039
v -34.745613 3.791649 -106.609039
v -29.211239 3.998146 -104.404633
v -29.211239 3.998146 -106.609039
v -29.211239 3.791649 -106.609039
v -29.211239 3.791649 -104.404633
v -34.745613 3.998146 -106.609039
v -34.745613 3.998146 -104.404633
v -34.745613 3.791649 -104.404633
v -34.745613 3.791649 -106.609039
v -34.745613 5.266685 -105.628143
v -29.211235 5.266685 -105.628143
v -29.211235 5.060181 -105.628143
v -34.745613 5.060181 -105.628143
v -34.745613 5.266685 -107.832489
v -29.211235 5.266685 -107.832489
v -29.211235 5.266685 -105.628143
v -34.745613 5.266685 -105.628143
v -34.745613 5.060181 -107.832489
v -29.211235 5.060181 -107.832489
v -29.211235 5.266685 -107.832489
v -34.745613 5.266685 -107.832489
v -34.745613 5.060181 -105.628143
v -29.211235 5.060181 -105.628143
v -29.211235 5.060181 -107.832489
v -34.745613 5.060181 -107.832489
v -29.211235 5.266685 -105.628143
v -29.211235 5.266685 -107.832489
v -29.211235 5.060181 -107.832489
v -29.211235 5.060181 -105.628143
v -34.745613 5.266685 -107.832489
v -34.745613 5.266685 -105.628143
v -34.745613 5.060181 -105.628143
v -34.745613 5.060181 -107.832489
v -34.745613 6.416058 -106.727325
v -29.211235 6.416058 -106.727325
v -29.211235 6.209572 -106.727325
v -34.745613 6.209572 -106.727325
v -34.745613 6.416058 -108.931610
v -29.211235 6.416058 -108.931610
v -29.211235 6.416058 -106.727325
v -34.745613 6.416058 -106.727325
v -34.745613 6.209572 -108.931610
v -29.211235 6.209572 -108.931610
v -29.211235 6.416058 -108.931610
v -34.745613 6.416058 -108.931610
v -34.745613 6.209572 -106.727325
v -29.211235 6.209572 -106.727325
v -29.211235 6.209572 -108.931610
v -34.745613 6.209572 -108.931610
v -29.211235 6.416058 -106.727325
v -29.211235 6.416058 -108.931610
v -29.211235 6.209572 -108.931610
v -29.211235 6.209572 -106.727325
v -34.745613 6.416058 -108.931610
v -34.745613 6.416058 -106.727325
v -34.745613 6.209572 -106.727325
v -34.745613 6.209572 -108.931610
v -34.745605 7.613453 -107.950165
v -29.211235 7.613453 -107.950165
v -29.211235 7.406963 -107.950165
v -34.745605 7.406963 -107.950165
v -34.745605 7.613453 -110.154510
v -29.211235 7.613453 -110.154510
v -29.211235 7.613453 -107.950165
v -34.745605 7.613453 -107.950165
v -34.745605 7.406963 -110.154510
v -29.211235 7.406963 -110.154510
v -29.211235 7.613453 -110.154510
v -34.745605 7.613453 -110.154510
v -34.745605 7.406963 -107.950165
v -29.211235 7.406963 -107.950165
v -29.211235 7.406963 -110.154510
v -34.745605 7.406963 -110.154510
v -29.211235 7.613453 -107.950165
v -29.211235 7.613453 -110.154510
v -29.211235 7.406963 -110.154510
v -29.211235 7.406963 -107.950165
v -34.745605 7.613453 -110.154510
v -34.745605 7.613453 -107.950165
v -34.745605 7.406963 -107.950165
v -34.745605 7.406963 -110.154510
v -34.745605 8.759594 -109.068878
v -29.211226 8.759594 -109.068878
v -29.211226 8.553089 -109.068878
v -34.745605 8.553089 -109.068878
v -34.745605 8.759594 -111.273285
v -29.211229 8.759594 -111.273285
v -29.211226 8.759594 -109.068878
v -34.745605 8.759594 -109.068878
v -34.745605 8.553089 -111.273285
v -29.211229 8.553089 -111.273285
v -29.211229 8.759594 -111.273285
v -34.745605 8.759594 -111.273285
v -34.745605 8.553089 -109.068878
v -29.211226 8.553089 -109.068878
v -29.211229 8.553089 -111.273285
v -34.745605 8.553089 -111.273285
v -29.211226 8.759594 -109.068878
v -29.211229 8.759594 -111.273285
v -29.211229 8.553089 -111.273285
v -29.211226 8.553089 -109.068878
v -34.745605 8.759594 -111.273285
v -34.745605 8.759594 -109.068878
v -34.745605 8.553089 -109.068878
v -34.745605 8.553089 -111.273285
v -34.745590 9.947330 -110.209442
v -29.211226 9.947330 -110.209442
v -29.211226 9.740818 -110.209442
v -34.745590 9.740818 -110.209442
v -34.745590 9.947323 -112.413849
v -29.211229 9.947330 -112.413849
v -29.211226 9.947330 -110.209442
v -34.745590 9.947330 -110.209442
v -34.745590 9.740818 -112.413849
v -29.211229 9.740818 -112.413849
v -29.211229 9.947330 -112.413849
v -34.745590 9.947323 -112.413849
v -34.745590 9.740818 -110.209442
v -29.211226 9.740818 -110.209442
v -29.211229 9.740818 -112.413849
v -34.745590 9.740818 -112.413849
v -29.211226 9.947330 -110.209442
v -29.211229 9.947330 -112.413849
v -29.211229 9.740818 -112.413849
v -29.211226 9.740818 -110.209442
v -34.745590 9.947323 -112.413849
v -34.745590 9.947330 -110.209442
v -34.745590 9.740818 -110.209442
v -34.745590 9.740818 -112.413849
v -34.745605 11.506100 -111.712799
v -29.211239 11.506100 -111.712799
v -29.211239 11.299618 -111.712799
v -34.745605 11.299618 -111.712799
v -34.745605 11.506100 -113.916901
v -29.211239 11.506100 -113.916901
v -29.211239 11.506100 -111.712799
v -34.745605 11.506100 -111.712799
v -34.745605 11.299618 -113.916901
v -29.211239 11.299618 -113.916901
v -29.211239 11.506100 -113.916901
v -34.745605 11.506100 -113.916901
v -34.745605 11.299618 -111.712799
v -29.211239 11.299618 -111.712799
v -29.211239 11.299618 -113.916901
v -34.745605 11.299618 -113.916901
v -29.211239 11.506100 -111.712799
v -29.211239 11.506100 -113.916901
v -29.211239 11.299618 -113.916901
v -29.211239 11.299618 -111.712799
v -34.745605 11.506100 -113.916901
v -34.745605 11.506100 -111.712799
v -34.745605 11.299618 -111.712799
v -34.745605 11.299618 -113.916901
# 2221 vertices

vt 0.704191 0.427261
vt 0.704180 0.431364
vt 0.492528 0.431032
vt 0.492539 0.427593
vt 0.492528 0.395938
vt 0.704180 0.396270
vt 0.674177 0.409714
vt 0.503585 0.410046
vt 0.674188 0.413817
vt 0.503596 0.413485
vt 0.689979 0.409676
vt 0.689979 0.413801
vt 0.491763 0.410315
vt 0.501977 0.410315
vt 0.501977 0.413501
vt 0.491763 0.413501
vt 0.697442 0.384868
vt 0.697438 0.382977
vt 0.624980 0.383037
vt 0.624980 0.384943
vt 0.697438 0.413591
vt 0.697510 0.400253
vt 0.624985 0.400173
vt 0.624980 0.413653
vt 0.697515 0.398328
vt 0.624985 0.398300
vt 0.698726 0.413432
vt 0.702209 0.413445
vt 0.702358 0.400050
vt 0.698890 0.400036
vt 0.698936 0.384888
vt 0.702387 0.384904
vt 0.702240 0.398297
vt 0.698772 0.398284
vt 0.575005 0.416869
vt 0.575003 0.414978
vt 0.495874 0.415038
vt 0.495875 0.416944
vt 0.575003 0.445592
vt 0.575036 0.432253
vt 0.495885 0.432174
vt 0.495874 0.445653
vt 0.575038 0.430329
vt 0.495885 0.430301
vt 0.491272 0.445432
vt 0.494756 0.445446
vt 0.491437 0.432037
vt 0.491483 0.416889
vt 0.494787 0.430298
vt 0.491319 0.430285
vt 0.697442 0.416858
vt 0.697438 0.414966
vt 0.624980 0.415026
vt 0.624980 0.416932
vt 0.697438 0.445579
vt 0.697510 0.432242
vt 0.624985 0.432163
vt 0.624980 0.445642
vt 0.697515 0.430318
vt 0.624985 0.430290
vt 0.698726 0.445421
vt 0.702209 0.445434
vt 0.702358 0.432039
vt 0.698890 0.432026
vt 0.698936 0.416878
vt 0.702387 0.416893
vt 0.702240 0.430286
vt 0.698772 0.430273
vt 0.575196 0.384868
vt 0.575194 0.382977
vt 0.496290 0.383037
vt 0.496290 0.384943
vt 0.575194 0.413591
vt 0.575227 0.400253
vt 0.496300 0.400173
vt 0.496290 0.413653
vt 0.575229 0.398328
vt 0.496301 0.398300
vt 0.495171 0.413445
vt 0.491853 0.400036
vt 0.491898 0.384888
vt 0.495202 0.398297
vt 0.491734 0.398284
vt 0.963549 0.876248
vt 0.892778 0.876248
vt 0.890951 0.828373
vt 0.890951 0.924123
vt 0.815260 0.798327
vt 0.816544 0.876248
vt 0.740310 0.876248
vt 0.739869 0.778153
vt 0.815260 0.954169
vt 0.739869 0.974344
vt 0.663742 0.765977
vt 0.664076 0.876248
vt 0.511609 0.876248
vt 0.511609 0.765977
vt 0.511609 0.986520
vt 0.663742 0.986520
vt 0.662780 0.876248
vt 0.510312 0.876248
vt 0.510312 0.765977
vt 0.510312 0.986520
vt 0.662646 0.765977
vt 0.662646 0.986520
vt 0.357711 0.876248
vt 0.357711 0.765977
vt 0.357711 0.986520
vt 0.205243 0.876248
vt 0.205323 0.765977
vt 0.205323 0.986520
vt 0.041888 0.876248
vt 0.055728 0.771648
vt 0.055728 0.980848
vt 0.872975 0.071364
vt 0.885233 0.158473
vt 0.929728 0.158473
vt 0.952698 0.224281
vt 0.885233 0.224281
vt 0.961886 0.290090
vt 0.885233 0.290090
vt 0.808114 0.071364
vt 0.808114 0.158473
vt 0.730995 0.071364
vt 0.730995 0.158473
vt 0.808114 0.224281
vt 0.730995 0.224281
vt 0.808114 0.290090
vt 0.730995 0.290090
vt 0.653876 0.071364
vt 0.653876 0.158473
vt 0.499638 0.158473
vt 0.499638 0.071364
vt 0.499638 0.224281
vt 0.653876 0.224281
vt 0.499638 0.290090
vt 0.653876 0.290090
vt 0.653876 0.009884
vt 0.499638 0.009884
vt 0.730995 0.009884
vt 0.808114 0.009884
vt 0.864574 0.009884
vt 0.499638 0.309832
vt 0.653876 0.309832
vt 0.730995 0.309832
vt 0.808114 0.309832
vt 0.885233 0.309832
vt 0.961886 0.309832
vt 0.885233 0.339020
vt 0.961886 0.339020
vt 0.808114 0.335595
vt 0.730995 0.330106
vt 0.344634 0.085876
vt 0.344634 0.158473
vt 0.190396 0.162058
vt 0.190396 0.102808
vt 0.036158 0.168054
vt 0.344634 0.224281
vt 0.190396 0.224281
vt 0.036158 0.224281
vt 0.344634 0.290090
vt 0.190396 0.290090
vt 0.036158 0.290090
vt 0.344634 0.016101
vt 0.295497 0.024454
vt 0.190396 0.369059
vt 0.344634 0.369059
vt 0.036158 0.369059
vt 0.407497 0.309856
vt 0.190396 0.399648
vt 0.344634 0.399648
vt 0.036158 0.399648
vt 0.371173 0.369059
vt 0.359937 0.395133
vt 0.106331 0.107585
vt 0.120715 0.076313
vt 0.190396 0.064266
vt 0.227287 0.426370
vt 0.192371 0.432563
vt 0.192371 0.506207
vt 0.298903 0.505831
vt 0.086961 0.505831
vt 0.157456 0.426370
vt 0.186840 0.412001
vt 0.192882 0.414804
vt 0.199320 0.412151
vt 0.192355 0.561725
vt 0.325888 0.561725
vt 0.058822 0.561725
vt 0.325888 0.258085
vt 0.192355 0.258085
vt 0.192355 0.323137
vt 0.331221 0.323137
vt 0.053488 0.323137
vt 0.058822 0.258085
vt 0.190169 0.024626
vt 0.120146 0.024943
vt 0.085696 0.491014
vt 0.085978 0.439591
vt 0.079653 0.490286
vt 0.092133 0.490372
vt 0.049693 0.656783
vt 0.192809 0.656783
vt 0.192809 0.734846
vt 0.049693 0.734846
vt 0.335926 0.734846
vt 0.335926 0.656783
vt 0.331221 0.626777
vt 0.192355 0.626777
vt 0.192355 0.704841
vt 0.331221 0.704841
vt 0.053488 0.704841
vt 0.053488 0.626777
vt 0.331221 0.735079
vt 0.053488 0.735079
vt 0.323223 0.367478
vt 0.188825 0.367478
vt 0.188825 0.399917
vt 0.323223 0.399917
vt 0.054427 0.399917
vt 0.054427 0.367478
vt 0.730495 0.334054
vt 0.653538 0.313781
vt 0.806815 0.339544
vt 0.883385 0.342968
vt 0.956826 0.342968
vt 0.499638 0.313781
vt 0.407497 0.313805
vt 0.371173 0.373008
vt 0.359937 0.399081
vt 0.344634 0.403597
vt 0.190477 0.403597
vt 0.039145 0.403597
vt 0.331263 0.738275
vt 0.192396 0.738537
vt 0.328151 0.735323
vt 0.056641 0.735323
vt 0.053530 0.738275
vt 0.806815 0.309735
vt 0.806815 0.335499
vt 0.883385 0.309735
vt 0.883385 0.338923
vt 0.956826 0.309735
vt 0.956826 0.338923
vt 0.039145 0.399552
vt 0.039145 0.368963
vt 0.056600 0.704841
vt 0.328110 0.704841
vt 0.932712 0.630850
vt 0.901217 0.630850
vt 0.901217 0.672263
vt 0.932712 0.672263
vt 0.901217 0.713675
vt 0.932712 0.713675
vt 0.869721 0.672263
vt 0.869721 0.630850
vt 0.869721 0.713675
vt 0.838225 0.672263
vt 0.838225 0.630850
vt 0.838225 0.713675
vt 0.806729 0.672263
vt 0.806729 0.630850
vt 0.806729 0.713675
vt 0.901217 0.729205
vt 0.932712 0.729205
vt 0.869721 0.729205
vt 0.932712 0.615320
vt 0.901217 0.615320
vt 0.869721 0.615320
vt 0.905659 0.583679
vt 0.837943 0.617068
vt 0.837943 0.583679
vt 0.837943 0.552722
vt 0.837943 0.550290
vt 0.905659 0.550290
vt 0.960164 0.550290
vt 0.960164 0.583679
vt 0.905659 0.672717
vt 0.960164 0.672717
vt 0.905659 0.761754
vt 0.837943 0.728365
vt 0.960164 0.761754
vt 0.905659 0.795143
vt 0.837942 0.761754
vt 0.837942 0.792781
vt 0.837942 0.795143
vt 0.960165 0.795143
vt 0.770227 0.672717
vt 0.770227 0.617068
vt 0.702511 0.617068
vt 0.702511 0.672717
vt 0.673719 0.617068
vt 0.673719 0.672717
vt 0.770227 0.728365
vt 0.702511 0.728365
vt 0.673719 0.728365
vt 0.457374 0.366496
vt 0.597502 0.366496
vt 0.597502 0.506623
vt 0.457374 0.506623
vt 0.404827 0.506623
vt 0.404827 0.366496
vt 0.823107 0.367115
vt 0.963234 0.367115
vt 0.963234 0.543262
vt 0.823107 0.543262
vt 0.770559 0.543262
vt 0.770559 0.367115
vt 0.479792 0.367827
vt 0.586364 0.367827
vt 0.586364 0.507955
vt 0.479792 0.507955
vt 0.586140 0.552207
vt 0.479568 0.552207
vt 0.584623 0.367827
vt 0.584623 0.507955
vt 0.478051 0.507955
vt 0.478051 0.367827
vt 0.584623 0.552207
vt 0.478051 0.552207
vt 0.480741 0.376770
vt 0.587313 0.376770
vt 0.587313 0.421023
vt 0.587313 0.552916
vt 0.480741 0.552916
vt 0.482307 0.376823
vt 0.588879 0.376823
vt 0.588879 0.552970
vt 0.482307 0.552970
vt 0.412468 0.376823
vt 0.457781 0.376823
vt 0.457781 0.552970
vt 0.412468 0.552970
vt 0.741815 0.367827
vt 0.601688 0.367827
vt 0.601688 0.507955
vt 0.741815 0.507955
vt 0.601688 0.552207
vt 0.741815 0.552207
vt 0.598226 0.367827
vt 0.458098 0.367827
vt 0.458098 0.507955
vt 0.598226 0.507955
vt 0.598226 0.552207
vt 0.585350 0.376823
vt 0.408596 0.367009
vt 0.408596 0.507136
vt 0.461144 0.507136
vt 0.461144 0.367009
vt 0.457425 0.551389
vt 0.461144 0.551389
vt 0.347027 0.411766
vt 0.316001 0.411766
vt 0.316001 0.479482
vt 0.347027 0.479482
vt 0.348704 0.479482
vt 0.380417 0.479482
vt 0.380417 0.411766
vt 0.380417 0.547198
vt 0.348704 0.547198
vt 0.380417 0.575990
vt 0.348700 0.613026
vt 0.436065 0.613072
vt 0.436065 0.575990
vt 0.655770 0.554134
vt 0.704599 0.554134
vt 0.704599 0.422240
vt 0.704599 0.377987
vt 0.655770 0.377987
vt 0.603222 0.377987
vt 0.603222 0.554134
vt 0.708318 0.554134
vt 0.708318 0.422240
vt 0.459196 0.507136
vt 0.459196 0.367009
vt 0.406649 0.367009
vt 0.410475 0.507136
vt 0.406649 0.507136
vt 0.406649 0.551389
vt 0.410475 0.551389
vt 0.746541 0.543262
vt 0.746541 0.367115
vt 0.946288 0.583828
vt 0.946288 0.550439
vt 0.946288 0.672865
vt 0.946288 0.761903
vt 0.946288 0.795292
vt 0.573167 0.554511
vt 0.573167 0.551873
vt 0.679738 0.551873
vt 0.679738 0.554511
vt 0.466595 0.554511
vt 0.469567 0.551878
vt 0.601649 0.554921
vt 0.461522 0.554921
vt 0.464004 0.552025
vt 0.739144 0.551949
vt 0.741777 0.554921
vt 0.469837 0.554669
vt 0.466940 0.552187
vt 0.528986 0.555410
vt 0.422414 0.555410
vt 0.422414 0.551691
vt 0.528986 0.551691
vt 0.558089 0.551396
vt 0.664661 0.551396
vt 0.664661 0.555222
vt 0.558089 0.555222
vt 0.696731 0.554666
vt 0.696731 0.552187
vt 0.435539 0.507136
vt 0.542111 0.507136
vt 0.542111 0.551389
vt 0.435539 0.551389
vt 0.509123 0.507136
vt 0.509123 0.551389
vt 0.405448 0.551389
vt 0.544570 0.507136
vt 0.544570 0.551389
vt 0.407907 0.551389
vt 0.740639 0.551872
vt 0.740639 0.554511
vt 0.588677 0.595840
vt 0.588677 0.602793
vt 0.559308 0.602793
vt 0.559308 0.595840
vt 0.559308 0.607218
vt 0.588677 0.607218
vt 0.588677 0.613532
vt 0.559308 0.613532
vt 0.559308 0.619646
vt 0.588677 0.619646
vt 0.588677 0.623697
vt 0.559308 0.623697
vt 0.588677 0.573463
vt 0.588677 0.581977
vt 0.559308 0.581977
vt 0.559308 0.573463
vt 0.559308 0.588778
vt 0.588677 0.588778
vt 0.595050 0.616560
vt 0.599316 0.620826
vt 0.608057 0.621606
vt 0.594269 0.607819
vt 0.616017 0.607819
vt 0.615237 0.616560
vt 0.608057 0.599859
vt 0.599316 0.600639
vt 0.595269 0.593551
vt 0.594488 0.584810
vt 0.605362 0.587724
vt 0.599535 0.577631
vt 0.608276 0.576850
vt 0.616236 0.584810
vt 0.615456 0.593551
vt 0.608276 0.598598
vt 0.599535 0.597817
vt 0.506753 0.573358
vt 0.506729 0.617756
vt 0.472991 0.598772
vt 0.473000 0.591952
vt 0.522016 0.570456
vt 0.521988 0.620658
vt 0.537276 0.575904
vt 0.537254 0.615210
vt 0.551012 0.583634
vt 0.550998 0.607479
vt 0.472389 0.599870
vt 0.506818 0.569806
vt 0.522182 0.568032
vt 0.537706 0.572318
vt 0.551899 0.577730
vt 0.506808 0.620993
vt 0.522159 0.622766
vt 0.537688 0.617498
vt 0.551871 0.613087
# 476 texture coordinates

vn -0.000006 0.731575 -0.681762
vn 1.000000 -0.000001 0.000000
vn 0.000000 -0.523689 0.851909
vn 0.000000 -0.262752 0.964863
vn 0.000000 -0.727976 0.685603
vn 0.000000 -0.001684 0.999999
vn -1.000000 0.000001 -0.000001
vn 0.000000 -0.999997 0.002574
vn 0.000000 0.000000 -1.000000
vn 0.000000 1.000000 0.000000
vn 0.000000 0.000000 1.000000
vn 0.000000 -1.000000 0.000000
vn 0.820160 -0.465314 0.332898
vn 0.711289 -0.534790 0.456144
vn 0.684988 -0.460345 0.564689
vn 0.716501 -0.271381 0.642634
vn 0.796419 -0.249859 0.550716
vn 0.751878 -0.043351 0.657876
vn 0.852009 -0.027692 0.522795
vn 0.803831 -0.572451 0.161726
vn 0.721277 -0.633469 0.280138
vn 0.670077 -0.737663 0.082770
vn 0.715144 -0.678011 0.169911
vn 0.892605 -0.260391 0.368039
vn 0.922346 -0.300924 0.242329
vn 0.928115 -0.043351 0.369762
vn 0.968402 -0.054270 0.243419
vn 0.578670 -0.814896 0.032952
vn 0.759464 -0.647191 0.066015
vn 0.643145 -0.765745 0.000000
vn 0.582471 -0.812851 -0.000000
vn 0.915558 -0.402187 0.000000
vn 0.960940 -0.259480 0.096250
vn 0.996775 -0.080246 0.000000
vn 0.995526 -0.047897 0.081454
vn 0.613627 -0.789596 -0.000000
vn 0.688030 -0.725124 0.028461
vn 0.814850 -0.578589 0.035414
vn 0.942808 -0.307661 0.128291
vn 0.988252 0.000000 0.152831
vn 0.960480 0.000000 0.278349
vn 0.919189 0.000000 0.393816
vn 0.829931 -0.000000 0.557866
vn 0.759731 -0.000000 0.650237
vn 0.807637 -0.000001 0.589680
vn 0.909605 -0.000000 0.415475
vn 0.958040 0.000000 0.286636
vn 0.550386 -0.834910 0.000000
vn 0.755954 -0.654624 0.000000
vn 0.964936 -0.262486 0.000000
vn 0.999195 -0.040123 0.000000
vn 0.552215 -0.833485 -0.019006
vn 0.535079 -0.843473 -0.047360
vn 0.673755 -0.738809 -0.014654
vn 0.701752 -0.712421 0.000000
vn 0.624372 -0.780158 -0.038904
vn 0.494725 -0.866419 -0.067567
vn 0.604229 -0.795552 -0.044766
vn 0.942838 -0.333252 0.000000
vn 0.940017 -0.340233 -0.024705
vn 0.905191 -0.422562 -0.045500
vn 0.998981 -0.045143 0.000000
vn 0.998187 -0.060197 0.000000
vn 0.997885 -0.060191 -0.024566
vn 0.995770 -0.078121 -0.048372
vn 0.658863 -0.750014 -0.058129
vn 0.600802 -0.793577 -0.096298
vn 0.638476 -0.769247 -0.024655
vn 0.999698 -0.000000 -0.024581
vn 0.998792 -0.000000 -0.049146
vn 0.999866 0.000000 -0.016386
vn 0.302450 -0.947452 -0.104208
vn 0.257546 -0.965472 -0.039164
vn 0.329588 -0.943349 -0.038266
vn 0.184040 -0.982111 -0.039839
vn 0.348273 -0.931113 -0.108331
vn 0.341103 -0.911943 -0.228054
vn 0.049685 -0.946862 -0.317779
vn -0.013275 -0.949091 -0.314723
vn 0.020386 -0.937421 -0.347600
vn 0.033593 -0.939806 -0.340052
vn -0.045646 -0.941058 -0.335152
vn -0.053769 -0.951428 -0.303140
vn -0.050933 -0.956518 -0.287192
vn 0.017326 -0.957078 -0.289314
vn 0.051427 -0.955687 -0.289857
vn 0.101524 -0.082578 -0.991400
vn -0.035214 -0.084473 -0.995803
vn 0.032844 -0.086142 -0.995741
vn 0.105144 -0.073041 -0.991771
vn -0.101538 -0.080094 -0.991602
vn -0.098082 -0.068136 -0.992843
vn 0.103421 -0.005824 -0.994621
vn -0.033969 -0.004055 -0.999415
vn 0.035305 -0.003901 -0.999369
vn 0.101412 -0.011647 -0.994776
vn -0.103420 -0.006054 -0.994619
vn -0.105418 -0.012107 -0.994354
vn -0.279321 -0.959405 -0.039011
vn -0.388658 -0.919621 -0.056949
vn -0.617038 -0.786502 -0.026049
vn -0.692054 -0.720548 -0.043258
vn -0.650966 -0.758925 -0.016634
vn -0.553825 -0.831292 -0.047239
vn -0.689495 -0.724223 -0.009881
vn -0.579520 -0.814673 -0.021553
vn -0.936978 -0.348652 -0.022689
vn -0.960250 -0.275311 -0.046077
vn -0.941416 -0.337245 -0.001504
vn -0.942838 -0.333252 0.000000
vn -0.997956 -0.059151 -0.024198
vn -0.998069 -0.038043 -0.049110
vn -0.998668 -0.051595 0.000000
vn -0.998187 -0.060197 0.000000
vn -0.662437 -0.747892 -0.042830
vn -0.613608 -0.789574 -0.007572
vn -0.999698 0.000000 -0.024580
vn -0.998792 0.000000 -0.049146
vn -0.999463 0.000000 -0.032773
vn -0.996775 -0.080246 0.000000
vn -0.915558 -0.402187 0.000000
vn -0.643145 -0.765745 0.000000
vn -0.582471 -0.812851 0.000000
vn -0.613626 -0.789597 0.000000
vn -0.550386 -0.834910 -0.000000
vn -0.755954 -0.654624 -0.000000
vn -0.964936 -0.262486 0.000000
vn -0.999195 -0.040123 0.000000
vn -0.568674 -0.821766 0.036196
vn -0.705493 -0.705612 0.066264
vn -0.715144 -0.678011 0.169911
vn -0.624540 -0.777164 0.077231
vn -0.938821 -0.330603 0.096526
vn -0.922346 -0.300924 0.242329
vn -0.992971 -0.060096 0.101965
vn -0.962901 -0.054284 0.264339
vn -0.721277 -0.633469 0.280138
vn -0.794567 -0.591809 0.135745
vn -0.711289 -0.534790 0.456144
vn -0.820160 -0.465314 0.332897
vn -0.796419 -0.249859 0.550715
vn -0.892605 -0.260391 0.368039
vn -0.831038 -0.027716 0.555525
vn -0.919078 -0.043366 0.391682
vn -0.684988 -0.460345 0.564688
vn -0.716501 -0.271382 0.642634
vn -0.748921 -0.057807 0.660133
vn -0.942808 -0.307660 0.128291
vn -0.855141 -0.518396 0.000000
vn -0.770947 -0.636193 0.029987
vn -0.651578 -0.758197 0.024167
vn -0.829931 0.000000 0.557866
vn -0.919189 0.000000 0.393816
vn -0.759731 0.000000 0.650237
vn -0.964007 0.000000 0.265878
vn -0.994782 0.000000 0.102021
vn -0.850972 0.000000 0.525211
vn -0.928258 0.000000 0.371937
vn -0.341104 -0.911943 -0.228053
vn -0.600802 -0.793576 -0.096298
vn -0.177243 -0.983358 -0.039889
vn -0.348018 -0.930429 -0.114829
vn -0.979433 -0.201299 -0.013765
vn -0.981404 -0.191540 -0.012584
vn -0.979505 -0.201414 -0.001312
vn -0.982270 -0.186586 -0.018220
vn -0.985050 -0.171965 -0.010220
vn -0.021094 -0.057029 -0.998150
vn -0.416280 -0.054911 -0.907577
vn 0.377559 -0.049773 -0.924647
vn 0.983526 -0.180731 0.003491
vn 0.985894 -0.167362 -0.002016
vn 0.980982 -0.194036 0.004925
vn 0.981000 -0.194007 0.000852
vn 0.101419 0.000000 -0.994844
vn -0.033962 0.000000 -0.999423
vn -0.101419 0.000000 -0.994844
vn 0.033962 -0.000000 -0.999423
vn -0.003040 -0.003840 -0.999988
vn 0.001153 -0.002560 -0.999996
vn -0.000873 -0.002560 -0.999996
vn -0.003460 -0.007680 -0.999965
vn 0.003040 -0.003840 -0.999988
vn 0.002619 -0.007680 -0.999967
vn -0.015307 0.992602 -0.120442
vn -0.017876 0.995709 -0.090794
vn -0.017752 0.990480 -0.136505
vn -0.006211 0.998144 -0.060579
vn -0.012512 0.999134 -0.039684
vn -0.015317 0.999393 -0.031290
vn -0.009007 0.999822 -0.016560
vn -0.005273 0.999955 -0.007845
vn 0.009018 0.999822 -0.016554
vn 0.005311 0.999955 -0.007902
vn 0.015394 0.999387 -0.031436
vn 0.012525 0.999137 -0.039607
vn 0.017934 0.995699 -0.090898
vn 0.017733 0.990504 -0.136337
vn 0.015312 0.992602 -0.120440
vn 0.006198 0.998152 -0.060457
vn 0.000000 0.835187 0.549967
vn 0.000000 0.961419 0.275086
vn 0.000000 0.586348 0.810059
vn 0.000000 0.723774 0.690037
vn 0.000000 0.889863 0.456227
vn 0.000000 0.994618 0.103613
vn 0.979155 -0.000781 -0.203115
vn 0.997687 0.000000 -0.067975
vn 0.988231 -0.000583 -0.152970
vn 0.969442 -0.001187 -0.245319
vn 0.957949 -0.000665 -0.286936
vn 0.928176 -0.000411 -0.372142
vn 0.909574 0.000000 -0.415542
vn 0.850972 0.000000 -0.525211
vn 0.807637 0.000000 -0.589680
vn 0.759731 0.000000 -0.650238
vn 0.999866 0.000000 0.016387
vn 0.999463 -0.000000 0.032773
vn 0.998792 -0.000001 0.049146
vn -0.967312 -0.000712 -0.253587
vn -0.909544 0.000000 -0.415608
vn -0.928183 -0.000411 -0.372123
vn -0.963948 -0.001000 -0.266090
vn -0.850972 0.000001 -0.525211
vn -0.807637 0.000001 -0.589681
vn -0.759731 0.000000 -0.650238
vn -0.994768 -0.000192 -0.102161
vn -0.990703 -0.000522 -0.136042
vn -0.979182 -0.001559 -0.202979
vn -0.999866 0.000000 0.016387
vn -0.999463 0.000001 0.032773
vn -0.998792 0.000001 0.049147
vn 0.101419 -0.000000 0.994844
vn -0.033962 0.000000 0.999423
vn 0.033962 -0.000000 0.999423
vn -0.101419 0.000000 0.994844
vn 0.000000 -0.160070 0.987106
vn 0.580994 0.813908 0.000000
vn 0.202207 0.979343 0.000000
vn 0.404415 0.914576 0.000000
vn -0.580994 0.813908 0.000000
vn -0.953704 0.300747 0.000000
vn -0.798877 0.601494 0.000000
vn -0.580976 -0.813921 0.000000
vn 0.404400 -0.914582 0.000000
vn 0.202200 -0.979344 0.000000
vn 0.580976 -0.813921 0.000000
vn 0.000663 0.003968 0.999992
vn 0.000000 0.006080 0.999982
vn -0.003403 -0.004767 0.999983
vn 0.089058 0.295895 -0.951060
vn 0.215591 0.125190 -0.968426
vn 0.215589 -0.125194 -0.968425
vn 0.089057 -0.295904 -0.951057
vn -0.089057 -0.295904 -0.951057
vn -0.215589 -0.125194 -0.968425
vn -0.215591 0.125190 -0.968426
vn -0.089058 0.295895 -0.951060
vn 0.028459 0.127871 -0.991382
vn 0.004187 0.153928 -0.988073
vn 0.000432 0.126806 -0.991927
vn 0.002715 0.123390 -0.992355
vn 0.049002 0.177314 -0.982934
vn -0.033840 0.239554 -0.970293
vn 0.021791 0.278213 -0.960272
vn -0.072563 0.353278 -0.932700
vn -0.026896 0.372737 -0.927547
vn -0.148520 0.423826 -0.893484
vn -0.028652 -0.127869 -0.991377
vn -0.004341 -0.153940 -0.988071
vn -0.000794 -0.126805 -0.991927
vn -0.003049 -0.123389 -0.992354
vn -0.049031 -0.177340 -0.982928
vn 0.033764 -0.239596 -0.970285
vn -0.021802 -0.278257 -0.960259
vn 0.072569 -0.353333 -0.932679
vn 0.026899 -0.372795 -0.927524
vn 0.148551 -0.423892 -0.893447
vn 0.090260 -0.040408 -0.995098
vn 0.108963 -0.006129 -0.994027
vn 0.089540 -0.001264 -0.995982
vn 0.087107 -0.004448 -0.996189
vn 0.125598 -0.069010 -0.989678
vn 0.171000 0.048609 -0.984071
vn 0.199835 -0.030908 -0.979342
vn 0.256354 0.104907 -0.960873
vn 0.272060 0.040396 -0.961432
vn 0.308997 0.215691 -0.926282
vn -0.090257 0.041116 -0.995069
vn -0.108973 0.006673 -0.994022
vn -0.089539 0.002108 -0.995981
vn -0.087106 0.005265 -0.996185
vn -0.125615 0.069266 -0.989658
vn -0.171031 -0.048501 -0.984071
vn -0.199867 0.030919 -0.979335
vn -0.256394 -0.104918 -0.960861
vn -0.272104 -0.040405 -0.961419
vn -0.309045 -0.215744 -0.926254
vn -0.000488 -0.126777 0.991931
vn -0.004206 -0.153927 0.988073
vn -0.028492 -0.127857 0.991383
vn -0.002783 -0.123338 0.992361
vn -0.048987 -0.177343 0.982929
vn 0.033820 -0.239571 0.970290
vn -0.021738 -0.278277 0.960255
vn 0.072475 -0.353266 0.932711
vn 0.026810 -0.372725 0.927555
vn 0.148165 -0.423698 0.893604
vn 0.000884 0.126801 0.991928
vn 0.004395 0.153974 0.988065
vn 0.028704 0.127889 0.991373
vn 0.003169 0.123336 0.992360
vn 0.049007 0.177386 0.982920
vn -0.033705 0.239582 0.970291
vn 0.021779 0.278258 0.960260
vn -0.072450 0.353257 0.932717
vn -0.026833 0.372734 0.927550
vn -0.148309 0.423753 0.893553
vn -0.089520 0.001341 0.995984
vn -0.108963 0.006157 0.994027
vn -0.090250 0.040454 0.995097
vn -0.087071 0.004544 0.996192
vn -0.125619 0.068990 0.989677
vn -0.171011 -0.048577 0.984071
vn -0.199882 0.030836 0.979335
vn -0.256344 -0.104773 0.960890
vn -0.272049 -0.040268 0.961441
vn -0.308910 -0.215185 0.926429
vn 0.089537 -0.002234 0.995981
vn 0.108997 -0.006749 0.994019
vn 0.090271 -0.041189 0.995065
vn 0.087070 -0.005432 0.996187
vn 0.125648 -0.069236 0.989656
vn 0.171021 0.048413 0.984077
vn 0.199868 -0.030891 0.979336
vn 0.256338 0.104742 0.960895
vn 0.272056 0.040301 0.961437
vn 0.308947 0.215387 0.926370
vn -0.999995 0.000949 -0.003092
vn -0.999998 0.000857 -0.001640
vn -0.348994 0.934083 0.075448
vn -0.253646 0.959853 0.119775
vn -0.301253 0.949799 0.084434
vn -0.348900 0.935517 0.055468
vn -0.048905 0.987919 0.147050
vn 0.109090 0.973691 0.200064
vn 0.316033 0.922135 0.223137
vn 0.365949 0.889794 0.272668
vn 0.417922 0.864469 0.279346
vn 0.416126 0.852956 0.315127
vn -0.294982 -0.949662 -0.105486
vn -0.339331 -0.938493 -0.063917
vn -0.339364 -0.935988 -0.093587
vn -0.251065 -0.955517 -0.154769
vn -0.052964 -0.980399 -0.189772
vn 0.100892 -0.961944 -0.253936
vn 0.306082 -0.910264 -0.278807
vn 0.355649 -0.872144 -0.335973
vn 0.408712 -0.845326 -0.344062
vn 0.405190 -0.828660 -0.386190
vn 0.999345 0.015755 -0.032572
vn 0.999996 0.000563 -0.002647
vn 0.999995 -0.000958 -0.003103
vn 0.999998 -0.000872 -0.001763
vn 0.344357 -0.935767 0.075883
vn 0.251366 -0.960396 0.120224
vn 0.297767 -0.950861 0.084845
vn 0.344260 -0.937218 0.055750
vn 0.048189 -0.987899 0.147426
vn -0.109420 -0.973577 0.200436
vn -0.316013 -0.922050 0.223516
vn -0.365929 -0.889749 0.272842
vn -0.417908 -0.864456 0.279406
vn -0.416126 -0.853051 0.314871
vn 0.295108 0.949607 -0.105629
vn 0.339501 0.938404 -0.064316
vn 0.339525 0.935909 -0.093791
vn 0.251149 0.955493 -0.154779
vn 0.052992 0.980396 -0.189778
vn -0.100920 0.962008 -0.253685
vn -0.306129 0.910395 -0.278328
vn -0.355703 0.872309 -0.335488
vn -0.408737 0.845461 -0.343699
vn -0.405194 0.828681 -0.386143
vn -0.999350 -0.015702 -0.032456
vn -0.999997 -0.000519 -0.002552
vn 0.000474 0.999997 -0.002178
vn 0.802425 0.589571 0.092306
vn 0.878222 0.451824 0.156784
vn 0.845920 0.522321 0.107702
vn 0.804519 0.590032 0.067912
vn 0.908716 0.378816 0.175312
vn 0.900045 0.379626 0.214017
vn -0.843366 0.520440 -0.133699
vn -0.806947 0.585422 -0.078217
vn -0.803394 0.584431 -0.114011
vn -0.868621 0.453084 -0.200531
vn -0.895678 0.384063 -0.224182
vn -0.880805 0.383938 -0.277080
vn 0.841590 -0.468193 0.269299
vn 0.737013 -0.595605 0.319479
vn 0.798168 -0.537055 0.272946
vn 0.852385 -0.477280 0.213646
vn 0.495066 -0.838808 0.226520
vn 0.369387 -0.909027 0.192931
vn 0.000265 -0.999998 -0.001838
vn -0.785051 -0.517808 -0.339956
vn -0.844935 -0.459108 -0.274416
vn -0.828915 -0.446727 -0.336654
vn -0.718223 -0.575094 -0.391693
vn -0.664884 -0.640324 -0.384598
vn -0.647133 -0.630314 -0.428863
vn 0.007854 -0.999702 -0.023096
vn -0.806352 -0.584100 0.092858
vn -0.880058 -0.448139 0.157067
vn -0.848739 -0.517650 0.108076
vn -0.808463 -0.584551 0.068466
vn -0.909768 -0.376192 0.175507
vn -0.901060 -0.377033 0.214329
vn 0.840816 -0.524560 -0.133664
vn 0.803685 -0.589916 -0.078033
vn 0.800145 -0.588906 -0.113837
vn 0.866770 -0.456713 -0.200308
vn 0.894405 -0.387182 -0.223899
vn 0.879691 -0.387022 -0.276328
vn -0.841519 0.468131 0.269629
vn -0.736877 0.595499 0.319991
vn -0.798057 0.536983 0.273412
vn -0.852431 0.477317 0.213374
vn -0.495043 0.838776 0.226688
vn -0.369453 0.909032 0.192785
vn 0.785278 0.517991 -0.339150
vn 0.844924 0.459152 -0.274376
vn 0.829078 0.446912 -0.336006
vn 0.718470 0.575278 -0.390968
vn 0.665053 0.640425 -0.384136
vn 0.647066 0.630283 -0.429010
vn -0.007942 0.999696 -0.023345
vn 0.000012 0.702588 0.711597
vn 0.000000 -0.498895 -0.866662
vn -0.000000 -0.250263 -0.968178
vn 0.000000 -0.698823 -0.715294
vn -0.000000 -0.001524 -0.999999
# 443 normals

g Ship
usemtl GFX
s 1
f 3/1/1 2/2/1 1/3/1
f 1/3/1 4/4/1 3/1/1
f 7/5/2 6/6/2 5/7/2
f 5/7/2 8/8/2 7/5/2
f 11/7/3 10/9/4 9/10/5
f 9/10/5 12/8/5 11/7/3
f 10/9/4 11/7/3 13/11/6
f 13/11/6 14/12/6 10/9/4
f 17/9/7 16/1/7 15/4/7
f 15/4/7 18/10/7 17/9/7
f 21/13/8 20/14/8 19/15/8
f 19/15/8 22/16/8 21/13/8
f 25/17/9 24/18/9 23/19/9
f 23/19/9 26/20/9 25/17/9
f 29/21/10 28/22/10 27/23/10
f 27/23/10 30/24/10 29/21/10
f 33/22/11 32/25/11 31/26/11
f 31/26/11 34/23/11 33/22/11
f 37/25/12 36/17/12 35/20/12
f 35/20/12 38/26/12 37/25/12
f 41/27/7 40/28/7 39/29/7
f 39/29/7 42/30/7 41/27/7
f 45/31/2 44/32/2 43/33/2
f 43/33/2 46/34/2 45/31/2
f 49/1/1 48/2/1 47/3/1
f 47/3/1 50/4/1 49/1/1
f 53/5/2 52/6/2 51/7/2
f 51/7/2 54/8/2 53/5/2
f 57/7/3 56/9/4 55/10/5
f 55/10/5 58/8/5 57/7/3
f 56/9/4 57/7/3 59/11/6
f 59/11/6 60/12/6 56/9/4
f 63/9/7 62/1/7 61/4/7
f 61/4/7 64/10/7 63/9/7
f 67/13/8 66/14/8 65/15/8
f 65/15/8 68/16/8 67/13/8
f 71/35/9 70/36/9 69/37/9
f 69/37/9 72/38/9 71/35/9
f 75/39/10 74/40/10 73/41/10
f 73/41/10 76/42/10 75/39/10
f 79/40/11 78/43/11 77/44/11
f 77/44/11 80/41/11 79/40/11
f 83/43/12 82/35/12 81/38/12
f 81/38/12 84/44/12 83/43/12
f 87/45/7 86/46/7 85/41/7
f 85/41/7 88/47/7 87/45/7
f 91/48/2 90/38/2 89/49/2
f 89/49/2 92/50/2 91/48/2
f 95/51/9 94/52/9 93/53/9
f 93/53/9 96/54/9 95/51/9
f 99/55/10 98/56/10 97/57/10
f 97/57/10 100/58/10 99/55/10
f 103/56/11 102/59/11 101/60/11
f 101/60/11 104/57/11 103/56/11
f 107/59/12 106/51/12 105/54/12
f 105/54/12 108/60/12 107/59/12
f 111/61/7 110/62/7 109/63/7
f 109/63/7 112/64/7 111/61/7
f 115/65/2 114/66/2 113/67/2
f 113/67/2 116/68/2 115/65/2
f 119/69/9 118/70/9 117/71/9
f 117/71/9 120/72/9 119/69/9
f 123/73/10 122/74/10 121/75/10
f 121/75/10 124/76/10 123/73/10
f 127/74/11 126/77/11 125/78/11
f 125/78/11 128/75/11 127/74/11
f 131/77/12 130/69/12 129/72/12
f 129/72/12 132/78/12 131/77/12
f 135/16/7 134/79/7 133/75/7
f 133/75/7 136/80/7 135/16/7
f 139/81/2 138/72/2 137/82/2
f 137/82/2 140/83/2 139/81/2
f 143/17/9 142/18/9 141/19/9
f 141/19/9 144/20/9 143/17/9
f 147/21/10 146/22/10 145/23/10
f 145/23/10 148/24/10 147/21/10
f 151/22/11 150/25/11 149/26/11
f 149/26/11 152/23/11 151/22/11
f 155/25/12 154/17/12 153/20/12
f 153/20/12 156/26/12 155/25/12
f 159/27/7 158/28/7 157/29/7
f 157/29/7 160/30/7 159/27/7
f 163/31/2 162/32/2 161/33/2
f 161/33/2 164/34/2 163/31/2
f 167/35/9 166/36/9 165/37/9
f 165/37/9 168/38/9 167/35/9
f 171/39/10 170/40/10 169/41/10
f 169/41/10 172/42/10 171/39/10
f 175/40/11 174/43/11 173/44/11
f 173/44/11 176/41/11 175/40/11
f 179/43/12 178/35/12 177/38/12
f 177/38/12 180/44/12 179/43/12
f 183/45/7 182/46/7 181/41/7
f 181/41/7 184/47/7 183/45/7
f 187/48/2 186/38/2 185/49/2
f 185/49/2 188/50/2 187/48/2
f 191/51/9 190/52/9 189/53/9
f 189/53/9 192/54/9 191/51/9
f 195/55/10 194/56/10 193/57/10
f 193/57/10 196/58/10 195/55/10
f 199/56/11 198/59/11 197/60/11
f 197/60/11 200/57/11 199/56/11
f 203/59/12 202/51/12 201/54/12
f 201/54/12 204/60/12 203/59/12
f 207/61/7 206/62/7 205/63/7
f 205/63/7 208/64/7 207/61/7
f 211/65/2 210/66/2 209/67/2
f 209/67/2 212/68/2 211/65/2
f 215/69/9 214/70/9 213/71/9
f 213/71/9 216/72/9 215/69/9
f 219/73/10 218/74/10 217/75/10
f 217/75/10 220/76/10 219/73/10
f 223/74/11 222/77/11 221/78/11
f 221/78/11 224/75/11 223/74/11
f 227/77/12 226/69/12 225/72/12
f 225/72/12 228/78/12 227/77/12
f 231/16/7 230/79/7 229/75/7
f 229/75/7 232/80/7 231/16/7
f 235/81/2 234/72/2 233/82/2
f 233/82/2 236/83/2 235/81/2
f 239/17/9 238/18/9 237/19/9
f 237/19/9 240/20/9 239/17/9
f 243/21/10 242/22/10 241/23/10
f 241/23/10 244/24/10 243/21/10
f 247/22/11 246/25/11 245/26/11
f 245/26/11 248/23/11 247/22/11
f 251/25/12 250/17/12 249/20/12
f 249/20/12 252/26/12 251/25/12
f 255/27/7 254/28/7 253/29/7
f 253/29/7 256/30/7 255/27/7
f 259/31/2 258/32/2 257/33/2
f 257/33/2 260/34/2 259/31/2
f 263/17/9 262/18/9 261/19/9
f 261/19/9 264/20/9 263/17/9
f 267/21/10 266/22/10 265/23/10
f 265/23/10 268/24/10 267/21/10
f 271/22/11 270/25/11 269/26/11
f 269/26/11 272/23/11 271/22/11
f 275/25/12 274/17/12 273/20/12
f 273/20/12 276/26/12 275/25/12
f 279/27/7 278/28/7 277/29/7
f 277/29/7 280/30/7 279/27/7
f 283/31/2 282/32/2 281/33/2
f 281/33/2 284/34/2 283/31/2
f 287/1/1 286/2/1 285/3/1
f 285/3/1 288/4/1 287/1/1
f 291/5/2 290/6/2 289/7/2
f 289/7/2 292/8/2 291/5/2
f 295/7/3 294/9/4 293/10/5
f 293/10/5 296/8/5 295/7/3
f 294/9/4 295/7/3 297/11/6
f 297/11/6 298/12/6 294/9/4
f 301/9/7 300/1/7 299/4/7
f 299/4/7 302/10/7 301/9/7
f 305/13/8 304/14/8 303/15/8
f 303/15/8 306/16/8 305/13/8
f 309/17/9 308/18/9 307/19/9
f 307/19/9 310/20/9 309/17/9
f 313/21/10 312/22/10 311/23/10
f 311/23/10 314/24/10 313/21/10
f 317/22/11 316/25/11 315/26/11
f 315/26/11 318/23/11 317/22/11
f 321/25/12 320/17/12 319/20/12
f 319/20/12 322/26/12 321/25/12
f 325/27/7 324/28/7 323/29/7
f 323/29/7 326/30/7 325/27/7
f 329/31/2 328/32/2 327/33/2
f 327/33/2 330/34/2 329/31/2
f 333/1/1 332/2/1 331/3/1
f 331/3/1 334/4/1 333/1/1
f 337/5/2 336/6/2 335/7/2
f 335/7/2 338/8/2 337/5/2
f 341/7/3 340/9/4 339/10/5
f 339/10/5 342/8/5 341/7/3
f 340/9/4 341/7/3 343/11/6
f 343/11/6 344/12/6 340/9/4
f 347/9/7 346/1/7 345/4/7
f 345/4/7 348/10/7 347/9/7
f 351/13/8 350/14/8 349/15/8
f 349/15/8 352/16/8 351/13/8
f 355/35/9 354/36/9 353/37/9
f 353/37/9 356/38/9 355/35/9
f 359/39/10 358/40/10 357/41/10
f 357/41/10 360/42/10 359/39/10
f 363/40/11 362/43/11 361/44/11
f 361/44/11 364/41/11 363/40/11
f 367/43/12 366/35/12 365/38/12
f 365/38/12 368/44/12 367/43/12
f 371/45/7 370/46/7 369/41/7
f 369/41/7 372/47/7 371/45/7
f 375/48/2 374/38/2 373/49/2
f 373/49/2 376/50/2 375/48/2
f 379/51/9 378/52/9 377/53/9
f 377/53/9 380/54/9 379/51/9
f 383/55/10 382/56/10 381/57/10
f 381/57/10 384/58/10 383/55/10
f 387/56/11 386/59/11 385/60/11
f 385/60/11 388/57/11 387/56/11
f 391/59/12 390/51/12 389/54/12
f 389/54/12 392/60/12 391/59/12
f 395/61/7 394/62/7 393/63/7
f 393/63/7 396/64/7 395/61/7
f 399/65/2 398/66/2 397/67/2
f 397/67/2 400/68/2 399/65/2
f 403/69/9 402/70/9 401/71/9
f 401/71/9 404/72/9 403/69/9
f 407/73/10 406/74/10 405/75/10
f 405/75/10 408/76/10 407/73/10
f 411/74/11 410/77/11 409/78/11
f 409/78/11 412/75/11 411/74/11
f 415/77/12 414/69/12 413/72/12
f 413/72/12 416/78/12 415/77/12
f 419/16/7 418/79/7 417/75/7
f 417/75/7 420/80/7 419/16/7
f 423/81/2 422/72/2 421/82/2
f 421/82/2 424/83/2 423/81/2
f 427/17/9 426/18/9 425/19/9
f 425/19/9 428/20/9 427/17/9
f 431/21/10 430/22/10 429/23/10
f 429/23/10 432/24/10 431/21/10
f 435/22/11 434/25/11 433/26/11
f 433/26/11 436/23/11 435/22/11
f 439/25/12 438/17/12 437/20/12
f 437/20/12 440/26/12 439/25/12
f 443/27/7 442/28/7 441/29/7
f 441/29/7 444/30/7 443/27/7
f 447/31/2 446/32/2 445/33/2
f 445/33/2 448/34/2 447/31/2
f 451/35/9 450/36/9 449/37/9
f 449/37/9 452/38/9 451/35/9
f 455/39/10 454/40/10 453/41/10
f 453/41/10 456/42/10 455/39/10
f 459/40/11 458/43/11 457/44/11
f 457/44/11 460/41/11 459/40/11
f 463/43/12 462/35/12 461/38/12
f 461/38/12 464/44/12 463/43/12
f 467/45/7 466/46/7 465/41/7
f 465/41/7 468/47/7 467/45/7
f 471/48/2 470/38/2 469/49/2
f 469/49/2 472/50/2 471/48/2
f 475/51/9 474/52/9 473/53/9
f 473/53/9 476/54/9 475/51/9
f 479/55/10 478/56/10 477/57/10
f 477/57/10 480/58/10 479/55/10
f 483/56/11 482/59/11 481/60/11
f 481/60/11 484/57/11 483/56/11
f 487/59/12 486/51/12 485/54/12
f 485/54/12 488/60/12 487/59/12
f 491/61/7 490/62/7 489/63/7
f 489/63/7 492/64/7 491/61/7
f 495/65/2 494/66/2 493/67/2
f 493/67/2 496/68/2 495/65/2
f 499/69/9 498/70/9 497/71/9
f 497/71/9 500/72/9 499/69/9
f 503/73/10 502/74/10 501/75/10
f 501/75/10 504/76/10 503/73/10
f 507/74/11 506/77/11 505/78/11
f 505/78/11 508/75/11 507/74/11
f 511/77/12 510/69/12 509/72/12
f 509/72/12 512/78/12 511/77/12
f 515/16/7 514/79/7 513/75/7
f 513/75/7 516/80/7 515/16/7
f 519/81/2 518/72/2 517/82/2
f 517/82/2 520/83/2 519/81/2
f 523/17/9 522/18/9 521/19/9
f 521/19/9 524/20/9 523/17/9
f 527/21/10 526/22/10 525/23/10
f 525/23/10 528/24/10 527/21/10
f 531/22/11 530/25/11 529/26/11
f 529/26/11 532/23/11 531/22/11
f 535/25/12 534/17/12 533/20/12
f 533/20/12 536/26/12 535/25/12
f 539/27/7 538/28/7 537/29/7
f 537/29/7 540/30/7 539/27/7
f 543/31/2 542/32/2 541/33/2
f 541/33/2 544/34/2 543/31/2
f 547/17/9 546/18/9 545/19/9
f 545/19/9 548/20/9 547/17/9
f 551/21/10 550/22/10 549/23/10
f 549/23/10 552/24/10 551/21/10
f 555/22/11 554/25/11 553/26/11
f 553/26/11 556/23/11 555/22/11
f 559/25/12 558/17/12 557/20/12
f 557/20/12 560/26/12 559/25/12
f 563/27/7 562/28/7 561/29/7
f 561/29/7 564/30/7 563/27/7
f 567/31/2 566/32/2 565/33/2
f 565/33/2 568/34/2 567/31/2
f 571/84/10 570/85/10 569/86/10
f 571/84/10 572/87/10 570/85/10
f 573/88/10 569/86/10 570/85/10
f 570/85/10 574/89/10 573/88/10
f 573/88/10 574/89/10 575/90/10
f 575/90/10 576/91/10 573/88/10
f 575/90/10 574/89/10 577/92/10
f 577/92/10 574/89/10 570/85/10
f 570/85/10 572/87/10 577/92/10
f 577/92/10 578/93/10 575/90/10
f 581/94/10 580/95/10 579/96/10
f 579/96/10 582/97/10 581/94/10
f 583/98/10 579/96/10 580/95/10
f 580/95/10 584/99/10 583/98/10
f 580/95/10 581/94/10 585/91/10
f 585/91/10 586/90/10 580/95/10
f 587/93/10 584/99/10 580/95/10
f 580/95/10 586/90/10 587/93/10
f 590/94/10 589/100/10 588/101/10
f 588/101/10 591/102/10 590/94/10
f 592/103/10 588/101/10 589/100/10
f 589/100/10 593/99/10 592/103/10
f 596/104/10 595/100/10 594/101/10
f 594/101/10 597/102/10 596/104/10
f 598/103/10 594/101/10 595/100/10
f 595/100/10 599/105/10 598/103/10
f 602/102/10 601/101/10 600/106/10
f 600/106/10 603/107/10 602/102/10
f 604/108/10 600/106/10 601/101/10
f 601/101/10 605/103/10 604/108/10
f 601/101/10 602/102/10 606/104/10
f 606/104/10 607/100/10 601/101/10
f 605/103/10 601/101/10 607/100/10
f 607/100/10 608/105/10 605/103/10
f 611/107/10 610/106/10 609/109/10
f 609/109/10 612/110/10 611/107/10
f 613/111/10 609/109/10 610/106/10
f 610/106/10 614/108/10 613/111/10
f 612/110/10 609/109/10 615/112/10
f 615/112/10 616/113/10 612/110/10
f 609/109/10 613/111/10 617/114/10
f 617/114/10 615/112/10 609/109/10
f 620/115/13 619/116/14 618/117/15
f 621/118/16 618/117/15 619/116/14
f 619/116/14 622/119/17 621/118/16
f 623/120/18 621/118/16 622/119/17
f 622/119/17 624/121/19 623/120/18
f 619/116/14 620/115/13 625/122/20
f 625/122/20 626/123/21 619/116/14
f 622/119/17 619/116/14 626/123/21
f 626/123/21 625/122/20 627/124/22
f 627/124/22 628/125/23 626/123/21
f 629/126/24 626/123/21 628/125/23
f 626/123/21 629/126/24 622/119/17
f 624/121/19 622/119/17 629/126/24
f 628/125/23 630/127/25 629/126/24
f 631/128/26 629/126/24 630/127/25
f 629/126/24 631/128/26 624/121/19
f 630/127/25 632/129/27 631/128/26
f 628/125/23 627/124/22 633/130/28
f 633/130/28 634/131/29 628/125/23
f 630/127/25 628/125/23 634/131/29
f 635/132/30 634/131/29 633/130/28
f 633/130/28 636/133/31 635/132/30
f 634/131/29 635/132/30 637/134/32
f 637/134/32 638/135/33 634/131/29
f 634/131/29 638/135/33 630/127/25
f 632/129/27 630/127/25 638/135/33
f 638/135/33 637/134/32 639/136/34
f 639/136/34 640/137/35 638/135/33
f 638/135/33 640/137/35 632/129/27
f 636/133/31 633/130/28 641/138/36
f 641/138/36 642/139/36 636/133/31
f 633/130/28 627/124/22 643/140/37
f 643/140/37 641/138/36 633/130/28
f 644/141/38 643/140/37 627/124/22
f 627/124/22 625/122/20 644/141/38
f 645/142/39 644/141/38 625/122/20
f 625/122/20 620/115/13 645/142/39
f 640/137/35 639/136/34 646/143/2
f 646/143/2 647/144/40 640/137/35
f 632/129/27 640/137/35 647/144/40
f 647/144/40 648/145/41 632/129/27
f 631/128/26 632/129/27 648/145/41
f 648/145/41 649/146/42 631/128/26
f 624/121/19 631/128/26 649/146/42
f 649/146/42 650/147/43 624/121/19
f 623/120/18 624/121/19 650/147/43
f 650/147/43 651/148/44 623/120/18
f 651/148/44 650/147/43 652/149/45
f 652/149/45 653/150/44 651/148/44
f 650/147/43 649/146/42 654/151/46
f 654/151/46 652/149/45 650/147/43
f 649/146/42 648/145/41 655/152/47
f 655/152/47 654/151/46 649/146/42
f 648/145/41 647/144/40 655/152/47
f 658/130/48 657/133/31 656/132/30
f 656/132/30 659/131/49 658/130/48
f 659/131/49 656/132/30 660/134/32
f 660/134/32 661/135/50 659/131/49
f 661/135/50 660/134/32 662/136/34
f 662/136/34 663/137/51 661/135/50
f 657/133/31 658/130/48 664/138/36
f 664/138/36 665/139/36 657/133/31
f 663/137/51 662/136/34 666/143/2
f 666/143/2 667/144/2 663/137/51
f 670/130/48 669/133/31 668/132/30
f 668/132/30 671/131/49 670/130/48
f 671/131/49 668/132/30 672/134/32
f 672/134/32 673/135/50 671/131/49
f 673/135/50 672/134/32 674/136/34
f 674/136/34 675/137/51 673/135/50
f 669/133/31 670/130/48 676/138/36
f 676/138/36 677/139/36 669/133/31
f 675/137/51 674/136/34 678/143/2
f 678/143/2 679/144/2 675/137/51
f 682/133/52 681/153/53 680/154/54
f 680/154/54 683/132/55 682/133/52
f 684/155/56 680/154/54 681/153/53
f 681/153/53 685/156/57 684/155/56
f 686/157/58 684/155/56 685/156/57
f 683/132/55 680/154/54 687/158/59
f 687/158/59 688/134/59 683/132/55
f 680/154/54 684/155/56 689/159/60
f 689/159/60 687/158/59 680/154/54
f 684/155/56 686/157/58 690/160/61
f 690/160/61 689/159/60 684/155/56
f 688/134/59 687/158/59 691/161/62
f 691/161/62 692/136/63 688/134/59
f 687/158/59 689/159/60 693/162/64
f 693/162/64 691/161/62 687/158/59
f 689/159/60 690/160/61 694/163/65
f 694/163/65 693/162/64 689/159/60
f 685/156/57 681/153/53 695/164/66
f 685/156/57 695/164/66 696/165/67
f 681/153/53 682/133/52 697/139/68
f 697/139/68 695/164/66 681/153/53
f 691/161/62 693/162/64 698/166/69
f 698/166/69 699/167/2 691/161/62
f 693/162/64 694/163/65 700/168/70
f 700/168/70 698/166/69 693/162/64
f 692/136/63 691/161/62 701/169/2
f 701/169/2 702/143/2 692/136/63
f 699/167/2 698/166/69 703/170/71
f 703/170/71 704/171/2 699/167/2
f 698/166/69 700/168/70 705/172/70
f 705/172/70 703/170/71 698/166/69
f 691/161/62 699/167/2 706/173/2
f 706/173/2 701/169/2 691/161/62
f 699/167/2 704/171/2 707/174/2
f 707/174/2 706/173/2 699/167/2
f 708/138/36 697/139/68 682/133/52
f 682/133/52 709/130/48 708/138/36
f 709/130/48 682/133/52 683/132/55
f 683/132/55 710/131/49 709/130/48
f 710/131/49 683/132/55 688/134/59
f 688/134/59 711/135/50 710/131/49
f 711/135/50 688/134/59 692/136/63
f 692/136/63 712/137/51 711/135/50
f 712/137/51 692/136/63 702/143/2
f 702/143/2 713/144/2 712/137/51
f 716/156/72 715/175/73 714/157/74
f 717/176/75 715/175/73 716/156/72
f 716/156/72 719/177/76 718/176/76
f 716/156/72 721/165/77 720/177/77
f 724/178/78 723/179/79 722/180/80
f 722/180/80 725/181/81 724/178/78
f 726/182/82 722/180/80 723/179/79
f 723/179/79 727/183/83 726/182/82
f 728/184/84 727/183/83 723/179/79
f 723/179/79 729/185/85 728/184/84
f 729/185/85 723/179/79 724/178/78
f 724/178/78 730/186/86 729/185/85
f 733/181/87 732/180/88 731/187/89
f 731/187/89 734/188/90 733/181/87
f 735/189/91 731/187/89 732/180/88
f 732/180/88 736/182/92 735/189/91
f 739/190/93 738/191/94 737/192/95
f 737/192/95 740/193/96 739/190/93
f 741/194/97 737/192/95 738/191/94
f 738/191/94 742/195/98 741/194/97
f 745/175/99 744/156/100 743/155/101
f 743/155/101 746/157/102 745/175/99
f 747/154/103 743/155/101 744/156/100
f 744/156/100 748/153/104 747/154/103
f 749/132/105 747/154/103 748/153/104
f 748/153/104 750/133/106 749/132/105
f 746/157/102 743/155/101 751/159/107
f 751/159/107 752/160/108 746/157/102
f 743/155/101 747/154/103 753/158/109
f 753/158/109 751/159/107 743/155/101
f 747/154/103 749/132/105 754/134/110
f 754/134/110 753/158/109 747/154/103
f 752/160/108 751/159/107 755/162/111
f 755/162/111 756/163/112 752/160/108
f 751/159/107 753/158/109 757/161/113
f 757/161/113 755/162/111 751/159/107
f 753/158/109 754/134/110 758/136/114
f 758/136/114 757/161/113 753/158/109
f 750/133/106 748/153/104 759/164/115
f 748/153/104 744/156/100 759/164/115
f 759/164/115 760/139/116 750/133/106
f 756/163/112 755/162/111 761/166/117
f 761/166/117 762/168/118 756/163/112
f 755/162/111 757/161/113 763/167/7
f 763/167/7 761/166/117 755/162/111
f 757/161/113 758/136/114 764/143/7
f 764/143/7 765/169/7 757/161/113
f 763/167/7 757/161/113 765/169/7
f 762/168/118 761/166/117 766/170/119
f 766/170/119 767/172/118 762/168/118
f 761/166/117 763/167/7 768/171/7
f 768/171/7 766/170/119 761/166/117
f 765/169/7 769/173/7 763/167/7
f 768/171/7 763/167/7 769/173/7
f 769/173/7 770/174/7 768/171/7
f 771/144/7 764/143/7 758/136/114
f 758/136/114 772/137/120 771/144/7
f 772/137/120 758/136/114 754/134/110
f 754/134/110 773/135/121 772/137/120
f 773/135/121 754/134/110 749/132/105
f 749/132/105 774/131/122 773/135/121
f 774/131/122 749/132/105 750/133/106
f 750/133/106 775/130/123 774/131/122
f 775/130/123 750/133/106 760/139/116
f 760/139/116 776/138/124 775/130/123
f 779/133/125 778/130/123 777/131/122
f 777/131/122 780/132/126 779/133/125
f 780/132/126 777/131/122 781/135/121
f 781/135/121 782/134/127 780/132/126
f 782/134/127 781/135/121 783/137/120
f 783/137/120 784/136/128 782/134/127
f 778/130/123 779/133/125 785/139/124
f 785/139/124 786/138/124 778/130/123
f 784/136/128 783/137/120 787/144/7
f 787/144/7 788/143/7 784/136/128
f 791/133/125 790/130/123 789/131/122
f 789/131/122 792/132/126 791/133/125
f 792/132/126 789/131/122 793/135/121
f 793/135/121 794/134/127 792/132/126
f 794/134/127 793/135/121 795/137/120
f 795/137/120 796/136/128 794/134/127
f 790/130/123 791/133/125 797/139/124
f 797/139/124 798/138/124 790/130/123
f 796/136/128 795/137/120 799/144/7
f 799/144/7 800/143/7 796/136/128
f 803/133/125 802/130/129 801/131/130
f 801/131/130 804/132/126 803/133/125
f 805/125/131 801/131/130 802/130/129
f 802/130/129 806/124/132 805/125/131
f 804/132/126 801/131/130 807/135/133
f 807/135/133 808/134/127 804/132/126
f 801/131/130 805/125/131 809/127/134
f 809/127/134 807/135/133 801/131/130
f 808/134/127 807/135/133 810/137/135
f 810/137/135 811/136/128 808/134/127
f 807/135/133 809/127/134 812/129/136
f 812/129/136 810/137/135 807/135/133
f 813/123/137 805/125/131 806/124/132
f 806/124/132 814/122/138 813/123/137
f 815/116/139 813/123/137 814/122/138
f 814/122/138 816/115/140 815/116/139
f 813/123/137 815/116/139 817/119/141
f 817/119/141 818/126/142 813/123/137
f 805/125/131 813/123/137 818/126/142
f 818/126/142 809/127/134 805/125/131
f 818/126/142 817/119/141 819/121/143
f 819/121/143 820/128/144 818/126/142
f 809/127/134 818/126/142 820/128/144
f 820/128/144 812/129/136 809/127/134
f 816/115/140 821/117/145 815/116/139
f 815/116/139 821/117/145 822/118/146
f 822/118/146 817/119/141 815/116/139
f 817/119/141 822/118/146 823/120/147
f 823/120/147 819/121/143 817/119/141
f 824/142/148 816/115/140 814/122/138
f 814/122/138 825/141/149 824/142/148
f 826/140/150 825/141/149 814/122/138
f 814/122/138 806/124/132 826/140/150
f 827/138/151 826/140/150 806/124/132
f 806/124/132 802/130/129 827/138/151
f 828/139/124 827/138/151 802/130/129
f 802/130/129 803/133/125 828/139/124
f 820/128/144 819/121/143 829/147/152
f 829/147/152 830/146/153 820/128/144
f 819/121/143 823/120/147 831/148/154
f 831/148/154 829/147/152 819/121/143
f 812/129/136 820/128/144 830/146/153
f 830/146/153 832/145/155 812/129/136
f 810/137/135 812/129/136 832/145/155
f 832/145/155 833/144/156 810/137/135
f 811/136/128 810/137/135 833/144/156
f 833/144/156 834/143/7 811/136/128
f 830/146/153 829/147/152 835/149/157
f 835/149/157 836/151/158 830/146/153
f 832/145/155 830/146/153 836/151/158
f 829/147/152 831/148/154 837/150/154
f 837/150/154 835/149/157 829/147/152
f 836/151/158 838/152/155 832/145/155
f 833/144/156 832/145/155 838/152/155
f 841/156/159 840/177/159 839/165/159
f 844/156/160 843/165/160 842/164/160
f 744/156/100 745/175/99 845/176/161
f 847/176/162 846/177/162 744/156/100
f 850/177/163 849/196/164 848/165/165
f 849/196/164 850/177/163 851/176/166
f 851/176/166 852/197/167 849/196/164
f 855/198/168 854/199/168 853/200/169
f 856/201/170 854/199/168 855/198/168
f 859/197/171 858/176/172 857/177/172
f 861/177/173 860/196/173 859/197/171
f 862/165/174 860/196/173 861/177/173
f 865/202/11 864/203/11 863/204/11
f 863/204/11 866/205/11 865/202/11
f 867/206/11 863/204/11 864/203/11
f 864/203/11 868/207/11 867/206/11
f 871/208/175 870/209/176 869/210/9
f 869/210/9 872/211/175 871/208/175
f 873/212/177 869/210/9 870/209/176
f 870/209/176 874/213/177 873/212/177
f 872/211/175 869/210/9 875/204/178
f 875/204/178 876/214/175 872/211/175
f 869/210/9 873/212/177 877/215/177
f 877/215/177 875/204/178 869/210/9
f 880/216/179 879/217/180 878/218/181
f 878/218/181 881/219/182 880/216/179
f 882/220/183 878/218/181 879/217/180
f 879/217/180 883/221/184 882/220/183
f 886/144/185 885/152/186 884/222/187
f 884/222/187 887/223/188 886/144/185
f 888/224/189 884/222/187 885/152/186
f 885/152/186 889/151/190 888/224/189
f 890/225/191 888/224/189 889/151/190
f 889/151/190 891/149/192 890/225/191
f 892/226/10 890/225/191 891/149/192
f 891/149/192 893/150/10 892/226/10
f 894/143/10 886/144/185 887/223/188
f 887/223/188 895/227/10 894/143/10
f 898/150/10 897/149/193 896/225/194
f 896/225/194 899/226/10 898/150/10
f 900/224/195 896/225/194 897/149/193
f 897/149/193 901/151/196 900/224/195
f 902/222/197 900/224/195 901/151/196
f 901/151/196 903/152/198 902/222/197
f 904/223/199 902/222/197 903/152/198
f 903/152/198 905/144/200 904/223/199
f 906/227/10 904/223/199 905/144/200
f 905/144/200 907/143/10 906/227/10
f 910/144/10 909/143/10 908/227/10
f 908/227/10 911/223/10 910/144/10
f 914/144/10 913/143/10 912/227/10
f 912/227/10 915/223/10 914/144/10
f 918/143/10 917/169/201 916/228/202
f 916/228/202 919/227/10 918/143/10
f 920/229/203 916/228/202 917/169/201
f 917/169/201 921/173/203 920/229/203
f 920/229/203 921/173/203 922/174/204
f 922/174/204 923/230/205 920/229/203
f 923/230/205 922/174/204 924/171/206
f 924/171/206 925/231/206 923/230/205
f 926/232/10 925/231/206 924/171/206
f 924/171/206 927/170/10 926/232/10
f 928/233/10 926/232/10 927/170/10
f 927/170/10 929/172/10 928/233/10
f 930/144/10 918/143/10 919/227/10
f 919/227/10 931/223/10 930/144/10
f 934/234/10 933/235/10 932/204/10
f 932/204/10 935/236/10 934/234/10
f 936/237/10 932/204/10 933/235/10
f 933/235/10 937/238/10 936/237/10
f 940/172/10 939/170/10 938/232/10
f 938/232/10 941/233/10 940/172/10
f 942/231/206 938/232/10 939/170/10
f 939/170/10 943/171/206 942/231/206
f 942/231/206 943/171/206 944/174/205
f 944/174/205 945/230/204 942/231/206
f 945/230/204 944/174/205 946/173/203
f 946/173/203 947/229/203 945/230/204
f 948/228/201 947/229/203 946/173/203
f 946/173/203 949/169/202 948/228/201
f 950/227/10 948/228/201 949/169/202
f 949/169/202 951/143/10 950/227/10
f 952/223/10 950/227/10 951/143/10
f 951/143/10 953/144/10 952/223/10
f 956/143/10 955/144/10 954/223/10
f 954/223/10 957/227/10 956/143/10
f 960/143/10 959/144/10 958/223/10
f 958/223/10 961/227/10 960/143/10
f 964/129/207 963/137/208 962/144/209
f 962/144/209 965/145/210 964/129/207
f 966/143/2 962/144/209 963/137/208
f 963/137/208 967/136/2 966/143/2
f 965/145/210 962/144/209 968/152/211
f 969/239/212 965/145/210 968/152/211
f 968/152/211 970/240/213 969/239/212
f 971/241/214 969/239/212 970/240/213
f 970/240/213 972/242/215 971/241/214
f 973/243/216 971/241/214 972/242/215
f 972/242/215 974/244/216 973/243/216
f 977/137/2 976/136/2 975/143/2
f 975/143/2 978/144/2 977/137/2
f 981/137/2 980/136/2 979/143/2
f 979/143/2 982/144/2 981/137/2
f 985/136/2 984/161/2 983/169/2
f 983/169/2 986/143/2 985/136/2
f 987/173/2 983/169/2 984/161/2
f 984/161/2 988/167/2 987/173/2
f 989/174/2 987/173/2 988/167/2
f 988/167/2 990/171/2 989/174/2
f 991/170/217 990/171/2 988/167/2
f 988/167/2 992/166/218 991/170/217
f 993/245/219 991/170/217 992/166/218
f 992/166/218 994/246/219 993/245/219
f 995/137/2 985/136/2 986/143/2
f 986/143/2 996/144/2 995/137/2
f 999/145/220 998/239/221 997/240/222
f 997/240/222 1000/152/223 999/145/220
f 1001/242/224 997/240/222 998/239/221
f 998/239/221 1002/241/225 1001/242/224
f 1003/244/226 1001/242/224 1002/241/225
f 1002/241/225 1004/243/226 1003/244/226
f 1005/144/227 999/145/220 1000/152/223
f 999/145/220 1005/144/227 1006/137/228
f 1007/136/7 1006/137/228 1005/144/227
f 1005/144/227 1008/143/7 1007/136/7
f 1006/137/228 1009/129/229 999/145/220
f 1012/161/7 1011/136/7 1010/143/7
f 1010/143/7 1013/169/7 1012/161/7
f 1014/167/7 1012/161/7 1013/169/7
f 1013/169/7 1015/173/7 1014/167/7
f 1016/171/7 1014/167/7 1015/173/7
f 1017/166/230 1014/167/7 1016/171/7
f 1016/171/7 1018/170/231 1017/166/230
f 1019/246/232 1017/166/230 1018/170/231
f 1018/170/231 1020/245/232 1019/246/232
f 1015/173/7 1021/174/7 1016/171/7
f 1022/144/7 1010/143/7 1011/136/7
f 1011/136/7 1023/137/7 1022/144/7
f 1026/136/7 1025/137/7 1024/144/7
f 1024/144/7 1027/143/7 1026/136/7
f 1030/136/7 1029/137/7 1028/144/7
f 1028/144/7 1031/143/7 1030/136/7
f 1034/247/233 1033/210/234 1032/204/235
f 1032/204/235 1035/237/233 1034/247/233
f 1036/236/236 1032/204/235 1033/210/234
f 1033/210/234 1037/248/236 1036/236/236
f 1040/249/12 1039/250/12 1038/251/12
f 1038/251/12 1041/252/12 1040/249/12
f 1041/252/12 1038/251/12 1042/253/12
f 1042/253/12 1043/254/12 1041/252/12
f 1044/255/12 1038/251/12 1039/250/12
f 1039/250/12 1045/256/12 1044/255/12
f 1038/251/12 1044/255/12 1046/257/12
f 1046/257/12 1042/253/12 1038/251/12
f 1047/258/12 1044/255/12 1045/256/12
f 1045/256/12 1048/259/12 1047/258/12
f 1044/255/12 1047/258/12 1049/260/12
f 1049/260/12 1046/257/12 1044/255/12
f 1050/261/12 1047/258/12 1048/259/12
f 1048/259/12 1051/262/12 1050/261/12
f 1047/258/12 1050/261/12 1052/263/12
f 1052/263/12 1049/260/12 1047/258/12
f 1043/254/12 1042/253/12 1053/264/12
f 1053/264/12 1054/265/12 1043/254/12
f 1042/253/12 1046/257/12 1055/266/12
f 1055/266/12 1053/264/12 1042/253/12
f 1039/250/12 1040/249/12 1056/267/12
f 1056/267/12 1057/268/12 1039/250/12
f 1045/256/12 1039/250/12 1057/268/12
f 1057/268/12 1058/269/12 1045/256/12
f 1061/270/10 1060/271/10 1059/272/10
f 1061/270/10 1059/272/10 1062/273/10
f 1061/270/10 1062/273/10 1063/274/10
f 1061/270/10 1063/274/10 1064/275/10
f 1061/270/10 1064/275/10 1065/276/10
f 1065/276/10 1066/277/10 1061/270/10
f 1067/278/10 1061/270/10 1066/277/10
f 1066/277/10 1068/279/10 1067/278/10
f 1069/280/10 1067/278/10 1068/279/10
f 1067/278/10 1069/280/10 1070/281/10
f 1070/281/10 1071/258/10 1067/278/10
f 1061/270/10 1067/278/10 1071/258/10
f 1071/258/10 1060/271/10 1061/270/10
f 1068/279/10 1072/282/10 1069/280/10
f 1073/283/10 1069/280/10 1072/282/10
f 1074/284/10 1069/280/10 1073/283/10
f 1069/280/10 1074/284/10 1070/281/10
f 1074/284/10 1073/283/10 1075/285/10
f 1073/283/10 1076/286/10 1075/285/10
f 1072/282/10 1077/287/10 1073/283/10
f 1078/288/10 1071/258/10 1070/281/10
f 1071/258/10 1078/288/10 1079/289/10
f 1079/289/10 1060/271/10 1071/258/10
f 1080/290/10 1079/289/10 1078/288/10
f 1078/288/10 1081/291/10 1080/290/10
f 1082/292/10 1080/290/10 1081/291/10
f 1081/291/10 1083/293/10 1082/292/10
f 1070/281/10 1084/294/10 1078/288/10
f 1081/291/10 1078/288/10 1084/294/10
f 1084/294/10 1085/295/10 1081/291/10
f 1083/293/10 1081/291/10 1085/295/10
f 1085/295/10 1086/296/10 1083/293/10
f 1089/297/11 1088/298/11 1087/299/11
f 1087/299/11 1090/300/11 1089/297/11
f 1089/297/11 1090/300/11 1091/301/11
f 1091/301/11 1092/302/11 1089/297/11
f 1095/297/11 1094/298/11 1093/299/11
f 1093/299/11 1096/300/11 1095/297/11
f 1099/303/237 1098/304/237 1097/305/237
f 1097/305/237 1100/306/237 1099/303/237
f 1099/303/237 1100/306/237 1101/307/237
f 1101/307/237 1102/308/237 1099/303/237
f 1105/304/237 1104/303/237 1103/306/237
f 1103/306/237 1106/305/237 1105/304/237
f 1103/306/237 1104/303/237 1107/308/237
f 1107/308/237 1108/307/237 1103/306/237
f 1111/309/2 1110/310/2 1109/311/2
f 1109/311/2 1112/312/2 1111/309/2
f 1115/309/2 1114/310/2 1113/311/2
f 1113/311/2 1116/312/2 1115/309/2
f 1116/312/2 1113/311/2 1117/313/2
f 1117/313/2 1118/314/2 1116/312/2
f 1121/309/2 1120/310/2 1119/311/2
f 1119/311/2 1122/312/2 1121/309/2
f 1122/312/2 1119/311/2 1123/313/2
f 1123/313/2 1124/314/2 1122/312/2
f 1127/315/2 1126/316/2 1125/317/2
f 1125/317/2 1128/318/2 1127/315/2
f 1125/317/2 1126/316/2 1129/319/2
f 1129/319/2 1130/320/2 1125/317/2
f 1133/321/2 1132/322/2 1131/323/2
f 1133/321/2 1131/323/2 1134/324/2
f 1133/321/2 1134/324/2 1135/325/2
f 1138/326/2 1137/327/2 1136/328/2
f 1136/328/2 1139/329/2 1138/326/2
f 1142/321/2 1141/322/2 1140/313/2
f 1140/313/2 1143/314/2 1142/321/2
f 1146/330/2 1145/331/2 1144/332/2
f 1144/332/2 1147/333/2 1146/330/2
f 1150/334/9 1149/335/9 1148/336/9
f 1148/336/9 1151/337/9 1150/334/9
f 1151/337/9 1148/336/9 1152/338/9
f 1152/338/9 1153/339/9 1151/337/9
f 1156/340/9 1155/341/9 1154/342/9
f 1154/342/9 1157/343/9 1156/340/9
f 1157/343/9 1154/342/9 1158/332/9
f 1158/332/9 1159/344/9 1157/343/9
f 1162/322/9 1161/326/9 1160/329/9
f 1160/329/9 1163/313/9 1162/322/9
f 1166/345/9 1165/326/9 1164/329/9
f 1164/329/9 1167/313/9 1166/345/9
f 1170/310/7 1169/309/7 1168/312/7
f 1168/312/7 1171/311/7 1170/310/7
f 1171/311/7 1168/312/7 1172/314/7
f 1172/314/7 1173/313/7 1171/311/7
f 1176/315/7 1175/318/7 1174/317/7
f 1174/317/7 1177/316/7 1176/315/7
f 1177/316/7 1174/317/7 1178/320/7
f 1178/320/7 1179/319/7 1177/316/7
f 1182/310/7 1181/309/7 1180/312/7
f 1180/312/7 1183/311/7 1182/310/7
f 1183/311/7 1180/312/7 1184/314/7
f 1184/314/7 1185/313/7 1183/311/7
f 1188/315/7 1187/318/7 1186/317/7
f 1186/317/7 1189/316/7 1188/315/7
f 1192/331/7 1191/330/7 1190/333/7
f 1190/333/7 1193/332/7 1192/331/7
f 1196/322/7 1195/321/7 1194/314/7
f 1194/314/7 1197/313/7 1196/322/7
f 1200/327/7 1199/326/7 1198/329/7
f 1198/329/7 1201/328/7 1200/327/7
f 1204/322/7 1203/321/7 1202/325/7
f 1204/322/7 1202/325/7 1205/323/7
f 1202/325/7 1206/324/7 1205/323/7
f 1209/346/9 1208/347/9 1207/300/9
f 1209/346/9 1207/300/9 1210/348/9
f 1209/346/9 1210/348/9 1211/349/9
f 1210/348/9 1207/300/9 1212/350/9
f 1212/350/9 1213/351/9 1210/348/9
f 1216/352/10 1215/353/10 1214/354/10
f 1214/354/10 1217/355/10 1216/352/10
f 1216/352/10 1217/355/10 1218/356/10
f 1216/352/10 1218/356/10 1219/357/10
f 1216/352/10 1219/357/10 1220/358/10
f 1221/359/10 1219/357/10 1218/356/10
f 1218/356/10 1222/360/10 1221/359/10
f 1223/361/10 1221/359/10 1222/360/10
f 1222/360/10 1224/362/10 1223/361/10
f 1223/361/10 1224/362/10 1225/363/10
f 1225/363/10 1226/364/10 1223/361/10
f 1229/365/9 1228/366/9 1227/367/9
f 1229/365/9 1227/367/9 1230/368/9
f 1231/369/9 1229/365/9 1230/368/9
f 1229/365/9 1231/369/9 1232/370/9
f 1232/370/9 1233/371/9 1229/365/9
f 1227/367/9 1228/366/9 1234/372/9
f 1234/372/9 1235/373/9 1227/367/9
f 1238/301/11 1237/302/11 1236/297/11
f 1236/297/11 1239/300/11 1238/301/11
f 1242/369/9 1241/368/9 1240/367/9
f 1242/369/9 1240/367/9 1243/366/9
f 1244/365/9 1242/369/9 1243/366/9
f 1242/369/9 1244/365/9 1245/371/9
f 1245/371/9 1246/370/9 1242/369/9
f 1247/372/9 1243/366/9 1240/367/9
f 1240/367/9 1248/373/9 1247/372/9
f 1251/355/10 1250/354/10 1249/353/10
f 1249/353/10 1252/352/10 1251/355/10
f 1251/355/10 1252/352/10 1253/358/10
f 1251/355/10 1253/358/10 1254/356/10
f 1253/358/10 1255/357/10 1254/356/10
f 1256/360/10 1254/356/10 1255/357/10
f 1255/357/10 1257/359/10 1256/360/10
f 1258/362/10 1256/360/10 1257/359/10
f 1257/359/10 1259/361/10 1258/362/10
f 1260/363/10 1258/362/10 1259/361/10
f 1259/361/10 1261/364/10 1260/363/10
f 1264/374/9 1263/375/9 1262/376/9
f 1264/374/9 1262/376/9 1265/377/9
f 1262/376/9 1266/378/9 1265/377/9
f 1265/377/9 1266/378/9 1267/379/9
f 1267/379/9 1268/380/9 1265/377/9
f 1271/381/7 1270/382/7 1269/303/7
f 1269/303/7 1272/306/7 1271/381/7
f 1275/275/12 1274/270/12 1273/383/12
f 1273/383/12 1276/384/12 1275/275/12
f 1277/385/12 1273/383/12 1274/270/12
f 1274/270/12 1278/278/12 1277/385/12
f 1279/386/12 1277/385/12 1278/278/12
f 1278/278/12 1280/280/12 1279/386/12
f 1281/387/12 1279/386/12 1280/280/12
f 1280/280/12 1282/283/12 1281/387/12
f 1285/382/2 1284/381/2 1283/306/2
f 1283/306/2 1286/303/2 1285/382/2
f 1289/388/10 1288/389/10 1287/390/10
f 1287/390/10 1290/391/10 1289/388/10
f 1288/389/10 1289/388/10 1291/392/10
f 1291/392/10 1292/393/10 1288/389/10
f 1295/394/10 1294/395/10 1293/396/10
f 1293/396/10 1296/338/10 1295/394/10
f 1295/394/10 1296/338/10 1297/397/10
f 1297/397/10 1298/398/10 1295/394/10
f 1301/390/10 1300/391/10 1299/388/10
f 1299/388/10 1302/389/10 1301/390/10
f 1302/389/10 1299/388/10 1303/399/10
f 1303/399/10 1304/400/10 1302/389/10
f 1307/401/10 1306/402/10 1305/403/10
f 1305/403/10 1308/404/10 1307/401/10
f 1311/405/10 1310/406/10 1309/407/10
f 1309/407/10 1312/408/10 1311/405/10
f 1315/339/11 1314/398/11 1313/409/11
f 1313/409/11 1316/410/11 1315/339/11
f 1319/411/2 1318/412/2 1317/413/2
f 1317/413/2 1320/414/2 1319/411/2
f 1323/301/2 1322/415/2 1321/416/2
f 1321/416/2 1324/417/2 1323/301/2
f 1327/378/11 1326/418/11 1325/419/11
f 1325/419/11 1328/379/11 1327/378/11
f 1331/347/11 1330/418/11 1329/419/11
f 1329/419/11 1332/420/11 1331/347/11
f 1335/415/7 1334/301/7 1333/417/7
f 1333/417/7 1336/416/7 1335/415/7
f 1339/412/7 1338/411/7 1337/414/7
f 1337/414/7 1340/413/7 1339/412/7
f 1343/421/11 1342/422/11 1341/409/11
f 1341/409/11 1344/410/11 1343/421/11
f 1347/311/7 1346/312/7 1345/314/7
f 1345/314/7 1348/313/7 1347/311/7
f 1351/312/2 1350/311/2 1349/313/2
f 1349/313/2 1352/314/2 1351/312/2
f 1355/423/238 1354/424/239 1353/425/240
f 1353/425/240 1356/426/238 1355/423/238
f 1357/427/10 1353/425/240 1354/424/239
f 1354/424/239 1358/428/10 1357/427/10
f 1361/428/241 1360/429/242 1359/430/243
f 1359/430/243 1362/427/241 1361/428/241
f 1363/431/7 1359/430/243 1360/429/242
f 1360/429/242 1364/432/7 1363/431/7
f 1367/432/244 1366/433/244 1365/434/244
f 1365/434/244 1368/431/244 1367/432/244
f 1371/435/12 1370/436/245 1369/437/246
f 1369/437/246 1372/438/12 1371/435/12
f 1373/439/247 1369/437/246 1370/436/245
f 1370/436/245 1374/440/247 1373/439/247
f 1377/440/2 1376/423/2 1375/426/2
f 1375/426/2 1378/439/2 1377/440/2
f 1381/441/248 1380/442/249 1379/443/11
f 1382/444/11 1381/441/248 1379/443/11
f 1382/444/11 1379/443/11 1383/445/6
f 1379/443/11 1384/446/250 1383/445/6
f 1382/444/11 1383/445/6 1385/447/11
f 1382/444/11 1385/447/11 1386/448/11
f 1389/449/251 1388/450/252 1387/451/9
f 1388/450/252 1390/452/253 1387/451/9
f 1390/452/253 1391/453/254 1387/451/9
f 1391/453/254 1392/454/255 1387/451/9
f 1392/454/255 1393/455/256 1387/451/9
f 1393/455/256 1394/456/257 1387/451/9
f 1394/456/257 1395/457/258 1387/451/9
f 1395/457/258 1389/449/251 1387/451/9
f 1398/458/259 1397/459/260 1396/460/261
f 1396/460/261 1399/461/262 1398/458/259
f 1397/459/260 1398/458/259 1400/462/263
f 1400/462/263 1401/463/264 1397/459/260
f 1401/463/264 1400/462/263 1402/464/265
f 1402/464/265 1403/465/266 1401/463/264
f 1403/465/266 1402/464/265 1404/466/267
f 1404/466/267 1405/467/268 1403/465/266
f 1408/458/269 1407/459/270 1406/460/271
f 1406/460/271 1409/461/272 1408/458/269
f 1407/459/270 1408/458/269 1410/462/273
f 1410/462/273 1411/463/274 1407/459/270
f 1411/463/274 1410/462/273 1412/464/275
f 1412/464/275 1413/465/276 1411/463/274
f 1413/465/276 1412/464/275 1414/466/277
f 1414/466/277 1415/467/278 1413/465/276
f 1418/458/279 1417/459/280 1416/460/281
f 1416/460/281 1419/461/282 1418/458/279
f 1417/459/280 1418/458/279 1420/462/283
f 1420/462/283 1421/463/284 1417/459/280
f 1421/463/284 1420/462/283 1422/464/285
f 1422/464/285 1423/465/286 1421/463/284
f 1423/465/286 1422/464/285 1424/466/287
f 1424/466/287 1425/467/288 1423/465/286
f 1428/458/289 1427/459/290 1426/460/291
f 1426/460/291 1429/461/292 1428/458/289
f 1427/459/290 1428/458/289 1430/462/293
f 1430/462/293 1431/463/294 1427/459/290
f 1431/463/294 1430/462/293 1432/464/295
f 1432/464/295 1433/465/296 1431/463/294
f 1433/465/296 1432/464/295 1434/466/297
f 1434/466/297 1435/467/298 1433/465/296
f 1438/460/299 1437/459/300 1436/458/301
f 1436/458/301 1439/461/302 1438/460/299
f 1440/462/303 1436/458/301 1437/459/300
f 1437/459/300 1441/463/304 1440/462/303
f 1442/464/305 1440/462/303 1441/463/304
f 1441/463/304 1443/465/306 1442/464/305
f 1444/466/307 1442/464/305 1443/465/306
f 1443/465/306 1445/467/308 1444/466/307
f 1448/460/309 1447/459/310 1446/458/311
f 1446/458/311 1449/461/312 1448/460/309
f 1450/462/313 1446/458/311 1447/459/310
f 1447/459/310 1451/463/314 1450/462/313
f 1452/464/315 1450/462/313 1451/463/314
f 1451/463/314 1453/465/316 1452/464/315
f 1454/466/317 1452/464/315 1453/465/316
f 1453/465/316 1455/467/318 1454/466/317
f 1458/460/319 1457/459/320 1456/458/321
f 1456/458/321 1459/461/322 1458/460/319
f 1460/462/323 1456/458/321 1457/459/320
f 1457/459/320 1461/463/324 1460/462/323
f 1462/464/325 1460/462/323 1461/463/324
f 1461/463/324 1463/465/326 1462/464/325
f 1464/466/327 1462/464/325 1463/465/326
f 1463/465/326 1465/467/328 1464/466/327
f 1468/460/329 1467/459/330 1466/458/331
f 1466/458/331 1469/461/332 1468/460/329
f 1470/462/333 1466/458/331 1467/459/330
f 1467/459/330 1471/463/334 1470/462/333
f 1472/464/335 1470/462/333 1471/463/334
f 1471/463/334 1473/465/336 1472/464/335
f 1474/466/337 1472/464/335 1473/465/336
f 1473/465/336 1475/467/338 1474/466/337
f 1478/468/339 1477/461/339 1476/461/339
f 1481/461/340 1480/460/340 1479/468/340
f 1484/461/341 1483/469/342 1482/458/343
f 1482/458/343 1485/461/344 1484/461/341
f 1486/462/345 1482/458/343 1483/469/342
f 1483/469/342 1487/470/346 1486/462/345
f 1488/464/347 1486/462/345 1487/470/346
f 1487/470/346 1489/471/348 1488/464/347
f 1490/466/349 1488/464/347 1489/471/348
f 1489/471/348 1491/472/350 1490/466/349
f 1494/473/351 1493/468/352 1492/460/353
f 1492/460/353 1495/459/354 1494/473/351
f 1496/474/355 1494/473/351 1495/459/354
f 1495/459/354 1497/463/356 1496/474/355
f 1498/475/357 1496/474/355 1497/463/356
f 1497/463/356 1499/465/358 1498/475/357
f 1500/476/359 1498/475/357 1499/465/358
f 1499/465/358 1501/467/360 1500/476/359
f 1504/472/361 1503/476/361 1502/467/361
f 1507/467/362 1506/466/362 1505/472/362
f 1510/460/363 1509/461/363 1508/461/363
f 1513/461/364 1512/460/364 1511/460/364
f 1516/461/365 1515/469/366 1514/458/367
f 1514/458/367 1517/461/368 1516/461/365
f 1518/462/369 1514/458/367 1515/469/366
f 1515/469/366 1519/470/370 1518/462/369
f 1520/464/371 1518/462/369 1519/470/370
f 1519/470/370 1521/471/372 1520/464/371
f 1522/466/373 1520/464/371 1521/471/372
f 1521/471/372 1523/472/374 1522/466/373
f 1526/473/375 1525/460/376 1524/460/377
f 1524/460/377 1527/459/378 1526/473/375
f 1528/474/379 1526/473/375 1527/459/378
f 1527/459/378 1529/463/380 1528/474/379
f 1530/475/381 1528/474/379 1529/463/380
f 1529/463/380 1531/465/382 1530/475/381
f 1532/476/383 1530/475/381 1531/465/382
f 1531/465/382 1533/467/384 1532/476/383
f 1536/472/385 1535/476/385 1534/467/385
f 1539/467/386 1538/466/386 1537/472/386
f 1542/468/387 1541/461/387 1540/461/387
f 1545/461/387 1544/460/387 1543/468/387
f 1548/461/388 1547/469/389 1546/458/390
f 1546/458/390 1549/461/391 1548/461/388
f 1550/462/392 1546/458/390 1547/469/389
f 1547/469/389 1551/470/393 1550/462/392
f 1554/473/394 1553/468/395 1552/460/396
f 1552/460/396 1555/459/397 1554/473/394
f 1556/474/398 1554/473/394 1555/459/397
f 1555/459/397 1557/463/399 1556/474/398
f 1560/470/400 1559/471/401 1558/464/402
f 1558/464/402 1561/462/403 1560/470/400
f 1562/466/404 1558/464/402 1559/471/401
f 1559/471/401 1563/472/405 1562/466/404
f 1564/467/406 1562/466/404 1563/472/405
f 1567/475/407 1566/474/408 1565/463/409
f 1565/463/409 1568/465/410 1567/475/407
f 1569/476/411 1567/475/407 1568/465/410
f 1568/465/410 1570/467/412 1569/476/411
f 1573/472/413 1572/476/413 1571/467/413
f 1576/460/406 1575/461/406 1574/461/406
f 1579/461/406 1578/460/406 1577/460/406
f 1582/461/414 1581/469/415 1580/458/416
f 1580/458/416 1583/461/417 1582/461/414
f 1584/462/418 1580/458/416 1581/469/415
f 1581/469/415 1585/470/419 1584/462/418
f 1588/473/420 1587/460/421 1586/460/422
f 1586/460/422 1589/459/423 1588/473/420
f 1590/474/424 1588/473/420 1589/459/423
f 1589/459/423 1591/463/425 1590/474/424
f 1594/470/426 1593/471/427 1592/464/428
f 1592/464/428 1595/462/429 1594/470/426
f 1596/466/430 1592/464/428 1593/471/427
f 1593/471/427 1597/472/431 1596/466/430
f 1598/467/387 1596/466/430 1597/472/431
f 1601/475/432 1600/474/433 1599/463/434
f 1599/463/434 1602/465/435 1601/475/432
f 1603/476/436 1601/475/432 1602/465/435
f 1602/465/435 1604/467/437 1603/476/436
f 1607/472/438 1606/476/438 1605/467/438
f 1610/94/10 1609/100/10 1608/101/10
f 1608/101/10 1611/102/10 1610/94/10
f 1612/103/10 1608/101/10 1609/100/10
f 1609/100/10 1613/99/10 1612/103/10
f 1616/130/48 1615/133/31 1614/132/30
f 1614/132/30 1617/131/49 1616/130/48
f 1617/131/49 1614/132/30 1618/134/32
f 1618/134/32 1619/135/50 1617/131/49
f 1619/135/50 1618/134/32 1620/136/34
f 1620/136/34 1621/137/51 1619/135/50
f 1615/133/31 1616/130/48 1622/138/36
f 1622/138/36 1623/139/36 1615/133/31
f 1621/137/51 1620/136/34 1624/143/2
f 1624/143/2 1625/144/2 1621/137/51
f 1628/133/125 1627/130/123 1626/131/122
f 1626/131/122 1629/132/126 1628/133/125
f 1629/132/126 1626/131/122 1630/135/121
f 1630/135/121 1631/134/127 1629/132/126
f 1631/134/127 1630/135/121 1632/137/120
f 1632/137/120 1633/136/128 1631/134/127
f 1627/130/123 1628/133/125 1634/139/124
f 1634/139/124 1635/138/124 1627/130/123
f 1633/136/128 1632/137/120 1636/144/7
f 1636/144/7 1637/143/7 1633/136/128
f 1640/144/10 1639/143/10 1638/227/10
f 1638/227/10 1641/223/10 1640/144/10
f 1644/143/10 1643/144/10 1642/223/10
f 1642/223/10 1645/227/10 1644/143/10
f 1648/137/2 1647/136/2 1646/143/2
f 1646/143/2 1649/144/2 1648/137/2
f 1652/136/7 1651/137/7 1650/144/7
f 1650/144/7 1653/143/7 1652/136/7
f 1656/1/439 1655/2/439 1654/3/439
f 1654/3/439 1657/4/439 1656/1/439
f 1660/5/7 1659/6/7 1658/7/7
f 1658/7/7 1661/8/7 1660/5/7
f 1664/7/440 1663/9/441 1662/10/442
f 1662/10/442 1665/8/442 1664/7/440
f 1663/9/441 1664/7/440 1666/11/443
f 1666/11/443 1667/12/443 1663/9/441
f 1670/9/2 1669/1/2 1668/4/2
f 1668/4/2 1671/10/2 1670/9/2
f 1674/13/406 1673/14/406 1672/15/406
f 1672/15/406 1675/16/406 1674/13/406
f 1678/17/11 1677/18/11 1676/19/11
f 1676/19/11 1679/20/11 1678/17/11
f 1682/21/10 1681/22/10 1680/23/10
f 1680/23/10 1683/24/10 1682/21/10
f 1686/22/9 1685/25/9 1684/26/9
f 1684/26/9 1687/23/9 1686/22/9
f 1690/25/12 1689/17/12 1688/20/12
f 1688/20/12 1691/26/12 1690/25/12
f 1694/27/2 1693/28/2 1692/29/2
f 1692/29/2 1695/30/2 1694/27/2
f 1698/31/7 1697/32/7 1696/33/7
f 1696/33/7 1699/34/7 1698/31/7
f 1702/1/439 1701/2/439 1700/3/439
f 1700/3/439 1703/4/439 1702/1/439
f 1706/5/7 1705/6/7 1704/7/7
f 1704/7/7 1707/8/7 1706/5/7
f 1710/7/440 1709/9/441 1708/10/442
f 1708/10/442 1711/8/442 1710/7/440
f 1709/9/441 1710/7/440 1712/11/443
f 1712/11/443 1713/12/443 1709/9/441
f 1716/9/2 1715/1/2 1714/4/2
f 1714/4/2 1717/10/2 1716/9/2
f 1720/13/406 1719/14/406 1718/15/406
f 1718/15/406 1721/16/406 1720/13/406
f 1724/35/11 1723/36/11 1722/37/11
f 1722/37/11 1725/38/11 1724/35/11
f 1728/39/10 1727/40/10 1726/41/10
f 1726/41/10 1729/42/10 1728/39/10
f 1732/40/9 1731/43/9 1730/44/9
f 1730/44/9 1733/41/9 1732/40/9
f 1736/43/12 1735/35/12 1734/38/12
f 1734/38/12 1737/44/12 1736/43/12
f 1740/45/2 1739/46/2 1738/41/2
f 1738/41/2 1741/47/2 1740/45/2
f 1744/48/7 1743/38/7 1742/49/7
f 1742/49/7 1745/50/7 1744/48/7
f 1748/51/11 1747/52/11 1746/53/11
f 1746/53/11 1749/54/11 1748/51/11
f 1752/55/10 1751/56/10 1750/57/10
f 1750/57/10 1753/58/10 1752/55/10
f 1756/56/9 1755/59/9 1754/60/9
f 1754/60/9 1757/57/9 1756/56/9
f 1760/59/12 1759/51/12 1758/54/12
f 1758/54/12 1761/60/12 1760/59/12
f 1764/61/2 1763/62/2 1762/63/2
f 1762/63/2 1765/64/2 1764/61/2
f 1768/65/7 1767/66/7 1766/67/7
f 1766/67/7 1769/68/7 1768/65/7
f 1772/69/11 1771/70/11 1770/71/11
f 1770/71/11 1773/72/11 1772/69/11
f 1776/73/10 1775/74/10 1774/75/10
f 1774/75/10 1777/76/10 1776/73/10
f 1780/74/9 1779/77/9 1778/78/9
f 1778/78/9 1781/75/9 1780/74/9
f 1784/77/12 1783/69/12 1782/72/12
f 1782/72/12 1785/78/12 1784/77/12
f 1788/16/2 1787/79/2 1786/75/2
f 1786/75/2 1789/80/2 1788/16/2
f 1792/81/7 1791/72/7 1790/82/7
f 1790/82/7 1793/83/7 1792/81/7
f 1796/17/11 1795/18/11 1794/19/11
f 1794/19/11 1797/20/11 1796/17/11
f 1800/21/10 1799/22/10 1798/23/10
f 1798/23/10 1801/24/10 1800/21/10
f 1804/22/9 1803/25/9 1802/26/9
f 1802/26/9 1805/23/9 1804/22/9
f 1808/25/12 1807/17/12 1806/20/12
f 1806/20/12 1809/26/12 1808/25/12
f 1812/27/2 1811/28/2 1810/29/2
f 1810/29/2 1813/30/2 1812/27/2
f 1816/31/7 1815/32/7 1814/33/7
f 1814/33/7 1817/34/7 1816/31/7
f 1820/35/11 1819/36/11 1818/37/11
f 1818/37/11 1821/38/11 1820/35/11
f 1824/39/10 1823/40/10 1822/41/10
f 1822/41/10 1825/42/10 1824/39/10
f 1828/40/9 1827/43/9 1826/44/9
f 1826/44/9 1829/41/9 1828/40/9
f 1832/43/12 1831/35/12 1830/38/12
f 1830/38/12 1833/44/12 1832/43/12
f 1836/45/2 1835/46/2 1834/41/2
f 1834/41/2 1837/47/2 1836/45/2
f 1840/48/7 1839/38/7 1838/49/7
f 1838/49/7 1841/50/7 1840/48/7
f 1844/51/11 1843/52/11 1842/53/11
f 1842/53/11 1845/54/11 1844/51/11
f 1848/55/10 1847/56/10 1846/57/10
f 1846/57/10 1849/58/10 1848/55/10
f 1852/56/9 1851/59/9 1850/60/9
f 1850/60/9 1853/57/9 1852/56/9
f 1856/59/12 1855/51/12 1854/54/12
f 1854/54/12 1857/60/12 1856/59/12
f 1860/61/2 1859/62/2 1858/63/2
f 1858/63/2 1861/64/2 1860/61/2
f 1864/65/7 1863/66/7 1862/67/7
f 1862/67/7 1865/68/7 1864/65/7
f 1868/69/11 1867/70/11 1866/71/11
f 1866/71/11 1869/72/11 1868/69/11
f 1872/73/10 1871/74/10 1870/75/10
f 1870/75/10 1873/76/10 1872/73/10
f 1876/74/9 1875/77/9 1874/78/9
f 1874/78/9 1877/75/9 1876/74/9
f 1880/77/12 1879/69/12 1878/72/12
f 1878/72/12 1881/78/12 1880/77/12
f 1884/16/2 1883/79/2 1882/75/2
f 1882/75/2 1885/80/2 1884/16/2
f 1888/81/7 1887/72/7 1886/82/7
f 1886/82/7 1889/83/7 1888/81/7
f 1892/17/11 1891/18/11 1890/19/11
f 1890/19/11 1893/20/11 1892/17/11
f 1896/21/10 1895/22/10 1894/23/10
f 1894/23/10 1897/24/10 1896/21/10
f 1900/22/9 1899/25/9 1898/26/9
f 1898/26/9 1901/23/9 1900/22/9
f 1904/25/12 1903/17/12 1902/20/12
f 1902/20/12 1905/26/12 1904/25/12
f 1908/27/2 1907/28/2 1906/29/2
f 1906/29/2 1909/30/2 1908/27/2
f 1912/31/7 1911/32/7 1910/33/7
f 1910/33/7 1913/34/7 1912/31/7
f 1916/17/11 1915/18/11 1914/19/11
f 1914/19/11 1917/20/11 1916/17/11
f 1920/21/10 1919/22/10 1918/23/10
f 1918/23/10 1921/24/10 1920/21/10
f 1924/22/9 1923/25/9 1922/26/9
f 1922/26/9 1925/23/9 1924/22/9
f 1928/25/12 1927/17/12 1926/20/12
f 1926/20/12 1929/26/12 1928/25/12
f 1932/27/2 1931/28/2 1930/29/2
f 1930/29/2 1933/30/2 1932/27/2
f 1936/31/7 1935/32/7 1934/33/7
f 1934/33/7 1937/34/7 1936/31/7
f 1940/1/439 1939/2/439 1938/3/439
f 1938/3/439 1941/4/439 1940/1/439
f 1944/5/7 1943/6/7 1942/7/7
f 1942/7/7 1945/8/7 1944/5/7
f 1948/7/440 1947/9/441 1946/10/442
f 1946/10/442 1949/8/442 1948/7/440
f 1947/9/441 1948/7/440 1950/11/443
f 1950/11/443 1951/12/443 1947/9/441
f 1954/9/2 1953/1/2 1952/4/2
f 1952/4/2 1955/10/2 1954/9/2
f 1958/13/406 1957/14/406 1956/15/406
f 1956/15/406 1959/16/406 1958/13/406
f 1962/17/11 1961/18/11 1960/19/11
f 1960/19/11 1963/20/11 1962/17/11
f 1966/21/10 1965/22/10 1964/23/10
f 1964/23/10 1967/24/10 1966/21/10
f 1970/22/9 1969/25/9 1968/26/9
f 1968/26/9 1971/23/9 1970/22/9
f 1974/25/12 1973/17/12 1972/20/12
f 1972/20/12 1975/26/12 1974/25/12
f 1978/27/2 1977/28/2 1976/29/2
f 1976/29/2 1979/30/2 1978/27/2
f 1982/31/7 1981/32/7 1980/33/7
f 1980/33/7 1983/34/7 1982/31/7
f 1986/1/439 1985/2/439 1984/3/439
f 1984/3/439 1987/4/439 1986/1/439
f 1990/5/7 1989/6/7 1988/7/7
f 1988/7/7 1991/8/7 1990/5/7
f 1994/7/440 1993/9/441 1992/10/442
f 1992/10/442 1995/8/442 1994/7/440
f 1993/9/441 1994/7/440 1996/11/443
f 1996/11/443 1997/12/443 1993/9/441
f 2000/9/2 1999/1/2 1998/4/2
f 1998/4/2 2001/10/2 2000/9/2
f 2004/13/406 2003/14/406 2002/15/406
f 2002/15/406 2005/16/406 2004/13/406
f 2008/35/11 2007/36/11 2006/37/11
f 2006/37/11 2009/38/11 2008/35/11
f 2012/39/10 2011/40/10 2010/41/10
f 2010/41/10 2013/42/10 2012/39/10
f 2016/40/9 2015/43/9 2014/44/9
f 2014/44/9 2017/41/9 2016/40/9
f 2020/43/12 2019/35/12 2018/38/12
f 2018/38/12 2021/44/12 2020/43/12
f 2024/45/2 2023/46/2 2022/41/2
f 2022/41/2 2025/47/2 2024/45/2
f 2028/48/7 2027/38/7 2026/49/7
f 2026/49/7 2029/50/7 2028/48/7
f 2032/51/11 2031/52/11 2030/53/11
f 2030/53/11 2033/54/11 2032/51/11
f 2036/55/10 2035/56/10 2034/57/10
f 2034/57/10 2037/58/10 2036/55/10
f 2040/56/9 2039/59/9 2038/60/9
f 2038/60/9 2041/57/9 2040/56/9
f 2044/59/12 2043/51/12 2042/54/12
f 2042/54/12 2045/60/12 2044/59/12
f 2048/61/2 2047/62/2 2046/63/2
f 2046/63/2 2049/64/2 2048/61/2
f 2052/65/7 2051/66/7 2050/67/7
f 2050/67/7 2053/68/7 2052/65/7
f 2056/69/11 2055/70/11 2054/71/11
f 2054/71/11 2057/72/11 2056/69/11
f 2060/73/10 2059/74/10 2058/75/10
f 2058/75/10 2061/76/10 2060/73/10
f 2064/74/9 2063/77/9 2062/78/9
f 2062/78/9 2065/75/9 2064/74/9
f 2068/77/12 2067/69/12 2066/72/12
f 2066/72/12 2069/78/12 2068/77/12
f 2072/16/2 2071/79/2 2070/75/2
f 2070/75/2 2073/80/2 2072/16/2
f 2076/81/7 2075/72/7 2074/82/7
f 2074/82/7 2077/83/7 2076/81/7
f 2080/17/11 2079/18/11 2078/19/11
f 2078/19/11 2081/20/11 2080/17/11
f 2084/21/10 2083/22/10 2082/23/10
f 2082/23/10 2085/24/10 2084/21/10
f 2088/22/9 2087/25/9 2086/26/9
f 2086/26/9 2089/23/9 2088/22/9
f 2092/25/12 2091/17/12 2090/20/12
f 2090/20/12 2093/26/12 2092/25/12
f 2096/27/2 2095/28/2 2094/29/2
f 2094/29/2 2097/30/2 2096/27/2
f 2100/31/7 2099/32/7 2098/33/7
f 2098/33/7 2101/34/7 2100/31/7
f 2104/35/11 2103/36/11 2102/37/11
f 2102/37/11 2105/38/11 2104/35/11
f 2108/39/10 2107/40/10 2106/41/10
f 2106/41/10 2109/42/10 2108/39/10
f 2112/40/9 2111/43/9 2110/44/9
f 2110/44/9 2113/41/9 2112/40/9
f 2116/43/12 2115/35/12 2114/38/12
f 2114/38/12 2117/44/12 2116/43/12
f 2120/45/2 2119/46/2 2118/41/2
f 2118/41/2 2121/47/2 2120/45/2
f 2124/48/7 2123/38/7 2122/49/7
f 2122/49/7 2125/50/7 2124/48/7
f 2128/51/11 2127/52/11 2126/53/11
f 2126/53/11 2129/54/11 2128/51/11
f 2132/55/10 2131/56/10 2130/57/10
f 2130/57/10 2133/58/10 2132/55/10
f 2136/56/9 2135/59/9 2134/60/9
f 2134/60/9 2137/57/9 2136/56/9
f 2140/59/12 2139/51/12 2138/54/12
f 2138/54/12 2141/60/12 2140/59/12
f 2144/61/2 2143/62/2 2142/63/2
f 2142/63/2 2145/64/2 2144/61/2
f 2148/65/7 2147/66/7 2146/67/7
f 2146/67/7 2149/68/7 2148/65/7
f 2152/69/11 2151/70/11 2150/71/11
f 2150/71/11 2153/72/11 2152/69/11
f 2156/73/10 2155/74/10 2154/75/10
f 2154/75/10 2157/76/10 2156/73/10
f 2160/74/9 2159/77/9 2158/78/9
f 2158/78/9 2161/75/9 2160/74/9
f 2164/77/12 2163/69/12 2162/72/12
f 2162/72/12 2165/78/12 2164/77/12
f 2168/16/2 2167/79/2 2166/75/2
f 2166/75/2 2169/80/2 2168/16/2
f 2172/81/7 2171/72/7 2170/82/7
f 2170/82/7 2173/83/7 2172/81/7
f 2176/17/11 2175/18/11 2174/19/11
f 2174/19/11 2177/20/11 2176/17/11
f 2180/21/10 2179/22/10 2178/23/10
f 2178/23/10 2181/24/10 2180/21/10
f 2184/22/9 2183/25/9 2182/26/9
f 2182/26/9 2185/23/9 2184/22/9
f 2188/25/12 2187/17/12 2186/20/12
f 2186/20/12 2189/26/12 2188/25/12
f 2192/27/2 2191/28/2 2190/29/2
f 2190/29/2 2193/30/2 2192/27/2
f 2196/31/7 2195/32/7 2194/33/7
f 2194/33/7 2197/34/7 2196/31/7
f 2200/17/11 2199/18/11 2198/19/11
f 2198/19/11 2201/20/11 2200/17/11
f 2204/21/10 2203/22/10 2202/23/10
f 2202/23/10 2205/24/10 2204/21/10
f 2208/22/9 2207/25/9 2206/26/9
f 2206/26/9 2209/23/9 2208/22/9
f 2212/25/12 2211/17/12 2210/20/12
f 2210/20/12 2213/26/12 2212/25/12
f 2216/27/2 2215/28/2 2214/29/2
f 2214/29/2 2217/30/2 2216/27/2
f 2220/31/7 2219/32/7 2218/33/7
f 2218/33/7 2221/34/7 2220/31/7
# 1452 triangles in group

# 1452 triangles total

