# Blender 5.0.0
# www.blender.org
mtllib SurreyQuaysMooringFeature2_01_decimated.mtl
o SurreyQuaysMooringFeature2_01
v -3.862661 3.939167 -0.984239
v -3.627736 2.889466 0.279911
v -3.535826 2.804493 0.288289
v -3.669223 2.553372 0.294817
v -3.650265 2.647060 0.285854
v -3.552261 2.633258 0.283049
v -3.660690 2.764563 0.291616
v -3.802606 2.686326 0.273627
v -3.853435 2.617971 0.274498
v -3.546519 2.567454 0.293355
v -3.491493 2.526267 0.292384
v -3.679872 2.301017 0.294556
v -3.526421 2.309392 0.298005
v -3.858676 2.764446 0.280801
v -3.519022 2.105761 0.301901
v -3.727994 2.449412 0.291458
v -3.646132 2.120835 0.300970
v -3.796345 2.630573 0.286079
v -3.817678 2.861627 0.269935
v -3.857224 2.266706 0.292538
v -3.859282 2.102413 0.298834
v -3.797059 2.540985 0.277463
v -3.856099 2.449893 0.290540
v -3.445870 2.832979 0.288631
v -3.451127 2.738813 0.288042
v -3.433532 2.623473 0.280986
v -3.416788 2.527543 0.276351
v -3.339180 2.245321 0.301658
v -3.795326 3.453232 0.254403
v -3.850514 3.525146 0.277092
v -3.756547 3.558862 0.263764
v -3.644331 3.489521 0.269608
v -3.545245 3.616143 0.268031
v -3.492093 3.263961 0.276535
v -3.647737 3.156750 0.278579
v -3.518093 3.086976 0.281508
v -3.742728 3.252375 0.278935
v -3.550692 2.918488 0.283357
v -3.650151 3.293863 0.272863
v -3.601409 3.396538 0.270162
v -3.518287 3.393989 0.273123
v -3.728899 3.375449 0.270582
v -3.759180 2.919055 0.281477
v -3.666098 2.951863 0.284185
v -3.673873 3.037458 0.282815
v -3.755542 3.101561 0.273768
v -3.854027 2.972953 0.285900
v -3.814665 2.992064 0.263876
v -3.799267 3.218150 0.260850
v -3.849335 3.193424 0.282519
v -3.850118 3.073672 0.251820
v -3.856372 2.867307 0.278333
v -3.848962 3.395815 0.282394
v -3.851897 3.298635 0.286209
v -3.796591 3.350498 0.270894
v -3.355429 3.617879 0.266795
v -3.469835 3.535039 0.270455
v -3.425214 3.155480 0.278161
v -3.345151 3.000128 0.284168
v -3.446512 3.025077 0.284146
v -3.452690 2.921906 0.283200
v -3.379734 3.432462 0.270056
v -3.623236 3.920246 0.261318
v -3.661175 3.734848 0.262571
v -3.741432 3.901718 0.255762
v -3.842007 3.912261 0.268651
v -3.847089 3.812912 0.265735
v -3.851594 3.690555 0.262468
v -3.780097 3.750039 0.245468
v -3.776384 3.653652 0.252674
v -3.590147 3.758422 0.265158
v -3.280279 3.817412 0.264885
v -3.478987 3.784857 0.262210
v -3.464745 3.919842 0.259398
v -3.418703 3.706694 0.264418
v 4.394733 3.901811 -0.986648
v 3.004866 3.896834 0.210851
v 4.378077 3.895056 0.233296
v 4.388946 3.099082 0.247405
v 1.834732 3.910194 -0.035844
v 3.883517 3.897624 0.202884
v 1.567865 2.665507 0.287994
v 1.858020 2.203881 0.323978
v 2.352382 2.619040 0.300446
v 2.304760 2.374661 0.314301
v 1.670748 2.706791 0.269573
v 2.153526 2.096220 0.325464
v 1.975295 2.718418 0.270813
v 2.231709 2.848926 0.259820
v 1.836293 2.632978 0.300632
v 2.387998 2.673060 0.259323
v 2.106931 2.635493 0.295503
v 2.235597 2.668831 0.267396
v 2.984845 2.565401 0.259956
v 2.975200 2.388435 0.286310
v 2.945775 2.548787 0.281743
v 2.702722 2.249160 0.307645
v 2.500640 2.656975 0.268723
v 2.674951 2.655744 0.259676
v 2.553079 2.868891 0.257338
v 2.648273 2.610993 0.285902
v 2.535423 2.198759 0.314632
v 3.000516 2.909619 0.243672
v 2.977368 2.657647 0.247049
v 2.879180 2.081211 0.316029
v 2.922505 2.806327 0.218301
v 2.857530 2.652009 0.237411
v 2.811943 2.872587 0.255197
v 3.332734 2.492160 0.268616
v 3.417890 2.332305 0.268787
v 3.252763 2.230280 0.238161
v 3.853465 2.783914 0.220982
v 3.148590 2.303331 0.261932
v 3.511604 2.170239 0.242752
v 3.507782 2.570807 0.270351
v 3.492415 2.840003 0.258982
v 3.680936 2.799873 0.258873
v 3.234108 2.410829 0.266049
v 3.812592 2.667198 0.248246
v 3.902570 2.610723 0.238915
v 3.121015 2.194181 0.295350
v 3.514368 2.255537 0.244363
v 3.789649 2.243910 0.232449
v 3.757587 2.315906 0.261057
v 3.542693 2.382218 0.267539
v 3.714084 2.242083 0.238520
v 3.781548 2.066126 0.276308
v 3.131375 2.732340 0.259121
v 3.811286 2.527745 0.238837
v 3.685941 2.175690 0.259139
v 3.185866 2.898319 0.252318
v 3.850012 2.359767 0.226506
v 3.750782 2.567460 0.266405
v 3.667729 2.438939 0.266766
v 3.332452 2.759273 0.257116
v 4.381083 2.163896 0.231186
v 3.939664 2.186451 0.234752
v 3.842711 2.144583 0.255524
v 4.142592 2.281614 0.265419
v 4.003619 2.272718 0.254354
v 4.118420 2.214297 0.237500
v 4.196612 2.830189 0.253167
v 4.128624 2.720086 0.255318
v 4.135015 2.145390 0.240218
v 4.381619 2.632802 0.262308
v 3.954623 2.463822 0.260212
v 4.384953 2.715983 0.255605
v 3.982586 2.714336 0.253574
v 4.385742 2.930608 0.252713
v 4.065545 2.473799 0.259777
v 4.275331 2.513410 0.262251
v 3.892235 2.508885 0.226092
v 3.921105 2.779032 0.220024
v 4.386425 2.518088 0.261299
v 4.380525 2.304718 0.270145
v 4.270993 2.371758 0.265256
v 4.299322 2.210631 0.236705
v 1.777398 3.222466 0.253958
v 1.833578 3.097445 0.260236
v 2.079738 3.010608 0.257630
v 1.866903 2.947636 0.262949
v 2.337132 3.186428 0.250702
v 2.302234 3.050198 0.255242
v 1.626168 3.492796 0.203529
v 1.845392 3.300826 0.212412
v 1.867061 3.553991 0.204985
v 1.740250 3.566335 0.191285
v 1.788544 3.462137 0.178931
v 1.940558 3.396772 0.207228
v 1.697129 3.340802 0.203688
v 1.950504 3.320089 0.178739
v 2.331500 3.688076 0.205095
v 2.200802 3.373345 0.211286
v 2.079606 3.367019 0.209411
v 2.328001 3.347374 0.206099
v 2.218415 3.315015 0.191973
v 2.073152 3.315804 0.187393
v 2.379351 3.296451 0.197642
v 1.822758 3.349655 0.185283
v 2.115449 3.209257 0.249198
v 2.111153 3.575948 0.204968
v 2.835468 3.159239 0.244501
v 2.507617 2.982647 0.256233
v 2.585582 3.152334 0.249676
v 3.018423 3.548943 0.225476
v 2.949877 3.425069 0.198123
v 3.037572 3.340188 0.240467
v 2.840537 3.617854 0.214876
v 3.059932 3.119596 0.246294
v 2.955637 3.215065 0.208191
v 2.891733 3.331965 0.208280
v 2.898687 3.204695 0.211498
v 2.850645 3.292644 0.198531
v 2.478189 3.296229 0.190788
v 2.510311 3.369165 0.217902
v 2.959483 3.038072 0.220128
v 2.850720 3.039481 0.240763
v 2.672510 3.374311 0.219876
v 2.543663 3.296122 0.196302
v 2.694019 3.284731 0.196257
v 3.606153 2.959564 0.252423
v 3.872726 2.976772 0.202933
v 3.780675 2.912821 0.251326
v 3.841583 3.237405 0.215580
v 3.860626 3.085540 0.228192
v 3.885479 3.281030 0.226214
v 3.802409 3.204904 0.245239
v 3.789130 3.037860 0.253823
v 3.529067 3.162578 0.247456
v 3.195457 3.384064 0.238235
v 3.540518 3.329842 0.243234
v 3.683330 3.116226 0.252507
v 3.279819 3.066578 0.248161
v 3.839831 3.400469 0.230882
v 3.361754 3.401486 0.235108
v 3.753055 3.452916 0.242587
v 3.403711 3.133521 0.246684
v 3.764448 3.360128 0.241956
v 3.633471 3.458464 0.236498
v 3.174529 3.214452 0.243609
v 3.490634 3.476409 0.237563
v 3.639901 3.647404 0.229920
v 4.068997 3.579833 0.236241
v 4.251391 2.930079 0.251281
v 3.946002 3.614323 0.238446
v 4.389428 3.712409 0.234163
v 4.283364 2.991712 0.248545
v 3.971409 2.932456 0.248399
v 4.265588 3.504683 0.238490
v 3.850836 3.554832 0.219751
v 4.241684 3.367270 0.242779
v 4.071625 3.482466 0.241031
v 4.159357 3.528628 0.237615
v 4.000632 3.436162 0.237073
v 4.101239 3.281446 0.245502
v 3.912191 3.539069 0.231202
v 3.911761 3.498024 0.198896
v 3.922559 3.403453 0.228110
v 3.943086 3.232786 0.224301
v 4.312107 3.143664 0.247315
v 4.033682 3.200058 0.244801
v 4.203419 3.227188 0.242124
v 3.978136 3.302511 0.246598
v 3.903744 3.142827 0.216821
v 4.152730 3.085999 0.247219
v 3.991171 3.120448 0.249426
v 4.385382 3.259619 0.244070
v 4.309090 3.616375 0.236905
v 4.379680 3.432255 0.241119
v 4.388644 3.555654 0.238810
v 2.090677 3.901443 0.196006
v 2.220909 3.780774 0.199548
v 1.715824 3.798160 0.192760
v 1.736727 3.907475 0.193514
v 2.083240 3.776134 0.197313
v 1.904093 3.904679 0.188302
v 1.859064 3.810834 0.193278
v 1.702717 3.727036 0.196161
v 1.921687 3.675539 0.186080
v 2.261352 3.903684 0.198602
v 2.396319 3.903986 0.198977
v 2.960655 3.902451 0.228766
v 3.061433 3.752586 0.228173
v 2.948465 3.839073 0.233736
v 2.890903 3.896808 0.205524
v 2.945182 3.796006 0.233998
v 3.045987 3.631897 0.235457
v 2.986380 3.761113 0.201916
v 2.746107 3.902507 0.208896
v 2.932090 3.661068 0.188792
v 2.802983 3.809382 0.211172
v 2.624506 3.685492 0.210561
v 2.505444 3.591793 0.212492
v 2.562092 3.902858 0.202643
v 3.182341 3.901302 0.221469
v 3.503160 3.682535 0.231335
v 3.432460 3.621452 0.235842
v 3.307315 3.524253 0.239332
v 3.145824 3.803545 0.228529
v 3.502066 3.811569 0.228500
v 3.515236 3.901747 0.224475
v 3.323162 3.803782 0.230882
v 3.358212 3.901940 0.223201
v 3.830581 3.897284 0.224098
v 3.808169 3.723047 0.225729
v 3.693521 3.898667 0.230035
v 3.875707 3.755558 0.216450
v 3.699923 3.697759 0.231914
v 4.171090 3.777745 0.231789
v 4.188987 3.896804 0.227779
v 4.057576 3.811708 0.231490
v 4.103052 3.673321 0.234404
v 3.982830 3.681686 0.249378
v 3.934279 3.777724 0.234072
v 3.954367 3.896144 0.223998
v 3.962407 3.817535 0.215299
v 4.388858 3.813515 0.234238
v 4.324640 3.756087 0.232699
v 3.867861 3.643941 0.212463
v 3.432676 -5.010161 0.289054
v 4.374729 -5.022676 -0.986293
v 3.838902 -5.009174 0.356545
v 2.950256 -4.581885 0.375644
v 2.806782 -4.674562 0.374737
v 3.060718 -4.724705 0.371114
v 3.126153 -4.493445 0.371601
v 2.914187 -4.439515 0.373128
v 3.245099 -4.679031 0.370930
v 3.200297 -4.860344 0.372140
v 3.003992 -4.851661 0.372526
v 3.202030 -4.607185 0.368915
v 3.380451 -4.677683 0.366229
v 3.220230 -5.003455 0.367137
v 3.066130 -5.007166 0.369958
v 3.415177 -4.549858 0.367186
v 3.337584 -4.456741 0.370774
v 3.435271 -5.007538 0.365895
v 3.404356 -4.844927 0.368455
v 2.616484 -5.003610 0.364574
v 2.778002 -4.914680 0.375678
v 2.652218 -4.563183 0.364307
v 2.835307 -5.005513 0.377667
v 3.888278 -4.778314 0.358501
v 3.789939 -4.530059 0.361074
v 3.479008 -4.453752 0.361771
v 3.923771 -5.005036 0.358497
v 3.544441 -4.658167 0.365411
v 3.743993 -4.825786 0.359533
v 3.581227 -5.001225 0.365642
v 3.461956 -4.930091 0.364691
v 4.169406 -4.739262 0.353372
v 3.942913 -4.860788 0.359552
v 3.504967 -4.531978 0.357285
v 3.479308 -4.715833 0.359872
v 3.654567 -4.500090 0.358382
v 4.087210 -4.926441 0.351912
v 3.477672 -4.619306 0.365789
v 4.066619 -5.005074 0.354610
v 3.767761 -4.637956 0.357929
v 3.872493 -4.625874 0.357534
v 3.572285 -4.553728 0.372862
v 3.595094 -4.710352 0.350465
v 3.654122 -4.643149 0.357399
v 3.637119 -4.325463 0.357353
v 3.552594 -4.760919 0.334746
v 4.206136 -4.834393 0.351730
v 3.997316 -4.637846 0.355957
v 4.095820 -4.519963 0.357562
v 4.066108 -4.414064 0.355291
v 3.899973 -4.427091 0.357838
v 3.561199 -4.838335 0.372686
v 4.149904 -4.655868 0.352458
v 3.618844 -4.893208 0.360825
v 3.729664 -4.906548 0.359826
v 3.603083 -4.796483 0.354597
v 4.358160 -4.890842 0.350991
v 4.358831 -5.007604 0.350185
v 4.363362 -4.771235 0.347674
v 4.189087 -5.007005 0.355263
v 4.263091 -4.929965 0.350389
v 4.357148 -4.661454 0.352384
v 4.217591 -4.540392 0.348552
v 4.364007 -4.443736 0.352901
v 4.251832 -4.394190 0.352588
v 4.359025 -4.545644 0.348130
v 3.377488 -4.107505 0.365750
v 3.190869 -4.334260 0.366965
v 3.333248 -3.952439 0.368264
v 2.869238 -4.269623 0.373848
v 3.041139 -4.297410 0.370253
v 2.696382 -4.358633 0.377717
v 3.075286 -3.947839 0.370361
v 3.214519 -3.805771 0.368766
v 3.371371 -4.291093 0.367103
v 3.104554 -3.662900 0.371927
v 3.176674 -4.171157 0.368232
v 3.029186 -4.076962 0.371238
v 2.879230 -3.881893 0.370827
v 3.347741 -3.652845 0.364980
v 3.434819 -3.785030 0.365300
v 2.715282 -3.788642 0.370745
v 2.830336 -3.698188 0.382966
v 2.712756 -4.099888 0.374873
v 3.570379 -4.238731 0.371516
v 3.728994 -4.365680 0.359398
v 3.889999 -3.813376 0.357917
v 3.494346 -4.003767 0.362181
v 3.563071 -4.117205 0.372276
v 3.765693 -3.775755 0.360125
v 3.497238 -4.138866 0.360636
v 3.742598 -4.152849 0.357400
v 3.575227 -3.978559 0.379231
v 3.472970 -4.281415 0.363489
v 3.637775 -4.145081 0.354268
v 3.556916 -4.390007 0.380080
v 3.905131 -3.700659 0.360970
v 4.159790 -3.713593 0.354568
v 4.046746 -3.708911 0.357474
v 4.100224 -3.907121 0.351408
v 3.986105 -3.848559 0.358396
v 3.537753 -3.911191 0.351534
v 3.877651 -4.319829 0.356887
v 3.997584 -4.373789 0.356426
v 3.672080 -4.020997 0.359259
v 3.514940 -3.843966 0.363241
v 3.577710 -3.828774 0.367648
v 3.543981 -3.703413 0.347896
v 3.978282 -4.003627 0.357513
v 3.906703 -3.960151 0.358101
v 3.914244 -4.205964 0.359554
v 3.871073 -4.076657 0.359397
v 3.630000 -3.884845 0.347809
v 3.632235 -3.699015 0.333827
v 4.093003 -4.029456 0.357093
v 3.626307 -3.783504 0.338813
v 4.104817 -4.236092 0.356521
v 4.154741 -4.058875 0.352439
v 4.365476 -3.675713 0.334987
v 4.283257 -3.721056 0.358375
v 4.270055 -3.857759 0.350311
v 4.364673 -4.088432 0.352238
v 4.363511 -4.309515 0.350598
v 4.289049 -4.156233 0.351258
v 4.199473 -4.100995 0.352019
v 4.361995 -3.868043 0.354350
v 4.364695 -3.961912 0.352743
v 3.187327 -3.580739 0.329766
v 3.303065 -3.447393 0.347305
v 3.201236 -3.513043 0.330216
v 3.090840 -3.549376 0.327446
v 3.314048 -3.545607 0.342440
v 3.005807 -3.557013 0.335709
v 3.463635 -3.492785 0.344526
v 3.454797 -3.306603 0.350179
v 2.908844 -3.629427 0.371090
v 3.514061 -3.055920 0.343508
v 3.414338 -3.636953 0.363299
v 3.374747 -3.558373 0.359336
v 3.020705 -3.436823 0.350842
v 3.273870 -3.339957 0.351530
v 3.066690 -3.296131 0.355969
v 3.120129 -2.954950 0.346904
v 2.985225 -3.294524 0.375335
v 2.930018 -3.566203 0.381997
v 3.047762 -3.016296 0.317895
v 3.047043 -3.206423 0.352578
v 2.793707 -3.626571 0.375618
v 2.707377 -3.660563 0.391107
v 3.040271 -3.098888 0.344559
v 2.816217 -3.512743 0.393492
v 2.992205 -3.070979 0.383597
v 3.003874 -2.850444 0.378225
v 3.402612 -3.219321 0.346848
v 3.027707 -3.342823 0.336337
v 3.877157 -3.589765 0.344049
v 3.882758 -3.633502 0.331446
v 3.817066 -3.561953 0.332270
v 3.814778 -3.458119 0.341917
v 4.045562 -3.455600 0.337266
v 4.009357 -3.530365 0.312498
v 4.108604 -3.511117 0.334288
v 4.048540 -3.624663 0.324943
v 3.946314 -3.402206 0.343441
v 3.906328 -3.496577 0.331262
v 4.204023 -3.662310 0.328804
v 4.099565 -3.575433 0.333895
v 3.983985 -3.613423 0.332595
v 3.761719 -3.585374 0.312651
v 3.535293 -3.623651 0.345658
v 3.456673 -3.604771 0.375236
v 3.702569 -3.516503 0.316706
v 3.705286 -3.690688 0.361183
v 3.612307 -3.590538 0.360471
v 3.694619 -3.572811 0.322945
v 3.577801 -3.517171 0.325940
v 3.846761 -3.172610 0.337580
v 3.915743 -3.041844 0.337425
v 3.872468 -3.305724 0.343112
v 4.077385 -3.264370 0.338018
v 3.694195 -3.435334 0.348586
v 4.000028 -3.128096 0.336012
v 3.402739 -2.938575 0.342953
v 4.110585 -2.984452 0.331610
v 4.195996 -3.119324 0.331778
v 4.073378 -3.176327 0.335496
v 4.156083 -3.386171 0.334565
v 3.635020 -3.167590 0.343478
v 3.763643 -2.909054 0.338978
v 3.739889 -3.288986 0.342538
v 3.576560 -3.360932 0.349111
v 4.288464 -3.611623 0.319796
v 4.270997 -3.555559 0.304594
v 4.199317 -3.590956 0.350196
v 4.193070 -3.540636 0.317539
v 4.359906 -3.491880 0.331698
v 4.358720 -3.547540 0.309926
v 4.371282 -2.973582 0.326086
v 4.366293 -3.107601 0.329105
v 4.250005 -3.206177 0.332237
v 4.316512 -3.238337 0.333604
v 4.256677 -3.354129 0.334881
v 4.366117 -3.341022 0.331694
v 3.021827 -2.562309 0.376493
v 3.239027 -2.802018 0.342216
v 3.276623 -2.185756 0.345020
v 3.061938 -2.852274 0.307252
v 3.248692 -2.383350 0.347205
v 3.073981 -2.408270 0.333529
v 3.111377 -2.827647 0.341685
v 3.089020 -2.274908 0.347065
v 3.052150 -2.683589 0.343277
v 2.652340 -2.804979 0.399381
v 3.104869 -2.550098 0.352772
v 3.078501 -2.615492 0.332153
v 3.034661 -2.202229 0.378007
v 3.486299 -2.352367 0.344889
v 3.401448 -2.707006 0.338114
v 3.242756 -2.651296 0.318047
v 3.332700 -2.575121 0.345417
v 3.689884 -2.437524 0.342301
v 3.688875 -2.169735 0.340196
v 3.820458 -2.573016 0.345775
v 3.742434 -2.684614 0.334030
v 3.445673 -2.639839 0.315016
v 3.624233 -2.662985 0.309715
v 3.601558 -2.729490 0.337842
v 3.960893 -2.255346 0.339345
v 3.951133 -2.407113 0.340295
v 3.599636 -2.591354 0.338969
v 3.957303 -2.610238 0.344720
v 4.059121 -2.291985 0.336623
v 4.153396 -2.386896 0.334394
v 3.987769 -2.691812 0.340323
v 4.049534 -2.538369 0.336717
v 3.917172 -2.862450 0.334561
v 3.897612 -2.749952 0.332959
v 4.117461 -2.715679 0.341789
v 4.096830 -2.888071 0.330831
v 4.102992 -2.637406 0.323600
v 4.032543 -2.751349 0.330234
v 4.368935 -2.796258 0.326256
v 4.371264 -2.592219 0.331043
v 4.369586 -2.421884 0.330968
v 4.292933 -2.674628 0.321284
v 4.281642 -2.908773 0.328874
v 4.246925 -2.742231 0.322099
v 4.198906 -2.616521 0.336985
v 4.234426 -2.222067 0.331996
v 4.368142 -2.256350 0.334577
v 4.295026 -2.428249 0.335833
v 4.284558 -2.308913 0.336768
v 3.084411 -1.761507 0.339665
v 3.122183 -2.085943 0.349036
v 3.093187 -1.940864 0.340362
v 3.079497 -2.118261 0.324886
v 3.195419 -1.550834 0.326247
v 3.242135 -1.676868 0.300117
v 3.049958 -1.949060 0.370147
v 3.430781 -1.499379 0.318656
v 3.376682 -1.641319 0.301952
v 3.068288 -1.586164 0.359450
v 3.089634 -1.595101 0.328585
v 2.895838 -1.892131 0.378807
v 3.312836 -1.955958 0.342864
v 3.446530 -2.105719 0.342949
v 3.416423 -1.761004 0.328138
v 3.983388 -1.709944 0.319947
v 3.896110 -1.740085 0.310061
v 4.078071 -1.626111 0.320795
v 3.947289 -1.825631 0.334022
v 3.784968 -1.726723 0.314503
v 3.875271 -1.663321 0.301932
v 4.081081 -1.803121 0.326537
v 3.745170 -1.815372 0.337551
v 3.979377 -1.755471 0.304927
v 3.886530 -1.587827 0.323768
v 4.041504 -1.721934 0.331383
v 3.953139 -1.664773 0.308783
v 4.259383 -1.503191 0.322901
v 3.570240 -1.504058 0.298979
v 3.704437 -1.575598 0.325107
v 3.498923 -1.657458 0.303262
v 3.626760 -1.638766 0.277040
v 3.678013 -1.997745 0.340214
v 3.601032 -1.825412 0.338916
v 3.763414 -2.099059 0.340758
v 3.622323 -1.738791 0.308124
v 3.655318 -1.473487 0.291830
v 3.976202 -2.044973 0.337128
v 4.082702 -2.087720 0.336914
v 4.133205 -1.679299 0.311140
v 4.373262 -1.696303 0.288141
v 4.242781 -2.030513 0.332520
v 4.367752 -1.825848 0.326753
v 4.167603 -1.776921 0.310554
v 4.239053 -1.763434 0.305037
v 4.144351 -1.931925 0.334462
v 4.226608 -1.648074 0.309528
v 4.369048 -1.935980 0.330313
v 4.371307 -2.114445 0.332973
v 4.373993 -1.476644 0.324128
v -2.439806 -0.990019 0.434609
v -2.489337 -0.684667 0.433223
v -2.767295 -1.091462 0.403767
v -2.434128 -1.160073 0.413991
v -2.284743 -0.955018 0.589156
v -2.674051 -0.766881 0.405894
v -2.626811 -0.502144 0.406215
v -2.267963 -0.684125 0.662951
v -2.469182 -0.217698 0.412035
v -2.757422 -0.304681 0.398645
v -2.489641 -0.408915 0.422729
v -2.282885 -0.397877 0.617332
v -2.345179 -0.204792 0.524140
v -2.862904 0.023358 0.389696
v -2.641701 0.111301 0.387248
v -2.323748 -0.025405 0.513194
v -2.313674 0.121923 0.481371
v -2.262618 0.318573 0.468993
v -2.424454 0.052068 0.407547
v -2.196028 0.196289 0.576994
v -2.654958 0.589251 0.371935
v -2.432839 0.658467 0.376050
v -2.215861 0.623468 0.399388
v -2.145056 0.459760 0.526785
v -2.333013 0.410654 0.391127
v -1.936663 0.572228 0.710206
v -2.835948 0.755631 0.361953
v -2.907541 0.926676 0.348319
v -2.656475 0.860965 0.366654
v -2.511510 0.886043 0.367933
v -2.038648 0.931862 0.389103
v -2.225428 0.823509 0.370765
v -1.964239 0.708245 0.576428
v -1.910589 0.901792 0.500053
v -1.790812 0.813888 0.696018
v -1.612457 1.049007 0.671542
v -2.707613 1.076922 0.359908
v -2.705216 1.282777 0.356348
v -2.472848 1.212460 0.361552
v -2.335112 1.060082 0.368958
v -1.689727 1.402600 0.352929
v -1.792086 1.226256 0.385106
v -2.134414 1.239597 0.359230
v -1.886234 1.355175 0.352478
v -1.970796 1.042682 0.378845
v -2.085726 1.038929 0.364617
v -1.442755 1.362865 0.527064
v -2.739080 1.773230 0.334895
v -2.795027 1.494143 0.340973
v -2.674833 1.570768 0.343994
v -2.363602 1.710155 0.344790
v -2.430843 1.471053 0.356290
v -2.276491 1.544759 0.351450
v -2.113158 1.514346 0.351272
v -1.924338 1.616495 0.349159
v -1.459666 1.492203 0.412793
v -1.537992 1.540693 0.343773
v -1.616593 1.359550 0.412977
v -1.363101 1.667105 0.339689
v -1.553572 1.317189 0.484458
v -1.657538 1.681639 0.342546
v -1.488132 1.779147 0.336930
v -0.958602 1.742874 0.450511
v -1.183893 1.737025 0.361837
v -1.192862 1.606130 0.462556
v -1.074147 1.590096 0.540360
v -0.924764 1.578862 0.640077
v -2.684274 2.000458 0.330631
v -2.553045 1.929789 0.336746
v -2.635795 2.157113 0.329472
v -2.242536 1.915383 0.343047
v -2.116502 1.890584 0.345865
v -2.101461 2.130939 0.343455
v -1.827701 2.068467 0.348313
v -2.064281 1.981510 0.343924
v -1.963286 1.910097 0.345446
v -1.763566 2.103114 0.340532
v -1.723091 1.958135 0.339125
v -1.842870 1.820978 0.345081
v -1.434532 1.925762 0.334639
v -1.115303 2.063634 0.330759
v -0.955398 1.915131 0.329136
v -1.059445 1.830577 0.342656
v -1.229019 1.850064 0.327598
v -0.868418 2.144840 0.328168
v -0.592425 2.023924 0.325955
v -0.773837 1.952325 0.339608
v -0.775764 1.748780 0.516859
v -0.622869 1.804977 0.511905
v -0.765685 2.029030 0.325595
v -0.251610 2.057903 0.339336
v -0.325053 2.077466 0.325286
v -0.432526 1.951111 0.421916
v -0.059453 2.088333 0.339147
v -0.165333 2.026370 0.378246
v -0.109695 1.850129 0.568003
v -1.354730 2.155784 0.329571
v -2.111840 -0.977631 0.821757
v -1.951961 -1.168275 1.090178
v -2.159683 -0.690354 0.828655
v -2.158219 -0.429275 0.805268
v -2.156569 -0.003790 0.702274
v -2.217108 -0.121523 0.652043
v -2.080640 -0.134439 0.910877
v -2.044822 0.075369 0.878143
v -1.910939 0.225222 1.102423
v -1.975174 0.230766 0.932448
v -2.074446 0.187635 0.744571
v -2.055511 0.365187 0.679079
v -1.883420 0.460888 0.927116
v -1.688785 0.758488 0.956959
v -1.477625 0.995248 0.967754
v -1.323727 1.314366 0.670825
v -1.437522 1.115214 0.815331
v -1.187496 1.308137 0.825931
v -1.185609 1.116634 1.258293
v -0.979625 1.469179 0.762754
v -0.509720 1.664975 0.733692
v -0.731681 1.595172 0.727978
v -0.716832 1.446223 1.111856
v -0.259500 1.712291 0.738487
v -1.947669 -0.894510 1.294797
v -1.816857 -1.245144 1.402301
v -2.023144 -0.479741 1.137055
v -1.949326 -0.288018 1.354555
v -2.002402 -0.689054 1.216866
v -1.887591 -0.621916 1.644325
v -1.832826 0.227515 1.323157
v -1.899964 0.008547 1.331533
v -1.994036 -0.131931 1.144249
v -1.811278 0.399825 1.175417
v -1.758298 0.375087 1.357635
v -1.641228 0.488047 1.551482
v -1.661544 0.611194 1.255417
v -1.664230 0.505579 1.427695
v -1.415088 0.976024 1.124690
v -0.921670 1.259375 1.353373
v -1.046758 1.293163 1.070131
v -1.349958 0.863307 1.553970
v -0.439299 1.479248 1.269128
v -0.119138 1.532281 1.273760
v -1.771985 -1.050056 1.817563
v -1.648178 -1.377727 1.787593
v -1.832085 -0.757891 1.828530
v -1.813480 -0.552724 1.988315
v -1.838020 -0.276358 1.798132
v -1.883800 -0.170617 1.540306
v -1.804329 0.150530 1.513599
v -1.750883 0.161463 1.703717
v -1.657718 0.395403 1.667920
v -1.496761 0.596290 1.806827
v -1.607099 0.427447 1.789631
v -1.598058 0.728190 1.204946
v -1.135956 1.075416 1.481689
v -0.758518 1.328261 1.395682
v -0.682573 1.275135 1.709285
v -0.899891 1.165793 1.711205
v -0.521504 1.365836 1.577251
v -0.224791 1.414543 1.662970
v 0.176554 1.405441 1.762709
v -1.733821 -0.772602 2.359337
v -1.724164 -0.175257 2.308950
v -1.784091 -0.095146 1.887168
v -1.650377 0.242663 2.026465
v -1.487701 0.513343 2.072965
v -1.307935 0.802803 1.867634
v -1.340316 0.710542 2.068933
v -1.202144 0.825478 2.178416
v -1.010290 1.055022 1.882604
v -0.797938 1.169229 1.925611
v -0.858771 1.074611 2.219415
v -0.309642 1.311772 2.076412
v 0.051536 1.371716 1.945044
v -1.678400 -1.026243 2.358505
v -1.754765 -0.558381 2.326210
v -1.701234 -0.311058 2.631712
v -1.582567 0.331096 2.146364
v -1.625375 0.167430 2.339761
v -1.447124 0.477538 2.437582
v -1.628563 0.085942 2.568856
v -0.814494 1.077578 2.353615
v -1.166480 0.791969 2.527215
v -0.546654 1.198157 2.321036
v 0.017649 1.289250 2.404491
v -1.568110 -1.161869 2.996323
v -1.649365 -0.102060 2.922202
v -1.532343 0.240871 2.855640
v -1.408429 0.439958 2.923800
v -0.835669 1.018511 2.629294
v -0.299234 1.196394 2.796410
v -0.538291 1.132648 2.797814
v 0.006801 1.227549 2.837629
v -1.691089 -0.763389 2.794167
v -1.682657 -0.391257 2.981446
v -1.682910 -0.574352 3.161349
v -1.657251 -0.277000 3.379313
v -1.528223 0.212600 3.196972
v -1.236443 0.673366 2.762466
v -1.107988 0.772619 3.251864
v -0.849222 0.964580 3.106200
v -0.943656 0.917437 2.918401
v -0.668614 1.062107 3.122240
v -0.158213 1.203287 3.258737
v -0.404346 1.154444 3.205858
v -1.565717 -1.086116 3.415660
v -1.637404 -0.857587 3.332094
v -1.657031 -0.761952 3.687002
v -1.667493 -0.514084 3.543277
v -1.647254 -0.202269 3.634104
v -1.586828 0.017893 3.540702
v -1.485958 0.274428 3.459749
v -1.359859 0.485999 3.604586
v -1.361166 0.482561 3.312264
v -0.962519 0.883231 3.546058
v -1.135504 0.782344 3.861826
v -0.744024 1.017497 3.511374
v 0.075176 1.199453 3.575882
v -1.708359 -0.606810 4.137872
v -1.643428 -0.911845 3.987141
v -1.668418 -0.116382 4.082132
v -1.299629 0.619009 3.889003
v -1.554341 0.235772 4.030395
v -1.478620 0.326702 3.777782
v -1.210550 0.672256 3.652595
v -0.912045 0.951963 3.826837
v -0.662930 1.108688 3.964983
v -0.532939 1.114334 3.659456
v -0.156904 1.200565 3.646213
v -1.649746 -1.126180 4.478683
v -1.583697 -1.081441 3.909195
v -1.694529 -0.345936 4.051034
v -1.456181 0.424346 4.042322
v -1.384632 0.648925 4.490888
v -1.311680 0.671263 4.215255
v -1.177175 0.806244 4.186851
v -0.953613 0.982167 4.163682
v -0.267700 1.319299 4.545974
v -0.277180 1.226935 3.986215
v -0.464419 1.219543 4.211417
v -1.772908 -0.466802 4.569484
v -1.753923 -0.716096 4.504161
v -1.779963 -0.224178 4.683350
v -1.736914 0.014360 4.690774
v -1.578867 0.281541 4.318138
v -1.592017 0.348571 4.580938
v -1.396679 0.701286 4.730123
v -1.187504 0.878518 4.578026
v -0.993910 1.077138 4.767909
v -0.537681 1.342236 4.953283
v -0.797045 1.142608 4.536823
v -1.032810 0.976979 4.423565
v -0.579937 1.230152 4.509242
v -1.764218 -0.998821 4.866041
v -1.854160 -0.550792 4.968942
v -1.594381 0.436800 4.804624
v -1.332202 0.867445 5.006936
v -0.767874 1.242413 4.921365
v -0.959717 1.168122 5.030180
v -0.179354 1.398345 4.854188
v 0.050364 1.357030 4.618539
v 0.282868 1.462823 1.495401
v -2.403233 2.213611 0.333848
v -2.787083 3.919158 0.244783
v -1.258965 3.912989 0.270217
v -2.141784 3.909882 0.266193
v -1.667428 3.916812 0.268704
v -0.475679 3.916337 0.096892
v -2.945429 2.486846 0.277675
v -3.003008 2.235188 0.304068
v -3.292326 2.387560 0.298373
v -3.189396 2.253628 0.302918
v -3.236954 2.135571 0.301794
v -2.925460 2.403200 0.283607
v -2.959748 2.226207 0.281471
v -2.895995 2.327482 0.279536
v -2.905702 2.260013 0.266317
v -2.826948 2.282058 0.316351
v -2.895305 2.151343 0.264551
v -2.873746 2.111758 0.315844
v -2.954676 2.123659 0.284196
v -2.576179 2.456512 0.330624
v -2.259668 2.185871 0.337555
v -2.511142 2.402670 0.331684
v -1.968465 2.234273 0.340924
v -2.041922 2.444860 0.334554
v -1.862570 2.380066 0.336652
v -2.163423 2.352121 0.334967
v -1.974338 2.338949 0.338878
v -1.700196 2.373211 0.333123
v -1.562625 2.356369 0.329060
v -1.441011 2.282015 0.328228
v -1.614079 2.205785 0.333007
v -1.155215 2.358524 0.328364
v -1.333084 2.526537 0.323278
v -0.965918 2.268543 0.326927
v -1.081989 2.309313 0.328804
v -0.801811 2.296126 0.326563
v -0.586549 2.292688 0.324255
v -0.723921 2.414410 0.323553
v -3.268148 2.622018 0.285770
v -3.205504 2.856468 0.287627
v -3.072425 2.875134 0.283817
v -3.098902 2.743666 0.293730
v -3.301295 2.726543 0.293392
v -3.172503 2.612805 0.278369
v -3.351532 2.604769 0.284111
v -3.282584 2.582120 0.303771
v -3.321853 2.522134 0.286639
v -3.232966 2.546326 0.295563
v -3.176895 2.522603 0.300166
v -3.092632 2.593303 0.275121
v -2.961113 2.620912 0.263143
v -3.116207 2.484869 0.291000
v -2.947003 2.802388 0.288551
v -2.588776 2.855868 0.287040
v -2.927616 2.700118 0.280508
v -2.852403 2.593983 0.272982
v -2.773836 2.513689 0.318504
v -2.678385 2.754961 0.316237
v -2.690106 2.516891 0.323031
v -2.794401 2.780945 0.294355
v -2.872476 2.794277 0.305498
v -2.823207 2.705868 0.285535
v -2.938473 2.861318 0.304265
v -2.337446 2.462227 0.332222
v -2.411653 2.614214 0.326453
v -2.467964 2.768431 0.314188
v -2.306645 2.820014 0.282729
v -2.126171 2.617312 0.325504
v -1.902954 2.554130 0.330862
v -1.966637 2.787805 0.294919
v -2.103611 2.797805 0.286662
v -1.797417 2.805780 0.289288
v -1.726519 2.616502 0.322426
v -1.447736 2.766773 0.296350
v -1.600760 2.558183 0.323863
v -1.703370 2.764133 0.295236
v -1.333324 2.792444 0.291770
v -0.945679 2.870941 0.251441
v -1.006229 2.525539 0.323300
v -0.878034 2.857231 0.286397
v -0.878324 2.751138 0.303928
v -1.069015 2.747649 0.304657
v -0.573109 2.805113 0.283187
v -0.397730 2.717114 0.306742
v -0.795900 2.586992 0.322639
v -3.033222 3.150401 0.280730
v -3.226650 3.062719 0.282875
v -3.050660 2.998726 0.283588
v -3.258287 2.907568 0.288100
v -2.978097 3.231660 0.278651
v -3.328859 3.261246 0.276790
v -3.271545 3.159215 0.279898
v -2.946736 3.066303 0.268752
v -2.808527 3.189184 0.268524
v -2.883557 3.150494 0.260515
v -2.851536 3.088268 0.258575
v -2.781128 3.067317 0.281104
v -2.715046 2.935940 0.285781
v -2.668208 3.113760 0.281857
v -2.867209 3.037444 0.265258
v -2.951456 2.932660 0.289342
v -2.811384 2.866073 0.285404
v -2.835775 2.964855 0.281249
v -2.377809 3.073328 0.281177
v -2.343150 3.271932 0.281353
v -2.544581 2.970989 0.285137
v -2.509427 3.166124 0.280181
v -2.433783 2.841723 0.289109
v -1.975038 3.166935 0.281747
v -1.859292 3.184358 0.280111
v -2.166517 3.144656 0.280712
v -2.078677 3.070707 0.283877
v -2.064845 3.245218 0.277928
v -2.180334 2.915419 0.286693
v -1.989207 2.938750 0.284891
v -1.778765 2.972894 0.285519
v -1.766056 2.875400 0.288758
v -1.581753 2.896994 0.286904
v -1.735873 3.196667 0.281205
v -1.605725 3.117346 0.284334
v -1.358665 3.039828 0.286585
v -1.248235 3.005512 0.287377
v -1.234860 3.221989 0.286063
v -1.479469 3.184749 0.282973
v -1.088147 3.095140 0.289014
v -1.124903 2.902807 0.288815
v -0.846681 3.020015 0.277740
v -0.843460 3.225666 0.273840
v -0.944388 3.115067 0.288038
v -0.900053 3.143150 0.256341
v -0.990691 3.143765 0.265948
v -1.024669 3.239589 0.275393
v -1.002704 2.956710 0.276454
v -0.986853 3.046625 0.270163
v -0.919466 2.987650 0.260048
v -3.192347 3.411813 0.273885
v -3.244993 3.325260 0.275363
v -3.174447 3.541844 0.271357
v -3.180005 3.244790 0.276296
v -3.089296 3.226021 0.277741
v -3.032700 3.631519 0.269493
v -3.066550 3.485902 0.272273
v -3.028351 3.423880 0.273494
v -2.927877 3.421734 0.263963
v -3.315982 3.423553 0.271225
v -3.101058 3.370265 0.274399
v -3.246092 3.607788 0.269566
v -2.569822 3.369146 0.275866
v -2.782632 3.533687 0.249404
v -2.766444 3.586629 0.269055
v -2.639773 3.208830 0.276673
v -2.639635 3.532668 0.263102
v -2.585632 3.469418 0.268499
v -2.655731 3.409410 0.266841
v -2.666497 3.331088 0.276369
v -2.735519 3.249836 0.277306
v -2.904890 3.281746 0.261020
v -2.855693 3.541734 0.276628
v -2.841305 3.249084 0.251932
v -2.730965 3.465972 0.278017
v -2.855855 3.471503 0.282476
v -2.781284 3.368301 0.271524
v -2.832174 3.394785 0.246716
v -2.958472 3.336376 0.268891
v -2.849503 3.330555 0.252836
v -2.828207 3.643224 0.247076
v -2.944602 3.553964 0.266933
v -2.243584 3.691921 0.276309
v -2.366584 3.574661 0.274873
v -2.513896 3.513624 0.249483
v -2.317763 3.516459 0.257636
v -2.480488 3.429054 0.262403
v -2.550606 3.436429 0.246895
v -2.385511 3.478025 0.258455
v -2.362039 3.421965 0.247700
v -2.292590 3.405348 0.266662
v -2.571682 3.530568 0.259303
v -2.430563 3.529125 0.258102
v -1.918970 3.341542 0.280241
v -1.906977 3.480495 0.326859
v -1.938527 3.536753 0.302001
v -1.964885 3.464571 0.317807
v -1.874903 3.433928 0.330593
v -2.010300 3.404825 0.265785
v -2.243783 3.593199 0.273723
v -2.206535 3.512694 0.264954
v -2.114091 3.515594 0.263706
v -1.984184 3.585464 0.277239
v -2.138855 3.346591 0.279172
v -2.104487 3.470152 0.282594
v -2.001420 3.512949 0.266515
v -2.198528 3.405017 0.262434
v -2.030204 3.459362 0.279224
v -1.703823 3.473632 0.272535
v -1.493099 3.689327 0.275095
v -1.536584 3.393671 0.254489
v -1.806488 3.504890 0.290716
v -1.796959 3.446027 0.309426
v -1.454852 3.525711 0.278989
v -1.822013 3.388085 0.287245
v -1.593790 3.462505 0.264330
v -1.680512 3.395400 0.254718
v -1.765070 3.585575 0.272176
v -1.677350 3.519589 0.270902
v -1.871708 3.530104 0.308523
v -1.297590 3.520331 0.275195
v -1.308036 3.387929 0.251274
v -1.435606 3.377454 0.248470
v -1.188123 3.367676 0.264475
v -1.170357 3.662380 0.272746
v -1.477240 3.331247 0.276938
v -1.210211 3.428710 0.269971
v -1.479639 3.474318 0.256788
v -1.338186 3.454656 0.250309
v -1.181214 3.455142 0.248812
v -0.969004 3.593892 0.253770
v -1.056911 3.519375 0.274987
v -0.886202 3.561378 0.247621
v -1.076317 3.441557 0.255037
v -1.003122 3.428552 0.277868
v -0.835501 3.409041 0.268027
v -0.984348 3.489084 0.258940
v -0.894774 3.446173 0.247860
v -1.008689 3.348669 0.261224
v -0.940328 3.479362 0.275386
v -0.920712 3.414958 0.278275
v -0.919291 3.291313 0.245615
v -0.676227 3.229812 0.271321
v -0.729082 3.563361 0.264412
v -0.619034 3.439443 0.267511
v -3.070007 3.921060 0.262870
v -3.124156 3.849343 0.264284
v -3.279113 3.749332 0.265962
v -3.142074 3.668968 0.269969
v -3.277985 3.920124 0.265149
v -2.670917 3.919325 0.268874
v -2.882600 3.845240 0.252272
v -2.892452 3.920629 0.253917
v -2.765359 3.826364 0.262779
v -2.696941 3.812398 0.268727
v -2.995572 3.758282 0.267287
v -2.899506 3.679806 0.252745
v -2.809565 3.740050 0.245308
v -2.733222 3.696910 0.265348
v -2.655251 3.606356 0.272181
v -2.821155 3.821095 0.247826
v -2.553184 3.726442 0.273029
v -2.886439 3.750952 0.255049
v -2.505737 3.916708 0.268319
v -2.590569 3.826795 0.269967
v -2.285691 3.911708 0.270012
v -2.282597 3.776792 0.271766
v -2.500606 3.674144 0.273361
v -2.412427 3.673433 0.273139
v -2.455682 3.801576 0.272608
v -1.989962 3.916718 0.269871
v -1.905473 3.837171 0.269753
v -1.844497 3.729329 0.273565
v -2.032771 3.779884 0.274879
v -2.057254 3.832610 0.269247
v -2.163321 3.637251 0.274615
v -2.107896 3.727268 0.273668
v -1.816397 3.916863 0.270165
v -1.569307 3.804743 0.270692
v -1.485084 3.915562 0.269657
v -1.768548 3.691731 0.265706
v -1.469133 3.778480 0.273214
v -1.463964 3.628195 0.276432
v -1.180047 3.794307 0.275345
v -1.331372 3.724825 0.273830
v -1.378718 3.916339 0.269849
v -1.094810 3.912323 0.271989
v -0.882271 3.856904 0.235241
v -0.967618 3.851583 0.260398
v -0.886565 3.911364 0.232758
v -0.759714 3.908948 0.257708
v -0.873789 3.735024 0.246509
v -1.002818 3.738309 0.272622
v -0.929863 3.774668 0.243112
v -0.700605 3.807821 0.258538
v -0.574067 3.913311 0.254403
v -1.228008 -1.933140 5.077427
v -1.251482 -2.000716 5.323530
v -1.308015 -2.111317 5.708838
v -1.520752 -1.854783 5.580842
v -1.196997 -2.151363 5.601234
v -0.848213 -2.350991 5.603148
v -1.030951 -2.228032 5.521768
v -1.199890 -2.099584 5.469856
v -1.067730 -2.116291 5.260569
v -0.857760 -2.315603 5.504177
v -1.108813 -2.118970 5.348991
v -0.807157 -2.281743 5.349030
v -0.915427 -2.198872 5.249491
v -0.890924 -2.368509 5.700516
v -0.936821 -2.125518 5.037107
v -1.043619 -2.079626 5.101423
v -0.598983 -2.456539 5.638050
v -1.015834 -2.036397 4.875109
v -0.554681 -2.352487 5.266256
v -0.574819 -2.388212 5.410253
v -0.730482 -2.401808 5.609119
v -0.805844 -2.213404 5.100417
v -0.604619 -2.286331 5.078052
v -0.679747 -2.335090 5.349306
v -0.344935 -2.373693 5.144451
v -0.281513 -2.489616 5.519866
v -0.291870 -2.435763 5.342095
v -0.462200 -2.310954 5.008379
v -0.446880 -2.401413 5.335956
v 0.182778 -2.543295 5.623933
v -0.211001 -2.572248 5.737779
v -0.323934 -2.515407 5.610446
v -0.031393 -2.436306 5.250333
v -0.449500 -2.489798 5.620503
v -0.344138 -2.553744 5.736753
v 0.085888 -2.393028 5.078132
v -0.118219 -2.511547 5.522338
v 0.178320 -2.436071 5.268765
v -0.114034 -2.375049 5.024286
v 0.000741 -2.476561 5.393414
v 0.020052 -2.548933 5.631037
v 0.198517 -2.478897 5.425829
v 0.908479 -2.171042 5.052163
v 0.609846 -2.365662 5.311519
v 0.963309 -2.288004 5.528616
v 0.854408 -2.390254 5.671285
v 0.369828 -2.538274 5.681903
v 0.452194 -2.333840 5.036811
v 0.685028 -2.295728 5.165392
v 0.622057 -2.450526 5.598231
v 0.740918 -2.334417 5.358181
v 0.625497 -2.401313 5.455143
v 0.940111 -2.240163 5.347994
v 0.505074 -2.523898 5.717846
v 0.606832 -2.308277 5.104991
v 0.979542 -2.126933 5.012135
v 0.428448 -2.456652 5.457828
v 0.777239 -2.366950 5.500540
v 0.848752 -2.240194 5.203648
v 0.757834 -2.223768 4.980185
v 0.424013 -2.396392 5.252867
v 0.315746 -2.436527 5.328627
v 0.934439 -2.188309 5.166437
v 1.017956 -2.239429 5.461071
v 1.261458 -1.920665 4.990655
v 1.312527 -2.136741 5.693396
v 1.241704 -2.058513 5.359498
v 1.440446 -1.977846 5.582096
v 1.107905 -2.078669 5.128939
v 1.022314 -2.311713 5.672489
v 1.003677 -2.207307 5.348037
v -1.502910 -1.664119 5.136972
v -1.374622 -1.770384 5.014925
v -1.385037 -1.897222 5.366130
v -1.697852 -1.585660 5.525334
v 1.619082 -1.700697 5.402531
v 1.576358 -1.630311 5.120716
v 1.675033 -1.822192 5.775156
v 1.420965 -1.859150 5.245629
v -0.747132 -2.606016 6.247106
v -0.696811 -2.644660 6.357160
v -0.500956 -2.691041 6.311254
v -0.847047 -2.600209 6.392081
v -0.630243 -2.613209 6.122396
v -0.368129 -2.738904 6.452856
v -0.295582 -2.735688 6.352213
v -0.402698 -2.658498 6.097463
v -0.190391 -2.740281 6.311802
v -0.219066 -2.766396 6.497907
v -0.401531 -2.684964 6.198002
v 0.014332 -2.770269 6.427817
v -0.089102 -2.757642 6.377848
v -0.119863 -2.680907 6.045153
v -0.079610 -2.736237 6.261348
v 0.063504 -2.727470 6.201701
v 0.001750 -2.653338 5.946022
v 0.120336 -2.677979 6.025318
v 0.172528 -2.745288 6.314118
v -0.239396 -2.696473 6.134022
v 0.281683 -2.660387 6.009463
v -0.016089 -2.707788 6.131666
v -0.323255 -2.634750 5.975390
v 0.336488 -2.755083 6.491419
v 0.282061 -2.739981 6.337413
v 0.686261 -2.646920 6.283958
v 0.513263 -2.720400 6.451278
v 0.737568 -2.618619 6.222133
v 0.477997 -2.697481 6.273539
v 0.640728 -2.628251 6.145583
v 0.541157 -2.615104 6.006948
v 0.370972 -2.679837 6.115895
v -1.451013 -2.034211 5.804910
v -1.750414 -1.866837 6.174108
v -1.625815 -2.015582 6.178618
v -1.359143 -2.278810 6.249490
v -1.579809 -2.127167 6.424317
v -1.612212 -1.956040 6.002644
v -1.359037 -2.226577 6.089209
v -1.464836 -2.088656 5.961375
v -1.392483 -2.280280 6.377315
v -1.741927 -1.802741 6.018834
v -1.450089 -2.205217 6.248196
v -1.472658 -2.147964 6.126637
v -1.324515 -2.172655 5.882154
v -1.707143 -1.982361 6.372303
v -1.401445 -2.143343 5.971167
v -1.212240 -2.418335 6.435538
v -0.731527 -2.466473 5.794536
v -1.112663 -2.431360 6.208731
v -1.159208 -2.363464 6.085000
v -1.237612 -2.365332 6.260585
v -0.971450 -2.415172 5.933881
v -1.174244 -2.302161 5.934255
v -1.246392 -2.227188 5.862438
v -1.106431 -2.262582 5.728761
v -0.877749 -2.535590 6.165627
v -0.986679 -2.473649 6.125573
v -1.079368 -2.474369 6.325591
v -0.960424 -2.538498 6.336530
v -0.915588 -2.470462 6.029035
v -0.496058 -2.532320 5.771501
v -0.480676 -2.584102 5.914522
v -0.789852 -2.557135 6.132331
v -0.490631 -2.625953 6.057240
v -0.647023 -2.531295 5.894247
v -0.789077 -2.509784 5.981640
v -0.593053 -2.587189 6.009922
v 0.049741 -2.622071 5.849930
v -0.379478 -2.582330 5.844577
v 0.913820 -2.387150 5.733787
v 0.834482 -2.500001 5.938813
v 0.918653 -2.596920 6.470352
v 0.852156 -2.600245 6.325659
v 0.962572 -2.542916 6.280446
v 0.902998 -2.527094 6.111194
v 0.701699 -2.559041 5.970953
v 0.961790 -2.431121 5.900673
v 0.787254 -2.553056 6.053781
v 0.688537 -2.490402 5.769251
v 0.415331 -2.601698 5.880464
v 0.234126 -2.592365 5.788891
v 1.363238 -2.347745 6.477150
v 1.646251 -2.131375 6.594856
v 1.463536 -2.218272 6.199734
v 1.342873 -2.310662 6.216891
v 1.320954 -2.359321 6.362205
v 1.491718 -2.259512 6.561933
v 1.101360 -2.487419 6.339320
v 1.236277 -2.289851 5.928905
v 1.116150 -2.307381 5.793180
v 1.456955 -2.123439 5.939982
v 1.040465 -2.409204 5.950223
v 1.214585 -2.386677 6.185521
v 1.221002 -2.427627 6.380002
v 1.074271 -2.516461 6.441595
v 1.018924 -2.537380 6.395358
v 1.597142 -2.026796 6.015931
v 1.694474 -2.015806 6.240763
v 1.065419 -2.478832 6.228281
v 1.091943 -2.413655 6.031833
v -1.930447 -1.685283 6.393211
v -1.831508 -1.768841 6.205935
v -1.801822 -1.566836 5.765827
v -1.623923 -1.791307 5.709969
v -1.688181 -1.805917 5.877174
v 1.959994 -1.656497 6.199418
v 1.875258 -1.575742 5.843285
v 1.787621 -1.807727 6.017164
v -0.511473 -2.727165 6.652629
v -0.464197 -2.733453 6.563365
v -0.590900 -2.711324 6.723984
v -0.677702 -2.686072 6.969683
v -0.735229 -2.656892 6.521434
v -0.651444 -2.683614 7.076975
v -0.490386 -2.732722 6.935950
v -0.609536 -2.691084 6.482457
v -0.818639 -2.641289 6.761909
v -0.830947 -2.636667 6.684284
v -0.420378 -2.750297 6.784959
v -0.569959 -2.662638 7.241028
v -0.688314 -2.684867 6.750760
v -0.895938 -2.599583 6.540806
v -0.045007 -2.747180 7.170785
v 0.221553 -2.734185 7.203154
v -0.070820 -2.770574 7.001244
v 0.066916 -2.761668 7.071039
v 0.053497 -2.776818 6.925150
v 0.249416 -2.776865 6.786465
v -0.196994 -2.760117 7.029866
v -0.322306 -2.707181 7.250750
v -0.176491 -2.743511 7.149277
v 0.173292 -2.758562 7.072983
v -0.399278 -2.751632 6.876004
v 0.160572 -2.772366 6.958067
v -0.016256 -2.791024 6.594381
v 0.274962 -2.760795 6.999944
v 0.208166 -2.775454 6.881689
v -0.287532 -2.772401 6.672354
v -0.122969 -2.783808 6.561805
v -0.277611 -2.767219 6.887717
v -0.366521 -2.741327 7.048031
v -0.151580 -2.791570 6.762796
v 0.181710 -2.779847 6.595845
v -0.070923 -2.782536 6.857330
v 0.036667 -2.789005 6.755363
v 0.149153 -2.771995 6.486674
v 0.915194 -2.604949 6.554628
v 0.415875 -2.747802 6.999860
v 0.297109 -2.731533 7.194034
v 0.770578 -2.653780 6.985074
v 0.377322 -2.764511 6.740586
v 0.239476 -2.777660 6.692770
v 0.344703 -2.762249 6.616615
v 0.381083 -2.757123 6.892169
v 0.277485 -2.752512 7.082490
v 0.498560 -2.731297 7.014620
v 0.525447 -2.726007 6.946479
v 0.391982 -2.737744 7.115344
v 0.844926 -2.634012 6.918895
v 0.483498 -2.718012 7.148996
v 0.856491 -2.638530 6.717052
v 0.827690 -2.648352 6.807855
v 0.693878 -2.687886 6.902979
v 0.523644 -2.736723 6.706437
v 0.536847 -2.731019 6.619335
v 0.785215 -2.664908 6.679175
v 0.771183 -2.650736 6.459790
v 0.718159 -2.682074 6.804976
v 0.657527 -2.703490 6.744715
v 0.694642 -2.691947 6.633024
v 0.524701 -2.734640 6.791410
v 0.630758 -2.691490 7.050236
v 0.694392 -2.667370 7.060949
v 0.608936 -2.707782 6.939948
v 0.574786 -2.683605 7.182791
v 0.792639 -2.631048 7.082187
v -1.531183 -2.200720 6.814824
v -1.753047 -1.928089 7.060845
v -1.600172 -2.104434 7.034213
v -1.360533 -2.343184 6.754987
v -1.488581 -2.236159 6.595646
v -1.835037 -1.853732 6.893072
v -1.710946 -2.014369 6.557814
v -1.342364 -2.350769 6.597430
v -1.685181 -2.048753 6.776487
v -1.756323 -1.971279 6.777308
v -1.820405 -1.869913 6.493688
v -1.327456 -2.343960 6.474264
v -1.628725 -2.106598 6.591640
v -1.639928 -1.995734 7.279385
v -1.771994 -1.866336 7.180648
v -1.642510 -2.029537 7.154577
v -1.222229 -2.389446 7.154030
v -1.447368 -2.246741 7.025622
v -1.296552 -2.380841 6.889173
v -1.307604 -2.350790 7.028881
v -1.396060 -2.308718 6.855332
v -0.792393 -2.621422 7.135591
v -1.017913 -2.523093 7.086284
v -1.059956 -2.471027 7.220037
v -1.220171 -2.371357 7.230938
v -1.067622 -2.511920 6.966700
v -0.888881 -2.579761 7.115481
v -1.142907 -2.484068 6.780970
v -1.218014 -2.425988 6.926499
v -1.007332 -2.555474 6.765951
v -0.909212 -2.582942 6.469012
v -0.856727 -2.621913 6.891078
v -1.180372 -2.437863 7.031056
v -1.024490 -2.543117 6.612672
v -1.169821 -2.467845 6.634353
v -1.145301 -2.471375 6.521345
v 0.976756 -2.587627 6.663358
v 0.947324 -2.598705 6.816035
v 0.958953 -2.572395 6.998231
v 0.827245 -2.604680 7.147304
v 0.967956 -2.543144 7.152083
v 0.915793 -2.582584 7.080940
v 0.891359 -2.601927 7.012044
v 0.961302 -2.582124 6.937579
v 1.053477 -2.548416 6.823003
v 1.196014 -2.451697 7.008677
v 1.106774 -2.517418 6.629961
v 1.386732 -2.346536 6.839859
v 1.381695 -2.353652 6.756432
v 1.535699 -2.230030 6.681416
v 1.373860 -2.355330 6.661211
v 1.611069 -2.150833 7.010693
v 1.554061 -2.220437 6.859319
v 1.533259 -2.233539 6.793088
v 1.375214 -2.340916 7.009161
v 1.293717 -2.398005 6.941113
v 1.462960 -2.278395 6.959517
v 1.179424 -2.485460 6.700084
v 1.026029 -2.565229 6.767221
v 1.267790 -2.425883 6.559840
v 1.203462 -2.468606 6.838981
v 1.154686 -2.476968 6.487697
v 1.022537 -2.559113 6.575791
v 1.128603 -2.454901 7.202864
v 1.125856 -2.487143 7.040221
v 1.476961 -2.256771 7.044999
v 1.573961 -2.152331 7.146743
v 1.288793 -2.386004 7.054598
v 1.385592 -2.308503 7.109180
v 1.446949 -2.258096 7.140308
v 1.045331 -2.498477 7.197904
v 1.096084 -2.517191 6.921920
v 1.295116 -2.347644 7.209503
v 1.241051 -2.393621 7.151186
v 1.743330 -1.994324 7.092252
v 1.032712 -2.530349 7.089496
v 1.051679 -2.529184 7.001392
v 1.625126 -2.077946 7.235403
v 1.153638 -2.448931 7.147701
v 1.793368 -1.975948 6.862410
v -1.870834 -1.764052 7.081241
v -1.964609 -1.630971 7.010948
v -1.881611 -1.801491 6.632504
v -1.981702 -1.640517 6.781310
v -1.936624 -1.707582 6.895524
v 1.885993 -1.847610 6.541065
v 1.924005 -1.772410 7.073079
v 1.988189 -1.633222 7.169496
v -0.017260 -2.733980 7.236884
v 0.144185 -2.732576 7.221287
v -0.179605 -2.715426 7.270127
v -0.427203 -2.702031 7.208392
v -0.389743 -2.668232 7.364607
v -0.020248 -2.649891 7.520210
v 0.033382 -2.664640 7.465399
v 0.112023 -2.687506 7.404351
v 0.178875 -2.639321 7.533405
v 0.233476 -2.668686 7.435098
v -0.030851 -2.697572 7.370115
v 0.135658 -2.698294 7.356313
v -0.264526 -2.669316 7.411486
v 0.224109 -2.706590 7.312249
v 0.392375 -2.713370 7.213004
v 0.314324 -2.693984 7.320845
v 0.488580 -2.677605 7.270930
v 0.411649 -2.616386 7.517451
v 0.623984 -2.648735 7.261193
v 0.716044 -2.626241 7.232302
v 0.390485 -2.669752 7.382778
v 0.531611 -2.608160 7.471649
v -1.402763 -2.016689 7.716737
v -1.611540 -1.933465 7.491139
v -1.352029 -2.198510 7.448879
v -1.358867 -2.134688 7.574756
v -1.247379 -2.172238 7.673717
v -1.240165 -2.213147 7.600834
v -1.705267 -1.915074 7.287191
v -1.219259 -2.293963 7.461557
v -1.414731 -2.132731 7.480519
v -1.269132 -1.949931 7.965541
v -1.324035 -1.980158 7.870930
v -1.613764 -1.884875 7.578259
v -1.545680 -2.093907 7.269470
v -1.348785 -2.285814 7.199655
v -1.471879 -2.189070 7.186091
v -1.477409 -2.127304 7.353133
v -1.312265 -2.267944 7.355877
v -1.504091 -2.022749 7.539686
v -1.556061 -2.038167 7.390224
v -0.874107 -2.378947 7.717990
v -0.851521 -2.433113 7.627571
v -0.907968 -2.479337 7.447157
v -0.720658 -2.602272 7.311279
v -0.955329 -2.521834 7.230448
v -0.861893 -2.471098 7.523203
v -0.893944 -2.525232 7.330644
v -1.026606 -2.445671 7.369482
v -0.580075 -2.419336 7.842163
v -1.135255 -2.325512 7.517585
v -1.202293 -2.168252 7.743231
v -1.150043 -2.369701 7.376700
v -0.630990 -2.321610 7.970208
v -1.071144 -2.300769 7.660400
v -1.041044 -2.399133 7.476865
v -0.737326 -2.369770 7.832379
v -1.130839 -2.297427 7.595572
v -0.791836 -2.597596 7.233133
v -1.230267 -2.332021 7.338394
v -0.784049 -2.253719 7.978559
v -0.859745 -2.342609 7.792843
v -1.183489 -2.036898 7.948562
v -1.225072 -2.261389 7.528888
v -0.971015 -2.291734 7.782819
v -0.865674 -2.277027 7.894283
v -1.208781 -2.093874 7.848764
v -1.102959 -2.104047 7.937816
v -1.013841 -2.216497 7.864194
v -1.107550 -2.165439 7.848834
v -0.983383 -2.165597 7.963923
v -0.980117 -2.392945 7.579199
v -1.126907 -2.230736 7.726029
v -0.594785 -2.487208 7.705766
v -0.529783 -2.573207 7.555643
v -0.691097 -2.520323 7.569952
v -0.718684 -2.560760 7.437923
v -0.526407 -2.608912 7.460488
v -0.171858 -2.493304 7.852697
v -0.147312 -2.599764 7.638956
v 0.055051 -2.602517 7.647851
v 0.268345 -2.594599 7.624898
v -0.277283 -2.573976 7.663969
v -0.380709 -2.611495 7.537652
v 0.002166 -2.542141 7.769829
v -0.292796 -2.520762 7.770569
v -0.436285 -2.555583 7.648345
v -0.146662 -2.545315 7.757398
v 0.230772 -2.617624 7.579717
v -0.011213 -2.491766 7.873492
v 0.119711 -2.467566 7.910740
v 0.249412 -2.551083 7.726335
v 0.163558 -2.604184 7.625333
v 0.221590 -2.462610 7.907394
v -0.349897 -2.459340 7.868691
v -0.459736 -2.388690 7.944446
v -0.452485 -2.492243 7.771390
v 0.148704 -2.536837 7.781377
v 0.272306 -2.497786 7.834337
v 0.722935 -2.307301 7.961134
v 0.903143 -2.334280 7.796406
v 0.898103 -2.275812 7.894912
v 1.001360 -2.230625 7.884774
v 0.837927 -2.254649 7.968968
v 0.651304 -2.422422 7.813985
v 0.641596 -2.488290 7.691658
v 0.985256 -2.318210 7.753412
v 0.313433 -2.630581 7.512980
v 0.535669 -2.466997 7.793272
v 0.480590 -2.446545 7.856564
v 0.362998 -2.588343 7.605981
v 0.729817 -2.449209 7.713204
v 0.764064 -2.357744 7.859776
v 0.972082 -2.372082 7.663712
v 0.467873 -2.395620 7.944035
v 0.352797 -2.520804 7.760171
v 0.506055 -2.522318 7.695745
v 0.754679 -2.477992 7.624935
v 0.854124 -2.414747 7.682893
v 0.578886 -2.535011 7.627460
v 0.976125 -2.513720 7.254813
v 0.782737 -2.572749 7.350257
v 0.491289 -2.579308 7.573230
v 0.704691 -2.529666 7.552866
v 0.627718 -2.570973 7.493481
v 0.646291 -2.609581 7.377791
v 0.785275 -2.550354 7.418990
v 0.949841 -2.427701 7.555418
v 0.889218 -2.433564 7.610332
v 0.878968 -2.558211 7.264526
v 0.768970 -2.597986 7.267830
v 0.848675 -2.491769 7.507969
v 0.942352 -2.461476 7.475887
v 0.645180 -2.539677 7.559883
v 0.871801 -2.508012 7.434892
v 0.535217 -2.647384 7.355577
v 1.239046 -2.292631 7.490340
v 1.135437 -2.425949 7.270485
v 1.144656 -2.401285 7.353522
v 1.214958 -2.366659 7.334189
v 1.183794 -2.255634 7.649473
v 1.395577 -2.260368 7.270481
v 1.174881 -2.323091 7.515265
v 1.093549 -2.301077 7.671997
v 1.113064 -2.343863 7.559342
v 1.482186 -2.187763 7.285042
v 1.007334 -2.484637 7.332375
v 1.209724 -2.396554 7.250597
v 1.291457 -2.296466 7.393859
v 1.108703 -2.215999 7.811042
v 1.011633 -2.442498 7.448380
v 1.061281 -2.379425 7.543944
v 1.265000 -2.193092 7.670422
v 1.392086 -2.171709 7.527025
v 1.524975 -1.976185 7.668385
v 1.391387 -2.232229 7.380899
v 1.395099 -2.102750 7.653286
v 1.334929 -2.308596 7.262877
v 1.521207 -2.121240 7.387142
v 1.507066 -2.070596 7.530024
v 1.205920 -2.341382 7.423728
v 1.097408 -2.417190 7.398931
v 1.441224 -1.991071 7.773333
v 1.639995 -1.979348 7.447151
v 1.275657 -2.243294 7.554763
v 1.686863 -1.836293 7.614022
v 1.172999 -2.137840 7.867326
v 1.247491 -2.141728 7.780145
v 1.340268 -2.053944 7.811101
v -1.558487 -1.633023 7.961824
v -1.550719 -1.715324 7.895073
v -1.868804 -1.707090 7.245759
v -1.644920 -1.665420 7.815744
v -1.566370 -1.786487 7.797784
v -1.625420 -1.794591 7.693633
v -1.530284 -1.874412 7.737134
v -1.779056 -1.803078 7.334776
v -1.439187 -1.897796 7.835371
v -1.729991 -1.717863 7.599662
v -1.712016 -1.803355 7.503367
v -1.856808 -1.650468 7.397516
v 1.742381 -1.646832 7.765447
v 1.500239 -1.825234 7.916757
v 1.582442 -1.828223 7.795458
v 1.836594 -1.829149 7.254656
v 1.866999 -1.658051 7.508382
v 1.770690 -1.835498 7.430744
v -1.248623 -1.893266 8.049979
v -1.086614 -1.868104 8.220025
v -0.901008 -1.919238 8.299384
v -0.591431 -2.254511 8.083077
v -1.007643 -1.970352 8.174633
v -1.193794 -1.958308 8.026029
v -1.119327 -1.920287 8.142361
v -1.083324 -2.023040 8.060430
v -0.705480 -2.168977 8.137537
v -0.846513 -2.055766 8.190965
v -1.131786 -2.026494 8.007965
v -0.966499 -2.066190 8.099593
v -0.821809 -2.157664 8.085278
v -0.542701 -2.191216 8.187366
v -0.854260 -1.847439 8.387176
v -0.634357 -2.126164 8.224406
v -0.564518 -2.052094 8.330854
v -0.593057 -1.977438 8.395561
v -0.740920 -2.061666 8.244124
v -0.636346 -1.893276 8.451183
v -0.787095 -1.979272 8.304029
v -0.047424 -2.034380 8.448954
v -0.009613 -2.312262 8.144938
v -0.038173 -1.940685 8.521195
v 0.185959 -1.930345 8.529223
v 0.244082 -2.035191 8.437492
v -0.272028 -2.300503 8.126670
v -0.138060 -2.265220 8.197156
v 0.057276 -2.258465 8.213363
v -0.368334 -2.269520 8.146091
v -0.074994 -2.148991 8.338518
v -0.213305 -2.184228 8.282248
v 0.024231 -1.976382 8.496710
v -0.188408 -2.114377 8.363208
v 0.106858 -2.159488 8.328984
v -0.404598 -2.105514 8.328443
v -0.167704 -2.371147 8.048553
v -0.239835 -2.421943 7.960520
v -0.477071 -1.999132 8.413788
v -0.438359 -1.920852 8.489586
v 0.101054 -2.377288 8.050124
v 0.181655 -2.397296 8.014313
v -0.017205 -2.409561 8.007111
v 0.093095 -1.912364 8.552908
v -0.098854 -1.901431 8.559754
v 0.231877 -2.311351 8.130672
v -0.197619 -1.902123 8.549133
v -0.170121 -1.991556 8.479943
v -0.203869 -1.831371 8.604202
v -0.272176 -1.981183 8.472887
v -0.447195 -2.305648 8.071110
v 0.139264 -2.071534 8.413430
v 0.647049 -2.153157 8.204183
v 0.463086 -2.283293 8.110812
v 0.264773 -1.896812 8.553842
v 0.350360 -2.254344 8.179430
v 0.183140 -2.229594 8.241995
v 0.362816 -1.863207 8.561938
v 0.338253 -1.980188 8.468167
v 0.525990 -2.176268 8.225111
v 0.595886 -2.225232 8.136871
v 0.432940 -1.899943 8.520968
v 0.352936 -2.090021 8.369917
v 0.471347 -1.978077 8.445146
v 0.574945 -1.899990 8.476820
v 0.560691 -1.988278 8.407387
v 0.476886 -2.127928 8.299402
v 0.616605 -2.026935 8.350161
v 0.643785 -2.086010 8.280135
v 0.705746 -1.838126 8.483975
v 0.587501 -2.371248 7.934090
v 0.651993 -2.264392 8.057077
v 0.730295 -2.253103 8.033673
v 0.784884 -2.214433 8.055910
v 0.677777 -1.944754 8.404819
v 0.334983 -2.363970 8.036998
v 0.897384 -2.166311 8.047666
v 0.993195 -2.107687 8.061873
v 0.883572 -2.082257 8.165442
v 0.376477 -2.418284 7.941059
v 0.295373 -2.420220 7.957648
v 0.759870 -1.957855 8.359676
v 0.824703 -1.972854 8.318192
v 0.807235 -2.035989 8.258939
v 0.768066 -2.130165 8.171637
v 0.917098 -1.924872 8.312932
v 0.988017 -2.013538 8.173867
v 1.007008 -1.875104 8.302400
v 1.100446 -2.121657 7.956529
v 1.143386 -1.976528 8.101600
v 1.125909 -2.055526 8.026078
v 1.024844 -1.944512 8.222234
v 1.258558 -1.967910 8.008731
v -1.326756 -1.772879 8.097960
v -1.413939 -1.744443 8.029784
v -1.385498 -1.611735 8.175347
v -1.361102 -1.853010 7.976982
v -1.220925 -1.852143 8.118045
v -1.247543 -1.718997 8.221447
v -1.189907 -1.797547 8.204653
v -1.047139 -1.766965 8.337407
v -1.142636 -1.741401 8.290666
v -1.111297 -1.806998 8.259696
v -0.990425 -1.671124 8.450208
v -0.964721 -1.795168 8.371211
v -0.996811 -1.885303 8.270360
v -0.842162 -1.778221 8.450906
v -0.653039 -1.704029 8.588837
v -1.114264 -1.685275 8.356640
v -0.758956 -1.731128 8.526413
v -0.735444 -1.824209 8.465121
v -0.472092 -1.839489 8.545610
v -0.560127 -1.731380 8.602250
v -0.561532 -1.871296 8.495448
v -0.661903 -1.811138 8.509334
v -0.163054 -1.731375 8.675953
v 0.194623 -1.751135 8.663377
v -0.269124 -1.636323 8.725085
v -0.250481 -1.715188 8.678095
v -0.392210 -1.745473 8.633913
v -0.366593 -1.883833 8.538290
v -0.463993 -1.763962 8.601852
v -0.013301 -1.842842 8.607009
v 0.149607 -1.819593 8.620141
v 0.052571 -1.766829 8.658662
v 0.068791 -1.707948 8.694581
v -0.111403 -1.814861 8.624887
v -0.050729 -1.714036 8.693655
v 0.291982 -1.765672 8.643616
v 0.603711 -1.704641 8.612994
v 0.403688 -1.740550 8.643159
v 0.641309 -1.813067 8.526292
v 0.476236 -1.739092 8.625856
v 0.505220 -1.825821 8.556685
v 0.691462 -1.709022 8.580591
v 0.514683 -1.612184 8.695970
v 0.780354 -1.840076 8.450303
v 0.799562 -1.697959 8.549087
v 0.839296 -1.850044 8.417635
v 0.945758 -1.814246 8.393423
v 0.923723 -1.698526 8.490234
v 0.813633 -1.620714 8.593526
v 1.269655 -1.718049 8.248911
v 1.188011 -1.846525 8.201116
v 1.158457 -1.778949 8.285915
v 1.343100 -1.757812 8.149028
v 1.187728 -1.658271 8.360173
v 1.057763 -1.790813 8.339376
v 1.594976 -1.687443 7.941364
v 1.012477 -1.710038 8.433358
v 1.489032 -1.664909 8.086090
v 1.430458 -1.840655 7.975066
v 1.353778 -1.962250 7.918036
v -0.139840 -1.634701 8.740453
v 0.698381 -1.601361 8.648400
v 4.392716 1.459240 -0.334853
v 3.276912 2.024220 0.278825
v 3.667089 1.712692 0.283672
v 3.561278 1.510571 0.286886
v 3.256747 1.778140 0.285191
v 3.220783 1.996305 0.266484
v 3.395541 1.818036 0.279838
v 3.505063 2.115151 0.274178
v 3.280548 0.389194 0.316950
v 3.215456 1.782732 0.263477
v 3.105360 0.864489 0.313393
v 3.412004 0.887038 0.303084
v 4.112748 1.860904 0.278234
v 3.915869 1.910412 0.277662
v 4.291952 2.059016 0.274851
v 4.385053 1.886418 0.275459
v 3.991129 1.566181 0.284223
v 4.062754 2.072564 0.273828
v 4.373796 1.766952 0.279607
v 3.613152 1.906649 0.279762
v 2.556070 1.647634 0.338246
v 4.385720 2.054936 0.276542
v 3.167049 0.676437 0.285771
v 3.117951 -0.851815 0.316493
v 4.000001 0.545111 0.305206
v 4.379432 0.387242 0.306615
v 4.373857 -0.088031 0.306895
v 4.377179 0.059711 0.305427
v 4.378758 0.228148 0.275365
v 4.267591 0.245446 0.277855
v 4.261490 0.118464 0.306160
v 4.378196 0.559903 0.301621
v 4.035694 0.259979 0.283436
v 4.180181 0.332523 0.303983
v 4.191083 0.459422 0.309028
v 4.376366 -0.428735 0.310666
v 4.276120 -0.607599 0.313815
v 4.375323 -0.277407 0.310995
v 4.373071 0.708077 0.298532
v 3.979737 0.143362 0.306814
v 3.559422 0.366799 0.311797
v 4.041513 -0.024789 0.309521
v 3.838762 0.355407 0.310123
v 4.127245 -0.154007 0.310893
v 3.784996 0.047123 0.305415
v 4.227229 -0.406071 0.311970
v 3.698838 -0.021435 0.263765
v 3.596495 0.146093 0.290075
v 3.795132 0.149430 0.298652
v 3.782193 -0.435214 0.315771
v 3.578498 0.234472 0.270293
v 3.632584 -0.466523 0.283601
v 4.050191 -0.342845 0.313401
v 3.787010 -0.227325 0.314800
v 3.882635 0.706003 0.301497
v 3.479950 0.232726 0.281924
v 3.746727 0.251527 0.269649
v 3.767319 -0.067328 0.304387
v 3.716096 -1.167183 0.320654
v 3.649492 -1.111165 0.279147
v 3.694882 -0.342667 0.269228
v 3.739774 -0.974488 0.319649
v 3.713270 -1.377490 0.324265
v 3.680510 -0.997891 0.289608
v 3.566157 -0.944282 0.308619
v 3.637796 -1.250137 0.281108
v 3.957726 -1.323958 0.323827
v 3.997872 -1.458913 0.323871
v 4.113271 -1.391712 0.323147
v 3.927893 -1.173328 0.322930
v 3.746068 -0.671073 0.313473
v 3.985786 -0.931556 0.320361
v 4.122752 -1.236276 0.318113
v 4.370916 -1.380103 0.321348
v 4.115642 -0.987990 0.320435
v 3.666323 -1.361265 0.293186
v 3.670706 -0.598576 0.274394
v 4.113092 -0.761131 0.316660
v 3.990109 -0.529148 0.315419
v 3.671070 -0.791704 0.273642
v 4.290092 -1.169614 0.319106
v 4.377099 -1.230558 0.318283
v 3.748504 -0.782632 0.316675
v 4.373474 -0.693284 0.315104
v 4.373544 -0.938609 0.317722
v 3.900307 0.976218 0.297590
v 3.669391 0.946817 0.299156
v 3.762255 1.131103 0.292164
v 4.021364 0.858246 0.298428
v 3.639846 0.768819 0.304271
v 3.747335 1.236108 0.253189
v 3.813802 1.316497 0.286481
v 4.155033 1.614387 0.282234
v 4.234321 0.888797 0.296620
v 4.177029 0.729906 0.299682
v 4.109118 1.236531 0.268349
v 4.178171 1.216580 0.288989
v 4.216834 1.200773 0.260611
v 3.752677 1.528382 0.285150
v 4.379313 1.013276 0.289993
v 3.502320 1.243168 0.255636
v 4.380472 0.857035 0.296545
v 4.166677 1.140667 0.286626
v 3.972700 1.258468 0.265541
v 4.305406 1.254586 0.269627
v 4.365972 1.144122 0.280133
v 3.947844 1.161068 0.285833
v 4.375841 1.344356 0.285460
v 4.120301 1.322207 0.284282
v 4.377932 1.485317 0.281420
v 4.375273 1.234343 0.285488
v 3.067199 -0.350410 0.351931
v 4.375580 1.637229 0.280396
v 2.891659 0.199679 0.359056
v 2.629845 -0.254852 0.395118
v 3.146317 0.083266 0.278858
v 3.413128 -0.437111 0.302514
v 3.149248 -0.347586 0.309640
v 3.238177 0.272996 0.278022
v 3.101758 0.010144 0.324867
v 3.152166 0.431835 0.305389
v 3.363523 0.239779 0.269822
v 2.953558 -0.801438 0.374573
v 3.202904 0.559753 0.313984
v 3.138332 0.274178 0.317981
v 3.327763 -0.621398 0.305889
v 3.400520 -0.131990 0.295981
v 3.589822 -0.188242 0.294224
v 3.200903 0.193365 0.293063
v 3.161272 0.559247 0.280145
v 3.156611 -0.113076 0.292446
v 3.084731 -0.753697 0.352529
v 3.309314 -0.920976 0.314373
v 2.732914 -1.270748 0.394858
v 3.094307 -1.300552 0.326311
v 3.046420 -1.237678 0.363167
v 3.528955 -1.146174 0.313783
v 3.569928 -0.706557 0.303160
v 3.149859 -0.572195 0.313195
v 3.106170 -1.051549 0.320379
v 3.341383 -1.365285 0.321013
v 2.965445 0.760260 0.338834
v 2.922352 1.086943 0.343413
v 2.707465 -0.692460 0.395058
v 3.090518 1.340966 0.325391
v 3.206314 0.791386 0.304148
v 3.143250 1.696903 0.321367
v 3.166137 0.967993 0.287509
v 3.180338 1.328545 0.286867
v 3.213233 1.522454 0.283654
v 3.183180 1.154730 0.294373
v 3.484067 1.147920 0.297413
v 3.589904 0.563430 0.308285
v 3.254686 1.223960 0.265778
v 3.427008 1.337358 0.289076
v -1.036429 -1.333355 8.615793
v -1.028126 -1.464179 8.556162
v -1.286204 -1.360615 8.435028
v -1.367888 -1.518118 8.266542
v -1.401497 -1.407022 8.309561
v -1.313201 -1.442928 8.366553
v -1.275025 -1.550931 8.328650
v -1.210507 -1.660487 8.302835
v -1.128254 -1.577355 8.425359
v -1.186722 -1.491747 8.436107
v -1.192749 -1.590488 8.368115
v -1.381998 -1.287592 8.394853
v -1.028738 -1.544088 8.509580
v -1.139735 -1.323106 8.560770
v -1.331650 -1.192963 8.478640
v -1.257460 -1.294104 8.493479
v -1.638857 -1.000298 8.257233
v -1.505903 -0.950697 8.412440
v -1.376606 -1.067241 8.494099
v -1.513276 -1.201000 8.310887
v -1.532857 -1.102899 8.336416
v -1.467212 -1.114845 8.392843
v -1.428369 -0.909080 8.492880
v -1.313586 -1.047220 8.550441
v -1.160513 -0.931982 8.677486
v -1.195602 -1.076381 8.623246
v -1.116514 -1.181441 8.630277
v -1.043624 -1.006192 8.724103
v -1.025291 -1.163085 8.688916
v -0.553310 -1.185193 8.868530
v -0.858616 -1.546824 8.602807
v -0.842456 -1.659576 8.537228
v -0.844536 -1.459842 8.654766
v -0.476217 -1.129114 8.904617
v -0.891749 -1.211201 8.735476
v -0.249378 -1.513109 8.794601
v -0.309516 -1.544034 8.769301
v -0.402685 -1.611493 8.715874
v -0.458357 -1.663142 8.669859
v -0.382729 -1.419198 8.817936
v -0.520708 -1.567392 8.711503
v -0.482945 -1.325750 8.837685
v -0.506790 -1.436798 8.782135
v -0.421344 -1.507027 8.767856
v -0.860096 -1.119776 8.785296
v -0.713416 -1.604001 8.632735
v -0.342907 -1.279180 8.882948
v -0.414033 -1.020535 8.948300
v -0.512586 -1.040188 8.923491
v -0.751830 -1.430764 8.709692
v -0.924143 -1.359818 8.662046
v -0.365650 -0.914159 8.988384
v -0.833219 -1.019217 8.824853
v -0.614834 -1.478896 8.731053
v -0.796193 -1.277008 8.760691
v -0.649880 -1.384008 8.765971
v -0.795517 -0.933872 8.864767
v -0.581634 -1.282413 8.829027
v -0.635089 -1.562154 8.681701
v -0.698343 -0.874310 8.911048
v -0.550993 -0.875223 8.954123
v -0.282280 -1.399196 8.841796
v -0.261056 -1.305243 8.886829
v -0.473436 -0.967754 8.951924
v -0.332120 -1.454750 8.809439
v -0.715247 -1.049013 8.866211
v -0.416483 -1.281971 8.870948
v -0.640699 -1.127881 8.861698
v -0.407833 -1.181427 8.906096
v -0.581934 -1.086929 8.893237
v -0.286527 -0.963043 8.992709
v -0.712359 -1.154057 8.833825
v -0.388523 -1.095985 8.935781
v -0.267498 -1.067771 8.965898
v -0.298028 -1.163576 8.930047
v -0.116197 -1.531180 8.795628
v 0.078631 -1.580035 8.773560
v -0.027689 -1.559268 8.785969
v 0.241628 -1.650527 8.723200
v 0.306874 -1.547624 8.776135
v 0.334696 -1.213445 8.916569
v 0.200581 -1.516889 8.801613
v 0.423407 -1.420849 8.821906
v 0.444616 -1.219318 8.894199
v -0.080964 -1.328512 8.893960
v -0.061733 -0.881369 9.026148
v 0.214212 -1.098378 8.965561
v 0.499018 -1.083560 8.924009
v 0.007163 -1.280542 8.912988
v 0.023773 -0.963063 9.007933
v -0.016572 -1.476653 8.828682
v 0.277012 -1.016162 8.979941
v 0.101354 -1.485432 8.819479
v 0.408641 -1.611812 8.722145
v 0.101574 -1.392808 8.866978
v -0.207715 -1.477402 8.814577
v 0.259956 -1.378957 8.863542
v 0.364346 -0.917735 8.993590
v 0.175023 -1.013243 8.991007
v -0.180944 -1.196052 8.934385
v -0.254537 -0.834724 9.021559
v 0.122250 -0.952773 9.014983
v 0.265718 -1.223985 8.921939
v 0.095288 -1.256734 8.920979
v 0.354757 -1.034473 8.965722
v -0.104271 -1.432937 8.845774
v -0.173497 -1.341036 8.879662
v -0.075142 -1.109502 8.970558
v 0.080770 -1.077466 8.976048
v -0.129932 -0.982164 9.001690
v 0.049813 -0.866720 9.029617
v 0.478722 -1.677763 8.662666
v 1.161848 -1.302510 8.586448
v 1.275290 -1.358503 8.485694
v 1.005265 -1.104564 8.744469
v 1.052922 -1.622035 8.470068
v 0.724040 -0.991840 8.887367
v 1.167110 -1.021281 8.682235
v 0.856152 -1.101142 8.811608
v 0.636498 -1.034873 8.902608
v 1.060738 -1.513698 8.534618
v 0.602309 -1.518565 8.724279
v 0.712656 -1.495067 8.703606
v 0.956749 -1.542262 8.573185
v 1.210393 -1.495579 8.453327
v 0.731239 -1.090849 8.858478
v 0.851741 -1.288126 8.747090
v 0.665094 -0.896762 8.927693
v 0.799524 -0.880179 8.884936
v 1.119722 -0.900009 8.736835
v 0.876657 -0.969067 8.836560
v 0.535606 -0.946935 8.948908
v 1.011256 -0.939622 8.786017
v 0.748375 -1.290347 8.783220
v 1.062914 -1.182506 8.689027
v 0.612764 -1.185454 8.863233
v 0.914376 -1.449101 8.646259
v 0.557527 -1.339614 8.821336
v 0.615487 -1.598852 8.672961
v 0.483798 -1.504638 8.763310
v 0.991359 -1.354216 8.653080
v 0.674389 -1.335424 8.789553
v 0.787243 -1.417734 8.714758
v 0.860573 -1.547110 8.618351
v 0.640970 -1.405294 8.766676
v 1.497528 -1.201080 8.380819
v 1.616707 -1.184038 8.270292
v 1.443669 -1.076294 8.479958
v 1.600145 -1.077788 8.335965
v 1.517198 -0.967978 8.452784
v 1.422233 -1.472130 8.298110
v 1.373347 -1.192920 8.489179
v 1.335740 -1.429171 8.398805
v 1.386279 -0.989642 8.548378
v 1.603348 -0.906705 8.387846
v 1.300973 -1.564096 8.336973
v 1.252799 -1.055938 8.620419
v 1.689842 -1.057999 8.244805
v 1.275354 -1.228097 8.543576
v 1.429295 -1.344015 8.372015
v -1.417608 -0.291152 8.545338
v -1.577609 -0.718545 8.394826
v -1.496526 -0.681698 8.475548
v -1.516651 -0.456022 8.462985
v -1.540003 -0.344113 8.436246
v -1.422994 -0.435498 8.542001
v -1.471304 -0.393305 8.498972
v -1.505124 -0.537411 8.473085
v -1.612995 -0.547241 8.375158
v -1.672351 -0.489476 8.321830
v -1.540970 -0.816720 8.415425
v -1.422213 -0.693202 8.536932
v -1.340566 -0.850847 8.579186
v -1.427054 -0.802648 8.517282
v -1.665861 -0.664240 8.311209
v -1.703136 -0.856366 8.233983
v -1.431022 -0.548600 8.537667
v -1.545362 -0.567111 8.430337
v -1.586960 -0.425801 8.399576
v -1.574179 -0.228094 8.394338
v -1.658240 -0.360185 8.324556
v -1.666582 -0.227867 8.296636
v -1.476789 -0.293147 8.490929
v -1.503514 -0.197018 8.457511
v -1.423848 -0.181044 8.524229
v -1.247140 -0.624029 8.676968
v -1.298944 -0.404651 8.635077
v -1.141098 -0.416462 8.733355
v -1.092638 -0.523698 8.768617
v -1.212909 -0.329212 8.685068
v -1.023482 -0.779220 8.784906
v -1.729865 -0.367883 8.244677
v -1.117244 -0.248043 8.741363
v -1.070944 -0.129888 8.752316
v -1.626136 -0.737339 8.346315
v -1.261085 -0.872737 8.634147
v -1.663923 -0.132830 8.283363
v -1.593638 -0.902677 8.344107
v -1.146088 -0.808048 8.713585
v -0.712657 -0.502485 8.936471
v -0.788304 -0.579221 8.910021
v -0.871548 -0.755420 8.865422
v -0.880692 -0.364060 8.871205
v -0.600580 -0.621519 8.972497
v -0.624659 -0.501533 8.966755
v -0.507723 -0.635053 9.004151
v -0.461938 -0.540849 9.008160
v -0.952048 -0.472775 8.838337
v -0.661248 -0.779493 8.938893
v -0.741727 -0.122631 8.900935
v -0.361956 -0.237549 9.027671
v -0.497451 -0.257169 8.993567
v -0.465565 -0.728105 9.002032
v -0.424707 -0.805659 8.998110
v -0.741043 -0.262364 8.918915
v -0.391064 -0.440321 9.019963
v -0.633114 -0.110776 8.937698
v -0.698320 -0.647928 8.941339
v -0.575545 -0.342681 8.976825
v -0.368376 -0.728980 9.020114
v 0.195984 -0.829984 9.033615
v 0.521307 -0.410151 9.012724
v 0.431024 -0.500709 9.027728
v 0.419700 -0.764978 9.014400
v 0.570484 -0.813160 8.967817
v 0.426695 -0.207614 9.020169
v 0.959908 -0.772109 8.843637
v 0.709765 -0.789367 8.933099
v 1.107453 -0.746600 8.773080
v 0.902903 -0.235756 8.889482
v 0.981027 -0.271508 8.856336
v 0.883447 -0.407299 8.902915
v 0.789155 -0.244877 8.928880
v 1.251869 -0.854508 8.669924
v 0.651956 -0.400669 8.977756
v 0.863258 -0.671402 8.898387
v 1.170905 -0.644086 8.747136
v 1.216405 -0.485162 8.730274
v 1.298240 -0.302283 8.687109
v 1.055838 -0.568313 8.819658
v 0.790330 -0.614978 8.930197
v 1.159392 -0.211317 8.758235
v 0.631628 -0.667102 8.975098
v 0.987296 -0.450074 8.857291
v 1.084038 -0.304669 8.808883
v 1.588837 -0.415482 8.458312
v 1.590771 -0.773097 8.432932
v 1.687296 -0.759162 8.336595
v 1.529035 -0.667532 8.503139
v 1.654732 -0.642652 8.386109
v 1.729240 -0.564419 8.305575
v 1.645566 -0.558661 8.400339
v 1.473811 -0.346006 8.561955
v 1.612264 -0.164823 8.419898
v 1.695956 -0.304531 8.348433
v 1.607996 -0.319682 8.440469
v 1.713696 -0.184655 8.319737
v 1.476673 -0.825455 8.518147
v 1.386807 -0.821032 8.590020
v 1.542966 -0.528088 8.501289
v 1.461782 -0.461268 8.567584
v 1.349354 -0.521264 8.648763
v 1.529054 -0.221798 8.503510
v 1.407553 -0.229658 8.603164
v 1.398553 -0.627759 8.607621
v 1.746258 -0.893987 8.235123
v -1.245989 -0.122886 8.645981
v -1.369686 0.496078 8.331866
v -1.322121 0.433809 8.413215
v -1.258079 0.455668 8.452419
v -1.052006 0.435760 8.596805
v -1.200378 0.473609 8.479590
v -1.318751 0.378263 8.428772
v -0.967345 0.482454 8.626124
v -1.252067 0.373351 8.489307
v -1.295368 0.488506 8.392767
v -1.158583 0.580467 8.447162
v -1.276484 0.578189 8.358446
v -1.096890 0.462837 8.556313
v -1.084481 0.605362 8.489280
v -1.270427 0.255074 8.529807
v -1.119918 0.367067 8.579451
v -0.999956 0.340893 8.673802
v -1.419034 0.326696 8.369306
v -1.599738 -0.128107 8.343047
v -1.575045 0.009945 8.340402
v -1.411297 -0.054988 8.509875
v -1.465021 0.256066 8.359030
v -1.547121 0.096543 8.338149
v -1.438352 0.033976 8.463779
v -1.610855 0.035695 8.290837
v -1.487999 0.024715 8.419213
v -1.476200 0.097676 8.405389
v -0.977353 -0.042678 8.790963
v -1.493946 0.196055 8.359549
v -1.375402 0.186633 8.464219
v -1.363958 0.329574 8.421047
v -1.081176 0.030125 8.713900
v -0.988204 0.204753 8.718620
v -1.112243 0.168517 8.659976
v -1.468183 0.392346 8.290665
v -1.254920 0.132559 8.583485
v -1.064750 0.274185 8.660600
v -1.115285 0.059313 8.691267
v -1.245543 0.009464 8.623855
v -1.342902 0.064364 8.541368
v -0.343306 0.408360 8.877495
v -0.815555 0.047975 8.845026
v -0.279536 0.510856 8.845818
v -0.503613 0.115456 8.930703
v -0.733720 0.189402 8.836590
v -0.717861 0.381316 8.781837
v -0.479085 0.447099 8.837784
v -0.266398 0.356017 8.909103
v -0.877655 0.330945 8.731870
v -0.366893 0.173106 8.957136
v -0.329644 -0.097547 9.015000
v -0.258634 0.192078 8.968099
v -0.187734 0.600801 8.814534
v -0.479284 -0.095743 8.976915
v -0.814541 0.505824 8.692469
v -0.586481 0.203547 8.885958
v -0.262116 0.068765 8.993162
v -0.415233 0.043055 8.970308
v -0.914234 0.125688 8.779098
v -0.426426 0.586734 8.782079
v -0.364271 0.539723 8.818357
v -0.609226 0.563572 8.737311
v -0.628816 0.468002 8.783863
v 0.257638 0.516424 8.856468
v -0.041631 0.604367 8.819761
v 0.437610 0.547801 8.814919
v 0.364333 0.551427 8.832062
v 0.158652 0.359798 8.926598
v -0.113413 0.531072 8.851511
v -0.203866 0.457848 8.874208
v -0.172289 0.394634 8.902838
v -0.121046 0.435845 8.892687
v -0.064270 0.476257 8.881257
v -0.116527 0.214775 8.969641
v -0.065483 -0.038380 9.021206
v -0.050574 0.341380 8.927970
v 0.020220 0.556680 8.845240
v 0.081235 0.009746 9.021163
v -0.032855 0.207745 8.979709
v 0.030025 0.487059 8.879730
v 0.144526 -0.048920 9.029165
v 0.008958 0.115031 9.000918
v -0.164366 0.043945 9.000440
v 0.294141 0.553899 8.837545
v 0.143681 0.291446 8.951034
v 0.491557 0.524638 8.816397
v 0.586117 -0.166981 8.979319
v 0.489357 0.106541 8.953074
v 0.425705 0.455711 8.858921
v 0.486961 0.227049 8.922349
v 0.132957 0.144657 8.995862
v 0.479174 0.326855 8.895862
v 0.332340 0.205120 8.961133
v 0.354753 0.285764 8.928193
v 0.344884 0.077169 8.985825
v 0.322841 -0.056872 9.013557
v 0.359292 0.428250 8.878375
v 0.198933 0.223668 8.972170
v 0.515229 0.404982 8.860799
v 0.123097 0.502165 8.873298
v 0.207709 0.434238 8.896417
v 0.242976 0.129059 8.992530
v 0.291516 0.442060 8.887099
v 0.303512 0.376617 8.907763
v 0.409121 0.360697 8.894010
v 0.421731 0.225164 8.940061
v 0.208344 0.013247 9.016568
v 1.162700 0.573399 8.503282
v 1.041235 0.270273 8.710223
v 1.099588 0.315800 8.662873
v 0.794564 0.366681 8.787866
v 1.054924 -0.166605 8.809446
v 0.750396 0.560822 8.714928
v 1.214349 0.417004 8.555544
v 1.236039 0.474914 8.506339
v 1.114589 0.553680 8.547201
v 0.922035 0.431478 8.706857
v 0.881414 0.624941 8.635618
v 0.775329 0.470796 8.752018
v 1.210981 0.309556 8.597819
v 1.112466 0.375746 8.632027
v 1.112651 0.466313 8.591253
v 1.131159 0.069498 8.723571
v 1.046534 0.456736 8.635468
v 1.024968 0.552334 8.600309
v 1.052520 0.179632 8.735127
v 0.988043 0.506653 8.642767
v 1.144393 0.187735 8.684708
v 0.904479 0.139213 8.820332
v 1.227538 0.234929 8.621709
v 0.962471 0.008884 8.825517
v 0.921903 0.224182 8.787641
v 0.826885 0.551486 8.691347
v 0.798594 0.052870 8.877723
v 0.587085 0.480690 8.812506
v 1.336263 -0.142056 8.645007
v 1.008969 0.371901 8.686789
v 0.737954 0.209320 8.860440
v 0.893310 0.328364 8.761147
v 0.764406 0.296999 8.824138
v 0.577702 0.358839 8.862881
v 0.651620 0.255692 8.875577
v 0.695208 0.384750 8.818192
v 0.631436 0.072083 8.927403
v 0.888056 0.568765 8.661598
v 0.565467 0.277789 8.885571
v 0.654936 0.315677 8.856418
v 0.636633 0.398189 8.830782
v 0.691619 0.452398 8.790998
v 0.668019 0.553177 8.755168
v 0.626573 0.520430 8.778901
v 0.755084 -0.086926 8.918431
v 0.829941 0.239870 8.818049
v 1.058030 0.037081 8.773437
v 0.694430 0.599486 8.726158
v 1.175343 -0.089881 8.733697
v 1.531197 -0.048419 8.470819
v 1.656568 -0.059106 8.357109
v 1.442199 0.316443 8.426311
v 1.340806 0.337898 8.497005
v 1.549394 0.239055 8.364721
v 1.429040 0.431587 8.381256
v 1.589866 0.086829 8.381664
v 1.472811 0.164220 8.461980
v 1.314810 0.459429 8.458473
v 1.356525 0.187791 8.546668
v 1.300951 0.272981 8.556418
v 1.413686 0.080847 8.537799
v 1.386619 -0.055430 8.595014
v 1.265077 0.110009 8.637890
v 1.446056 0.535446 8.300483
v -1.308019 0.633116 8.293944
v -1.128158 0.741546 8.369871
v -1.192219 0.665767 8.370500
v -1.193527 0.732262 8.327265
v -1.021377 0.793591 8.397222
v -0.964037 0.815950 8.423288
v -1.079129 0.790305 8.362522
v -0.890641 0.761872 8.501567
v -1.022430 0.898099 8.306765
v -0.913486 0.557784 8.614785
v -0.830863 0.598480 8.634667
v -0.753586 0.694050 8.610244
v -0.636796 0.755421 8.620472
v -0.770022 0.873027 8.479434
v -0.666086 0.934269 8.480312
v -0.621192 0.682138 8.667910
v -0.561899 0.785259 8.623407
v -0.620966 1.032433 8.415692
v -0.520709 0.955635 8.511461
v -0.456141 0.855439 8.606992
v -0.450140 1.199742 8.308245
v -0.494790 1.073374 8.415244
v -0.503515 0.639075 8.728649
v -0.649955 0.615610 8.698888
v -0.516260 0.732648 8.671808
v -0.643539 0.853935 8.550958
v -0.562365 1.096035 8.375238
v -0.770716 0.995154 8.376143
v -0.422702 1.004320 8.505338
v -0.349276 1.080940 8.455379
v -0.497667 0.877598 8.581264
v -0.550988 1.207903 8.255013
v -0.640513 1.147334 8.293138
v -0.575398 0.986944 8.467257
v -0.388992 0.923030 8.575045
v -0.326334 0.941155 8.573900
v -0.415717 0.770622 8.675347
v -0.366283 0.991520 8.523104
v -0.300326 1.148254 8.395580
v -0.359625 0.703826 8.730100
v -0.306605 0.618758 8.786266
v -0.284745 0.866973 8.635775
v -0.330568 0.834517 8.653639
v -0.250312 0.820822 8.675746
v -0.221459 0.804853 8.692251
v -0.897897 0.678989 8.554774
v -0.222792 0.743899 8.731350
v -0.328091 1.217220 8.324392
v -0.904986 1.001722 8.293797
v -0.219573 1.102944 8.459291
v -0.926212 0.886683 8.383694
v -0.693588 1.015403 8.397144
v -0.223079 0.968710 8.570951
v -0.870793 0.825024 8.465921
v -0.808632 0.955149 8.397585
v -0.282631 1.028151 8.516458
v -0.293604 1.254065 8.287594
v -0.384421 1.154453 8.373694
v 0.091865 1.216454 8.363900
v 0.110908 0.802427 8.704881
v 0.336411 0.662632 8.772921
v 0.353206 0.718468 8.733380
v 0.445407 0.891286 8.602849
v 0.461256 0.834683 8.640982
v -0.135763 0.980154 8.576935
v 0.182451 1.020891 8.540643
v 0.404182 1.142709 8.390227
v 0.121416 0.573501 8.843081
v 0.309481 0.597614 8.807542
v 0.419599 0.668272 8.752494
v 0.252066 0.898041 8.632495
v -0.209316 1.153843 8.408781
v -0.212047 0.904849 8.625175
v -0.228531 1.291550 8.254674
v -0.140041 0.900595 8.632738
v -0.083670 1.152982 8.427090
v -0.097961 1.230956 8.349259
v 0.259089 1.245723 8.315095
v 0.388541 1.209972 8.327953
v 0.507712 1.222450 8.288032
v -0.142865 0.815433 8.693718
v -0.057238 0.794730 8.708681
v -0.061922 0.949258 8.595879
v -0.083430 1.062059 8.508420
v -0.064714 1.285681 8.283163
v -0.025698 1.022532 8.540480
v -0.190770 1.033817 8.523593
v -0.145449 1.106948 8.465219
v -0.000156 1.205684 8.376337
v -0.002443 1.142494 8.434030
v 0.063142 1.186614 8.395603
v -0.178474 1.217198 8.350506
v 0.457827 1.130237 8.396475
v 0.002685 0.841221 8.681746
v 0.313016 1.139745 8.414067
v 0.479254 1.053100 8.458168
v 0.306532 1.065495 8.483443
v -0.013113 0.692377 8.771216
v 0.164909 1.183168 8.396888
v 0.179213 1.122071 8.452151
v 0.500887 0.980583 8.513417
v 0.125404 0.916527 8.624753
v 0.099902 0.978997 8.579959
v 0.188064 0.937172 8.610182
v 0.051392 1.087728 8.488442
v 0.098552 1.047453 8.522799
v 0.034675 0.899307 8.639116
v 0.323697 0.839983 8.662085
v 0.367244 0.852722 8.641619
v 0.165812 0.747066 8.746013
v 0.156348 1.267713 8.303842
v 0.118904 0.875611 8.656352
v 0.008442 0.781305 8.720104
v 0.453084 0.773208 8.679534
v 0.274029 1.170792 8.391324
v 0.360447 0.787986 8.688713
v 0.196607 0.822313 8.692861
v -0.121490 0.719653 8.749779
v 0.259671 0.806413 8.697265
v 0.446398 0.738750 8.708507
v 0.205403 0.633151 8.807439
v 0.314420 1.004822 8.536434
v 0.265619 0.756040 8.722816
v 0.349924 0.919153 8.597629
v 0.259293 0.712111 8.754132
v 0.610081 0.902545 8.553049
v 0.423726 0.988944 8.524648
v 0.515055 1.130770 8.378866
v 0.067262 0.685933 8.781315
v 0.020109 0.968464 8.588464
v -0.063518 0.897599 8.637951
v 0.536609 0.819048 8.639459
v 0.293180 0.973304 8.570228
v 0.757256 0.930936 8.467865
v 1.093192 0.736223 8.436514
v 0.974485 0.670213 8.560312
v 0.915586 0.859075 8.452072
v 0.515520 0.698130 8.721546
v 0.587564 0.756570 8.664346
v 0.873965 0.811064 8.515072
v 0.800282 0.765181 8.575222
v 1.246829 0.579636 8.439286
v 1.130177 0.784752 8.377812
v 1.259652 0.759310 8.301870
v 1.210630 0.666090 8.408604
v 0.948901 0.909627 8.403119
v 0.980208 0.608544 8.589557
v 0.674689 0.716115 8.656854
v 0.636038 1.108194 8.362783
v 0.736640 1.041613 8.376832
v 1.064073 0.894076 8.332688
v 1.039631 0.809748 8.421002
v 0.880804 0.708634 8.574480
v 1.019901 0.720996 8.493306
v 0.567733 1.159591 8.333063
v 0.693666 0.838797 8.573761
v 0.603543 1.050436 8.424494
v 0.628423 1.005059 8.462128
v 0.683147 0.980643 8.458157
v 0.788932 0.999888 8.396776
v 0.870118 1.037760 8.320784
v 0.654228 0.927627 8.513084
v 0.912315 0.947939 8.377707
v 0.827399 0.905304 8.459873
v 0.786552 0.844275 8.525764
v 1.105155 0.650685 8.492919
v 0.955143 0.732953 8.533316
v 0.955279 0.982394 8.323657
v 0.543190 0.614343 8.764318
v 0.751361 0.649388 8.678366
v 0.646187 0.667146 8.705809
v 0.561496 1.061613 8.435295
v 0.590517 0.838738 8.610432
v 0.710314 0.772785 8.613602
v 1.344410 0.602458 8.346257
v -0.245173 -0.185244 9.037722
v -0.287615 -0.464615 9.047696
v -0.355998 -0.561713 9.032534
v -0.203050 -0.334904 9.053065
v -0.072328 -0.720361 9.053790
v 0.280642 -0.713709 9.043410
v 0.194477 -0.428404 9.057758
v 0.212550 -0.172686 9.047030
v 0.036416 -0.670915 9.058685
v -0.019066 -0.396979 9.058162
v 0.372490 -0.623683 9.039244
v 0.333477 -0.409182 9.042902
v 0.117006 -0.411242 9.059952
v 0.251922 -0.523436 9.054909
v 0.346935 -0.808586 9.020624
v 0.034690 -0.463728 9.062082
v 0.330751 -0.290524 9.042476
v 0.098760 -0.591496 9.061887
v 0.151454 -0.672791 9.055728
v -0.089064 -0.545573 9.061558
v 0.154129 -0.274569 9.056489
v -0.130944 -0.302172 9.054978
v -0.173923 -0.446894 9.055961
v 0.216883 -0.721527 9.046451
v -0.169503 -0.665609 9.053142
v -0.282984 -0.656934 9.043529
v -0.041557 -0.192020 9.054940
v 0.285148 -0.146403 9.031910
v -1.007817 0.970064 8.255625
v -3.652226 -3.208401 0.387635
v -3.896708 -5.001226 -0.970141
v -3.592862 -3.527225 0.400379
v -3.166941 -3.994940 0.382827
v -3.741213 -1.326143 0.359109
v -3.806787 -3.154553 0.395603
v -3.542087 -1.575518 0.377084
v -3.217596 -3.172401 0.398527
v -3.325693 -3.861677 0.400938
v -3.087093 -4.630615 0.402756
v -3.805988 -2.497804 0.387013
v -3.873310 -2.783947 0.391336
v -3.447048 -3.643774 0.399768
v -3.055526 -3.584248 0.392027
v -3.134107 -1.344992 0.364340
v -3.788232 -2.745103 0.391433
v -3.871151 -2.241995 0.361858
v -3.306830 -3.186938 0.398759
v -3.403744 -3.073727 0.401464
v -3.588820 -3.052092 0.401213
v -3.165039 -1.746618 0.384260
v -3.127059 -1.643852 0.370389
v -3.461850 -3.464430 0.398288
v -3.161929 -1.564038 0.383450
v -3.878136 -2.769500 0.045832
v -3.115664 -3.713059 0.388283
v -3.736883 -1.419364 0.369851
v -3.633417 -3.278164 0.369837
v -3.750398 -2.928069 0.395685
v -3.212337 -3.683794 0.364520
v -3.532192 -3.177706 0.402820
v -3.216546 -1.368885 0.359838
v -3.021521 -1.454912 0.391501
v -3.880422 -3.515590 0.040003
v -3.878063 -1.956586 -0.166764
v -3.322980 -3.666521 0.404466
v -3.588475 -1.383711 0.364092
v -3.873638 -3.088853 0.397628
v -3.544805 -3.679064 0.401220
v -3.749973 -1.574520 0.372949
v -3.609432 -3.403961 0.399259
v -3.362939 -1.812907 0.385629
v -3.435301 -3.362076 0.390602
v -3.366473 -1.446143 0.380855
v -3.419685 -3.799798 0.400372
v -3.758405 -3.033219 0.395232
v -3.265417 -3.770606 0.379282
v -3.131155 -3.835365 0.385710
v -3.113157 -4.506053 0.398384
v -3.439269 -1.675782 0.382469
v -3.166142 -2.067472 0.380068
v -3.548784 -3.802988 0.401536
v -3.635954 -3.342069 0.391987
v -3.856695 -1.520315 0.372177
v -3.168725 -2.332462 0.378555
v -3.115290 -2.505284 0.348008
v -3.869192 -1.445140 0.370486
v -3.159650 -2.400445 0.364515
v -3.414499 -3.307249 0.370701
v -3.868514 -1.649299 0.371997
v -3.698828 -3.437279 0.400047
v -3.177847 -4.671255 0.393852
v -3.232282 -2.292289 0.366589
v -2.807483 -1.850393 0.403368
v -3.715103 -3.724301 0.402222
v -3.746248 -3.223638 0.367915
v -3.206866 -2.192052 0.392798
v -3.870182 -3.378848 0.402517
v -3.348749 -2.067456 0.390105
v -3.770463 -3.289963 0.366576
v -3.481110 -3.906413 0.403726
v -2.771059 -3.621528 0.385669
v -3.247240 -2.739359 0.399687
v -3.213504 -4.494991 0.380809
v -3.495674 -3.234382 0.382914
v -3.874583 -3.305583 0.390545
v -3.122285 -2.234449 0.375142
v -3.873294 -3.525688 0.398617
v -3.089872 -1.821426 0.365070
v -3.142366 -2.690968 0.341345
v -3.867284 -3.203523 0.389341
v -3.147221 -2.601993 0.352773
v -3.318775 -3.539929 0.398817
v -3.642369 -2.889416 0.394435
v -3.153426 -2.768764 0.346520
v -3.746151 -3.357335 0.399836
v -3.211523 -2.584952 0.388443
v -3.097056 -2.610814 0.345066
v -3.866435 -2.104069 0.381240
v -3.396872 -2.430083 0.388010
v -3.169010 -1.903601 0.382514
v -3.298564 -2.359238 0.367834
v -3.651982 -1.731383 0.380105
v -3.648304 -3.850474 0.402511
v -3.066896 -2.203198 0.396851
v -3.446926 -2.200424 0.388168
v -3.183352 -4.127258 0.379812
v -2.953027 -3.859061 0.389923
v -3.218885 -4.594059 0.374890
v -3.580516 -2.249924 0.382677
v -3.545756 -2.505425 0.387966
v -3.427987 -2.298025 0.354101
v -3.869286 -1.868205 0.375196
v -3.599118 -2.564311 0.391203
v -3.508292 -1.967326 0.386405
v -3.083560 -2.497363 0.390648
v -3.022541 -1.812068 0.398423
v -3.780979 -1.718058 0.373823
v -3.529936 -2.351652 0.370637
v -3.871238 -3.646824 0.401476
v -2.831684 -1.590438 0.400055
v -3.057512 -2.303905 0.393925
v -2.972791 -4.987326 0.408579
v -3.670211 -2.227004 0.376408
v -3.075072 -2.043275 0.377080
v -3.870209 -2.025760 0.380581
v -3.716443 -2.072804 0.382267
v -2.958736 -4.843699 0.402331
v -3.749713 -1.909494 0.382622
v -3.821544 -2.283528 0.341614
v -3.055375 -4.877765 0.405736
v -2.834229 -4.889913 0.403324
v -3.463883 -2.337636 0.353725
v -3.110693 -2.814189 0.387761
v -3.866948 -4.982878 0.414864
v -2.892639 -4.979480 0.404672
v -3.073375 -2.604993 0.390058
v -3.735552 -2.269694 0.354884
v -3.548175 -2.776124 0.392837
v -3.873209 -2.628024 0.383706
v -3.872766 -2.375213 0.375222
v -3.747745 -2.318496 0.348011
v -3.390747 -2.705559 0.399170
v -3.054011 -4.753186 0.399702
v -3.655644 -2.344050 0.361645
v -3.749724 -2.418808 0.382032
v -2.964463 -4.534728 0.400770
v -2.960467 -4.387418 0.393883
v -3.160728 -4.791740 0.396105
v -2.917470 -4.247047 0.377114
v -2.870617 -4.316760 0.395335
v -2.934439 -4.151466 0.365551
v -2.889493 -4.219509 0.386378
v -3.054461 -4.232793 0.420619
v -3.770942 -4.696042 0.406832
v -3.706181 -4.307230 0.404671
v -3.076862 -4.405276 0.399698
v -3.877166 -4.316691 0.406770
v -3.872041 -3.954351 0.404354
v -3.705065 -4.647899 0.406076
v -3.724092 -4.222402 0.406755
v -3.708807 -4.100619 0.399536
v -3.780031 -4.866115 0.410788
v -3.878879 -4.540880 0.408252
v -3.878142 -4.673047 0.410950
v -3.004750 -4.287062 0.394245
v -3.766834 -4.370014 0.404475
v -3.449851 -4.875140 0.411462
v -3.880819 -4.803429 0.409177
v -2.952577 -4.089638 0.395034
v -3.692060 -3.932758 0.403537
v -3.654166 -4.409562 0.403259
v -3.755190 -4.752048 0.409042
v -3.736831 -4.456104 0.405501
v -3.799724 -4.222091 0.404917
v -3.874489 -4.891764 0.367202
v -2.922249 -4.709141 0.401752
v -3.626279 -4.191047 0.404843
v -3.804429 -4.567670 0.407119
v -3.797478 -3.934545 0.401207
v -3.632875 -4.984890 0.410393
v -3.742965 -4.008837 0.405501
v -3.609493 -4.812380 0.407506
v -3.417933 -4.731958 0.408197
v -3.751000 -4.135139 0.402444
v -3.083949 -4.134288 0.385502
v -3.007843 -4.171937 0.406255
v -3.647788 -4.611873 0.409611
v -3.523506 -4.696220 0.406094
v -3.498273 -4.984408 0.409779
v -3.867114 -4.107584 0.404072
v -3.874401 -4.221755 0.407736
v -3.310549 -4.171296 0.398495
v -3.069642 -3.930850 0.390398
v -3.645790 -4.882383 0.411630
v -3.874858 -4.041581 0.405782
v -3.369166 -4.983126 0.405694
v -3.433981 -4.501402 0.407253
v -3.527209 -4.389033 0.406563
v -3.485812 -4.285758 0.404914
v -3.284945 -4.985898 0.416744
v -3.340883 -4.878106 0.404801
v -3.218362 -4.878992 0.387949
v -3.274455 -4.541251 0.392813
v -3.535971 -4.525321 0.408557
v -3.204531 -4.279865 0.428842
v -3.378739 -4.422958 0.404316
v -3.281658 -4.819102 0.424312
v -3.328170 -4.747832 0.407427
v -3.259097 -4.626691 0.401913
v -3.267521 -4.448656 0.385319
v -3.351236 -4.635078 0.404767
v -3.240156 -4.720088 0.415035
v -3.625928 -4.509402 0.407413
v -3.206031 -4.987219 0.392429
v -3.612621 -4.304968 0.404686
v -3.211283 -4.372565 0.389469
v -3.324926 -4.226428 0.406918
v -3.576699 -3.926270 0.402002
v -3.318441 -4.096739 0.395752
v -3.352469 -3.944364 0.404749
v -3.204117 -3.880573 0.359641
v -3.439310 -3.982826 0.402970
v -3.391699 -4.255597 0.406124
v -3.243035 -4.182086 0.427452
v -3.638755 -4.058277 0.405423
v -3.252942 -3.964103 0.364433
v -3.126607 -4.983516 0.407115
v -3.449759 -4.100735 0.401297
v -3.298435 -4.309755 0.400393
v -3.142202 -4.239076 0.406970
v -3.181578 -4.318733 0.384104
v -2.934655 -3.570293 0.390200
v -2.943724 -3.235805 0.406380
v -3.107449 -3.040025 0.366675
v -2.921381 -3.735088 0.386559
v -3.131687 -3.417189 0.386283
v -3.040179 -3.034935 0.405175
v -3.132327 -3.145231 0.389789
v -2.941271 -2.768113 0.407662
v -3.154329 -2.941281 0.392013
v -3.135622 -3.320389 0.389536
v -2.758975 -3.571979 0.399706
v -2.825771 -3.444438 0.403986
v -3.781138 -3.507804 0.400968
v -3.706392 -2.726694 0.389360
v -3.739219 -3.613128 0.401010
v -3.218978 -2.852645 0.396430
v -3.226121 -3.031337 0.396975
v -3.252164 -3.344648 0.366643
v -3.870724 -2.982795 0.394238
v -3.228769 -3.243104 0.374067
v -3.274920 -3.411100 0.388453
v -3.147232 -3.540411 0.370542
v -3.236955 -3.560120 0.367405
v -3.448502 -2.932797 0.399378
v -3.340684 -3.249699 0.376380
v -3.074560 -1.550576 0.367224
v -3.868022 -3.865581 0.404330
v -3.866604 -3.765796 0.405061
v -3.743641 -3.821332 0.402974
v 0.067275 3.909248 0.229547
v 1.069697 3.906660 0.169376
v -0.373318 2.451054 0.319257
v -0.498090 2.341173 0.323687
v -0.376026 2.231762 0.323172
v -0.177179 2.320154 0.326615
v 0.082922 2.340398 0.331520
v 0.496850 2.269962 0.330089
v 0.304383 2.093408 0.335814
v 0.266618 2.248508 0.330649
v 0.521671 2.049053 0.339788
v 0.637722 2.658133 0.312471
v 1.128417 2.241223 0.326093
v 0.815586 2.397670 0.320704
v 1.520103 2.161813 0.329461
v -0.262350 2.777703 0.284348
v -0.489213 2.448814 0.321885
v -0.136659 2.581304 0.317506
v -0.408801 2.790613 0.282201
v -0.132766 2.755439 0.293216
v 0.087415 2.877677 0.279823
v 0.074518 2.736867 0.279993
v -0.026823 2.792096 0.248027
v 0.365775 2.715787 0.288674
v 0.213081 2.730768 0.286094
v 0.134650 2.695186 0.306937
v 0.423941 2.692961 0.300435
v 0.385113 2.523576 0.317926
v 0.688479 2.719634 0.280848
v 0.921372 2.655262 0.306896
v 0.823683 2.696489 0.289312
v 0.618468 2.778148 0.284241
v 1.308968 2.652739 0.308522
v 0.992923 2.847063 0.255855
v 1.019154 2.762831 0.272551
v 1.211482 2.761544 0.284392
v 0.954497 2.694752 0.272628
v 1.295577 2.686956 0.270045
v 0.945860 2.795369 0.250831
v 1.355725 2.466316 0.322906
v 1.422335 2.756504 0.277546
v -0.359369 3.267072 0.268082
v -0.511876 3.076690 0.275449
v -0.231112 3.075630 0.270068
v -0.080290 2.918078 0.273964
v -0.201829 3.283302 0.265596
v 0.006759 3.210932 0.236456
v -0.049137 3.047822 0.265052
v 0.086076 2.987112 0.272468
v -0.016911 2.940060 0.242266
v -0.000990 3.110059 0.234126
v 0.312714 3.279418 0.273962
v 0.480818 3.208357 0.276410
v 0.189097 3.038555 0.284566
v 0.371526 3.000115 0.281223
v 0.871312 2.923458 0.276125
v 0.708887 3.070449 0.277834
v 0.894662 3.070516 0.269924
v 0.619532 2.926730 0.279664
v 0.643503 3.246640 0.272723
v 1.161841 3.255085 0.261297
v 0.948118 2.984084 0.247281
v 1.247506 3.010046 0.271723
v 1.088863 3.120764 0.265849
v 0.964761 3.115740 0.236862
v 1.009803 2.977037 0.255865
v 1.476814 3.235136 0.257595
v 1.478910 2.894254 0.273420
v 1.533141 3.065712 0.263422
v -0.508467 3.254025 0.269585
v -0.299346 3.540437 0.259793
v -0.466464 3.431753 0.265102
v -0.517988 3.688745 0.259944
v -0.072987 3.490230 0.259933
v -0.169244 3.584238 0.258708
v -0.065263 3.257840 0.265769
v 0.013902 3.554519 0.228667
v 0.124809 3.590660 0.265703
v 0.013552 3.311608 0.234269
v 0.048751 3.437504 0.238643
v 0.383296 3.602156 0.265161
v 0.148735 3.239822 0.278320
v 0.218009 3.569990 0.266611
v 0.905141 3.365165 0.264565
v 0.476376 3.491024 0.269702
v 0.551180 3.413664 0.269494
v 0.663494 3.649175 0.263162
v 0.696639 3.445670 0.268054
v 1.117868 3.647171 0.204261
v 1.136024 3.432827 0.211719
v 0.917031 3.610378 0.256825
v 1.003335 3.232691 0.237615
v 0.995401 3.362194 0.220032
v 1.179239 3.374448 0.194320
v 1.052026 3.411631 0.186804
v 1.028037 3.538051 0.176874
v 1.283937 3.520980 0.209788
v 1.561403 3.381233 0.206559
v 1.584299 3.340640 0.204739
v 1.365195 3.512120 0.247883
v 1.306427 3.211731 0.263699
v 1.478755 3.312471 0.227511
v 1.419755 3.462761 0.209509
v 1.494279 3.360789 0.195913
v 1.396880 3.557720 0.209490
v 1.344170 3.357151 0.194867
v 1.326292 3.448649 0.221897
v -0.322754 3.826806 0.253751
v -0.386283 3.687284 0.258261
v -0.221690 3.709909 0.256369
v -0.561135 3.792962 0.256993
v -0.392414 3.911682 0.252125
v -0.099951 3.912880 0.254590
v -0.051344 3.802115 0.250813
v -0.224961 3.909887 0.250820
v -0.046352 3.696872 0.256020
v 0.063313 3.668338 0.237107
v 0.152193 3.907435 0.261596
v 0.029316 3.810377 0.224370
v -0.005815 3.655580 0.230880
v 0.361053 3.800969 0.261586
v 0.358538 3.909100 0.258049
v 0.241437 3.908674 0.260857
v 0.524599 3.905802 0.257969
v 0.636588 3.909304 0.257346
v 0.778329 3.900872 0.251775
v 0.897624 3.757099 0.258433
v 0.873044 3.907711 0.251780
v 1.049020 3.728597 0.174397
v 0.996492 3.910710 0.217515
v 1.002397 3.773200 0.215427
v 0.993155 3.602620 0.221820
v 1.138538 3.905489 0.198058
v 1.271091 3.807752 0.197548
v 1.263387 3.672494 0.199659
v 1.494632 3.689701 0.201395
v 1.432504 3.906921 0.193586
v 1.588900 3.904638 0.193734
v 1.273447 3.906073 0.193465
v -3.868384 0.226545 0.144616
v -3.861025 1.611960 0.281110
v -3.566553 -1.303261 0.360782
v -3.863478 -1.295767 0.350138
v -3.867685 -0.632378 0.363687
v -3.868136 -0.929231 0.372097
v -3.767560 -0.658142 0.369938
v -3.864076 -0.820078 0.370621
v -3.659123 -1.068179 0.381579
v -3.615576 -0.806400 0.375177
v -3.393308 -0.855026 0.381480
v -3.854305 -1.347313 0.354622
v -3.775468 -1.067317 0.378481
v -3.868916 -1.222448 0.370409
v -3.868927 -1.069285 0.373331
v -3.656018 -1.338839 0.363545
v -3.731668 -1.213535 0.377055
v -3.540462 -1.183261 0.385802
v -3.670206 -1.286670 0.359749
v -3.408768 -1.375551 0.350567
v -3.393391 -1.317860 0.355837
v -3.251995 -1.118005 0.391546
v -3.313468 -0.927022 0.383893
v -3.081079 -1.220917 0.390659
v -3.321902 -0.640260 0.378565
v -3.475680 -0.740988 0.380186
v -3.090637 -0.792152 0.388252
v -3.017978 -1.230237 0.396349
v -3.058774 -0.961937 0.383109
v -3.067273 -1.062062 0.383409
v -2.991849 -0.974028 0.399771
v -3.080508 -0.632884 0.383063
v -3.034005 -0.848589 0.379890
v -3.028300 -0.756792 0.381366
v -3.860900 -0.047718 0.344743
v -3.723367 -0.453703 0.363963
v -3.867974 -0.446073 0.352329
v -3.708142 -0.222415 0.364207
v -3.862224 -0.244837 0.350303
v -3.644758 -0.486530 0.369474
v -3.866249 0.100167 0.328796
v -3.806157 0.124165 0.352026
v -3.665952 0.157971 0.354430
v -3.238596 -0.202024 0.370909
v -3.487770 0.055583 0.361684
v -3.078811 0.101915 0.367583
v -3.504573 -0.521993 0.374690
v -3.000280 -0.061446 0.367676
v -3.000376 0.092610 0.361766
v -3.259308 0.173144 0.362794
v -2.951682 -0.598443 0.394436
v -3.190017 -0.566118 0.380045
v -3.024043 -0.599282 0.369628
v -3.280087 -0.325336 0.367993
v -3.439603 -0.290268 0.369884
v -3.383986 -0.079983 0.367029
v -3.134598 -0.375768 0.376993
v -3.023305 -0.441175 0.374455
v -2.956576 -0.313324 0.390703
v -3.020068 -0.316123 0.371232
v -3.005594 -0.170426 0.361537
v -3.863580 0.242099 0.323307
v -3.859036 0.583305 0.315762
v -3.430061 0.715826 0.328056
v -3.533771 0.653329 0.308629
v -3.468729 0.862657 0.326517
v -3.861719 0.859741 0.324266
v -3.862380 0.691871 0.311856
v -3.786390 0.339825 0.349975
v -3.862705 0.375349 0.323462
v -3.691490 0.608851 0.319068
v -3.699531 0.745047 0.325056
v -3.772365 0.682849 0.309581
v -3.735899 0.527176 0.346456
v -3.782812 0.640345 0.317450
v -3.629343 0.642042 0.306752
v -3.415517 0.635409 0.298622
v -3.067920 0.747860 0.337857
v -3.481626 0.522657 0.352729
v -3.344376 0.850388 0.327207
v -2.986759 0.902764 0.299794
v -3.426369 0.592946 0.325135
v -3.007437 0.688905 0.305910
v -3.079531 0.593079 0.318785
v -3.494193 0.318018 0.357638
v -3.355659 0.293405 0.358239
v -3.030857 0.468529 0.362786
v -3.309979 0.585539 0.327973
v -2.937089 0.688346 0.343788
v -2.879930 0.574877 0.365086
v -3.029056 0.577963 0.334995
v -3.056840 0.292427 0.365856
v -2.968088 0.426105 0.343844
v -3.209269 0.500005 0.355231
v -2.979158 0.242377 0.359853
v -3.115973 0.643072 0.310903
v -3.328012 0.641422 0.304538
v -2.919448 0.385050 0.373365
v -3.231740 0.625947 0.309542
v -3.255925 0.808681 0.334086
v -3.703342 1.576697 0.275754
v -3.858141 1.315811 0.307488
v -3.790638 1.272157 0.312781
v -3.858957 1.136173 0.315577
v -3.640655 1.508277 0.303390
v -3.762723 1.483350 0.306103
v -3.817134 1.608292 0.280839
v -3.645284 1.354046 0.309846
v -3.693434 1.656627 0.290873
v -3.496681 1.570308 0.267146
v -3.611017 1.249756 0.314510
v -3.616953 1.635722 0.279982
v -3.439922 1.630934 0.282895
v -3.512062 1.156901 0.317387
v -3.711413 1.071955 0.317628
v -3.786975 0.964088 0.315802
v -3.858966 0.993135 0.318446
v -3.630545 0.932473 0.321365
v -3.000451 1.021793 0.298595
v -3.437289 1.555540 0.292109
v -3.372293 1.502363 0.308624
v -3.413138 1.398348 0.313108
v -3.060444 1.093891 0.326114
v -3.373437 1.263956 0.318172
v -3.219497 1.558445 0.284231
v -3.047990 1.450149 0.320112
v -2.937291 1.124554 0.338190
v -3.154598 1.573880 0.274474
v -3.073176 1.604812 0.288720
v -3.068657 1.325670 0.319653
v -3.332270 1.585501 0.271245
v -2.986939 1.158548 0.291633
v -2.949743 1.622542 0.278624
v -2.981737 1.510090 0.283605
v -2.906560 1.466948 0.330649
v -2.956946 1.373985 0.282052
v -2.989048 1.291678 0.294269
v -2.914499 1.313805 0.338640
v -3.569049 1.041017 0.321536
v -3.369494 1.005447 0.327895
v -3.070691 0.971674 0.330713
v -3.225371 1.193659 0.322178
v -3.860569 1.730831 0.307447
v -3.859858 1.883039 0.303803
v -3.678189 1.952905 0.302781
v -3.753262 1.691440 0.310184
v -3.549092 1.904049 0.305697
v -3.808222 1.987783 0.300884
v -3.582010 1.713380 0.311706
v -3.725622 1.821727 0.306125
v -3.319237 1.701156 0.313308
v -3.274547 2.031477 0.300922
v -3.439030 1.920680 0.307230
v -2.907849 1.827342 0.304945
v -3.235436 1.888226 0.309880
v -3.113962 1.737192 0.315637
v -3.043427 2.047264 0.309874
v -3.015025 1.960479 0.309771
v -2.944669 2.043654 0.277860
v -2.971842 1.806979 0.297191
v -2.906121 1.976125 0.289531
v -3.020116 1.710283 0.314162
v -2.903055 1.719789 0.326130
v -2.884761 1.917337 0.327302
v -1.288769 -5.002874 -0.985020
v 1.601206 -5.006622 0.108760
v 0.229922 -4.997133 0.379609
v 0.035232 -4.995471 0.382461
v 0.178493 -4.838665 0.380491
v -0.134892 -4.993278 0.380484
v 0.585038 -4.992445 0.345697
v 0.488213 -4.999586 0.378211
v 0.367080 -4.990188 0.378748
v 0.505438 -4.698828 0.377427
v 0.608709 -4.828186 0.354257
v 0.696299 -5.001482 0.378111
v 0.668441 -4.922093 0.369197
v 0.837345 -4.996580 0.387410
v 0.966631 -5.000442 0.384793
v 1.091467 -4.998581 0.385328
v 1.251313 -4.781156 0.387030
v 1.293903 -5.000851 0.383324
v 1.581497 -5.000395 0.385753
v 2.028529 -5.002529 0.385900
v 1.795672 -4.999636 0.384771
v 2.450309 -5.004846 0.385827
v 2.322361 -5.003088 0.382820
v 2.542845 -4.861339 0.357055
v 2.476838 -4.806725 0.383702
v 2.545952 -4.997785 0.355478
v 2.625595 -4.948598 0.362555
v 2.603102 -4.809052 0.346331
v 2.651280 -4.785371 0.370664
v 0.140119 -4.563467 0.378979
v 0.024176 -4.456279 0.379053
v 0.632360 -4.718445 0.360064
v 0.572439 -4.726120 0.356971
v 0.638639 -4.413966 0.336446
v 0.704123 -4.505682 0.371888
v 0.515791 -4.532766 0.378110
v 0.602473 -4.573101 0.348582
v 0.970831 -4.531852 0.390482
v 0.903867 -4.447279 0.352512
v 0.716007 -4.617629 0.387989
v 0.743397 -4.763047 0.388079
v 1.302778 -4.539725 0.388607
v 1.277833 -4.446154 0.345124
v 1.085969 -4.442708 0.349218
v 1.607731 -4.435810 0.338559
v 1.392860 -4.455577 0.350451
v 1.703940 -4.555239 0.385152
v 1.459973 -4.655010 0.385014
v 1.805216 -4.425236 0.348039
v 2.196691 -4.797169 0.385213
v 2.003445 -4.448116 0.342247
v 1.833313 -4.666694 0.386424
v 1.902955 -4.476021 0.349767
v 2.433600 -4.484100 0.340957
v 2.079820 -4.573378 0.387791
v 2.255587 -4.478428 0.335508
v 2.544634 -4.680750 0.358594
v 2.423208 -4.584334 0.384955
v 2.108546 -4.481600 0.344816
v 2.533659 -4.552108 0.349039
v 2.612681 -4.692011 0.354880
v 2.562625 -4.392745 0.345502
v 2.609928 -4.472832 0.343691
v 2.528366 -4.488297 0.361865
v 2.593027 -4.563972 0.356087
v 0.248420 -4.258095 0.376699
v -0.020859 -4.133491 0.376983
v 0.533599 -4.379052 0.377259
v 0.631910 -4.021445 0.342766
v 0.747030 -4.320484 0.383029
v 0.733730 -4.403171 0.347331
v 0.740232 -4.138248 0.387361
v 0.971778 -4.341918 0.375680
v 0.630423 -4.193521 0.344706
v 1.211644 -4.333143 0.383589
v 1.629680 -4.193748 0.382223
v 1.531683 -4.356577 0.379859
v 1.572482 -4.036561 0.383064
v 2.144450 -4.189029 0.380216
v 1.891327 -4.039721 0.380792
v 1.968730 -4.375244 0.378896
v 2.344210 -4.241091 0.377518
v 2.461846 -4.378851 0.377050
v 2.152897 -4.025135 0.380084
v 2.491004 -4.057537 0.379204
v 2.628412 -4.293710 0.343971
v 2.572481 -4.143547 0.346045
v 2.641544 -4.029828 0.344644
v -0.038554 -3.703451 0.388898
v 0.077125 -3.734795 0.372337
v 0.127294 -3.668199 0.399818
v 0.191360 -3.752291 0.370917
v 0.468941 -3.697398 0.370923
v 0.624537 -3.840445 0.341892
v 0.543394 -3.918211 0.374420
v 0.589411 -3.712758 0.371287
v 0.309848 -3.719049 0.377198
v 0.766469 -3.857403 0.388975
v 0.745566 -3.703406 0.378967
v 0.692632 -3.906318 0.358031
v 1.215019 -3.690196 0.387227
v 1.334878 -3.765941 0.390558
v 1.216265 -3.965069 0.384717
v 1.501071 -3.721386 0.380057
v 1.782319 -3.737104 0.383212
v 2.101209 -3.778506 0.376081
v 2.246969 -3.772297 0.381498
v 2.491901 -3.771378 0.381179
v 2.622705 -3.724889 0.393508
v 2.656420 -3.780123 0.349482
v 2.582921 -3.938614 0.346329
v 2.556736 -3.803006 0.357270
v 2.685960 -3.908891 0.363455
v -0.211224 -3.432942 0.408441
v 0.123306 -3.138874 0.419683
v 0.527664 -3.380849 0.414358
v 0.943678 -3.537273 0.411219
v 1.484798 -3.591868 0.403268
v 1.958971 -3.331592 0.419534
v 2.467576 -3.266132 0.405799
v 1.940700 -3.642410 0.408002
v -0.086073 -3.062387 0.430643
v 0.192796 -3.042265 0.445798
v 0.291195 -2.951544 0.516465
v -0.257224 -3.169182 0.411522
v 0.020093 -2.899751 0.587995
v 0.426111 -3.069539 0.420288
v 0.483770 -2.974449 0.468160
v 0.621873 -2.975930 0.441824
v 0.809830 -2.891233 0.464356
v 1.436682 -3.202301 0.413440
v 0.839453 -2.968263 0.424896
v 1.735656 -2.938992 0.420744
v 2.083922 -3.021001 0.417393
v -0.189888 -2.834585 0.647686
v 0.300859 -2.859715 0.618214
v 0.536255 -2.736933 0.720735
v 1.087366 -2.836650 0.434527
v 1.309071 -2.700662 0.434529
v 1.370499 -2.373953 0.703862
v 1.018094 -2.717984 0.556356
v 1.503042 -2.589940 0.426994
v 1.551697 -2.824103 0.423396
v 1.971534 -2.708544 0.420992
v 1.703915 -2.200276 0.593475
v 2.177801 -2.533797 0.418589
v 1.792799 -2.357554 0.429445
v 2.423221 -2.535013 0.411350
v 2.276018 -2.264802 0.422372
v 2.566095 -2.048960 0.405650
v 2.018356 -2.066421 0.444068
v 1.718020 -2.333930 0.477860
v 1.878829 -1.885562 0.688549
v 2.138952 -1.974585 0.425206
v 2.062166 -1.514225 0.746039
v 2.094580 -1.658445 0.621162
v 2.186527 -1.759105 0.475485
v 2.642849 -1.757632 0.399435
v 2.318403 -1.676820 0.424104
v 2.480027 -1.308848 0.417969
v -0.032736 -2.784251 0.736874
v 0.153218 -2.773441 0.746461
v 0.312756 -2.647472 0.967070
v 0.064119 -2.689771 0.906173
v 0.350866 -2.756691 0.740128
v -0.011001 -2.623468 1.079248
v 0.592112 -2.608420 0.937124
v 0.532810 -2.680215 0.824167
v 0.688011 -2.651024 0.795749
v 0.826127 -2.575453 0.849678
v 0.745894 -2.582384 0.893320
v 0.985358 -2.578723 0.726618
v 0.824354 -2.717529 0.639310
v 1.023694 -2.432427 0.958677
v 0.850091 -2.517071 0.941883
v 0.742701 -2.523325 1.015809
v 1.312296 -2.172731 1.133803
v 1.350089 -2.306899 0.814489
v 1.750607 -2.003425 0.726397
v 1.656990 -1.961768 0.918424
v 1.622381 -2.105081 0.757662
v 1.838827 -1.744800 0.894825
v 2.218806 -1.133302 0.735903
v 0.255561 -2.530164 1.303585
v -0.093368 -2.545201 1.276947
v 0.414046 -2.545399 1.191922
v 0.208729 -2.496430 1.439830
v 0.669597 -2.481973 1.200741
v 0.553096 -2.512995 1.198927
v 0.589782 -2.440853 1.372779
v 0.465984 -2.470096 1.379791
v 0.832974 -2.361099 1.361867
v 0.866163 -2.452505 1.084850
v 0.619618 -2.538034 1.082971
v 0.986023 -2.280689 1.380192
v 1.005368 -2.303917 1.288094
v 1.196516 -2.288525 1.061505
v 1.003554 -2.364254 1.137506
v 1.090906 -2.294731 1.188916
v 1.333160 -1.995064 1.485775
v 1.297211 -2.098337 1.311419
v 1.504535 -1.894368 1.320037
v 1.740597 -1.625353 1.273062
v 1.768845 -1.468392 1.436012
v 1.918856 -1.220130 1.334764
v 1.983255 -1.380118 1.009507
v 0.125164 -2.446318 1.642832
v -0.094822 -2.451551 1.604680
v 0.569662 -2.330261 1.798064
v 0.494128 -2.408119 1.580711
v 0.337367 -2.379618 1.832950
v 0.802213 -2.274594 1.683280
v 0.871395 -2.217175 1.770983
v 0.665947 -2.376489 1.510445
v 0.931442 -2.266759 1.505958
v 1.031407 -2.123304 1.799558
v 1.225658 -2.089877 1.472099
v 1.636873 -1.480989 1.846317
v 1.513641 -1.705848 1.755047
v 1.800228 -1.293994 1.606555
v 0.043835 -2.405324 1.821601
v 0.028130 -2.361980 2.021339
v 0.229021 -2.329974 2.118846
v 0.667570 -2.217285 2.158930
v 0.430948 -2.271992 2.232389
v 0.782275 -2.233269 1.878651
v 0.961146 -2.077501 2.137528
v 0.923783 -2.117153 2.052142
v 0.938705 -2.135082 1.959357
v 1.295410 -1.896638 1.874759
v 1.364552 -1.720742 2.222456
v 1.620135 -1.359064 2.190759
v 1.728356 -1.225738 1.998141
v -0.034766 -2.303682 2.308065
v 0.131242 -2.268491 2.518627
v -0.158107 -2.317253 2.185886
v 0.568547 -2.172166 2.585633
v 1.017228 -1.978069 2.423955
v 0.727629 -2.137922 2.434214
v 1.153741 -1.925667 2.212415
v 1.485579 -1.529940 2.328790
v 0.084006 -2.206393 3.003323
v 0.335907 -2.189540 2.892394
v -0.184572 -2.242933 2.609081
v 0.093201 -2.235068 2.731631
v 0.395895 -2.213119 2.630231
v 0.485261 -2.130321 3.094848
v 0.714140 -2.096750 2.710787
v 0.887538 -1.973257 2.920855
v 0.861938 -2.015821 2.748109
v 0.729766 -2.056308 2.906631
v 1.199165 -1.784683 2.628711
v -0.184697 -2.180860 3.129817
v 0.139260 -2.183018 3.207417
v 0.581930 -2.073656 3.397184
v 0.702373 -2.028178 3.293765
v 0.994414 -1.874194 3.134285
v 0.751648 -2.027976 3.081246
v 1.375011 -1.524691 2.890085
v 1.216638 -1.690582 3.047988
v 1.542300 -1.240731 2.924315
v 0.249786 -2.135039 3.635853
v -0.023840 -2.163262 3.491117
v 0.044573 -2.156419 3.666326
v 0.367137 -2.135046 3.387289
v 0.559689 -2.063395 3.655630
v 0.412041 -2.102388 3.630072
v 0.847434 -1.931549 3.652904
v 0.781939 -1.965582 3.582505
v 0.859413 -1.935642 3.448703
v 1.205467 -1.641284 3.594430
v 1.390769 -1.412038 3.590696
v 1.270166 -1.595995 3.378875
v 1.543441 -1.223245 3.668235
v 1.453340 -1.344707 3.389080
v 0.081876 -2.202478 3.909060
v 0.388471 -2.180805 4.100182
v -0.167278 -2.146617 3.686366
v 0.546740 -2.125248 3.934936
v 0.387665 -2.158287 3.872073
v 0.745520 -2.003183 3.707314
v 0.968190 -1.863156 3.674004
v 0.970286 -1.934866 4.029419
v 0.884226 -1.979353 3.919384
v 1.034545 -1.871310 3.834324
v 1.460629 -1.418900 3.771983
v 1.231438 -1.700598 3.807774
v 1.086485 -1.752778 3.611275
v 1.548832 -1.324586 4.124613
v 0.272349 -2.229184 4.288015
v -0.049851 -2.230220 4.199375
v 0.176410 -2.215133 4.101719
v 0.559158 -2.189293 4.409035
v 0.496541 -2.167572 4.205242
v 0.688294 -2.097222 4.188637
v 0.805973 -2.097450 4.445854
v 0.859644 -2.039474 4.294393
v 0.822646 -2.025867 4.111056
v 1.171786 -1.860263 4.407797
v 1.066796 -1.878773 4.122733
v 0.947575 -1.988117 4.276602
v 1.356405 -1.615550 4.167134
v 1.645554 -1.263584 4.446978
v -0.033878 -2.292700 4.571723
v -0.150601 -2.320897 4.789645
v 0.581820 -2.250530 4.809885
v 0.455269 -2.271875 4.738153
v 0.220612 -2.295471 4.632703
v 0.786987 -2.171204 4.788648
v 0.799784 -2.135477 4.640177
v 0.951761 -2.039321 4.540719
v 0.929955 -2.098574 4.784812
v 1.159212 -1.909386 4.600426
v 1.080130 -1.998112 4.741468
v 1.416229 -1.651155 4.569157
v 1.558781 -1.433973 4.493373
v 0.051532 -2.346015 4.861557
v 0.240773 -2.334926 4.877048
v 1.065401 -2.055933 4.955174
v 0.947157 -2.116323 4.894892
v 1.431709 -1.714218 4.852724
v 1.596884 -1.508668 4.885797
v -0.191976 -2.197652 3.968657
v 1.705464 -1.407426 5.062606
v 1.791617 -1.384117 5.319030
v 1.850127 -1.024264 5.002824
v 1.803252 -1.217116 5.101127
v 1.938192 -0.818324 5.157943
v 1.958186 -0.311706 5.101872
v 1.994966 -0.088023 5.337119
v 1.915737 0.191528 5.318007
v 1.848109 0.163315 5.014591
v 1.716693 0.421944 4.940546
v 1.823039 0.359435 5.204868
v 1.796799 0.459716 5.296531
v 1.522609 0.808806 5.158254
v 1.615328 0.622812 5.004719
v 1.666944 0.668611 5.276858
v 0.749515 1.340066 5.125575
v 1.025493 1.246189 5.244092
v 1.084629 1.083214 4.810895
v 1.345190 0.932032 4.998945
v 1.317756 1.051838 5.281770
v -0.148858 1.492535 5.231582
v 0.432671 1.372947 4.887265
v 0.327285 1.466470 5.193856
v 0.117799 1.455105 5.061691
v 0.620652 1.400938 5.183443
v 1.989500 -1.300244 5.785453
v 1.873148 -1.450772 5.655997
v 1.875559 -1.348751 5.518612
v 1.947440 -1.167676 5.516738
v 1.989108 -0.976611 5.454798
v 2.075108 -0.667122 5.547000
v 2.131188 -0.673870 5.723846
v 2.075120 -0.500051 5.540324
v 1.995303 0.215477 5.585586
v 2.034191 -0.024124 5.510196
v 1.904030 0.404438 5.535705
v 1.850586 0.423649 5.414111
v 1.702689 0.705046 5.456705
v 1.598845 0.950859 5.663708
v 1.559979 0.898327 5.479013
v 1.058740 1.317709 5.513310
v 1.194341 1.183536 5.386646
v 1.331791 1.134022 5.525713
v 0.140602 1.575405 5.489312
v 0.585802 1.524631 5.552945
v 0.396782 1.585728 5.612121
v 0.596191 1.475360 5.403024
v 0.697895 1.542432 5.696925
v 0.821975 1.423080 5.486461
v 2.104419 -1.092340 5.892667
v 2.172224 -0.853515 5.912292
v 2.088176 -1.300852 6.053082
v 2.188403 -0.489711 5.864165
v 2.127719 -0.235016 5.686604
v 2.199242 -0.335934 5.881567
v 2.211047 -0.191241 5.950268
v 2.260121 -0.389298 6.083037
v 2.107608 0.024973 5.737983
v 2.207249 -0.003158 6.018214
v 2.147746 0.257051 6.062121
v 2.061892 0.268529 5.805609
v 2.070845 0.413615 6.003796
v 1.981384 0.510494 5.872255
v 1.740193 0.875399 5.834208
v 1.945645 0.672060 6.018429
v 1.848639 0.641674 5.717223
v 1.492113 1.228957 6.049485
v 1.619651 1.113668 6.060908
v 1.586177 1.067717 5.864216
v 1.305670 1.301627 5.858941
v 1.390801 1.185099 5.739454
v -0.332043 1.606741 5.672011
v 0.247794 1.633741 5.690584
v 0.279288 1.708520 5.911753
v 0.509631 1.677116 5.931644
v 0.811152 1.558357 5.839067
v 0.789755 1.637821 6.051137
v 0.637227 1.698599 6.078524
v 1.076968 1.386900 5.713310
v 1.223879 1.443689 6.099873
v 1.089022 1.491099 6.015104
v -0.014161 1.768566 6.056938
v 0.004815 1.699353 5.844429
v -0.212031 1.756284 6.057131
v 0.269795 1.761488 6.066118
v 2.110088 -1.401864 6.292181
v 2.257452 -0.924918 6.260942
v 2.203430 -1.141055 6.259638
v 2.155288 -1.113938 6.060470
v 2.296144 -0.689155 6.274364
v 2.222320 -0.719078 5.997322
v 2.311869 -0.343568 6.313066
v 2.272734 -0.216791 6.134179
v 2.333363 -0.470754 6.488118
v 2.307083 -0.157965 6.327429
v 2.233290 0.244452 6.394738
v 2.218423 0.216507 6.244200
v 2.074617 0.551962 6.210000
v 1.896552 0.914724 6.413780
v 1.953225 0.788645 6.273286
v 1.463453 1.308438 6.201132
v 1.621215 1.214638 6.386528
v 1.467179 1.342469 6.371574
v 1.821820 0.917114 6.137433
v 0.908734 1.629067 6.165711
v 1.026238 1.598849 6.255224
v 1.133421 1.525820 6.185572
v 1.079214 1.597851 6.400283
v 1.242838 1.493620 6.337529
v 1.347569 1.350830 6.070688
v 1.334226 1.439532 6.359681
v 0.075324 1.819491 6.248379
v 0.521209 1.725753 6.082264
v 0.362558 1.832455 6.433335
v 0.361708 1.787845 6.206609
v 0.686396 1.746729 6.348348
v 2.173531 -1.349873 6.849965
v 2.070061 -1.573819 6.599414
v 2.197414 -1.284942 6.569535
v 2.262452 -1.101831 6.706680
v 2.281248 -1.000466 6.532970
v 2.337598 -0.744722 6.721577
v 2.335656 -0.501301 6.820263
v 2.348486 -0.154175 6.681377
v 2.270668 0.214566 6.824798
v 2.295942 0.067782 6.532116
v 2.184196 0.413693 6.484921
v 2.195191 0.430595 6.698079
v 1.942044 0.888183 6.697317
v 2.058378 0.715478 6.715070
v 2.090368 0.601624 6.435702
v 1.467218 1.378768 6.643817
v 1.574100 1.292020 6.684382
v 1.522775 1.320963 6.519504
v 1.529628 1.330219 6.838539
v 1.855494 0.991597 6.853842
v 1.748300 1.096482 6.821702
v 1.780340 1.094113 6.729517
v 1.632051 1.236274 6.819847
v 1.701197 1.170592 6.649379
v 1.785648 1.070748 6.540546
v 1.182832 1.563211 6.586272
v 1.252314 1.510515 6.479539
v 1.026883 1.642528 6.556585
v 1.429055 1.411131 6.793358
v 1.252118 1.525574 6.628428
v 1.390030 1.433284 6.600207
v 1.317239 1.488585 6.746859
v 1.327693 1.471199 6.551805
v -0.056658 1.853036 6.505050
v 0.148666 1.852859 6.519005
v -0.119257 1.869975 6.667190
v -0.160580 1.863853 6.881025
v -0.358171 1.842081 6.647799
v 0.300513 1.858599 6.788411
v 0.139155 1.869793 6.709270
v 0.461812 1.834382 6.641130
v 0.507649 1.822411 6.885129
v 0.754851 1.752549 6.571230
v 0.878235 1.716227 6.707695
v 2.052070 -1.487689 7.230960
v 2.126936 -1.337206 7.213429
v 2.101637 -1.442925 7.122314
v 2.103601 -1.477595 7.023613
v 2.030941 -1.642507 6.867532
v 2.184437 -1.272852 7.062769
v 2.229561 -1.098607 7.128863
v 2.177724 -1.182002 7.242506
v 2.243830 -1.137156 6.929018
v 2.288481 -0.908391 7.035453
v 2.231628 -1.005431 7.223989
v 2.314803 -0.890267 6.776249
v 2.320864 -0.723622 7.004761
v 2.314172 -0.090974 7.050667
v 2.351951 -0.289683 6.891473
v 2.299612 -0.522792 7.130522
v 2.316159 -0.326226 7.139709
v 2.250730 0.131641 7.161806
v 2.274374 -0.056593 7.227624
v 2.170360 0.289431 7.301608
v 2.121418 0.569932 6.942882
v 2.121505 0.524297 7.109947
v 2.199192 0.355738 7.061398
v 1.983459 0.811716 6.934340
v 1.977460 0.788463 7.081616
v 2.015243 0.688402 7.211941
v 2.066130 0.649246 7.040484
v 1.615617 1.177159 7.240831
v 1.563366 1.273127 7.075016
v 1.513412 1.330443 6.970259
v 1.768353 1.088732 6.960822
v 1.615095 1.239382 6.954909
v 1.874812 0.941351 7.057128
v 1.699840 1.142859 7.081002
v 0.734946 1.700271 7.272792
v 1.114790 1.607630 6.757358
v 1.099112 1.570706 7.164494
v 1.216243 1.502587 7.178899
v 1.192852 1.542795 7.032567
v 0.965123 1.676099 6.916199
v 1.367415 1.445958 6.951794
v 1.248726 1.523182 6.938378
v 1.377280 1.394243 7.180212
v 1.297262 1.457451 7.134861
v 1.370759 1.423072 7.074211
v -0.222445 1.793809 7.290158
v -0.319538 1.828441 7.061539
v -0.039050 1.843638 7.116741
v 0.141748 1.864158 6.930779
v 0.232614 1.790903 7.305189
v 0.220192 1.834879 7.127992
v 0.464076 1.790825 7.189738
v 0.747406 1.742706 7.028142
v 1.982655 -1.489635 7.460623
v 2.067946 -1.386337 7.349979
v 1.967432 -1.596857 7.326394
v 2.137109 -1.188513 7.380394
v 2.067752 -1.244441 7.528888
v 2.215007 -0.698177 7.481536
v 2.134925 -1.006325 7.546893
v 2.275162 -0.738045 7.258416
v 2.183547 -0.528590 7.565856
v 2.228810 -0.236410 7.471777
v 2.283735 -0.300401 7.296575
v 2.242880 -0.481192 7.392633
v 2.214245 0.025846 7.394979
v 2.219720 -0.101844 7.444530
v 2.140441 -0.092855 7.654684
v 2.130966 0.129539 7.564676
v 2.171161 0.139530 7.448482
v 1.979361 0.506511 7.583465
v 1.992325 0.577762 7.463339
v 2.084083 0.463520 7.356781
v 2.101344 0.316490 7.480247
v 1.741200 0.950013 7.470484
v 1.956582 0.693710 7.374396
v 1.808969 0.807822 7.572627
v 1.907483 0.669433 7.533609
v 1.832038 0.712877 7.654788
v 1.851086 0.849345 7.379116
v 1.371313 1.341564 7.366786
v 1.407611 1.349677 7.266436
v 1.526196 1.168463 7.485311
v 1.429069 1.291877 7.388364
v 1.304672 1.341844 7.492150
v 1.585349 1.158691 7.379580
v 1.742970 1.004629 7.345337
v 1.791414 1.004094 7.210036
v 0.369455 1.684132 7.590552
v 0.690430 1.658574 7.466498
v 0.878564 1.603163 7.424026
v 1.078654 1.464145 7.554486
v 0.934378 1.512029 7.603801
v 1.180942 1.489529 7.308202
v 0.990720 1.607645 7.240759
v 1.207111 1.443769 7.397813
v 0.094809 1.733670 7.532408
v -0.090162 1.730882 7.521792
v -0.199967 1.753152 7.439704
v -0.082991 1.814317 7.253641
v 0.012516 1.788143 7.359628
v 0.197661 1.696736 7.608708
v 0.453909 1.735986 7.411630
v 1.792460 -1.279910 8.005991
v 1.985717 -1.351213 7.612878
v 1.875647 -1.557674 7.629260
v 1.770250 -1.375543 7.969531
v 1.829171 -1.491751 7.778530
v 1.938485 -1.361871 7.705806
v 1.964188 -0.948181 7.910398
v 1.949148 -1.119794 7.854647
v 1.899554 -1.015742 7.979227
v 1.891278 -1.291752 7.843917
v 2.027563 -0.901087 7.824737
v 2.045742 -1.098516 7.699126
v 1.994463 -0.743436 7.932103
v 2.106377 -0.726768 7.742055
v 2.122659 -0.836353 7.663622
v 1.951522 -0.631027 8.015924
v 2.043151 -0.594807 7.868778
v 2.071405 -0.332748 7.843890
v 2.067742 -0.163888 7.823851
v 2.123929 -0.506469 7.698789
v 2.186352 -0.324885 7.600396
v 2.041395 -0.472236 7.863679
v 2.060482 -0.021389 7.794208
v 2.083754 0.127529 7.677619
v 1.999215 0.168086 7.818662
v 1.953710 0.033920 7.953849
v 1.911301 0.492557 7.748651
v 1.882843 0.604751 7.683679
v 1.921136 0.319529 7.860407
v 1.826116 0.441587 7.925565
v 2.020392 0.316450 7.679456
v 1.625305 0.796848 7.891564
v 1.480011 0.891946 7.978427
v 1.680805 0.887018 7.694661
v 1.746275 0.701779 7.819311
v 0.979620 1.298537 7.935664
v 1.192495 1.149194 7.959784
v 1.163843 1.291830 7.785366
v 1.611547 1.019531 7.613387
v 1.492032 1.013351 7.806278
v 1.380264 1.158429 7.736932
v 1.384048 1.214148 7.638350
v 1.338578 1.271864 7.587457
v 1.301620 1.114607 7.904649
v 1.488131 1.120788 7.648589
v 1.420545 1.094433 7.791337
v 1.247746 1.319754 7.630765
v -0.173822 1.637024 7.731300
v -0.294504 1.637989 7.704862
v -0.050295 1.672781 7.677093
v 0.069373 1.656556 7.712890
v -0.163289 1.693278 7.609430
v -0.234884 1.572519 7.845526
v -0.058566 1.566866 7.887766
v -0.178996 1.472872 8.022339
v 0.559869 1.480916 7.915863
v 0.222655 1.621312 7.772310
v 0.424879 1.509549 7.917823
v 0.693596 1.431453 7.929211
v 0.789626 1.484202 7.782709
v 0.663578 1.511794 7.813694
v 0.533362 1.620141 7.671566
v 0.713821 1.590153 7.623815
v 1.102378 1.393187 7.670925
v 0.938482 1.405465 7.804964
v 0.969080 1.464903 7.663386
v 1.616404 -1.350970 8.175780
v 1.556971 -1.476254 8.161614
v 1.515968 -1.549393 8.149743
v 1.399029 -1.625998 8.208128
v 1.536930 -1.351402 8.267407
v 1.698082 -1.492169 7.982583
v 1.810386 -1.157474 8.052752
v 1.788054 -1.019037 8.143497
v 1.844983 -0.921494 8.104083
v 1.707440 -1.199203 8.161009
v 1.697988 -1.316390 8.105555
v 1.877732 -0.760965 8.108068
v 1.924201 -0.846126 8.009775
v 1.768616 -0.762427 8.247614
v 1.888496 -0.587840 8.101468
v 1.814845 -0.621009 8.203979
v 1.783455 -0.499030 8.236348
v 1.946538 -0.516817 8.010657
v 1.790097 -0.168297 8.231067
v 1.753947 -0.372184 8.287539
v 1.857335 -0.370377 8.163391
v 1.923816 -0.403634 8.066336
v 1.933612 -0.242881 8.054443
v 1.966991 -0.119157 7.979261
v 1.719945 0.182865 8.210435
v 1.755643 0.057499 8.217556
v 1.826542 -0.062269 8.164906
v 1.537072 0.526574 8.220511
v 1.714210 0.339494 8.144342
v 1.601027 0.346193 8.264644
v 1.625443 0.435981 8.190240
v 1.691317 0.548144 8.032162
v 1.830260 0.229618 8.046840
v 1.111274 1.001476 8.199727
v 1.230479 0.879669 8.223275
v 1.428042 0.649889 8.241820
v 1.530367 0.669657 8.128405
v 1.327824 0.807090 8.204082
v 1.393433 0.861124 8.093410
v 1.587631 0.710314 8.032298
v -0.173876 1.332972 8.216996
v 0.388585 1.298543 8.224318
v 0.303397 1.325391 8.202455
v 0.481034 1.282272 8.223474
v 0.645290 1.213493 8.243012
v 0.574607 1.269745 8.199478
v 0.704305 1.151182 8.284328
v 0.756259 1.209225 8.198618
v 0.830971 1.127794 8.247612
v 0.787433 1.280012 8.093408
v 0.613397 1.320520 8.118358
v 1.264683 0.957139 8.117786
v 1.186516 1.071116 8.062251
v 0.994886 1.053753 8.230423
v 1.043479 1.110544 8.135982
v 0.949705 1.115142 8.192268
v 0.885156 1.204797 8.128239
v 1.056553 1.227254 7.976054
v 1.382881 0.981742 7.980297
v 0.126162 1.346315 8.207411
v 0.054450 1.341522 8.219096
v -0.063009 1.387534 8.152802
v 0.057913 1.492335 8.008223
v 0.375441 1.355730 8.151961
v 0.334568 1.427377 8.058640
v 0.266633 1.409555 8.101210
v 0.470722 1.358576 8.125485
v 0.217207 1.376672 8.156480
v 0.283687 1.523056 7.928942
v 0.566341 1.382201 8.058038
v 0.693603 1.334363 8.069185
v 0.759830 1.366906 7.989294
v 1.414059 0.557644 3.817261
v 1.815666 -0.013994 4.640474
v 1.362701 0.620936 2.753828
v 1.837923 -0.343800 4.505297
v 1.476219 0.509720 2.602489
v 1.703690 -1.246222 4.728415
v 1.394473 0.739158 2.129258
v 0.222529 1.539792 1.258904
v 0.534957 1.389962 1.588435
v 1.652376 0.151827 2.647551
v 0.283930 1.289523 2.299981
v 1.576293 0.414926 2.373575
v 1.614033 0.439567 2.108633
v 1.943448 -0.605411 5.058077
v 1.905231 -0.145754 4.957979
v 1.428454 1.985482 0.339204
v 0.327310 1.366351 1.868289
v 0.789724 1.306839 1.568017
v 1.472586 1.645934 0.353246
v 0.763761 1.404742 1.287097
v 1.547652 -1.340690 2.603045
v 1.729363 0.092650 2.308706
v 0.882952 1.204175 1.805234
v 1.773029 -0.005450 4.390612
v 2.061010 -0.541854 1.289899
v 1.962963 1.151474 0.388330
v 1.708214 1.149779 0.594539
v 0.969764 1.903425 0.353779
v 0.227510 1.237086 2.669631
v 1.952634 -0.568229 1.669553
v 2.165967 1.829451 0.337851
v 1.930655 -0.974091 1.517307
v 1.673420 -0.759630 3.368979
v 1.621983 -0.982037 3.260669
v 1.912418 0.148454 1.447096
v 1.474499 0.606493 4.357615
v 2.357226 -1.195625 0.547711
v 1.791882 1.386375 0.367585
v 2.227361 1.330519 0.358121
v 1.703399 -0.625503 3.026124
v 2.092293 0.637326 0.597248
v 1.906269 0.877851 0.629716
v 2.285602 0.909932 0.375881
v 2.215059 0.828210 0.394150
v 0.269826 1.366498 4.738773
v 1.986100 0.539864 0.824121
v 2.233397 0.261399 0.634065
v 0.573008 1.311856 1.864631
v 1.858300 -0.620495 2.069909
v 2.564463 0.073466 0.390535
v 1.319917 0.574490 3.588049
v 1.253115 0.651127 3.524632
v 1.729430 0.432462 1.652355
v 1.741687 -1.001809 4.436253
v 1.741433 0.525656 1.432862
v 0.799736 1.174738 4.496005
v 1.769091 0.661446 1.128781
v 1.574885 0.733160 1.513709
v 1.597764 0.808749 1.275096
v 1.563204 0.663655 1.738455
v 1.607484 0.878429 1.124891
v 2.508223 0.574231 0.379354
v 1.372613 1.007502 1.363808
v 1.339765 1.117300 1.169755
v 0.310115 1.187266 3.331487
v 1.512028 1.044036 1.011587
v 2.614857 0.920169 0.362177
v 0.299703 1.282763 4.293219
v 2.442848 0.376491 0.396507
v 1.820084 -0.947549 1.990730
v 1.525731 -1.153400 3.551543
v 2.260424 0.465578 0.515595
v 2.230819 0.650137 0.457920
v 1.738077 -1.085423 2.186804
v 0.393358 1.160581 3.619581
v 2.478264 0.077075 0.443924
v 0.546760 1.176896 2.651411
v 0.648250 1.201666 2.298131
v 0.844184 1.172332 2.042914
v 1.771579 -0.290172 4.124043
v 1.802927 -0.591602 4.305469
v 1.696067 1.030331 0.732937
v 0.897364 1.087153 4.290239
v 1.387364 1.331149 0.696132
v 1.299757 0.827682 4.459264
v 2.053197 -1.148681 1.040264
v 1.100616 0.944672 4.242589
v 1.276230 0.739554 3.928760
v 1.763057 0.773282 0.981842
v 0.774073 2.097938 0.334567
v 1.308370 0.740334 4.137557
v 1.731988 0.901390 0.843711
v 1.872206 0.662474 0.904914
v 1.358374 0.807596 4.625792
v 1.038805 0.944942 3.966508
v 2.193314 -0.119928 0.866969
v 0.881173 1.026808 3.859851
v 0.696712 1.154714 4.169094
v 2.224371 -0.340963 0.852877
v 2.356635 -0.139038 0.623222
v 2.394380 -0.695862 0.600607
v 0.685277 1.971606 0.369494
v 0.498774 1.886656 0.490393
v 2.561984 -0.418042 0.427971
v 2.059865 -0.331346 1.268388
v 2.024123 0.076518 1.173742
v 1.819034 0.307085 1.556090
v 2.521646 -0.276636 0.464156
v 0.727505 1.666412 0.693525
v 1.927376 -0.212840 1.697044
v 1.624636 0.536385 4.848871
v 1.576364 1.362385 0.509141
v 0.096752 1.718438 0.780366
v 1.515982 0.634091 4.659682
v 0.101165 1.908278 0.504735
v 1.836182 1.805456 0.344655
v 0.881841 1.321190 1.382614
v 1.088180 1.301227 1.146425
v 1.046515 1.655446 0.550433
v 1.054559 1.190683 1.507123
v 1.672101 -0.813393 3.090744
v 1.068138 1.049301 4.621367
v 2.570622 -0.983535 0.411620
v 0.625495 1.115152 2.942567
v 1.742004 -0.181199 2.626566
v 2.130725 1.121369 0.367930
v 1.791334 -0.156734 2.310791
v 2.017583 0.906840 0.495403
v 1.705122 -1.035952 2.448555
v 1.664046 -1.029891 2.682767
v 1.772508 -0.851335 2.335085
v 1.713756 -0.799709 2.740057
v 1.800678 -0.472133 2.417232
v 1.743253 -0.488831 2.795541
v 0.544175 1.168076 3.871425
v 0.773600 1.015853 3.571290
v 0.858106 1.011715 2.911003
v 0.625171 1.101457 3.297566
v 0.822760 1.013676 3.320642
v 0.531803 1.262206 4.457238
v 0.678523 1.254971 4.666029
v 1.231960 1.796979 0.347831
v 1.624612 0.506014 1.893921
v 0.812611 1.243002 4.844686
v 1.658799 -1.071757 4.084499
v 1.667675 0.385825 4.656393
v 1.037374 0.935537 2.663370
v 1.232758 0.780648 2.641107
v 1.191154 0.769923 2.925132
v 2.587279 1.341027 0.348004
v 0.714433 1.591225 0.849511
v 0.517248 1.515154 1.190703
v 1.191723 0.903388 2.244719
v 0.426699 1.697404 0.754633
v 0.817748 1.453330 1.103120
v 0.902659 1.067193 2.400519
v 1.815012 0.157544 1.818390
v 1.654127 -0.479962 3.549979
v 1.728631 -0.445557 3.689994
v 1.702008 -0.239524 3.646063
v 1.712450 -0.064256 3.799899
v 1.472505 0.398468 3.306543
v 1.554200 0.241709 3.112418
v 1.379585 0.559104 2.975147
v 1.763294 -0.388610 3.906249
v 1.583923 0.060748 3.529511
v 1.604082 0.106471 3.382917
v 1.654838 -0.071747 3.133924
v 1.629074 -0.126668 3.543411
v 1.638889 0.326573 4.330558
v 2.088580 -0.753945 1.155658
v 2.228676 -0.830388 0.818480
v 1.092730 0.835801 3.330622
v 1.007840 0.873215 3.584381
v 1.201260 0.729206 3.626653
v 1.335374 0.595228 3.130993
v 1.046993 0.878938 3.008433
v 1.611573 0.186578 3.719095
v 1.286394 0.646783 3.368726
v 1.451669 0.372480 3.546576
v 1.562562 0.390500 4.090868
v 1.511063 0.402625 3.778368
v 1.637862 -1.086469 3.836354
v 1.698643 -0.839604 3.723375
v 2.123507 0.199776 0.839354
v 1.904462 0.381135 1.181456
v 1.758612 -0.616577 4.039780
v 1.595501 -0.945054 3.550447
v 1.653174 -0.636900 3.538427
v 1.707954 -0.646177 3.661309
v 1.702061 -0.389993 3.362033
v 1.022905 1.129432 1.797558
v 1.340946 0.884108 1.826883
v 1.101225 1.028210 2.003526
v 1.696316 -0.417747 3.159554
v 1.217874 0.909160 2.130321
v 1.331809 0.934388 1.675125
v 1.584765 -1.078643 3.396645
v 1.032168 1.487509 0.784115
v 0.088776 1.264580 4.026072
v 1.699118 0.071984 4.129063
v 0.454248 1.165550 3.075538
v 1.285148 1.315572 0.841724
v 1.863053 -0.760831 4.801696
v 1.838083 -0.679976 4.629096
v 1.793362 -0.990955 4.716446
v 1.721498 -0.846286 4.054890
v 2.628117 1.888033 0.328388
v -1.626780 -1.554862 5.286561
v -1.613747 -1.447827 5.022662
v -1.682945 -1.429813 5.226383
v -1.716973 -1.241448 5.018177
v -1.869047 -0.928021 5.211933
v -1.922857 -0.615814 5.237095
v -1.795334 -0.803024 4.805037
v -1.946893 -0.279372 5.333867
v -1.856881 -0.264603 5.014602
v -1.897619 -0.360631 5.157718
v -1.923648 0.066284 5.464625
v -1.772926 0.285096 5.201611
v -1.590153 0.766944 5.460323
v -1.564678 0.605085 5.072714
v -1.447956 0.850818 5.286197
v -0.748080 1.347301 5.243260
v -1.207611 1.032115 5.145720
v -0.373779 1.459289 5.224613
v -1.803746 -1.376039 5.505019
v -1.953938 -0.944826 5.498516
v -1.956935 -1.127339 5.664107
v -1.844335 -1.173277 5.380547
v -2.042053 -0.625704 5.624190
v -1.968474 -0.457261 5.387919
v -1.909152 -0.128645 5.280713
v -1.987749 -0.076580 5.567793
v -1.999971 -0.568382 5.490026
v -1.947698 0.273645 5.715944
v -1.829554 0.472180 5.616766
v -1.786505 0.427474 5.438446
v -1.693097 0.753287 5.698875
v -1.338508 1.037492 5.450436
v -1.030604 1.325735 5.612153
v -1.269217 1.181064 5.658753
v -0.862069 1.347617 5.405825
v -0.670508 1.493916 5.612117
v -0.256086 1.569734 5.525968
v -1.940791 -1.288980 5.778043
v -2.006037 -1.345716 6.014658
v -2.070725 -1.098473 5.944469
v -2.171078 -0.794478 6.063173
v -2.123538 -0.663309 5.859082
v -2.071381 -0.916961 5.823435
v -2.203617 -0.484198 6.123887
v -2.208131 -0.610735 6.123262
v -2.143451 -0.327581 5.924020
v -2.045033 -0.295595 5.653324
v -2.201827 -0.203816 6.139499
v -2.037718 0.120159 5.835226
v -2.039125 -0.017471 5.746621
v -2.104005 0.102757 6.017171
v -2.060163 0.313575 6.067067
v -1.910014 0.550350 5.938908
v -1.823557 0.797633 6.099901
v -1.532149 1.016711 5.831978
v -1.467045 1.167830 6.007472
v -1.129153 1.351402 5.830695
v -0.916891 1.470998 5.824579
v -0.449074 1.729668 6.089135
v -0.524342 1.634187 5.857582
v -0.907217 1.578568 6.084949
v -2.022078 -1.538327 6.445392
v -2.057781 -1.363654 6.213495
v -1.906446 -1.598228 6.093633
v -2.171021 -1.032890 6.221532
v -2.235738 -0.918068 6.457920
v -2.223659 -0.827325 6.289959
v -2.254554 -0.780267 6.437834
v -2.246396 -0.648366 6.294326
v -2.232595 -0.509060 6.244703
v -2.246496 -0.144127 6.414230
v -2.258488 -0.451076 6.418283
v -2.231379 -0.392053 6.263152
v -2.248301 -0.288251 6.356639
v -2.193804 0.018803 6.271167
v -2.212279 0.096794 6.513258
v -2.159758 0.153479 6.262999
v -2.088044 0.432655 6.355431
v -2.012550 0.525532 6.204455
v -1.986708 0.675661 6.458737
v -1.659512 1.112328 6.396743
v -1.700037 1.005684 6.186545
v -1.517050 1.244456 6.382748
v -1.316093 1.398613 6.332713
v -1.461601 1.242104 6.188934
v -1.220168 1.396710 6.076394
v -1.104065 1.551003 6.397358
v -0.733916 1.731539 6.463937
v -0.551569 1.756674 6.274850
v -0.277235 1.815332 6.320982
v -1.966848 -1.665135 6.568805
v -2.087026 -1.441497 6.612947
v -2.138325 -1.298600 6.528388
v -2.152352 -1.275314 6.778965
v -2.046514 -1.514411 6.830225
v -2.097474 -1.407793 6.806314
v -2.205716 -1.105680 6.777742
v -2.235315 -0.979029 6.805861
v -2.236434 -0.966788 6.605826
v -2.261171 -0.861924 6.724054
v -2.208031 -1.080684 6.539620
v -2.285584 -0.623043 6.786600
v -2.284088 -0.612325 6.630019
v -2.281111 -0.721352 6.689546
v -2.260855 -0.842258 6.567285
v -2.274637 -0.572289 6.492215
v -2.271866 -0.242918 6.883137
v -2.276746 -0.420075 6.562968
v -2.280950 -0.414599 6.785015
v -2.282435 -0.313423 6.664803
v -2.284700 -0.491615 6.693524
v -2.270436 -0.279440 6.520066
v -2.176869 0.260294 6.612209
v -2.262001 -0.100610 6.701561
v -2.223874 0.074809 6.823810
v -2.228688 0.067474 6.726866
v -2.251730 -0.075166 6.554989
v -2.149262 0.335450 6.834851
v -2.202725 0.167171 6.755276
v -2.117135 0.435425 6.750026
v -2.118913 0.425613 6.591496
v -2.033841 0.614158 6.660475
v -1.899106 0.851714 6.744067
v -1.855124 0.896127 6.531840
v -1.778984 1.004857 6.803274
v -1.642091 1.163753 6.683593
v -1.729256 1.063776 6.646472
v -1.409855 1.368383 6.560773
v -1.239688 1.501692 6.693132
v -0.915060 1.653591 6.417018
v -1.145185 1.552389 6.609026
v -0.881976 1.688689 6.823222
v -1.009834 1.631473 6.708360
v -1.115613 1.575594 6.793721
v -0.781322 1.729621 6.680387
v -0.514442 1.808614 6.802861
v -0.654996 1.770228 6.788861
v -0.568548 1.792276 6.602381
v -1.970156 -1.564871 7.182203
v -2.046885 -1.427665 7.135851
v -2.019128 -1.532047 7.004362
v -2.063166 -1.448380 6.969028
v -2.127570 -1.310463 6.904929
v -2.119658 -1.286844 7.057276
v -2.145495 -1.123345 7.211604
v -2.187330 -1.085361 7.053325
v -2.213539 -0.982252 7.031633
v -2.221110 -1.011118 6.917586
v -2.204970 -0.942889 7.139061
v -2.171819 -1.176947 6.932426
v -2.260966 -0.821803 6.859534
v -2.278989 -0.654519 6.884859
v -2.266678 -0.644810 7.014637
v -2.252307 -0.800214 7.007991
v -2.271935 -0.533119 6.927469
v -2.233641 -0.616560 7.206999
v -2.257167 -0.617528 7.092859
v -2.234200 -0.766331 7.150873
v -2.249504 -0.297619 7.087015
v -2.256804 -0.490265 7.060771
v -2.229416 -0.195906 7.171504
v -2.262042 -0.399788 6.954165
v -2.258763 -0.201330 6.986737
v -2.237783 -0.480991 7.164654
v -2.233255 -0.334441 7.164546
v -2.135114 0.282444 7.115206
v -2.186599 0.157128 7.010298
v -2.182816 0.214274 6.904474
v -2.258330 -0.118677 6.880473
v -2.224171 0.002952 7.021050
v -2.221575 0.059617 6.938030
v -2.251714 -0.045426 6.836258
v -2.227245 -0.081414 7.104911
v -2.184574 0.053538 7.202052
v -2.204875 -0.026081 7.176276
v -2.184274 0.130793 7.088670
v -2.077637 0.514607 6.889392
v -2.128962 0.214501 7.259803
v -2.061474 0.494886 7.055452
v -2.090647 0.397042 7.137599
v -2.133055 0.337041 6.980241
v -2.026142 0.593609 6.984682
v -1.993140 0.628167 7.085313
v -2.104608 0.303241 7.241333
v -2.024693 0.520251 7.206688
v -1.969541 0.722028 6.912475
v -1.951448 0.664360 7.213716
v -1.844048 0.876367 7.117510
v -1.909818 0.768878 7.122005
v -1.745018 1.013525 7.084750
v -1.552849 1.219244 7.082521
v -1.699656 1.091848 6.922623
v -1.561480 1.242059 6.879808
v -1.426142 1.361433 6.881554
v -1.321490 1.416266 7.078895
v -1.179850 1.507693 7.071768
v -1.355132 1.402699 6.996987
v -1.241189 1.500468 6.829431
v -1.215579 1.501918 6.940828
v -1.196125 1.468771 7.200073
v -0.854988 1.683306 6.976575
v -0.854642 1.664611 7.113779
v -0.986514 1.589214 7.195803
v -0.971665 1.614715 7.088890
v -0.975988 1.634462 6.970227
v -1.138721 1.554435 6.919662
v -0.683569 1.691234 7.290584
v -0.717716 1.707499 7.175988
v -0.514567 1.803778 6.918023
v -0.772503 1.706364 7.081667
v -0.546664 1.773713 7.090512
v -0.436569 1.780055 7.191371
v -0.650238 1.754840 7.023956
v -1.950714 -1.438217 7.463822
v -1.926677 -1.555959 7.353791
v -2.029877 -1.351021 7.343159
v -2.085503 -1.302215 7.194064
v -2.018688 -1.415990 7.280180
v -1.963378 -1.529330 7.280344
v -2.076345 -1.261045 7.302381
v -1.988543 -1.288613 7.532772
v -1.922945 -1.387924 7.585297
v -1.816051 -1.607937 7.564109
v -1.883752 -1.518399 7.524042
v -2.065729 -1.221626 7.386501
v -2.026780 -1.224219 7.498061
v -2.075995 -1.021880 7.536418
v -2.088542 -1.097672 7.438882
v -2.131293 -0.994539 7.399485
v -2.195663 -0.883085 7.248189
v -2.137021 -1.066091 7.313301
v -2.136095 -0.568243 7.542009
v -2.087971 -0.775595 7.628451
v -2.109179 -0.862770 7.540385
v -2.165949 -0.858069 7.377301
v -2.194033 -0.609879 7.375593
v -2.214614 -0.649621 7.289404
v -2.176924 -0.748913 7.397084
v -2.195347 -0.804757 7.292766
v -2.140967 -0.183977 7.485640
v -2.152611 -0.276724 7.455863
v -2.147635 -0.372927 7.461374
v -2.109707 -0.353913 7.565230
v -2.127348 -0.473482 7.537363
v -2.171793 -0.496691 7.414933
v -2.209842 -0.433144 7.270051
v -2.185061 -0.408849 7.351719
v -2.211482 -0.245390 7.271457
v -2.143066 -0.080690 7.442083
v -2.149915 0.146840 7.246359
v -2.069106 0.197756 7.474191
v -2.116315 -0.107946 7.538023
v -2.100875 -0.018990 7.530499
v -2.097486 0.214418 7.369379
v -2.094792 0.078847 7.485730
v -2.134763 0.108064 7.345757
v -2.180557 -0.184872 7.367139
v -2.015873 0.212766 7.598277
v -2.045320 0.084245 7.598406
v -2.158404 -0.050880 7.373733
v -2.196986 -0.124345 7.271302
v -2.162050 0.043906 7.302701
v -2.043492 0.382066 7.353669
v -2.016788 0.467111 7.322717
v -1.971062 0.558123 7.333847
v -1.996633 0.340515 7.549685
v -2.001575 0.403964 7.462779
v -1.995842 0.288329 7.597505
v -2.048581 0.305216 7.434152
v -1.954025 0.433832 7.559799
v -1.951888 0.515701 7.466875
v -1.843513 0.826374 7.252457
v -1.876934 0.705845 7.391568
v -1.705770 1.007733 7.257582
v -1.855723 0.653813 7.518646
v -1.785649 0.783871 7.495252
v -1.616010 1.028825 7.440720
v -1.766580 0.747721 7.591012
v -1.702065 0.854611 7.565760
v -1.752611 0.893634 7.385190
v -1.597090 0.973521 7.590847
v -1.496557 1.206883 7.305331
v -1.428184 1.234788 7.380127
v -1.510184 1.135939 7.449743
v -1.248218 1.376762 7.390676
v -1.419191 1.282702 7.274918
v -1.348317 1.278651 7.455638
v -0.898385 1.602649 7.305763
v -1.174952 1.382647 7.517862
v -1.056457 1.507711 7.360650
v -0.829089 1.591523 7.437953
v -0.960005 1.524992 7.455760
v -0.925652 1.503489 7.553471
v -0.730030 1.595918 7.525482
v -0.578817 1.644214 7.536199
v -0.680350 1.578520 7.599920
v -0.586201 1.671201 7.447766
v -0.483761 1.683961 7.489586
v -0.728415 1.641308 7.408362
v -0.522049 1.620624 7.636968
v -0.348484 1.673366 7.600658
v -0.551503 1.732594 7.280656
v -0.488076 1.725676 7.357683
v -0.355496 1.753366 7.361058
v -1.901586 -1.342243 7.684913
v -1.850868 -1.372867 7.757072
v -1.754838 -1.535988 7.773528
v -1.818722 -1.525344 7.668087
v -1.757614 -1.370059 7.905413
v -1.941419 -1.281123 7.650725
v -1.682117 -1.429430 7.971895
v -1.728744 -1.484801 7.856606
v -1.670964 -1.585891 7.855158
v -1.734971 -1.640887 7.694114
v -2.030497 -1.022972 7.636360
v -1.980143 -1.042315 7.745737
v -1.966854 -0.993556 7.793495
v -1.965282 -1.124981 7.719268
v -2.018687 -0.934517 7.718674
v -1.994094 -1.140404 7.644108
v -2.057191 -0.942702 7.624330
v -1.926019 -1.207760 7.743636
v -1.801199 -1.267568 7.918780
v -1.836483 -1.295594 7.841621
v -1.888144 -1.239719 7.791984
v -1.859016 -1.114418 7.917677
v -1.902860 -1.133384 7.837405
v -1.904564 -1.019159 7.892555
v -1.857209 -0.983693 7.983059
v -2.048814 -0.571671 7.761505
v -1.998410 -0.544161 7.860775
v -2.004500 -0.710090 7.834381
v -2.028652 -0.763818 7.762305
v -2.094936 -0.689827 7.646599
v -1.962224 -0.818152 7.878139
v -2.055864 -0.826235 7.685252
v -2.001107 -0.868319 7.783736
v -1.972241 -0.661884 7.905580
v -1.915417 -0.717688 7.980648
v -1.945666 -0.909863 7.868575
v -1.951078 -0.486323 7.929981
v -2.078730 -0.127529 7.649728
v -2.026403 -0.320925 7.774587
v -2.041379 -0.236014 7.746232
v -2.107121 -0.225355 7.593564
v -1.963477 -0.113990 7.872684
v -2.056468 -0.178603 7.705619
v -1.945579 -0.403796 7.915359
v -1.939456 -0.308039 7.932168
v -1.999010 -0.469500 7.841964
v -1.973778 -0.269273 7.871481
v -2.065521 -0.338309 7.684725
v -1.973155 -0.359847 7.872863
v -2.011286 -0.394868 7.801990
v -2.042226 -0.471456 7.756067
v -2.084980 -0.442647 7.649204
v -2.096649 -0.557262 7.645931
v -2.083584 -0.380119 7.624287
v -1.893873 -0.266508 8.010907
v -2.009369 -0.146366 7.792930
v -1.980547 0.131852 7.739800
v -1.938167 0.046375 7.865609
v -2.007523 0.103357 7.691411
v -1.988149 -0.052929 7.807977
v -1.971281 0.067698 7.789544
v -2.017968 0.018709 7.717424
v -2.031387 0.145709 7.618582
v -1.919549 -0.172469 7.954648
v -2.074959 -0.035305 7.614332
v -2.039031 -0.069867 7.717762
v -1.856793 0.205322 7.919669
v -1.920102 -0.039311 7.927615
v -1.882101 0.100737 7.920654
v -1.954188 0.306904 7.669552
v -1.932976 0.372267 7.658193
v -1.949666 0.235025 7.733189
v -1.703075 0.585735 7.892643
v -1.861274 0.332287 7.833503
v -1.866100 0.443259 7.735168
v -1.903724 0.477017 7.627567
v -1.830530 0.416634 7.812637
v -1.914482 0.182986 7.832727
v -1.895865 0.350370 7.755820
v -1.796095 0.582569 7.723691
v -1.861184 0.506665 7.679578
v -1.790881 0.270418 7.979279
v -1.690930 0.515828 7.959039
v -1.809770 0.494943 7.793645
v -1.619298 0.589978 7.998596
v -1.754133 0.590420 7.793746
v -1.700118 0.729943 7.747748
v -1.567784 0.777818 7.898637
v -1.639394 0.859209 7.690784
v -1.862136 0.596986 7.580303
v -1.634589 0.650106 7.927166
v -1.654071 0.688738 7.857374
v -1.443395 0.921758 7.889532
v -1.482380 0.985194 7.762477
v -1.477807 0.940486 7.831023
v -1.567528 0.860956 7.809484
v -1.423546 0.888650 7.948846
v -1.471161 0.821242 7.970202
v -1.279196 1.157315 7.789160
v -1.226535 1.128015 7.890025
v -1.505550 1.055464 7.620241
v -1.421096 1.056300 7.749661
v -1.179229 1.230362 7.788543
v -1.362269 1.033618 7.855502
v -1.273744 1.019627 7.968135
v -1.287267 1.235703 7.651137
v -1.411072 1.141951 7.636755
v -1.091746 1.338907 7.706316
v -1.101452 1.284322 7.788688
v -1.024216 1.237222 7.932940
v -0.962798 1.348085 7.824655
v -0.880358 1.292309 7.965156
v -0.850429 1.376987 7.856882
v -1.106039 1.194157 7.921483
v -0.904654 1.428616 7.733790
v -1.061123 1.411952 7.599242
v -0.887080 1.486081 7.643152
v -0.786326 1.462665 7.771694
v -0.599770 1.447592 7.920126
v -0.683392 1.530534 7.719502
v -0.530477 1.533964 7.809292
v -0.539195 1.582989 7.708528
v -0.749786 1.407872 7.891999
v -0.639933 1.488593 7.834154
v -0.820932 1.523208 7.618817
v -0.458372 1.478401 7.935252
v -0.714671 1.466243 7.817340
v -0.337887 1.528462 7.890132
v -0.410182 1.586475 7.764065
v -1.594065 -1.269514 8.191183
v -1.640912 -1.279114 8.124890
v -1.598976 -1.516782 8.013273
v -1.712230 -1.292369 8.020803
v -1.521549 -1.463986 8.146784
v -1.498392 -1.318027 8.266730
v -1.510764 -1.595960 8.053728
v -1.621343 -1.190964 8.198701
v -1.680129 -1.103137 8.166280
v -1.791554 -1.177867 7.979980
v -1.737435 -1.215731 8.034099
v -1.825020 -1.064924 7.985190
v -1.766481 -1.062310 8.073444
v -1.710448 -1.149856 8.107183
v -1.751500 -0.909677 8.154346
v -1.793106 -0.942739 8.085499
v -1.659598 -0.933902 8.259712
v -1.715741 -0.976438 8.176163
v -1.828686 -0.944043 8.036618
v -1.603466 -1.106739 8.258019
v -1.720256 -0.730124 8.243690
v -1.896299 -0.535948 8.022443
v -1.896481 -0.653630 8.022596
v -1.832385 -0.520062 8.116989
v -1.715836 -0.577977 8.265352
v -1.801400 -0.646817 8.152398
v -1.775466 -0.740678 8.169773
v -1.851144 -0.673634 8.085974
v -1.771716 -0.836873 8.148207
v -1.886701 -0.858662 7.985097
v -1.839141 -0.858420 8.054571
v -1.827006 -0.779600 8.093729
v -1.840103 -0.332981 8.091758
v -1.869619 -0.408506 8.053137
v -1.908816 -0.399705 7.992835
v -1.790040 -0.300386 8.164036
v -1.872040 -0.148501 8.025805
v -1.745575 -0.221297 8.211925
v -1.760935 -0.508740 8.212451
v -1.790842 -0.406760 8.174003
v -1.829372 -0.238840 8.107674
v -1.725503 -0.291018 8.243307
v -1.738865 -0.110854 8.189425
v -1.826301 0.142109 7.988231
v -1.787082 0.191480 8.024695
v -1.863097 -0.055951 8.013459
v -1.827092 0.056371 8.023123
v -1.787856 -0.129999 8.136816
v -1.603707 0.203063 8.240213
v -1.728528 0.200844 8.097466
v -1.764401 -0.018146 8.140450
v -1.681484 0.103988 8.192908
v -1.736629 0.060247 8.149611
v -1.775395 0.107110 8.079601
v -1.690904 -0.065767 8.234043
v -1.623009 0.479531 8.071913
v -1.641204 0.256945 8.172538
v -1.652501 0.414384 8.079761
v -1.632726 0.336314 8.143152
v -1.721832 0.449716 7.969564
v -1.756417 0.367108 7.977839
v -1.651091 0.500087 8.021655
v -1.733494 0.297217 8.045559
v -1.540338 0.440581 8.187573
v -1.511872 0.587348 8.124575
v -1.525826 0.500743 8.164779
v -1.442171 0.517150 8.245277
v -1.540834 0.634555 8.049897
v -1.167089 0.837236 8.258884
v -1.154138 0.916959 8.197116
v -1.180192 0.986404 8.102852
v -1.442524 0.722789 8.091263
v -1.346682 0.781036 8.147342
v -1.283170 0.899097 8.093029
v -1.232827 0.810666 8.224574
v -1.420274 0.687437 8.145644
v -1.445884 0.772735 8.048262
v -1.335221 0.694915 8.231665
v -1.412814 0.622991 8.201932
v -1.339572 0.916164 8.019317
v -1.263145 0.843563 8.166121
v -1.068697 0.961160 8.219883
v -1.201791 1.068900 7.992634
v -0.790038 1.228815 8.110512
v -0.957965 1.147298 8.092216
v -0.844330 1.147197 8.176175
v -0.965041 1.084357 8.165459
v -1.094342 1.055993 8.100928
v -1.047153 1.160100 8.018214
v -0.942239 1.224844 8.014245
v -0.911050 1.074549 8.216868
v -0.687637 1.224456 8.176018
v -0.736548 1.128873 8.264778
v -0.763327 1.314133 8.017332
v -0.597057 1.300798 8.128537
v -0.414269 1.318393 8.175721
v -0.551467 1.399997 8.013812
v -0.373026 1.448290 8.011813
v -0.297857 1.375816 8.129120
v -0.388216 -4.997856 0.353208
v -0.465113 -2.267324 2.127527
v -0.401914 -2.264422 2.226554
v -1.308217 -4.992499 0.375409
v -0.317635 -2.399266 1.689089
v -0.285846 -2.350458 1.942445
v -0.334561 -2.121606 3.714334
v -2.803838 -2.438912 0.405070
v -0.237559 -4.665878 0.380317
v -1.390248 -1.540107 2.634373
v -0.239069 -4.434645 0.377541
v -0.265205 -4.858159 0.382107
v -1.280946 -3.043513 0.406400
v -0.663477 -4.727567 0.386072
v -2.596838 -4.176298 0.369345
v -0.742364 -4.849730 0.388543
v -0.193790 -2.157606 3.467371
v -0.355120 -4.868057 0.348553
v -2.621780 -4.007955 0.387985
v -2.653388 -4.200963 0.370479
v -2.621552 -3.898964 0.389080
v -2.683408 -4.267929 0.363053
v -2.585142 -4.270168 0.370170
v -2.508202 -4.338393 0.396512
v -0.310482 -4.994250 0.368037
v -2.540070 -4.426927 0.397513
v -1.558596 -1.242903 2.716951
v -2.170673 -1.409962 0.563358
v -0.654961 -4.993251 0.392821
v -2.627698 -4.322145 0.393740
v -2.777206 -4.262710 0.376981
v -2.759878 -4.315187 0.392143
v -0.488675 -4.999790 0.390102
v -2.745247 -4.177210 0.368640
v -0.783445 -4.651587 0.388873
v -0.464522 -4.795789 0.385645
v -2.602040 -4.133554 0.392933
v -2.816157 -4.093678 0.390424
v -2.713976 -4.048165 0.391978
v -2.811406 -3.940045 0.388223
v -0.457561 -4.565355 0.385726
v -0.347302 -4.562451 0.343679
v -1.592793 -1.306584 2.224494
v -2.721193 -4.383887 0.395475
v -0.229066 -2.275659 4.593595
v -2.105185 -4.007123 0.389945
v -0.590183 -2.890972 0.509187
v -0.307436 -2.327973 4.931765
v -0.834348 -1.947109 3.809077
v -2.212520 -4.244892 0.384889
v -2.159272 -4.140330 0.391374
v -1.979208 -3.810991 0.385524
v -2.057282 -4.205674 0.377329
v -2.144634 -4.289552 0.361643
v -2.821095 -4.472882 0.397966
v -2.188357 -4.583938 0.395946
v -2.250822 -4.197369 0.363393
v -2.384450 -4.008176 0.389189
v -2.210521 -4.666288 0.396118
v -2.233440 -4.297731 0.376938
v -2.399965 -4.134822 0.389608
v -2.020379 -4.347519 0.384320
v -2.274271 -3.936628 0.392464
v -0.723043 -2.002668 3.560825
v -2.099576 -4.251710 0.380492
v -2.805289 -1.370203 0.396448
v -1.623720 -3.636425 0.401273
v -1.992830 -4.254666 0.383974
v -2.287532 -4.322273 0.388275
v -0.773919 -2.698756 0.653095
v -2.508521 -4.288131 0.374181
v -2.450837 -3.877722 0.386731
v -2.012118 -4.297247 0.367906
v -2.422940 -4.278635 0.357962
v -2.274384 -4.101888 0.390274
v -2.363947 -4.352949 0.395890
v -2.329350 -4.256002 0.377933
v -2.101503 -3.165475 0.402143
v -0.352175 -4.672641 0.346777
v -2.467895 -4.208264 0.363401
v -1.996294 -3.642360 0.395347
v -1.744866 -2.976927 0.402265
v -2.128622 -3.493076 0.401475
v -0.107774 -3.731623 0.367319
v -1.302092 -1.704630 2.351829
v -1.429123 -4.607616 0.397484
v -0.711845 -2.015343 3.323573
v -2.237979 -3.628129 0.399942
v -2.062258 -4.556389 0.394969
v -2.188627 -3.834363 0.385406
v -2.130481 -3.692261 0.382421
v -2.455952 -3.656260 0.388906
v -2.083180 -4.712933 0.397574
v -2.281967 -4.541947 0.396074
v -2.280552 -1.535266 0.426626
v -1.077231 -1.921608 2.326549
v -2.141013 -4.466003 0.394998
v -1.797417 -2.187921 0.465727
v -2.525539 -3.148991 0.405840
v -2.381810 -3.623526 0.395910
v -2.716695 -3.154180 0.406283
v -2.537929 -2.148611 0.409229
v -2.196740 -3.338956 0.403196
v -2.440813 -4.441863 0.398654
v -2.472147 -4.035830 0.390177
v -0.577193 -2.260099 1.991689
v -2.122735 -4.807442 0.402722
v -2.294525 -3.761519 0.386631
v -2.129188 -4.982809 0.398858
v -2.473361 -3.427207 0.403318
v -2.545543 -4.985151 0.406572
v -2.461730 -4.672647 0.398348
v -2.015771 -4.989535 0.401960
v -2.205321 -2.922563 0.402229
v -1.985808 -1.327296 0.870854
v -2.363388 -4.553510 0.399254
v -2.542702 -4.540462 0.398463
v -2.421062 -4.859179 0.402047
v -2.369461 -4.751981 0.401943
v -2.621783 -3.594454 0.392725
v -2.267738 -4.806004 0.397854
v -2.491883 -2.917511 0.403868
v -2.287428 -4.638525 0.398020
v -2.433384 -4.988717 0.402168
v -0.542269 -2.309508 1.819025
v -2.239835 -4.986543 0.403964
v -2.816375 -4.703598 0.402133
v -2.320892 -3.211729 0.406716
v -2.668788 -2.619099 0.405692
v -2.490932 -4.923642 0.404071
v -1.484261 -1.301227 3.912007
v -2.572035 -3.625568 0.388662
v -2.666536 -3.788204 0.386258
v -0.484603 -2.398021 1.561648
v -2.182226 -2.274148 0.409651
v -0.753264 -2.219785 1.839286
v -0.831230 -2.122402 2.113730
v -0.717899 -2.203860 1.982628
v -2.457601 -2.672650 0.405833
v -2.767458 -2.176148 0.403381
v -0.881658 -1.949552 3.067169
v -0.840392 -2.000268 2.839882
v -1.436120 -1.352498 3.403287
v -0.546190 -2.174361 2.514705
v -0.434969 -2.220752 2.431563
v -1.336828 -2.215245 0.873072
v -1.372042 -1.640121 4.587276
v -1.241953 -2.132246 1.201685
v -0.446802 -2.172985 2.728571
v -0.334005 -2.164085 3.040728
v -0.853038 -2.092512 2.200305
v -1.428084 -1.469093 4.194646
v -1.240697 -1.666106 4.028102
v -1.220078 -3.233819 0.403998
v -0.650165 -2.166823 2.326488
v -0.702818 -2.078374 2.745786
v -1.039285 -2.462307 0.806690
v -2.726121 -4.827587 0.404420
v -2.300612 -2.525836 0.409277
v -2.370727 -2.131743 0.405261
v -1.005506 -2.343350 1.074695
v -2.747071 -4.649904 0.402271
v -1.296934 -2.557949 0.514483
v -2.645798 -4.641233 0.399149
v -2.695368 -4.565181 0.398888
v -0.709942 -2.047019 2.973868
v -0.509832 -2.130580 2.906586
v -1.322234 -2.391762 0.657752
v -2.642823 -4.988406 0.402376
v -2.525329 -4.785334 0.399995
v -2.617964 -4.746942 0.401658
v -2.761469 -4.988100 0.403750
v -1.946826 -2.508010 0.409576
v -2.648579 -4.471321 0.396901
v -0.833228 -2.143893 4.879323
v -1.463341 -1.855057 1.345874
v -1.308464 -1.892103 1.658935
v -0.453507 -3.020567 0.427855
v -1.230324 -1.886595 1.947480
v -0.750954 -2.136525 4.668198
v -0.665894 -2.153373 4.563681
v -1.244036 -1.608192 3.720624
v -2.082098 -1.930062 0.408312
v -0.617163 -2.703313 0.718350
v -0.465830 -2.517062 1.197990
v -0.265914 -2.455437 1.518811
v -0.744405 -2.411201 1.226027
v -0.207712 -2.214726 2.791074
v -0.454490 -2.616993 0.957799
v -1.189239 -1.826791 4.564641
v -0.712518 -2.545144 0.943312
v -1.131511 -1.942252 4.832901
v -1.034260 -1.972727 4.662186
v -0.974466 -1.973737 4.471119
v -1.823764 -3.274884 0.403861
v -1.576407 -3.258196 0.403509
v -0.902844 -2.079128 4.766126
v -1.956028 -2.841051 0.402830
v -0.223717 -2.562952 1.195218
v -1.496500 -2.742383 0.413757
v -0.285357 -2.247530 2.487809
v -1.512744 -1.482348 4.708867
v -0.450019 -4.265087 0.380836
v -0.677364 -4.411474 0.385824
v -0.320419 -4.169394 0.335842
v -0.333575 -4.351989 0.342602
v -0.735500 -4.241277 0.383477
v -0.322850 -4.016635 0.342147
v -0.443501 -4.075781 0.380287
v -0.342312 -3.868326 0.345572
v -1.623988 -2.432985 0.422416
v -1.766561 -2.291268 0.423966
v -1.672859 -2.229277 0.528494
v -1.501957 -4.326143 0.365716
v -1.114107 -1.791655 2.971496
v -0.616174 -2.238274 4.895764
v -2.085817 -2.107830 0.407507
v -1.796142 -4.234537 0.376180
v -1.628099 -4.317251 0.359440
v -0.787725 -2.238818 1.714921
v -0.228843 -3.737947 0.367872
v -0.287059 -3.750359 0.346532
v -0.242989 -3.681643 0.391234
v -2.466399 -1.728815 0.405420
v -1.903559 -2.154166 0.414164
v -2.504936 -1.884873 0.402863
v -1.094543 -1.757212 3.526149
v -2.689113 -2.811357 0.408315
v -1.344158 -4.458309 0.367338
v -1.324698 -4.345776 0.351355
v -1.666685 -4.203108 0.377029
v -1.203957 -4.320035 0.384870
v -1.349461 -4.289258 0.378703
v -1.453881 -4.252771 0.353450
v -1.190611 -4.181550 0.384033
v -1.294659 -4.192903 0.367017
v -1.124365 -4.406231 0.387325
v -1.900287 -1.587311 0.812724
v -1.284003 -4.117688 0.358140
v -1.011521 -4.504222 0.387210
v -1.318141 -4.039017 0.361522
v -1.247278 -4.052865 0.374653
v -0.926311 -4.141385 0.383613
v -1.471199 -4.394762 0.392873
v -1.056118 -4.021227 0.385887
v -0.214555 -2.670166 0.921074
v -1.689373 -2.042988 0.672171
v -1.731375 -1.892017 0.765172
v -1.056843 -2.120369 1.589637
v -1.923321 -1.886062 0.562213
v -0.637251 -2.196167 4.724442
v -1.519574 -2.026309 0.896798
v -0.522103 -2.214487 4.608697
v -0.456914 -2.458747 1.389772
v -0.657410 -2.360476 1.488013
v -1.496650 -4.026900 0.388921
v -1.380250 -4.191923 0.382075
v -1.912652 -3.923884 0.386845
v -1.809562 -4.086796 0.390055
v -1.638070 -4.377162 0.389198
v -1.711128 -1.676371 1.072804
v -1.938917 -4.153491 0.388396
v -1.826176 -4.279312 0.392923
v -1.691856 -4.006435 0.386309
v -1.801230 -4.384969 0.393959
v -1.908144 -4.341720 0.387960
v -1.895846 -4.248367 0.389322
v -1.095077 -2.818511 0.416131
v -1.006879 -3.434454 0.403050
v -1.765594 -4.311585 0.362854
v -0.759198 -3.074584 0.405879
v -0.452153 -3.095068 0.408520
v -0.598846 -2.989237 0.423432
v -0.868332 -2.920268 0.411912
v -1.239390 -2.697993 0.434186
v -1.130589 -1.825775 2.622900
v -1.463458 -1.614805 1.936569
v -1.408602 -2.606540 0.421098
v -0.361889 -2.251302 4.585563
v -0.236133 -2.233385 4.343744
v -1.374468 -4.989574 0.384335
v -1.204415 -4.819810 0.390752
v -1.355475 -4.866918 0.369639
v -1.294961 -4.781083 0.375764
v -1.333275 -4.675160 0.370157
v -1.463866 -4.834930 0.397845
v -1.304941 -4.909571 0.378052
v -1.183310 -4.988513 0.394948
v -1.316441 -4.577911 0.362570
v -1.055293 -4.992615 0.394318
v -1.270927 -4.507192 0.370037
v -1.020117 -4.790820 0.391291
v -0.999504 -4.672189 0.387931
v -0.886286 -4.988699 0.391983
v -1.164431 -1.897459 2.147600
v -0.444398 -3.717981 0.362067
v -0.591620 -3.663540 0.392802
v -0.556207 -3.389495 0.404652
v -0.894177 -3.662226 0.394712
v -0.564349 -3.734067 0.359773
v -0.434382 -3.827710 0.377953
v -0.881198 -4.427531 0.386180
v -0.762783 -3.711946 0.370842
v -0.807118 -3.816236 0.380137
v -1.863613 -4.993221 0.402570
v -1.641289 -4.782559 0.398125
v -1.867187 -4.909521 0.401123
v -1.844600 -4.655088 0.398145
v -2.024896 -4.911849 0.399854
v -1.704226 -4.991133 0.399272
v -1.953815 -4.799189 0.398329
v -1.841049 -4.792534 0.396257
v -1.494573 -4.768212 0.392684
v -1.973267 -4.431196 0.395108
v -1.608240 -4.639596 0.397439
v -1.653169 -4.514946 0.394329
v -1.928154 -4.547245 0.395369
v -1.706048 -4.888041 0.397895
v -1.516713 -4.981497 0.399061
v -0.856271 -1.976849 4.069250
v -0.879474 -1.997024 4.278448
v -0.840561 -2.070812 4.554608
v -0.411432 -2.153585 3.978103
v -0.735599 -2.063170 4.227565
v -0.590091 -2.134095 4.284661
v -0.756406 -2.094130 4.447933
v -0.394207 -2.191277 4.265370
v -0.519307 -2.176845 4.397415
v -0.230305 -4.141079 0.375764
v -1.406706 -1.464156 2.996916
v -0.668789 -2.075078 4.085264
v -1.662324 -1.551592 1.408651
v -1.255771 -1.615110 3.253302
v -1.027713 -1.854933 3.994672
v -1.063590 -1.863733 4.227739
v -1.295066 -3.774257 0.347463
v -1.366970 -3.718826 0.374136
v -1.420948 -3.838969 0.386341
v -1.299453 -3.622939 0.398778
v -1.197846 -3.833832 0.379277
v -0.957020 -3.707812 0.373167
v -1.204061 -3.702917 0.373929
v -1.113988 -3.661624 0.398877
v -1.476121 -3.658884 0.396858
v -2.469967 -1.440709 0.405763
v -1.101395 -3.719280 0.381574
v -1.759284 -3.678317 0.388015
v -1.847314 -3.661085 0.392119
v -1.656938 -3.679447 0.391609
v -1.689689 -3.874137 0.386574
v -0.667295 -2.057744 3.920403
v -0.418065 -2.123918 3.295560
v -0.576781 -2.055711 3.724744
v -1.011661 -1.836319 3.342781
v -0.975032 -1.844883 3.713928
v -1.580609 -3.504860 0.399984
v -0.501302 -2.259561 4.805952
vn 0.1937 -0.1569 0.9684
vn -0.0945 -0.0571 0.9939
vn 0.0122 0.0262 0.9996
vn 0.4264 0.0422 0.9035
vn 0.0027 0.9999 0.0147
vn -0.0129 0.0332 0.9994
vn -0.0415 0.0152 0.9990
vn -0.0540 0.1589 0.9858
vn 0.1165 -0.0968 0.9885
vn 0.2536 -0.0413 0.9664
vn -0.1250 -0.0940 0.9877
vn -0.0071 0.0109 0.9999
vn -0.0161 0.0159 0.9997
vn -1.0000 -0.0014 0.0092
vn -0.0131 0.0186 0.9997
vn -0.0094 0.0971 0.9952
vn -0.0308 -0.0019 0.9995
vn -0.0683 0.1109 0.9915
vn -0.0156 0.0196 0.9997
vn -0.9935 -0.0073 0.1139
vn 0.3307 0.1456 0.9324
vn -0.2347 0.1867 0.9540
vn 0.0213 0.0148 0.9997
vn -0.0172 0.0226 0.9996
vn -0.0102 0.0204 0.9997
vn -0.0020 0.9999 0.0162
vn 0.1067 0.9941 0.0196
vn 0.0054 0.0324 0.9995
vn -0.9986 0.0506 0.0175
vn -0.0011 0.0268 0.9996
vn 0.0369 0.0635 0.9973
vn 0.0713 -0.0403 0.9966
vn -0.0343 0.0425 0.9985
vn -0.0145 0.0162 0.9998
vn -0.0134 0.0353 0.9993
vn -0.0107 0.0226 0.9997
vn -0.0359 -0.0106 0.9993
vn -0.0188 0.0385 0.9991
vn -0.9597 -0.0070 -0.2808
vn -0.1460 -0.0299 0.9888
vn -0.1310 0.0096 0.9913
vn -0.0190 0.0224 0.9996
vn -0.0242 0.0310 0.9992
vn -0.0234 0.0155 0.9996
vn 0.0125 -0.0592 0.9982
vn 0.0916 0.1346 0.9867
vn 0.0001 0.0432 0.9991
vn -0.0471 0.0323 0.9984
vn -0.1388 0.0465 0.9892
vn -0.1446 0.0851 0.9858
vn 0.0043 0.0339 0.9994
vn 0.0187 0.0125 0.9997
vn -0.0051 0.0189 0.9998
vn -0.0041 -0.0708 0.9975
vn 0.2589 -0.0353 0.9653
vn -0.0299 0.0358 0.9989
vn 0.4278 -0.0770 0.9006
vn -0.1670 0.1093 0.9799
vn 0.0221 0.0185 0.9996
vn -0.0232 0.0133 0.9996
vn -0.9989 0.0251 -0.0405
vn 0.5136 -0.0726 0.8549
vn 0.0083 0.0327 0.9994
vn -0.0009 0.0390 0.9992
vn -0.2372 0.0404 0.9706
vn -0.0879 0.1159 0.9894
vn 0.1709 0.0879 0.9814
vn -0.0236 0.0127 0.9996
vn -0.0228 0.2155 0.9762
vn 0.4773 -0.2211 0.8505
vn -0.0194 -0.0287 0.9994
vn 0.0327 -0.0763 0.9965
vn 0.0464 0.0424 0.9980
vn -0.1782 -0.0928 0.9796
vn 0.0098 0.0091 0.9999
vn -0.0226 0.0592 0.9980
vn -0.9998 0.0081 0.0158
vn -1.0000 -0.0058 0.0077
vn -0.9807 0.0220 -0.1945
vn -0.0065 0.1462 0.9892
vn 0.0019 -0.0093 1.0000
vn 0.0025 0.0454 0.9990
vn 0.2398 0.0309 0.9703
vn -0.9992 0.0364 0.0161
vn -0.7552 0.0012 -0.6555
vn -0.0153 -0.0777 0.9969
vn -0.9935 0.0049 -0.1141
vn -0.0283 -0.0318 0.9991
vn 0.0755 0.0936 0.9927
vn -0.9900 -0.0290 0.1382
vn -0.0013 0.0142 0.9999
vn 0.0167 -0.0417 0.9990
vn -0.3007 -0.0071 0.9537
vn 0.1758 0.0358 0.9838
vn 0.0032 0.0163 0.9999
vn 0.2147 0.0186 0.9765
vn 0.3580 0.2868 0.8886
vn -0.0031 0.0362 0.9993
vn -0.1568 0.9866 0.0451
vn -0.0124 0.0479 0.9988
vn -0.0336 0.0129 0.9994
vn -0.2409 0.0506 0.9692
vn 0.0057 0.0242 0.9997
vn 0.0141 0.0291 0.9995
vn -0.0237 0.0202 0.9995
vn -0.0496 0.0169 0.9986
vn -0.0059 0.1542 0.9880
vn -0.0069 0.0291 0.9996
vn 0.1672 0.0799 0.9827
vn -0.0208 0.0594 0.9980
vn -0.0104 0.0265 0.9996
vn 0.0202 0.0266 0.9994
vn 0.0021 0.0069 1.0000
vn 0.0123 0.0448 0.9989
vn -0.0108 0.0276 0.9996
vn -0.0705 0.0508 0.9962
vn -0.0405 -0.0593 0.9974
vn 0.0313 0.9742 0.2234
vn 0.0330 0.0206 0.9992
vn 0.0407 0.0870 0.9954
vn 0.0172 0.0256 0.9995
vn -0.1266 -0.0213 0.9917
vn 0.0725 0.0734 0.9947
vn -0.0537 -0.0691 0.9962
vn 0.0301 0.1572 0.9871
vn -0.0360 -0.0042 0.9993
vn -0.0019 -0.0062 1.0000
vn 0.0240 -0.0329 0.9992
vn -0.2318 0.0208 0.9725
vn 0.2176 0.0403 0.9752
vn -0.1234 0.0999 0.9873
vn -0.0866 -0.0563 0.9946
vn 0.2100 -0.0106 0.9776
vn -0.0024 -0.0090 1.0000
vn -0.0211 0.0164 0.9996
vn -0.3592 0.1033 0.9275
vn -0.1334 0.0688 0.9887
vn -0.0154 0.0414 0.9990
vn -0.0510 -0.0571 0.9971
vn -0.0267 -0.1708 0.9850
vn 0.2898 -0.0265 0.9567
vn 0.0360 0.0946 0.9949
vn 0.0411 -0.0453 0.9981
vn -0.9997 0.0118 0.0197
vn -0.1082 -0.0084 0.9941
vn 0.9998 0.0139 0.0137
vn -0.0013 0.0299 0.9996
vn -0.0021 0.0319 0.9995
vn 0.5925 -0.0403 0.8046
vn 1.0000 0.0005 0.0050
vn 0.0970 0.4845 0.8694
vn -0.3230 0.1356 0.9366
vn -0.3187 0.0977 0.9428
vn 0.4782 -0.1224 0.8697
vn -0.3617 0.0744 0.9293
vn 0.0047 0.0394 0.9992
vn 0.0124 0.9625 -0.2710
vn -0.0061 0.0281 0.9996
vn -0.0034 0.0284 0.9996
vn -0.0022 0.0259 0.9997
vn -0.1389 -0.0727 0.9876
vn 0.0055 0.0310 0.9995
vn -0.0320 0.0403 0.9987
vn 0.0119 -0.0127 0.9998
vn -0.6867 -0.1701 0.7067
vn 0.3932 -0.3261 0.8597
vn 0.0078 0.0435 0.9990
vn -0.0237 -0.0113 0.9997
vn 0.0160 0.0221 0.9996
vn 0.0052 0.8633 -0.5046
vn 0.0151 0.9976 0.0675
vn -0.0030 0.9715 -0.2370
vn 0.0178 0.0291 0.9994
vn 0.0118 0.0344 0.9993
vn -0.0081 0.0458 0.9989
vn 0.0265 0.0430 0.9987
vn 0.0397 0.0278 0.9988
vn 0.0100 0.0745 0.9972
vn 0.0129 0.0430 0.9990
vn 0.0124 0.0221 0.9997
vn 0.0081 0.0129 0.9999
vn 0.2486 0.0570 0.9669
vn 0.0010 0.9996 0.0278
vn 0.0142 0.0176 0.9997
vn -0.0246 0.0269 0.9993
vn -0.0286 0.0136 0.9995
vn 0.0054 0.1261 0.9920
vn -0.0106 0.0249 0.9996
vn -0.0122 0.0261 0.9996
vn 0.0102 0.0451 0.9989
vn -0.0346 0.0269 0.9990
vn 0.0008 -0.0341 0.9994
vn -0.0036 0.0288 0.9996
vn 0.0038 0.0512 0.9987
vn 0.0006 0.9183 -0.3958
vn -0.0133 0.0770 0.9969
vn -0.0243 0.0250 0.9994
vn -0.0109 0.0203 0.9997
vn -0.0101 0.0816 0.9966
vn 0.3206 0.0074 0.9472
vn 0.0454 0.0682 0.9966
vn 0.0272 0.3548 0.9345
vn 0.1866 0.1186 0.9753
vn 0.0933 0.0502 0.9944
vn -0.0133 0.0310 0.9994
vn 0.0095 0.0590 0.9982
vn 0.0046 0.0300 0.9995
vn 0.0214 -0.0249 0.9995
vn 0.0293 -0.0235 0.9993
vn 0.0367 0.9938 -0.1053
vn 0.0198 0.0520 0.9985
vn -0.0136 0.0030 0.9999
vn -0.0618 0.0949 0.9936
vn -0.0129 0.0240 0.9996
vn 0.0091 0.3677 0.9299
vn 0.0199 0.0295 0.9994
vn -0.3826 0.0077 0.9239
vn -0.0204 0.0268 0.9994
vn -0.3761 0.0135 0.9265
vn 0.0248 0.0396 0.9989
vn -0.1584 -0.1481 0.9762
vn 0.0045 1.0000 0.0034
vn -0.4098 0.0368 0.9114
vn -0.4089 0.0325 0.9120
vn -0.0035 0.9975 0.0708
vn -0.0111 0.0282 0.9995
vn 0.1140 -0.0505 0.9922
vn 0.0501 -0.0141 0.9986
vn -0.0340 0.0037 0.9994
vn -0.0065 0.0289 0.9996
vn 0.0085 0.0200 0.9998
vn -0.3319 -0.0169 0.9432
vn 0.3756 0.0004 0.9268
vn 0.0048 1.0000 0.0056
vn 0.0051 0.0524 0.9986
vn -0.0239 0.0295 0.9993
vn -0.0148 0.0164 0.9998
vn -0.0219 -0.2927 0.9560
vn -0.0616 0.0951 0.9936
vn -0.0011 -0.2552 0.9669
vn 0.0163 0.0574 0.9982
vn -0.4130 0.0275 0.9103
vn -0.0432 0.0551 0.9975
vn -0.0057 0.0711 0.9975
vn -0.2411 0.0114 0.9704
vn 0.0016 -0.0072 1.0000
vn 0.0698 0.0575 0.9959
vn 0.0301 0.4477 0.8937
vn 0.1187 0.4700 0.8746
vn -0.0466 0.0007 0.9989
vn 0.2442 0.0666 0.9674
vn 0.0886 0.5148 0.8527
vn 0.0040 -0.2446 0.9696
vn -0.0335 -0.3519 0.9354
vn 0.1686 0.1066 0.9799
vn 0.1401 0.0664 0.9879
vn -0.1224 -0.1726 0.9774
vn 0.0261 0.0062 0.9996
vn -0.0787 0.0151 0.9968
vn -0.1127 -0.0564 0.9920
vn -0.0963 -0.3828 0.9188
vn -0.0781 -0.3561 0.9312
vn -0.0033 0.0341 0.9994
vn -0.0039 0.8732 0.4874
vn 0.0249 0.0127 0.9996
vn -0.0031 -0.0063 1.0000
vn 0.0596 0.5185 0.8530
vn -0.2189 -0.0885 0.9717
vn 0.0173 0.9997 0.0192
vn 0.0740 0.1207 0.9899
vn 0.0317 0.0377 0.9988
vn 0.0374 0.4224 0.9056
vn 0.0616 0.4253 0.9029
vn -0.0143 0.1600 0.9870
vn -0.0271 -0.3216 0.9465
vn 0.0069 0.0125 0.9999
vn -0.0134 0.0252 0.9996
vn -0.0167 0.0238 0.9996
vn 0.0064 -0.3956 0.9184
vn -0.0175 0.0389 0.9991
vn 0.0376 -0.0357 0.9987
vn 0.0024 0.0219 0.9998
vn 0.1399 -0.0524 0.9888
vn -0.0247 0.4943 0.8690
vn 0.0205 0.0439 0.9988
vn 0.0686 -0.0957 0.9930
vn -0.0080 0.0492 0.9988
vn 0.0071 0.0202 0.9998
vn -0.0599 -0.2220 0.9732
vn 0.0217 0.4594 0.8880
vn 0.0057 0.0319 0.9995
vn -0.1831 -0.0002 0.9831
vn 0.1666 0.5368 0.8271
vn 0.0033 0.0418 0.9991
vn 0.0184 0.0222 0.9996
vn -0.0855 0.0262 0.9960
vn -0.0141 0.0077 0.9999
vn 0.0076 -0.0496 0.9987
vn 0.0164 0.0290 0.9994
vn 0.0413 0.0025 0.9991
vn -0.0316 -0.3227 0.9460
vn 0.0240 0.0381 0.9990
vn 0.0089 0.0345 0.9994
vn -0.0342 0.0190 0.9992
vn -0.0019 0.0215 0.9998
vn 0.0082 0.4318 0.9019
vn -0.0201 -0.3406 0.9400
vn -0.0650 0.0036 0.9979
vn -0.0187 0.0356 0.9992
vn -0.0182 0.0438 0.9989
vn -0.0219 0.0301 0.9993
vn 0.0233 0.5903 0.8069
vn 0.0363 0.0495 0.9981
vn 0.0066 0.9999 0.0107
vn 0.0534 0.3611 0.9310
vn 0.0008 0.0544 0.9985
vn 0.0206 0.0289 0.9994
vn 0.0521 0.0407 0.9978
vn 0.0181 0.0855 0.9962
vn -0.0028 0.0292 0.9996
vn -0.0166 0.0114 0.9998
vn 0.0049 0.3972 0.9177
vn -0.0023 0.9995 0.0320
vn 0.0517 0.0431 0.9977
vn 0.0261 0.5946 0.8036
vn -0.0173 0.3545 0.9349
vn 0.0020 1.0000 -0.0040
vn -0.0183 0.0338 0.9993
vn -0.0399 0.0720 0.9966
vn -0.0053 0.0318 0.9995
vn -0.0294 0.0236 0.9993
vn 0.0165 0.9997 0.0195
vn 0.4433 0.0395 0.8955
vn 0.4921 -0.0506 0.8691
vn 0.0907 0.4137 0.9059
vn 0.0212 0.0425 0.9989
vn 0.0185 0.5979 0.8014
vn 0.0561 0.5024 0.8628
vn -0.0161 0.0597 0.9981
vn -0.0154 0.0128 0.9998
vn -0.0139 0.9985 0.0530
vn 0.0009 -0.0200 0.9998
vn 0.0152 0.3074 0.9515
vn 0.0207 0.0911 0.9956
vn 0.0270 0.0557 0.9981
vn -0.0952 -0.0874 0.9916
vn 0.0044 0.0525 0.9986
vn 0.5183 0.1446 0.8429
vn -0.4282 -0.0267 0.9033
vn 0.1916 -0.0897 0.9774
vn -0.0266 -0.0713 0.9971
vn 0.3238 0.0229 0.9458
vn 0.0213 0.2973 0.9546
vn 0.4407 -0.1562 0.8839
vn 0.0080 0.0357 0.9993
vn 0.0122 -0.0067 0.9999
vn -0.0101 0.0244 0.9997
vn -0.0106 0.0232 0.9997
vn 0.3582 0.0417 0.9327
vn -0.0101 0.0196 0.9998
vn 0.0191 0.0561 0.9982
vn -0.0515 -0.0131 0.9986
vn -0.0130 0.0276 0.9995
vn 0.0065 -0.0140 0.9999
vn -0.2920 -0.5896 0.7530
vn 0.4257 -0.1595 0.8907
vn -0.2264 0.0535 0.9726
vn -0.4822 -0.0039 0.8761
vn 0.5241 0.1356 0.8408
vn 0.1297 0.0982 0.9867
vn -0.3423 0.0309 0.9391
vn -0.1452 -0.0940 0.9849
vn 0.1512 0.0758 0.9856
vn -0.0015 0.0534 0.9986
vn -0.3334 0.0676 0.9404
vn -0.4177 0.0020 0.9086
vn -0.1586 -0.2275 0.9608
vn -0.0094 0.0041 0.9999
vn -0.0589 0.0307 0.9978
vn 0.1684 0.0590 0.9840
vn -0.0009 1.0000 0.0031
vn 0.0617 -0.0198 0.9979
vn 0.1578 -0.0463 0.9864
vn 0.0085 0.9999 0.0140
vn 0.0344 -0.0259 0.9991
vn -0.1678 0.1462 0.9749
vn 0.0028 0.0218 0.9998
vn 0.1399 0.0104 0.9901
vn -0.0491 0.0364 0.9981
vn 0.0205 0.0676 0.9975
vn -0.1862 -0.0109 0.9825
vn -0.1520 -0.0870 0.9845
vn 0.7752 -0.3957 0.4924
vn 0.0234 0.0455 0.9987
vn -0.0236 -0.1475 0.9888
vn 0.1219 -0.0249 0.9922
vn -0.2223 0.2605 0.9395
vn -0.3194 -0.0114 0.9476
vn -0.2684 0.1293 0.9546
vn -0.2741 -0.1652 0.9474
vn 0.2550 0.0303 0.9665
vn -0.1531 0.0959 0.9836
vn -0.2691 -0.2381 0.9332
vn 0.2402 0.2700 0.9324
vn 0.0198 -0.0250 0.9995
vn -0.0034 0.0209 0.9998
vn 0.0159 0.0361 0.9992
vn 0.0174 0.0409 0.9990
vn 0.1277 0.0628 0.9898
vn 0.0319 0.0500 0.9982
vn 0.0106 0.0323 0.9994
vn -0.0108 0.0500 0.9987
vn -0.0319 -0.0453 0.9985
vn -0.2898 0.0048 0.9571
vn -0.0011 0.0195 0.9998
vn -0.2923 0.0046 0.9563
vn -0.0362 0.0149 0.9992
vn 0.0400 0.0726 0.9966
vn 0.0041 0.0224 0.9997
vn -0.1506 0.2192 0.9640
vn -0.0640 0.0128 0.9979
vn 0.5840 -0.0300 0.8112
vn -0.0104 -0.0018 0.9999
vn 0.0433 0.0038 0.9991
vn -0.0012 0.0314 0.9995
vn -0.2808 0.1285 0.9511
vn -0.3235 0.1076 0.9401
vn -0.2189 0.2651 0.9391
vn -0.1739 -0.1259 0.9767
vn 0.0126 0.0315 0.9994
vn -0.0163 0.0686 0.9975
vn 0.0267 -0.0120 0.9996
vn -0.0216 0.0319 0.9993
vn 0.0948 0.0214 0.9953
vn -0.0011 0.0338 0.9994
vn 0.0071 0.0326 0.9994
vn 0.0053 0.0230 0.9997
vn -0.0029 0.0317 0.9995
vn -0.0044 0.0279 0.9996
vn -0.2585 -0.0206 -0.9658
vn -0.0013 0.0296 0.9996
vn -0.0042 0.9965 0.0838
vn 0.1403 -0.0088 0.9901
vn -0.0046 0.0160 0.9999
vn 0.0032 0.0075 1.0000
vn 0.0128 0.9922 -0.1243
vn 0.0121 0.9989 0.0461
vn -0.0522 -0.2633 0.9633
vn 0.0967 0.0013 -0.9953
vn 0.3708 0.0681 0.9262
vn -0.0067 0.0196 0.9998
vn 0.0887 0.2701 0.9587
vn -0.0291 0.0069 0.9996
vn 0.0204 -0.0314 0.9993
vn -0.0021 0.0303 0.9995
vn 0.3776 -0.0659 0.9236
vn -0.0232 -0.0009 0.9997
vn 0.1595 -0.0301 -0.9867
vn -0.0107 0.0135 0.9999
vn 0.3456 0.0108 0.9383
vn 0.7617 0.0059 0.6479
vn 0.0110 0.0210 0.9997
vn 0.1985 0.1565 0.9675
vn -0.0017 0.0303 0.9995
vn -0.0177 0.0391 0.9991
vn -0.0088 0.1404 0.9901
vn -0.5101 -0.0563 0.8583
vn -0.4093 0.1184 0.9047
vn 0.0639 0.2087 0.9759
vn -0.0307 0.0075 0.9995
vn 0.4101 -0.0083 0.9120
vn 0.0167 0.0374 0.9992
vn 0.0357 -0.0203 0.9992
vn 0.0039 0.0172 0.9998
vn -0.0107 0.0195 0.9998
vn -0.0101 0.0181 0.9998
vn 0.0161 -0.0076 0.9998
vn 0.1230 -0.1363 0.9830
vn -0.0965 0.5018 0.8596
vn -0.0505 -0.3671 0.9288
vn 0.0053 0.3805 0.9248
vn 0.0835 -0.3356 0.9383
vn -0.3217 -0.0268 -0.9465
vn 0.0220 0.1091 0.9938
vn 0.0751 0.2666 0.9609
vn 0.0402 -0.0475 0.9981
vn 0.1600 0.0800 0.9839
vn 0.0710 0.2615 0.9626
vn -0.0037 -0.3820 0.9242
vn 0.0012 0.0298 0.9996
vn -0.0161 0.0229 0.9996
vn 0.0052 0.0407 0.9992
vn -0.0128 0.0214 0.9997
vn 0.9992 0.0336 -0.0213
vn 0.1466 -0.0388 0.9884
vn -0.0761 -0.0500 0.9958
vn -0.0872 -0.2659 0.9600
vn 0.4556 0.0481 0.8889
vn 0.0419 0.3645 0.9303
vn -0.2363 -0.0762 0.9687
vn 0.9997 -0.0026 0.0238
vn -0.1927 -0.0794 0.9780
vn -0.0160 0.0222 0.9996
vn 0.4149 -0.1703 0.8938
vn 0.0607 -0.0678 0.9959
vn 0.0036 0.0494 0.9988
vn -0.1480 -0.0256 0.9887
vn 0.9994 -0.0097 0.0338
vn 0.9970 0.0424 -0.0647
vn -0.0224 0.1957 0.9804
vn 0.0128 0.0495 0.9987
vn 0.0505 0.0557 0.9972
vn 0.0220 -0.2370 0.9713
vn 0.0127 0.0284 0.9995
vn -0.0172 0.0302 0.9994
vn -0.3542 0.1427 0.9242
vn 0.0529 0.3747 0.9256
vn 0.0488 0.4832 0.8742
vn -0.0207 0.0344 0.9992
vn 0.0242 0.0494 0.9985
vn 0.0781 -0.0023 0.9969
vn 0.0195 0.0495 0.9986
vn 0.9959 -0.0332 0.0837
vn 0.2233 0.5395 0.8118
vn -0.0189 0.0419 0.9989
vn 0.0077 0.0210 0.9998
vn 0.0150 -0.3463 0.9380
vn 0.0530 0.0797 0.9954
vn -0.0232 0.0349 0.9991
vn 0.0207 0.0323 0.9993
vn 0.0226 0.0634 0.9977
vn 0.9981 -0.0253 0.0555
vn -0.0139 0.0216 0.9997
vn -0.1382 0.1262 0.9823
vn 0.1198 -0.0552 0.9913
vn -0.0546 0.1872 0.9808
vn 0.2019 0.1335 0.9703
vn 0.4489 0.1076 0.8871
vn -0.0856 0.1313 0.9876
vn 0.0349 0.0789 0.9963
vn 0.0528 0.0281 0.9982
vn 0.0113 0.0617 0.9980
vn -0.0322 -0.0126 0.9994
vn 0.0079 0.0053 1.0000
vn 0.1106 0.4705 0.8754
vn -0.0201 0.0227 0.9995
vn 0.0089 -0.0084 0.9999
vn 0.2440 0.2270 0.9428
vn -0.0219 -0.0182 0.9996
vn -0.0233 -0.0197 0.9995
vn -0.0251 -0.0011 0.9997
vn 0.0042 0.0430 0.9991
vn 0.0080 0.0156 0.9998
vn 0.3097 -0.0127 0.9508
vn 0.3455 0.1938 0.9182
vn 0.1172 0.4492 0.8857
vn 0.0164 -0.1835 0.9829
vn -0.3633 0.0459 0.9305
vn 0.0079 -0.2992 0.9542
vn 0.0468 0.2781 0.9594
vn -0.0866 0.1582 0.9836
vn 0.0470 0.0816 0.9956
vn -0.0187 -0.0089 0.9998
vn 0.0596 0.0548 0.9967
vn -0.0037 -0.2558 0.9667
vn -0.0885 0.0215 0.9958
vn -0.0030 -0.0155 0.9999
vn -0.0213 0.0184 0.9996
vn 0.0097 0.0427 0.9990
vn 0.1623 0.0063 0.9867
vn -0.1554 0.2150 0.9642
vn 0.1858 -0.0374 0.9819
vn 0.0891 -0.1985 0.9760
vn 0.0001 0.3843 0.9232
vn 0.0491 -0.0249 0.9985
vn 0.4462 0.0289 0.8945
vn 0.0319 0.0788 0.9964
vn -0.0292 0.0430 0.9986
vn -0.0931 -0.0158 0.9955
vn -0.0801 -0.3161 0.9453
vn -0.3082 0.0754 0.9483
vn 0.0060 -0.2964 0.9551
vn -0.3702 0.0518 0.9275
vn -0.0212 0.1345 0.9907
vn -0.2954 0.0579 0.9536
vn 0.0234 0.1747 0.9844
vn -0.0192 0.9998 0.0037
vn -0.0072 -1.0000 0.0045
vn 0.0007 -0.9999 0.0103
vn 0.0632 0.0142 0.9979
vn -0.0307 -0.0530 0.9981
vn 0.0432 -0.9985 0.0326
vn -0.0247 -0.9863 0.1629
vn 0.2996 0.1098 0.9477
vn -0.0468 0.4354 0.8990
vn -0.0044 -0.0005 1.0000
vn -0.2698 0.2339 0.9341
vn 0.0146 0.0120 0.9998
vn -0.0980 0.0366 0.9945
vn -0.1628 -0.0352 0.9860
vn 0.1743 -0.0646 0.9826
vn 0.0442 0.0059 0.9990
vn 0.2277 -0.1392 0.9637
vn -0.1320 0.0341 0.9907
vn 0.0633 0.0092 0.9979
vn 0.0342 0.0142 0.9993
vn -0.1455 -0.1047 0.9838
vn 0.1832 -0.0200 0.9829
vn 0.0420 0.1232 0.9915
vn 0.5286 -0.1702 0.8316
vn 0.1790 0.0777 0.9808
vn 0.1134 -0.0193 0.9934
vn 0.0358 -0.0060 0.9993
vn 0.2480 0.0327 0.9682
vn 0.7088 0.0557 0.7032
vn -0.1766 0.1499 0.9728
vn 0.2481 -0.1980 0.9483
vn 0.1578 0.1253 0.9795
vn -0.0364 -0.0476 0.9982
vn 0.0568 0.3702 0.9272
vn -0.2016 -0.0155 0.9793
vn 0.5225 -0.3119 0.7936
vn 0.0364 -0.0087 0.9993
vn 0.0001 0.0221 0.9998
vn 0.0992 0.3734 0.9224
vn -0.2153 -0.0173 0.9764
vn 0.0205 -0.0060 0.9998
vn -0.0310 -0.0629 0.9975
vn 0.0072 -0.0188 0.9998
vn 0.0342 -0.1810 0.9829
vn 0.0195 -0.0310 0.9993
vn -0.1106 0.0660 0.9917
vn 0.0108 -0.0104 0.9999
vn 0.0226 -0.0085 0.9997
vn 0.2709 -0.0936 0.9580
vn -0.0621 0.3497 0.9348
vn 0.0598 0.3725 0.9261
vn 0.2406 -0.1061 0.9648
vn -0.0007 0.0069 1.0000
vn -0.2450 -0.0656 0.9673
vn 0.2828 0.1969 0.9388
vn 0.0347 -0.0019 0.9994
vn 0.0191 -0.0075 0.9998
vn 0.0082 0.0032 1.0000
vn 0.0005 -0.0055 1.0000
vn 0.0733 0.0237 0.9970
vn 0.0181 -0.0035 0.9998
vn -0.0052 0.0249 0.9997
vn 0.2576 -0.1369 0.9565
vn 0.0246 -0.1598 0.9868
vn 0.0436 -0.0036 0.9990
vn 0.2372 0.0082 0.9714
vn 0.0024 0.0100 0.9999
vn 0.0112 0.0043 0.9999
vn 0.0149 0.0087 0.9999
vn 0.1080 -0.1374 0.9846
vn 0.1672 -0.0206 0.9857
vn 0.0399 0.0065 0.9992
vn 0.0109 -0.0105 0.9999
vn 0.0204 -0.0034 0.9998
vn 0.0399 -0.0106 0.9991
vn -0.0447 -0.0777 0.9960
vn -0.1464 0.1517 0.9775
vn -0.3364 0.0250 0.9414
vn -0.0122 0.0401 0.9991
vn 0.0676 0.2600 0.9633
vn 0.4991 0.0161 0.8664
vn 0.0477 -0.0121 0.9988
vn -0.3563 -0.1681 0.9191
vn -0.1605 0.4193 0.8935
vn 0.0063 0.0150 0.9999
vn -0.5697 -0.0055 0.8219
vn 0.7697 -0.0903 0.6320
vn 0.1304 -0.6415 0.7560
vn -0.1255 -0.0631 0.9901
vn 0.0342 -0.0110 0.9994
vn 0.6787 0.1692 0.7147
vn 0.1340 0.0319 0.9905
vn 0.1396 0.0430 0.9893
vn -0.0246 -0.0016 0.9997
vn -0.1452 0.0645 0.9873
vn -0.2252 -0.0644 0.9722
vn 0.3364 -0.0496 0.9404
vn 0.0128 0.0207 0.9997
vn -0.0049 -0.0306 0.9995
vn -0.5947 0.1657 0.7867
vn 0.0034 -0.0491 0.9988
vn 0.7734 -0.0255 0.6334
vn 0.0130 0.0172 0.9998
vn 0.0153 0.0181 0.9997
vn 0.0268 0.0015 0.9996
vn 0.0192 0.0233 0.9995
vn 0.2328 0.0869 0.9686
vn -0.1398 0.3043 0.9422
vn 0.1533 0.0759 0.9853
vn -0.2412 0.1264 0.9622
vn 0.0004 0.0384 0.9993
vn 0.0139 -0.0355 0.9993
vn -0.0361 0.2664 0.9632
vn 0.0628 0.0210 0.9978
vn 0.0308 0.0445 0.9985
vn 0.1793 -0.5407 0.8218
vn -0.3982 -0.0526 0.9158
vn 0.1077 -0.2408 0.9646
vn 0.0604 0.0022 0.9982
vn 0.0117 0.0124 0.9999
vn 0.0110 -0.0400 0.9991
vn 0.7738 -0.0258 0.6329
vn 0.0118 0.0563 0.9983
vn 0.0025 -0.2556 0.9668
vn 0.0353 -0.1822 0.9826
vn 0.6127 -0.0483 0.7889
vn 0.5503 -0.1752 0.8164
vn 0.0131 0.0172 0.9998
vn -0.5629 0.2997 0.7703
vn 0.0213 0.0165 0.9996
vn 0.0129 -0.0297 0.9995
vn -0.4394 0.0959 0.8932
vn 0.2426 0.5042 0.8288
vn -0.1422 0.1606 0.9767
vn 0.0067 -0.0375 0.9993
vn 0.1289 -0.1445 0.9811
vn -0.0255 -0.1799 0.9834
vn -0.0885 -0.1468 0.9852
vn 0.1641 -0.2068 0.9645
vn 0.1595 -0.0414 0.9863
vn -0.1916 0.0067 0.9814
vn -0.1035 0.0147 0.9945
vn 0.0738 -0.0071 0.9972
vn 0.0913 0.0894 0.9918
vn 0.0134 0.0077 0.9999
vn -0.0324 0.0126 0.9994
vn 0.0053 0.0413 0.9991
vn -0.4055 0.3655 0.8378
vn 0.0467 -0.0135 0.9988
vn 0.0085 -0.0090 0.9999
vn -0.0177 0.0105 0.9998
vn 0.0132 0.0237 0.9996
vn 0.1894 -0.0255 0.9816
vn -0.0286 0.0172 0.9994
vn 0.0024 0.0143 0.9999
vn 0.0123 -0.0032 0.9999
vn -0.0048 0.0355 0.9994
vn 0.0188 -0.7154 0.6984
vn -0.1689 -0.0163 0.9855
vn 0.0049 0.0069 1.0000
vn 0.0133 0.0116 0.9998
vn -0.0086 0.0326 0.9994
vn -0.0180 -0.0176 0.9997
vn -0.0228 -0.0043 0.9997
vn 0.0411 -0.0258 0.9988
vn 0.0040 -0.0021 1.0000
vn 0.0272 0.0272 0.9993
vn 0.0969 -0.1860 0.9778
vn 0.0214 0.0109 0.9997
vn 0.0053 -0.0105 0.9999
vn 0.0097 0.0538 0.9985
vn -0.0034 -0.0284 0.9996
vn -0.0569 0.0662 0.9962
vn 0.0249 0.0168 0.9995
vn -0.0039 -0.0170 0.9998
vn -0.0224 0.0606 0.9979
vn 0.0086 0.0107 0.9999
vn 0.2496 0.0306 0.9679
vn 0.0037 0.0152 0.9999
vn -0.0055 -0.0170 0.9998
vn 0.0700 -0.0434 0.9966
vn 0.0066 -0.0249 0.9997
vn 0.0138 0.0397 0.9991
vn 0.0355 0.0058 0.9994
vn 0.0119 0.0248 0.9996
vn 0.0005 0.0035 1.0000
vn 0.0154 -0.0018 0.9999
vn 0.0143 0.0085 0.9999
vn -0.0104 0.0426 0.9990
vn 0.0045 0.0018 1.0000
vn 0.0010 0.3788 0.9255
vn -0.0214 -0.0068 0.9997
vn -0.0322 -0.0313 0.9990
vn -0.0206 0.0038 0.9998
vn 0.2272 0.0158 0.9737
vn 0.0093 0.0020 1.0000
vn 0.1998 -0.0945 0.9753
vn 0.0022 0.0104 0.9999
vn 0.0349 0.0312 0.9989
vn -0.0142 -0.0018 0.9999
vn -0.3589 0.0115 0.9333
vn 0.0028 0.0082 1.0000
vn -0.1537 0.0331 0.9876
vn 0.0115 -0.0128 0.9999
vn 0.0139 0.0456 0.9989
vn 0.2670 0.1624 0.9499
vn -0.0136 -0.0033 0.9999
vn 0.0300 0.0344 0.9990
vn 0.0107 -0.0131 0.9999
vn 0.0420 -0.0405 0.9983
vn 0.0111 -0.0093 0.9999
vn 1.0000 -0.0002 0.0077
vn 0.0194 -0.0298 0.9994
vn 0.0043 0.0366 0.9993
vn 0.0071 0.0153 0.9999
vn -0.0032 -0.9999 0.0112
vn 0.0149 0.0271 0.9995
vn 0.0665 -0.0431 0.9969
vn 0.0141 -0.0117 0.9998
vn -0.0058 -0.0215 0.9998
vn 0.0785 -0.0052 0.9969
vn 0.9989 -0.0430 0.0166
vn 0.0041 0.0083 1.0000
vn 0.0211 0.0014 0.9998
vn 0.0280 0.0012 0.9996
vn -0.0004 -0.0143 0.9999
vn 0.0723 -0.0087 0.9973
vn 0.0060 0.0135 0.9999
vn 0.1172 -0.0032 0.9931
vn -0.0136 -0.0244 0.9996
vn 0.0126 0.0073 0.9999
vn 0.0101 0.0070 0.9999
vn 1.0000 0.0038 0.0064
vn 0.0011 -0.0077 1.0000
vn 0.9984 0.0566 -0.0022
vn -0.0346 0.0349 0.9988
vn -0.0948 -0.0806 0.9922
vn 0.0154 0.0032 0.9999
vn 0.0108 -0.0021 0.9999
vn 0.0011 0.0152 0.9999
vn -0.0063 -0.0074 1.0000
vn 0.9997 -0.0156 0.0173
vn 0.9983 -0.0502 0.0297
vn -0.0188 -0.9992 0.0348
vn 0.0080 -0.0059 1.0000
vn 0.0062 -0.9999 0.0125
vn 0.0267 -0.9872 0.1573
vn 0.0886 -0.1939 0.9770
vn 0.0962 0.0666 0.9931
vn 0.0205 -0.0321 0.9993
vn 0.0126 0.0034 0.9999
vn 0.0185 0.2196 0.9754
vn -0.3905 0.0002 0.9206
vn 0.0408 -0.0604 0.9973
vn 0.9999 0.0057 0.0118
vn 0.0169 0.0157 0.9997
vn -0.0302 -0.0617 0.9976
vn 0.0221 0.0005 0.9998
vn 0.9827 0.0152 0.1845
vn 0.0013 -0.0160 0.9999
vn 0.0926 -0.3657 0.9261
vn -0.0377 0.0331 0.9987
vn -0.0276 -0.2141 0.9764
vn -0.1400 0.1482 0.9790
vn -0.5362 0.0171 0.8439
vn 0.1222 -0.1094 0.9865
vn 0.0574 -0.1204 0.9911
vn 0.0598 -0.1051 0.9927
vn -0.0329 -0.5793 0.8145
vn -0.1216 -0.2590 0.9582
vn 0.0131 -0.0121 0.9998
vn 0.0072 -0.0022 1.0000
vn 0.0903 -0.1613 0.9828
vn 0.0112 -0.0944 0.9955
vn -0.0894 -0.2644 0.9603
vn -0.5218 0.0269 0.8527
vn 0.0151 -0.0259 0.9995
vn 0.0201 -0.0004 0.9998
vn 0.0173 0.0099 0.9998
vn 0.0191 -0.0323 0.9993
vn 0.9690 0.0097 0.2468
vn 0.0160 -0.0116 0.9998
vn 0.0650 0.0011 0.9979
vn 0.0107 0.0104 0.9999
vn 0.1984 0.0383 0.9794
vn 0.0342 0.0485 0.9982
vn 0.0078 0.3429 0.9393
vn 0.0292 -0.0357 0.9989
vn 0.0732 0.0198 0.9971
vn 0.9832 -0.0240 -0.1808
vn -0.0067 0.0322 0.9995
vn 0.1660 0.0526 0.9847
vn -0.0128 -0.0090 0.9999
vn 0.0944 0.0407 0.9947
vn 0.0246 0.0161 0.9996
vn 0.2016 0.0312 0.9790
vn 0.0072 0.0129 0.9999
vn 0.1366 -0.0238 0.9903
vn 0.1285 -0.0595 0.9899
vn 0.0125 0.0208 0.9997
vn -0.0146 0.3381 0.9410
vn -0.0052 -0.0025 1.0000
vn 0.0046 0.0122 0.9999
vn 0.0260 -0.0044 0.9997
vn 0.0042 0.0053 1.0000
vn 0.0657 0.2234 0.9725
vn 0.0254 0.0057 0.9997
vn 0.0295 -0.0052 0.9996
vn 0.0058 0.0149 0.9999
vn 0.0216 0.0015 0.9998
vn 0.0759 0.0016 0.9971
vn 0.0163 -0.0083 0.9998
vn -0.0152 0.0138 0.9998
vn 0.0194 0.0109 0.9998
vn 0.0351 -0.0046 0.9994
vn -0.0455 0.0533 0.9975
vn 0.0256 0.0020 0.9997
vn 0.1419 0.1301 0.9813
vn 0.1371 -0.0647 0.9884
vn -0.0628 -0.0583 0.9963
vn 0.0289 -0.0040 0.9996
vn -0.1570 0.1675 0.9733
vn -0.0581 0.2755 0.9595
vn 0.0334 -0.0032 0.9994
vn 0.1216 -0.0708 0.9901
vn -0.1578 0.1361 0.9781
vn -0.0073 0.0098 0.9999
vn 0.0179 0.0080 0.9998
vn -0.4163 0.0363 0.9085
vn 0.0280 -0.0100 0.9996
vn 0.9998 -0.0076 0.0210
vn 0.9857 0.0049 0.1682
vn -0.0096 0.0051 0.9999
vn -0.0138 0.3884 0.9214
vn 0.0067 0.0261 0.9996
vn 0.1974 -0.0294 -0.9799
vn 0.0121 0.0089 0.9999
vn 0.0152 0.0076 0.9999
vn -0.0317 0.0077 0.9995
vn 0.0287 0.0050 0.9996
vn 0.0669 -0.0212 0.9975
vn -0.0858 0.0819 0.9929
vn 0.0283 -0.0047 0.9996
vn -0.0033 0.0357 0.9994
vn -0.0973 0.0526 0.9939
vn -0.0030 -0.0648 0.9979
vn -0.0599 -0.0159 0.9981
vn 0.0613 0.0110 0.9981
vn 0.0007 -0.3134 0.9496
vn 0.0307 -0.0005 0.9995
vn 0.9007 0.0115 0.4343
vn 0.0155 0.0439 0.9989
vn -0.0470 0.0283 0.9985
vn -0.0177 0.0370 0.9992
vn 0.9860 -0.0097 -0.1667
vn 0.9576 -0.0039 -0.2882
vn 0.0353 -0.0055 0.9994
vn 0.0461 0.0208 0.9987
vn 0.9999 0.0103 0.0006
vn 0.0117 0.0098 0.9999
vn 0.0262 0.0216 0.9994
vn 0.9979 -0.0411 0.0506
vn -0.0122 0.0173 0.9998
vn 0.0296 -0.0043 0.9996
vn 0.0229 0.0151 0.9996
vn -0.0233 -0.3638 0.9312
vn -0.0638 -0.0708 0.9954
vn 0.0147 0.0144 0.9998
vn -0.0805 0.2374 0.9681
vn 0.0592 -0.4597 0.8861
vn 0.0293 -0.0012 0.9996
vn 0.0166 0.0294 0.9994
vn -0.0459 -0.0184 0.9988
vn -0.0087 0.0175 0.9998
vn 0.0209 0.0145 0.9997
vn 0.0207 0.0207 0.9996
vn 0.0230 0.0158 0.9996
vn 0.7991 -0.0745 -0.5966
vn -0.0354 0.1900 0.9811
vn 0.0300 -0.0089 0.9995
vn 0.1451 -0.1405 0.9794
vn -0.0028 -0.0012 1.0000
vn 0.0870 0.3275 0.9408
vn 0.0196 0.0259 0.9995
vn 0.0370 0.0218 0.9991
vn 0.2565 -0.2620 0.9304
vn 0.0117 -0.0050 0.9999
vn 0.2243 0.0936 0.9700
vn -0.0017 0.0412 0.9991
vn 0.0247 0.0116 0.9996
vn 0.0266 0.0298 0.9992
vn -0.1012 0.3351 0.9368
vn 0.0275 0.0105 0.9996
vn -0.1629 -0.0106 0.9866
vn 0.2382 0.5493 0.8009
vn 0.0339 -0.0151 0.9993
vn 0.0209 0.0194 0.9996
vn 0.0275 -0.0133 0.9995
vn 0.0177 0.0086 0.9998
vn 0.0098 0.0151 0.9998
vn -0.0004 0.4492 0.8934
vn 0.0232 0.0183 0.9996
vn -0.0499 -0.0540 0.9973
vn 0.3740 0.3495 0.8591
vn -0.0341 -0.0556 0.9979
vn -0.0535 0.5389 0.8406
vn 0.1837 -0.0318 0.9825
vn -0.1641 -0.2377 0.9574
vn -0.0942 -0.2916 0.9519
vn 0.0048 0.0172 0.9998
vn 0.0170 0.0069 0.9998
vn 0.0521 -0.1495 0.9874
vn 0.1005 0.0007 0.9949
vn -0.0248 -0.1075 0.9939
vn 0.0368 -0.1898 0.9811
vn 0.0157 -0.0103 0.9998
vn -0.0136 0.0110 0.9998
vn 0.0567 -0.0085 0.9984
vn 0.9999 -0.0053 0.0112
vn 0.0551 -0.0131 0.9984
vn -0.0969 -0.1819 0.9785
vn -0.0035 -0.0069 1.0000
vn 0.0595 -0.3398 0.9386
vn 0.0012 0.0331 0.9995
vn 0.0123 -0.0201 0.9997
vn -0.0058 -0.1256 0.9921
vn 0.0007 0.0111 0.9999
vn 0.9995 0.0290 -0.0155
vn 0.0203 0.0191 0.9996
vn -0.2916 -0.1980 0.9358
vn 0.0012 -0.0468 0.9989
vn 0.1462 0.1902 0.9708
vn -0.2111 0.0412 0.9766
vn 0.0439 0.3591 0.9323
vn -0.0002 -0.0142 0.9999
vn 0.2012 0.0711 0.9770
vn -0.0022 0.0076 1.0000
vn 0.0925 -0.1692 0.9812
vn -0.2190 0.0248 0.9754
vn 0.0407 0.4203 0.9065
vn 0.0636 0.3583 0.9314
vn 0.0099 0.0141 0.9999
vn -0.0675 0.2857 0.9559
vn -0.2413 -0.2848 0.9277
vn 0.0046 -0.0059 1.0000
vn 0.1481 0.1896 0.9706
vn 0.2103 -0.0706 0.9751
vn 0.0429 -0.2716 0.9615
vn -0.0010 -0.0040 1.0000
vn 0.1384 -0.0367 0.9897
vn -0.0853 0.3770 0.9223
vn 0.0456 -0.0303 0.9985
vn 0.0112 0.0118 0.9999
vn -0.1133 0.1698 0.9789
vn 0.0282 0.0167 0.9995
vn 0.0240 0.0158 0.9996
vn 0.0255 -0.0045 0.9997
vn 0.0009 0.0417 0.9991
vn 0.1193 0.3333 0.9352
vn 0.0313 0.2869 0.9575
vn 0.1471 0.1832 0.9720
vn 0.0501 -0.0268 0.9984
vn 0.0316 0.0196 0.9993
vn 0.9918 -0.0083 -0.1277
vn -0.0047 0.0007 1.0000
vn -0.0221 0.0271 0.9994
vn 0.0229 -0.0301 0.9993
vn 0.0255 0.0333 0.9991
vn -0.0098 -0.0041 0.9999
vn -0.1006 -0.0222 0.9947
vn -0.0179 -0.3671 0.9300
vn 0.0775 -0.0905 0.9929
vn 0.0061 0.0101 0.9999
vn -0.1310 -0.1700 0.9767
vn 0.0009 0.0410 0.9992
vn -0.0595 0.2987 0.9525
vn 0.0127 0.0161 0.9998
vn -0.2967 -0.0948 0.9502
vn 0.2018 0.3187 0.9261
vn 0.0146 0.0095 0.9998
vn 0.0540 0.1196 0.9913
vn 0.4354 -0.1385 0.8895
vn 0.1378 0.0856 0.9868
vn 0.0708 -0.3583 0.9309
vn -0.2611 -0.2980 0.9182
vn 0.0130 0.0159 0.9998
vn -0.2647 -0.1698 0.9493
vn -0.3576 0.0800 0.9305
vn 0.1323 -0.0596 0.9894
vn 0.0419 0.0819 0.9958
vn -0.1895 0.3416 0.9206
vn 0.0092 -0.0283 0.9996
vn 0.0635 0.4493 0.8911
vn 0.1667 0.0853 0.9823
vn 0.4066 0.0437 0.9125
vn -0.3645 0.2573 0.8950
vn -0.1765 0.1917 0.9655
vn 0.0210 0.4091 0.9122
vn -0.0119 -0.0976 0.9952
vn 0.4408 0.0953 0.8925
vn 0.6298 0.1463 0.7628
vn 0.0578 -0.0063 0.9983
vn 0.0184 -0.1536 0.9880
vn 0.0430 0.4448 0.8946
vn -0.5875 -0.0182 0.8090
vn -0.5829 -0.0167 0.8124
vn -0.3475 0.0703 0.9350
vn 0.0572 -0.0051 0.9983
vn -0.0411 0.1583 0.9865
vn 0.0159 0.0161 0.9997
vn 0.4737 -0.0206 0.8805
vn -0.4684 -0.0409 0.8826
vn 0.6210 0.0083 0.7838
vn -0.0018 -0.0118 0.9999
vn 0.5783 -0.1151 0.8077
vn 0.7854 -0.0283 0.6183
vn 0.5631 0.0308 0.8258
vn 0.8240 0.0119 0.5664
vn 0.0350 -0.3742 0.9267
vn 0.0679 0.0278 0.9973
vn 0.0150 -0.3062 0.9519
vn 0.5639 -0.0840 0.8215
vn 0.0347 0.0056 0.9994
vn -0.0060 -0.3319 0.9433
vn -0.5390 0.0859 0.8379
vn 0.0316 0.3742 0.9268
vn 0.0173 -0.0135 0.9998
vn -0.4865 -0.2094 0.8482
vn 0.0328 0.0051 0.9994
vn 0.0061 0.0102 0.9999
vn -0.0060 0.0785 0.9969
vn -0.0074 0.0582 0.9983
vn 0.0657 0.0261 0.9975
vn 0.0130 0.0210 0.9997
vn 0.2133 0.0582 0.9753
vn 0.8506 -0.1472 0.5049
vn 0.6669 -0.0371 0.7442
vn 0.0660 0.0270 0.9975
vn 0.7067 -0.0148 0.7074
vn 0.1106 0.1184 0.9868
vn 0.0291 0.0048 0.9996
vn -0.0044 0.3278 0.9447
vn 0.0104 -0.0048 0.9999
vn 0.0137 0.0215 0.9997
vn 0.0084 0.0081 0.9999
vn 0.0140 0.0101 0.9999
vn 0.0106 -0.0050 0.9999
vn 0.0654 0.2857 0.9561
vn -0.1089 0.4185 0.9017
vn 0.0037 0.0209 0.9998
vn 0.0028 -0.3773 0.9261
vn -0.0175 -0.0925 0.9956
vn -0.0241 -0.0736 0.9970
vn 0.1435 0.0003 0.9896
vn -0.0643 0.1929 0.9791
vn -0.0045 -0.4315 0.9021
vn -0.0305 -0.0038 0.9995
vn 0.0194 0.0239 0.9995
vn 0.0571 0.3219 0.9450
vn -0.1955 0.0335 0.9801
vn 0.0085 0.0099 0.9999
vn -0.0225 -0.3846 0.9228
vn 0.0220 -0.0346 0.9992
vn 0.9796 0.0180 0.2002
vn 0.0115 0.0006 0.9999
vn 0.0436 0.3765 0.9254
vn 0.0137 0.0222 0.9997
vn 0.0297 0.0100 0.9995
vn 0.0169 0.0236 0.9996
vn 0.0042 0.0297 0.9996
vn -0.0070 -0.0005 1.0000
vn 0.1883 0.0851 0.9784
vn 0.0610 0.2937 0.9539
vn 0.0096 0.0091 0.9999
vn 0.0204 0.0178 0.9996
vn -0.0513 -0.0488 0.9975
vn -0.0269 0.0895 0.9956
vn 0.0680 0.0238 0.9974
vn -0.0227 0.2865 0.9578
vn 0.0069 0.0106 0.9999
vn 0.0056 0.0079 1.0000
vn 0.0005 -0.0084 1.0000
vn 0.0079 0.0091 0.9999
vn 0.0070 0.0058 1.0000
vn 0.0160 0.0079 0.9998
vn 0.1637 -0.0439 0.9855
vn 0.0087 0.0114 0.9999
vn 0.0293 0.0044 0.9996
vn 0.0297 -0.0050 0.9995
vn -0.2083 0.1847 0.9605
vn 0.0522 -0.4180 0.9069
vn -0.0377 -0.0678 0.9970
vn -0.0077 -0.9998 -0.0165
vn 0.1056 -0.0551 0.9929
vn -0.1148 0.2930 0.9492
vn -0.7718 0.4896 0.4057
vn -0.2559 0.6189 0.7426
vn -0.9156 -0.3620 0.1750
vn -0.9154 -0.3629 0.1743
vn 0.0241 -0.0276 0.9993
vn -0.0849 0.0305 0.9959
vn 0.0737 0.0684 0.9949
vn -0.0544 0.2695 0.9615
vn 0.0224 0.0496 0.9985
vn -0.8144 0.1840 0.5503
vn -0.7578 0.6221 -0.1969
vn -0.6905 0.1975 0.6959
vn -0.3132 0.5721 0.7580
vn -0.0552 0.9419 0.3312
vn -0.9635 -0.2047 0.1727
vn -0.2002 0.2099 0.9570
vn -0.0950 0.1887 0.9774
vn 0.0209 -0.0037 0.9998
vn 0.0104 0.0003 0.9999
vn -0.6067 0.1891 0.7721
vn -0.4246 0.8818 0.2053
vn 0.0352 0.0027 0.9994
vn 0.0031 0.0210 0.9998
vn -0.8540 0.5068 -0.1175
vn -0.2690 0.9464 0.1789
vn -0.2699 0.9460 0.1798
vn -0.2446 0.9123 0.3283
vn -0.9135 0.0990 0.3945
vn -0.8177 0.5629 -0.1204
vn -0.9159 0.1019 0.3884
vn -0.8350 0.0537 0.5476
vn -0.9909 0.0839 0.1057
vn -0.7862 0.1483 0.6000
vn -0.8173 0.1238 0.5628
vn -0.7323 0.0895 0.6750
vn -0.9175 0.2094 0.3382
vn -0.6306 0.2107 0.7469
vn -0.9896 0.0933 0.1096
vn -0.6060 0.1899 0.7724
vn -0.8289 0.0456 0.5575
vn -0.9204 0.1938 0.3395
vn -0.9551 0.0338 0.2944
vn -0.9234 0.0394 0.3819
vn -0.6604 0.2619 0.7037
vn -0.0824 0.8091 0.5818
vn -0.6084 0.3065 0.7320
vn -0.0514 0.0400 0.9979
vn -0.9806 0.0218 -0.1949
vn -0.9822 -0.0514 0.1804
vn -0.9813 0.0861 0.1720
vn -0.6960 0.2236 0.6823
vn -0.9628 0.1800 -0.2016
vn -0.2043 0.9777 0.0477
vn 0.0032 0.1794 0.9838
vn -0.2505 0.6163 0.7466
vn -0.8734 -0.4748 -0.1084
vn -0.7054 0.6129 0.3562
vn -0.7753 0.4641 0.4285
vn -0.1492 0.6521 0.7433
vn -0.9734 0.0736 -0.2170
vn -0.3220 0.5911 0.7395
vn -0.6649 0.6619 0.3460
vn -0.6087 0.6635 0.4351
vn -0.0816 0.0182 0.9965
vn -0.9616 -0.2107 0.1756
vn -0.6934 0.6003 0.3986
vn -0.7001 0.5752 0.4231
vn -0.5917 0.7018 0.3967
vn -0.9699 -0.0887 0.2268
vn -0.6759 0.4426 0.5893
vn -0.7034 0.6274 0.3340
vn -0.0616 0.0253 0.9978
vn -0.0309 0.0183 0.9994
vn -0.2015 0.6502 0.7326
vn -0.3913 0.5779 0.7162
vn -0.0198 0.0386 0.9991
vn 0.0069 1.0000 0.0070
vn -0.3671 0.5239 0.7686
vn -0.5310 0.8044 0.2664
vn -0.0793 0.9711 0.2251
vn -0.1014 0.9805 0.1685
vn -0.0855 0.6321 0.7702
vn -0.5439 0.8032 0.2432
vn -0.5383 0.7754 0.3302
vn -0.4312 0.8661 0.2528
vn -0.7811 0.5881 0.2099
vn 0.0020 0.7330 0.6802
vn -0.2956 0.6404 0.7088
vn -0.9906 -0.1233 0.0594
vn -0.9998 0.0154 0.0143
vn -0.0643 0.4116 0.9091
vn -0.8213 0.5543 -0.1349
vn -0.1022 0.6498 0.7532
vn -0.9906 -0.1113 0.0794
vn -0.0652 0.0627 0.9959
vn -0.0403 0.0116 0.9991
vn -0.0596 0.0439 0.9973
vn -0.3472 0.9356 0.0640
vn -0.1005 -0.0283 0.9945
vn 0.0002 0.0273 0.9996
vn 0.0142 0.0279 0.9995
vn -0.0446 0.7254 0.6869
vn -0.7546 0.6410 -0.1400
vn -0.8583 0.5131 -0.0022
vn -0.0513 0.0411 0.9978
vn 0.0040 0.0133 0.9999
vn -0.9611 -0.2721 0.0483
vn 0.0097 0.0453 0.9989
vn 0.0157 0.0328 0.9993
vn -0.8372 0.5416 -0.0760
vn -0.9583 -0.2801 0.0561
vn 0.0028 0.0510 0.9987
vn -0.0320 0.0251 0.9992
vn -0.0561 0.0487 0.9972
vn 0.0064 0.0285 0.9996
vn -0.0275 0.0557 0.9981
vn -0.9830 -0.0699 0.1696
vn -0.8995 -0.2524 0.3565
vn 0.0053 0.0195 0.9998
vn -0.3793 0.6651 0.6432
vn -0.9476 -0.2851 0.1444
vn -0.1228 -0.0031 0.9924
vn -0.0315 0.0462 0.9984
vn -0.9917 -0.0816 0.0992
vn -0.9885 0.0310 0.1481
vn -0.9609 -0.2730 0.0465
vn -0.3237 0.9327 -0.1588
vn -0.9926 -0.0896 -0.0822
vn -0.9600 0.2665 0.0853
vn -0.9786 -0.1291 -0.1603
vn -0.4723 0.8709 -0.1364
vn -0.9720 -0.2127 0.1000
vn -0.9644 -0.2378 -0.1161
vn -0.9900 -0.0400 -0.1351
vn -0.2575 0.9570 -0.1340
vn -0.0155 0.0229 0.9996
vn -0.8992 -0.2765 0.3392
vn -0.9524 -0.2747 -0.1320
vn -0.9019 -0.4098 -0.1368
vn -0.6190 -0.1983 0.7600
vn -0.7125 -0.1430 0.6869
vn -0.6891 -0.1099 0.7163
vn -0.0302 0.0021 0.9995
vn -0.9986 -0.0036 0.0522
vn -0.3858 0.9112 -0.1445
vn -0.8102 -0.2155 0.5450
vn -0.7915 -0.2306 0.5660
vn -0.9524 0.0216 0.3042
vn -0.1445 0.0375 0.9888
vn -0.6162 0.7338 0.2862
vn -0.5441 0.4013 0.7368
vn -0.6834 0.1265 0.7190
vn -0.1581 0.0270 0.9871
vn -0.2369 -0.1247 0.9635
vn -0.6041 0.5210 0.6030
vn -0.6019 0.4529 0.6577
vn -0.7287 0.6271 0.2752
vn -0.6749 0.4251 0.6032
vn -0.6728 0.1129 0.7312
vn -0.6725 0.1236 0.7297
vn -0.9447 -0.2040 0.2568
vn -0.9327 -0.2771 0.2310
vn -0.6709 0.1248 0.7310
vn -0.6290 0.2050 0.7499
vn -0.7183 0.0728 0.6920
vn -0.6859 0.0269 0.7272
vn -0.9492 -0.1474 0.2781
vn -0.0847 0.0306 0.9959
vn -0.6894 -0.1086 0.7162
vn -0.6287 0.7277 0.2740
vn -0.7414 0.1288 0.6586
vn -0.3524 0.9264 -0.1328
vn -0.4823 0.4437 0.7553
vn -0.6419 0.7288 0.2383
vn -0.7011 0.2076 0.6822
vn -0.0330 -0.0251 0.9991
vn -0.0174 -0.0032 0.9998
vn -0.0052 0.0119 0.9999
vn -0.4868 0.5418 0.6852
vn 0.0189 0.0247 0.9995
vn 0.0279 0.0190 0.9994
vn -0.9694 -0.0827 0.2311
vn 0.0161 0.0353 0.9992
vn -0.3991 0.4732 0.7854
vn 0.0166 0.0095 0.9998
vn -0.1649 0.1271 0.9781
vn -0.0063 -0.0127 0.9999
vn -0.9666 0.0410 0.2532
vn -0.4511 0.5347 0.7146
vn 0.1093 0.0209 0.9938
vn -0.9115 -0.2370 0.3362
vn -0.0351 -0.0215 0.9992
vn 0.0221 0.0112 0.9997
vn -0.3788 0.4691 0.7977
vn 0.0478 0.0036 0.9989
vn -0.4915 0.5683 0.6599
vn -0.3590 0.5217 0.7739
vn 0.0229 0.0178 0.9996
vn 0.0694 -0.0173 0.9974
vn 0.0173 0.0160 0.9997
vn -0.9351 -0.3374 0.1086
vn -0.9265 0.1799 0.3305
vn -0.0138 0.0878 0.9960
vn -0.0526 0.2087 0.9766
vn -0.9237 0.2525 0.2882
vn 0.0296 0.0338 0.9990
vn -0.4879 0.4915 0.7214
vn -0.4308 0.3979 0.8100
vn -0.7160 0.6835 -0.1421
vn -0.7232 0.6755 -0.1439
vn -0.9697 0.0312 0.2425
vn -0.9434 0.2514 0.2165
vn -0.7159 0.6852 -0.1340
vn -0.2510 0.7382 0.6261
vn -0.6367 0.7551 -0.1563
vn -0.9583 0.1611 0.2362
vn -0.4303 0.8888 0.1574
vn -0.7971 0.5812 -0.1639
vn -0.9579 0.1770 0.2260
vn -0.2579 0.7548 0.6031
vn -0.2887 0.8888 0.3560
vn -0.4326 0.8527 0.2928
vn -0.6213 0.7716 -0.1364
vn 0.0031 0.0280 0.9996
vn -0.7101 0.6907 -0.1369
vn -0.2446 0.9454 -0.2154
vn -0.2215 0.9369 -0.2704
vn -0.4965 0.8486 -0.1826
vn -0.6201 0.7651 -0.1737
vn -0.2809 0.9101 0.3045
vn -0.1765 0.8908 0.4187
vn -0.3674 0.9095 -0.1946
vn -0.4643 0.8538 -0.2356
vn -0.1385 -0.0180 0.9902
vn -0.8708 0.3548 0.3403
vn -0.6125 0.7770 -0.1453
vn -0.6406 0.7674 0.0282
vn -0.7991 0.4874 0.3519
vn -0.7992 0.4873 0.3520
vn -0.6107 0.7875 -0.0830
vn -0.9274 0.2485 0.2794
vn -0.3883 0.8987 -0.2038
vn -0.7538 0.6571 -0.0044
vn -0.6755 0.7242 -0.1387
vn -0.2026 0.9610 -0.1884
vn -0.7745 0.6312 -0.0401
vn -0.8165 0.4071 0.4094
vn -0.9530 -0.2298 -0.1976
vn -0.7102 0.6952 -0.1110
vn -0.7765 0.6254 0.0770
vn -0.7136 0.6732 0.1938
vn -0.7513 0.6597 0.0191
vn -0.6425 0.7485 0.1641
vn -0.8585 0.5105 0.0485
vn -0.0379 0.0055 0.9993
vn -0.5924 0.7939 0.1368
vn -0.7513 0.6220 0.2206
vn -0.5899 0.7768 0.2202
vn -0.1962 0.9805 0.0076
vn -0.8950 0.2798 0.3474
vn -0.7517 0.6370 0.1710
vn -0.8706 0.3550 0.3406
vn -0.6362 0.7373 0.2274
vn -0.6447 0.7643 0.0142
vn -0.6301 0.6900 0.3561
vn -0.0916 0.9830 0.1589
vn -0.4934 0.8525 0.1724
vn -0.5979 0.8016 -0.0058
vn -0.2919 0.9437 0.1554
vn -0.4472 0.6922 0.5664
vn -0.7471 0.5655 0.3492
vn -0.3107 0.7734 0.5526
vn -0.4561 0.6577 0.5995
vn -0.0189 0.0315 0.9993
vn -0.3871 0.5864 0.7115
vn -0.5853 0.7404 0.3305
vn -0.3858 0.8550 0.3467
vn -0.2545 0.9575 0.1360
vn -0.1035 0.9945 0.0167
vn -0.4286 0.8212 0.3767
vn -0.5652 0.8212 0.0781
vn -0.5085 0.7904 0.3415
vn -0.9981 0.0584 0.0220
vn -0.5204 0.7799 0.3477
vn -0.4964 0.8391 0.2226
vn -0.5414 0.6740 0.5026
vn -0.0282 0.0312 0.9991
vn -0.0065 0.0441 0.9990
vn -0.8333 0.5258 0.1706
vn -0.9900 0.1221 -0.0702
vn -0.0753 0.0648 0.9951
vn -0.5169 0.8313 0.2043
vn -0.9675 0.2505 -0.0355
vn -0.8594 0.4524 0.2383
vn -0.8808 0.3783 0.2847
vn -0.9034 0.2891 0.3167
vn -0.8768 0.3715 0.3054
vn -0.8437 0.4870 0.2258
vn -0.3157 0.7731 0.5501
vn -0.1579 0.9227 0.3517
vn -0.9246 0.2934 0.2430
vn -0.9927 0.0884 -0.0821
vn -0.4636 0.7702 0.4381
vn -0.0163 0.0307 0.9994
vn -0.8028 -0.1099 0.5861
vn -0.9214 0.2923 0.2560
vn -0.8300 0.4812 0.2821
vn -0.3827 0.5831 0.7166
vn -0.9695 0.2281 -0.0895
vn -0.0196 0.9855 0.1688
vn -0.8917 0.3669 0.2650
vn 0.0065 0.0144 0.9999
vn -0.9257 0.0512 0.3749
vn -0.1619 0.9559 0.2452
vn -0.8920 0.3902 0.2283
vn -0.4351 0.8523 0.2903
vn -0.1186 0.9834 0.1371
vn 0.0038 0.0144 0.9999
vn -0.8525 0.4611 0.2462
vn -0.8427 0.4436 0.3052
vn -0.8762 0.3721 0.3062
vn -0.9565 -0.2907 0.0254
vn -0.3935 0.9098 0.1319
vn -0.9145 -0.1612 0.3710
vn -0.0191 0.0250 0.9995
vn -0.0968 0.0191 0.9951
vn -0.0244 0.0274 0.9993
vn -0.0194 0.0199 0.9996
vn -0.9316 -0.1177 0.3440
vn -0.0472 0.9596 0.2775
vn -0.0222 0.0189 0.9996
vn -0.3412 0.9391 0.0415
vn 0.0434 0.9731 0.2262
vn -0.5162 0.5634 0.6451
vn -0.6398 0.7171 -0.2764
vn -0.0185 0.0194 0.9996
vn 0.0005 0.0197 0.9998
vn -0.8301 -0.1511 0.5367
vn -0.8530 0.5217 0.0145
vn -0.9639 0.2008 0.1751
vn -0.0000 0.0213 0.9998
vn -0.9472 -0.3191 -0.0315
vn -0.8558 0.5145 0.0529
vn -0.9434 0.3294 0.0387
vn -0.9548 0.2627 0.1393
vn -0.8528 0.5020 0.1442
vn 0.0028 -0.0003 1.0000
vn -0.8454 0.4850 0.2239
vn -0.0056 0.0018 1.0000
vn -0.8304 0.5232 0.1913
vn -0.8529 0.4756 0.2152
vn -0.0233 0.0183 0.9996
vn -0.0785 0.0391 0.9961
vn -0.9226 0.3813 0.0587
vn -0.0171 0.0175 0.9997
vn -0.5106 0.8429 -0.1698
vn -0.8816 0.4380 0.1755
vn -0.8599 0.4961 0.1204
vn -0.9346 0.2789 0.2209
vn -0.8490 0.4779 0.2254
vn -0.7522 0.5818 0.3095
vn -0.4664 0.8758 -0.1246
vn -0.9596 0.2692 0.0824
vn -0.5022 0.8439 -0.1887
vn -0.6328 0.7597 -0.1495
vn -0.5439 0.8122 -0.2109
vn -0.0365 0.0187 0.9992
vn -0.7584 0.6351 0.1468
vn -0.9032 0.3878 0.1837
vn -0.7100 0.6796 -0.1845
vn -0.0625 0.9709 -0.2311
vn -0.7536 0.6425 0.1388
vn -0.6806 0.7154 0.1582
vn -0.0399 0.9769 -0.2101
vn -0.5690 0.8046 0.1700
vn -0.0305 0.0251 0.9992
vn -0.6091 0.7711 -0.1856
vn 0.0081 0.6031 0.7976
vn -0.6118 0.4313 0.6631
vn -0.7564 0.6463 0.1009
vn -0.7624 0.6377 0.1100
vn 0.0142 0.0142 0.9998
vn -0.5780 0.8132 0.0684
vn -0.1265 0.1680 0.9776
vn -0.5867 0.7999 0.1263
vn -0.5652 0.3497 0.7472
vn -0.9788 -0.0212 -0.2036
vn -0.9815 -0.1852 -0.0480
vn 0.0188 0.0163 0.9997
vn -0.0840 0.1372 0.9870
vn -0.9785 -0.1185 -0.1689
vn -0.1040 0.0186 0.9944
vn -0.0095 0.0037 0.9999
vn -0.0239 0.0270 0.9994
vn -0.7173 0.4093 0.5640
vn -0.9382 -0.2956 -0.1801
vn -0.0220 0.0260 0.9994
vn -0.9532 -0.2170 -0.2103
vn -0.9724 0.1801 -0.1481
vn -0.1790 0.1439 0.9733
vn 0.0201 0.0317 0.9993
vn -0.8970 0.4373 0.0647
vn -0.8601 0.4987 0.1070
vn -0.6145 0.3015 0.7290
vn -0.9889 0.0029 -0.1488
vn -0.1721 0.1315 0.9763
vn -0.9339 0.3556 -0.0369
vn -0.8803 0.4644 -0.0967
vn -0.9785 0.1327 -0.1578
vn -0.8762 0.4458 0.1833
vn -0.9309 0.3424 0.1274
vn -0.8769 0.4566 0.1502
vn -0.9034 0.4109 -0.1229
vn -0.8349 0.5459 -0.0705
vn -0.9537 0.2860 0.0930
vn -0.9893 0.0373 -0.1409
vn -0.9975 0.0640 0.0302
vn -0.7201 0.6560 -0.2260
vn -0.9690 0.2457 -0.0261
vn -0.9975 0.0317 -0.0636
vn -0.3387 0.9323 -0.1269
vn -0.7173 0.3186 0.6196
vn -0.0323 0.0265 0.9991
vn -0.9923 0.1201 0.0289
vn -0.4964 0.8639 -0.0849
vn -0.2260 0.9618 -0.1545
vn -0.5330 0.8390 -0.1096
vn -0.1325 0.6708 0.7297
vn -0.5207 0.8534 0.0237
vn -0.0271 0.0253 0.9993
vn -0.8957 0.2514 0.3668
vn -0.9880 0.1306 0.0824
vn -0.8588 0.3511 0.3732
vn -0.1327 0.8245 0.5500
vn -0.4757 0.8796 0.0086
vn -0.9975 0.0499 0.0494
vn -0.1384 0.6887 0.7117
vn -0.9972 -0.0641 -0.0379
vn -0.7527 0.2608 0.6045
vn -0.9734 -0.2194 -0.0655
vn -0.5211 0.8474 0.1016
vn -0.3982 0.9167 -0.0318
vn -0.3813 0.9232 0.0476
vn -0.0622 0.0266 0.9977
vn -0.0419 0.0611 0.9972
vn -0.1616 0.7952 0.5844
vn -0.4161 0.8871 0.1995
vn -0.2573 0.9658 0.0329
vn -0.0236 0.0162 0.9996
vn -0.4764 0.8790 0.0189
vn -0.3968 0.9112 0.1108
vn -0.2249 0.9619 -0.1554
vn -0.4395 0.8769 0.1949
vn -0.9520 0.2982 -0.0695
vn -0.0374 0.0192 0.9991
vn -0.8733 0.4640 -0.1482
vn -0.0900 0.9900 -0.1086
vn -0.2529 0.7547 0.6054
vn -0.9490 0.2888 -0.1268
vn -0.4908 0.6174 0.6147
vn -0.7632 0.5561 0.3290
vn -0.7770 0.6019 0.1845
vn -0.3342 0.7275 0.5991
vn -0.9342 0.3124 -0.1722
vn -0.8223 0.5121 0.2482
vn -0.7668 0.2925 0.5714
vn -0.3329 0.9102 0.2462
vn -0.2615 0.7063 0.6578
vn 0.3718 0.0850 0.9244
vn -0.2227 0.9746 0.0231
vn -0.2936 0.8972 0.3298
vn -0.8994 -0.4362 -0.0286
vn -0.4332 0.8655 0.2515
vn -0.3244 0.9165 0.2338
vn -0.8328 0.5119 -0.2107
vn -0.2338 0.9310 0.2803
vn -0.0584 0.0550 0.9968
vn -0.9176 0.3207 -0.2347
vn -0.8340 0.5233 -0.1752
vn -0.8117 0.5607 -0.1636
vn -0.0690 0.0148 0.9975
vn -0.8652 0.2182 0.4515
vn -0.0267 0.0264 0.9993
vn -0.8083 0.5348 -0.2462
vn -0.8530 0.4824 -0.1993
vn -0.0805 0.9840 -0.1588
vn -0.9100 -0.4123 -0.0446
vn -0.0122 0.0194 0.9997
vn -0.9566 0.1675 0.2385
vn -0.9245 0.3558 -0.1370
vn -0.0836 0.9834 -0.1609
vn -0.9784 0.0511 0.2005
vn -0.9372 0.2931 0.1888
vn -0.8371 0.2657 0.4783
vn -0.2244 0.9621 -0.1550
vn -0.7864 0.2089 0.5813
vn -0.8784 0.2517 0.4063
vn -0.9768 0.0555 0.2067
vn -0.8626 0.2765 0.4237
vn -0.9242 -0.3152 -0.2156
vn -0.0181 -0.0014 0.9998
vn -0.0306 0.0175 0.9994
vn 0.0247 -0.0003 0.9997
vn 0.0757 0.1284 0.9888
vn 0.0142 0.9999 0.0038
vn -0.0010 0.0518 0.9987
vn -0.0683 0.0746 0.9949
vn 0.0050 0.0924 0.9957
vn -0.0149 0.0249 0.9996
vn -0.0003 0.0060 1.0000
vn 0.0133 -0.0262 0.9996
vn 0.0765 0.0867 0.9933
vn -0.0229 0.0280 0.9993
vn 0.0745 0.0011 0.9972
vn -0.0175 -0.2452 0.9693
vn 0.1357 0.6313 0.7636
vn -0.3210 -0.1717 0.9314
vn -0.3080 0.0249 0.9511
vn 0.1195 -0.0068 0.9928
vn -0.5153 -0.0928 0.8520
vn -0.4876 -0.0132 0.8730
vn -0.0141 0.3812 0.9244
vn -0.2209 0.3528 0.9092
vn -0.0077 0.0499 0.9987
vn 0.0881 0.0362 0.9955
vn -0.0025 0.0202 0.9998
vn 0.0054 0.0741 0.9972
vn 0.0100 -0.3597 0.9330
vn 0.1230 0.0686 0.9900
vn 0.3455 0.8329 -0.4324
vn -0.5849 -0.2687 0.7653
vn 0.2784 0.0656 0.9582
vn -0.0032 -0.0049 1.0000
vn 0.0037 0.9993 0.0359
vn 0.0265 0.9928 0.1166
vn -0.0010 0.0241 0.9997
vn -0.1634 -0.0596 0.9848
vn 0.3939 -0.2310 0.8897
vn 0.6176 0.2219 0.7545
vn -0.2107 0.0754 0.9746
vn 0.0990 -0.2702 0.9577
vn 0.0009 0.0164 0.9999
vn -0.0164 0.0624 0.9979
vn -0.0007 -0.3762 0.9265
vn 0.0713 -0.0259 0.9971
vn -0.0009 -0.0198 0.9998
vn 0.2221 0.0156 0.9749
vn 0.0023 -0.4955 0.8686
vn 0.2813 -0.0592 0.9578
vn 0.3832 -0.0194 0.9235
vn 0.0198 0.0141 0.9997
vn 0.1152 -0.0477 0.9922
vn -0.0047 0.0120 0.9999
vn 0.4449 -0.0969 0.8903
vn 0.2862 -0.0742 0.9553
vn -0.0106 0.0361 0.9993
vn 0.3874 -0.0296 0.9214
vn 0.0661 0.1152 0.9911
vn 0.0026 0.0456 0.9990
vn 0.1823 0.1981 0.9631
vn 0.0245 0.0107 0.9996
vn 0.0102 -0.3598 0.9330
vn -0.0380 -0.2013 0.9788
vn -0.2088 0.0666 0.9757
vn -0.2587 0.0504 0.9646
vn -0.1311 -0.1359 0.9820
vn -0.2557 0.3599 0.8973
vn -0.0870 -0.2270 0.9700
vn 0.0100 0.0083 0.9999
vn -0.4804 0.0270 0.8767
vn 0.0309 0.6038 0.7966
vn -0.1522 0.4272 0.8912
vn -0.3456 0.1836 0.9203
vn -0.0248 0.0124 0.9996
vn 0.0267 0.0136 0.9996
vn 0.0448 -0.0200 0.9988
vn -0.0651 0.1000 0.9929
vn -0.1851 -0.0367 0.9820
vn 0.1369 -0.2176 0.9664
vn -0.1283 -0.1603 0.9787
vn 0.0458 -0.1208 0.9916
vn 0.0014 0.0251 0.9997
vn 0.1433 -0.2694 0.9523
vn -0.0336 -0.2379 0.9707
vn 0.0040 0.0339 -0.9994
vn -0.0020 0.0257 0.9997
vn 0.0272 0.0861 0.9959
vn 0.0040 0.0218 0.9998
vn -0.0197 0.0084 0.9998
vn -0.4827 0.4390 0.7578
vn -0.0465 0.0532 0.9975
vn -0.0645 0.5649 0.8226
vn -0.0280 -0.1397 0.9898
vn -0.0234 0.0427 0.9988
vn 0.0722 0.0877 0.9935
vn -0.0223 0.0044 0.9997
vn 0.0380 0.0102 0.9992
vn 0.0056 0.6212 0.7836
vn -0.0089 0.2852 0.9584
vn -0.2028 0.0939 0.9747
vn -0.2399 0.1040 0.9652
vn 0.0001 0.0354 0.9994
vn 0.0065 0.0504 0.9987
vn 0.0599 -0.0670 0.9960
vn 0.1150 0.0705 0.9909
vn -0.0244 0.0649 0.9976
vn -0.2677 0.1227 0.9557
vn 0.0615 0.1369 0.9887
vn 0.0372 -0.3577 0.9331
vn -0.0482 0.0339 0.9983
vn -0.0359 0.0444 0.9984
vn -0.0634 0.2948 0.9535
vn 0.0504 0.0501 0.9975
vn -0.4701 -0.1772 0.8647
vn 0.1180 -0.0538 0.9916
vn -0.0014 0.0188 0.9998
vn 0.0806 0.0027 0.9967
vn -0.2325 -0.1200 0.9652
vn -0.0559 0.0194 0.9983
vn 0.3668 -0.2049 0.9075
vn 0.0031 0.9999 0.0126
vn -0.0623 0.0079 0.9980
vn -0.0383 -0.0266 0.9989
vn -0.0501 0.0310 0.9983
vn -0.0423 -0.1005 0.9940
vn -0.2525 -0.0661 0.9653
vn 0.0143 0.9999 0.0038
vn 0.3604 0.1695 0.9173
vn 0.0516 -0.1226 0.9911
vn 0.0671 -0.0130 0.9977
vn -0.0968 0.0828 0.9919
vn 0.1078 -0.0520 0.9928
vn 0.0864 0.0009 0.9963
vn 0.0942 -0.0104 0.9955
vn -0.2166 -0.0493 0.9750
vn -0.0421 -0.0075 0.9991
vn 0.0595 0.1352 0.9890
vn 0.1130 0.0246 0.9933
vn 0.1129 -0.1586 0.9809
vn -0.2802 -0.0505 0.9586
vn -0.0072 -0.0009 1.0000
vn 0.2561 -0.3244 0.9106
vn 0.0139 -0.4189 0.9079
vn 0.0488 -0.4096 0.9110
vn 0.1626 0.1352 0.9774
vn 0.0788 0.3752 0.9236
vn 0.0823 0.0260 0.9963
vn -0.0541 0.0031 0.9985
vn -0.0399 -0.0167 0.9991
vn -0.1940 -0.0407 0.9802
vn -0.2763 0.0707 0.9585
vn -0.0836 -0.2991 0.9506
vn -0.0507 0.0108 0.9987
vn -0.0877 0.3302 0.9398
vn -0.2012 0.1409 0.9694
vn 0.1348 -0.0040 0.9909
vn 0.0094 0.0147 0.9998
vn -0.0954 -0.1416 0.9853
vn 0.0244 0.0347 0.9991
vn -0.1392 0.5212 0.8420
vn 0.3555 0.0767 0.9315
vn 0.1239 -0.0131 0.9922
vn 0.0036 0.0149 0.9999
vn -0.0061 0.0243 0.9997
vn 0.0155 0.9965 -0.0818
vn -0.0552 0.0312 0.9980
vn 0.0968 0.0772 0.9923
vn -0.0828 0.0188 0.9964
vn -0.8239 -0.0316 0.5658
vn 0.0510 0.4215 0.9054
vn -0.0150 0.0249 0.9996
vn 0.1397 0.0026 0.9902
vn -0.0870 -0.0018 0.9962
vn 0.1324 -0.0215 0.9910
vn -0.3524 0.1825 0.9179
vn 0.1957 0.1020 0.9753
vn -0.0119 0.0015 0.9999
vn 0.0675 -0.1063 0.9920
vn 0.0421 -0.1134 0.9927
vn -0.0099 0.0263 0.9996
vn -0.0520 0.0291 0.9982
vn -0.0170 0.0250 0.9995
vn -0.0218 0.0246 0.9995
vn 0.0075 0.2182 0.9759
vn -0.0301 0.0371 0.9989
vn -0.2389 -0.2178 0.9463
vn 0.1520 0.0209 0.9882
vn -0.0130 0.0952 0.9954
vn -0.0961 0.3544 0.9301
vn -0.2775 0.0261 0.9604
vn -0.2193 0.1184 0.9684
vn 0.0949 0.0234 0.9952
vn -0.2441 0.2000 0.9489
vn 0.1019 0.1185 0.9877
vn -0.1209 0.0018 0.9927
vn 0.0449 0.0268 0.9986
vn 0.2108 0.0930 0.9731
vn -0.0929 0.0662 0.9935
vn 0.0192 0.2340 0.9721
vn 0.0954 0.2294 0.9686
vn -0.2792 0.0897 0.9560
vn 0.0430 0.1506 0.9877
vn -0.0592 -0.0729 0.9956
vn 0.1654 -0.0277 0.9858
vn -0.1884 0.1650 0.9681
vn 0.0162 0.0463 0.9988
vn 0.1757 -0.0061 0.9844
vn 0.0723 -0.0497 0.9961
vn 0.1484 0.0541 0.9875
vn 0.1458 0.0005 0.9893
vn 0.0086 -0.1214 0.9926
vn -0.1090 0.4413 0.8907
vn -0.2969 -0.0775 0.9518
vn 0.0322 -0.0268 0.9991
vn -0.0696 0.0906 0.9935
vn -0.0525 0.3788 0.9240
vn -0.0098 0.0322 0.9994
vn 0.0189 0.0456 0.9988
vn -0.0928 -0.0262 0.9953
vn -0.0447 0.1267 0.9909
vn 0.0265 0.0465 0.9986
vn 0.2139 0.0310 0.9764
vn 0.0039 0.0033 1.0000
vn 0.1432 0.0034 0.9897
vn 0.0924 -0.0922 0.9914
vn 0.0060 0.0078 1.0000
vn -0.0266 -0.2584 0.9657
vn -0.0176 0.0267 0.9995
vn 0.0979 -0.0410 0.9944
vn -0.0026 0.1211 0.9926
vn 0.1988 0.0540 0.9786
vn 0.0105 -0.1224 0.9924
vn 0.0303 0.0220 0.9993
vn -0.0045 -0.0741 0.9972
vn -0.0058 0.0486 0.9988
vn 0.0817 0.1051 0.9911
vn 0.1014 0.0212 0.9946
vn -0.5410 -0.0637 0.8386
vn -0.0713 -0.0677 0.9952
vn 0.0054 0.0118 0.9999
vn 0.0004 0.0164 0.9999
vn 0.0109 0.2066 0.9784
vn 0.0110 0.0182 0.9998
vn 0.0023 0.0250 0.9997
vn -0.0008 0.0223 0.9998
vn 0.0185 0.0715 0.9973
vn 0.0970 0.1482 0.9842
vn 0.0923 0.1698 0.9811
vn -0.0082 0.0569 0.9983
vn 0.0002 0.0015 1.0000
vn 0.2076 0.0974 0.9734
vn 0.0004 0.0310 0.9995
vn 0.0092 0.0237 0.9997
vn -0.0102 0.0367 0.9993
vn 0.3485 0.2778 0.8952
vn 0.0350 -0.0877 0.9955
vn 0.0382 0.1628 0.9859
vn -0.0051 0.0357 0.9993
vn -0.0209 -0.0139 0.9997
vn -0.0221 0.0147 0.9996
vn -0.0114 0.0209 0.9997
vn -0.0119 0.0238 0.9996
vn -0.0097 0.0315 0.9995
vn 0.0020 0.0260 0.9997
vn -0.0043 0.0288 0.9996
vn 0.0187 0.0131 0.9997
vn -0.0097 0.0350 0.9993
vn 0.0120 -0.0035 0.9999
vn 0.0085 0.0043 1.0000
vn -0.0073 0.0004 1.0000
vn 0.0094 -0.0190 0.9998
vn -0.0081 -0.0063 0.9999
vn -0.0559 0.0579 0.9968
vn -0.0008 0.0135 0.9999
vn 0.0261 0.0177 0.9995
vn -0.0169 0.2594 0.9656
vn -0.0091 0.0319 0.9994
vn 0.0227 -0.0021 0.9997
vn -0.0173 0.0161 0.9997
vn -0.0068 -0.0068 1.0000
vn 0.0078 0.0133 0.9999
vn 0.0025 0.0136 0.9999
vn 0.0071 0.0344 0.9994
vn 0.0027 0.0185 0.9998
vn 0.0017 0.0161 0.9999
vn -0.0113 0.0222 0.9997
vn 0.0047 0.2126 0.9771
vn 0.0027 -0.0013 1.0000
vn -0.0059 0.0484 0.9988
vn -0.0235 0.0200 0.9995
vn 0.0197 0.1021 0.9946
vn -0.0124 0.0137 0.9998
vn 0.0074 0.0090 0.9999
vn -0.0134 0.0269 0.9995
vn -0.0052 -0.0161 0.9999
vn 0.0015 0.0192 0.9998
vn -0.0077 0.0352 0.9993
vn -0.0158 0.0155 0.9998
vn -0.0098 0.0375 0.9992
vn 0.0032 0.0335 0.9994
vn 0.0094 1.0000 0.0015
vn 0.0107 -0.0022 0.9999
vn -0.0002 0.9998 0.0182
vn 0.0163 0.3169 0.9483
vn -0.0166 0.0216 0.9996
vn -0.0158 0.0156 0.9998
vn -0.0273 0.0174 0.9995
vn 0.0136 0.0139 0.9998
vn 0.0034 0.0202 0.9998
vn -0.0012 0.0098 1.0000
vn -0.0340 0.1221 0.9919
vn -0.0043 0.9998 0.0173
vn -0.0002 0.0199 0.9998
vn -0.4086 -0.4026 0.8191
vn 0.0161 -0.0829 0.9964
vn 0.0004 0.2232 0.9748
vn -0.0010 0.0316 0.9995
vn 0.0128 0.1554 0.9878
vn -0.0022 0.0083 1.0000
vn -0.0121 0.0140 0.9998
vn -0.0498 0.0301 0.9983
vn 0.0144 0.1731 0.9848
vn -0.0194 0.0221 0.9996
vn 0.0125 0.0202 0.9997
vn -0.0608 0.1282 0.9899
vn 0.0310 0.0473 0.9984
vn 0.0181 0.0055 0.9998
vn 0.0725 0.1931 0.9785
vn -0.0102 0.0325 0.9994
vn 0.0002 0.0130 0.9999
vn 0.0103 0.0076 0.9999
vn 0.0003 0.0333 0.9994
vn 0.0233 0.0386 0.9990
vn 0.0006 0.0158 0.9999
vn 0.0437 0.3162 0.9477
vn 0.0057 0.0145 0.9999
vn 0.0024 0.0177 0.9998
vn 0.1136 -0.1411 0.9835
vn 0.0314 0.0155 0.9994
vn 0.0464 -0.2476 0.9677
vn 0.0110 -0.0028 0.9999
vn 0.0013 0.0188 0.9998
vn 0.0222 0.0107 0.9997
vn 0.0036 0.0189 0.9998
vn 0.0334 0.0320 0.9989
vn 0.0053 0.0268 0.9996
vn 0.0140 0.0420 0.9990
vn 0.0094 0.0449 0.9989
vn 0.0341 -0.0077 0.9994
vn -0.4517 -0.3654 0.8139
vn 0.0054 0.0117 0.9999
vn -0.3150 0.0437 0.9481
vn 0.0004 0.3839 0.9234
vn -0.0050 0.0672 0.9977
vn 0.0662 0.1004 0.9927
vn -0.0180 0.1838 0.9828
vn 0.0162 0.1190 0.9928
vn 0.0056 0.0329 0.9994
vn 0.0151 0.0136 0.9998
vn 0.0369 0.1040 0.9939
vn 0.0166 0.0174 0.9997
vn 0.0189 0.0197 0.9996
vn 0.0040 0.2099 0.9777
vn 0.0176 0.0227 0.9996
vn 0.0143 0.0311 0.9994
vn -0.0062 0.1821 0.9833
vn -0.0002 0.0182 0.9998
vn 0.0947 0.2855 0.9537
vn 0.0252 0.0365 0.9990
vn 0.0062 0.0348 0.9994
vn 0.0233 0.0123 0.9997
vn 0.0040 0.0433 0.9991
vn -0.0187 0.0289 0.9994
vn -0.0234 0.0127 0.9996
vn 0.0190 0.0494 0.9986
vn -0.0043 0.0181 0.9998
vn -0.0267 0.0394 0.9989
vn 0.0030 0.0233 0.9997
vn 0.0002 0.0253 0.9997
vn -0.0194 0.0184 0.9996
vn -0.0138 0.0312 0.9994
vn -0.0106 0.0472 0.9988
vn 0.0976 -0.0496 0.9940
vn -0.0069 0.0342 0.9994
vn -0.0376 0.0656 0.9971
vn -0.0431 0.2153 0.9756
vn -0.0798 -0.0445 0.9958
vn -0.0134 0.0643 0.9978
vn -0.2590 0.0553 0.9643
vn 0.2006 -0.5409 0.8168
vn -0.2785 0.1044 0.9547
vn 0.0029 0.0393 0.9992
vn 0.0960 0.2819 0.9546
vn 0.0122 0.0130 0.9998
vn 0.0024 0.0802 0.9968
vn 0.0261 0.0299 0.9992
vn -0.0050 0.0412 0.9991
vn -0.1212 0.1029 0.9873
vn -0.0055 0.0304 0.9995
vn 0.0033 -0.0262 0.9997
vn 0.0209 0.1576 0.9873
vn -0.0149 0.0602 0.9981
vn 0.0044 0.0443 0.9990
vn 0.1051 0.9063 0.4094
vn -0.0554 0.1654 0.9847
vn -0.0110 0.0214 0.9997
vn -0.0067 0.0230 0.9997
vn 0.1234 0.4376 0.8907
vn 0.0030 0.0598 0.9982
vn -0.0026 0.0114 0.9999
vn -0.0021 0.0059 1.0000
vn -0.0002 0.0141 0.9999
vn 0.0199 -0.0017 0.9998
vn -0.0056 0.0110 0.9999
vn 0.0056 0.3431 0.9393
vn -0.0000 0.0303 0.9995
vn -0.0333 0.0896 0.9954
vn -0.0103 0.2199 0.9755
vn 0.0153 0.0352 0.9993
vn 0.0403 0.0689 0.9968
vn -0.0271 0.0446 0.9986
vn 0.0154 0.0165 0.9997
vn 0.0982 0.0365 0.9945
vn -0.0237 0.0180 0.9996
vn -0.0197 0.0781 0.9968
vn -0.0067 0.0232 0.9997
vn 0.0026 0.0050 1.0000
vn -0.0017 0.0235 0.9997
vn 0.0017 0.1141 0.9935
vn 0.0061 0.0340 0.9994
vn 0.0097 0.0373 0.9993
vn -0.0188 0.0285 0.9994
vn -0.0697 -0.1398 0.9877
vn -0.0166 0.1036 0.9945
vn 0.0023 0.1144 0.9934
vn 0.0088 0.0055 0.9999
vn 0.0146 0.2856 0.9582
vn 0.0095 0.0119 0.9999
vn 0.0386 -0.0906 0.9951
vn 0.0076 0.0321 0.9995
vn 0.0002 0.0837 0.9965
vn 0.0050 0.0157 0.9999
vn 0.0003 -0.2961 0.9552
vn 0.0180 0.9936 -0.1116
vn -0.3167 0.0275 0.9481
vn -0.3311 0.0231 0.9433
vn 0.1103 -0.0221 0.9937
vn 0.0050 -0.2553 0.9668
vn -0.3181 -0.3054 0.8975
vn -0.0038 0.3995 0.9167
vn -0.0198 0.4609 0.8872
vn -0.0137 0.0313 0.9994
vn -0.2016 -0.0764 0.9765
vn -0.0306 -0.3073 0.9511
vn 0.0982 -0.2531 0.9624
vn 0.0005 0.0104 0.9999
vn 0.0135 0.0225 0.9997
vn 0.0017 -0.0983 0.9952
vn 0.1984 0.0336 0.9796
vn 0.2061 0.0505 0.9772
vn 0.0074 -0.1046 0.9945
vn 0.1056 0.0854 0.9907
vn 0.0400 0.1229 0.9916
vn 0.0443 0.0745 0.9962
vn 0.2713 0.0013 0.9625
vn 0.0324 0.1363 0.9901
vn -0.0584 -0.0260 0.9980
vn 0.0812 0.6869 0.7222
vn -0.5599 0.1514 0.8146
vn 0.0480 0.1186 0.9918
vn -0.9418 -0.0953 0.3223
vn 0.6041 -0.0565 0.7949
vn 0.2285 0.0924 0.9691
vn -0.0471 0.4172 0.9076
vn -0.1924 0.0296 0.9809
vn 0.0035 0.0297 0.9996
vn -0.0052 0.0064 1.0000
vn -0.2243 0.2859 0.9316
vn 0.2256 0.2108 0.9512
vn 0.1979 0.2130 0.9568
vn 0.0041 0.0190 0.9998
vn -0.5586 0.3669 0.7439
vn 0.4701 0.0467 0.8814
vn -0.4189 0.0228 0.9077
vn 0.1800 0.0370 0.9830
vn -0.0141 0.0069 0.9999
vn -0.0059 0.0081 1.0000
vn -0.4530 0.0360 0.8908
vn -0.1070 0.0969 0.9895
vn -0.0189 0.0237 0.9995
vn 0.2360 -0.0121 0.9717
vn -0.0495 -0.2235 0.9734
vn -0.4301 0.1483 0.8905
vn -0.0094 0.0366 0.9993
vn 0.0002 0.9998 0.0204
vn -0.0234 0.9997 0.0046
vn 0.0174 0.0184 0.9997
vn 0.0252 0.1386 0.9900
vn 0.3984 -0.0026 0.9172
vn -0.0189 0.0414 0.9990
vn -0.0597 0.0134 0.9981
vn -0.0007 0.0209 0.9998
vn -0.0469 0.9950 0.0879
vn 0.2127 -0.5632 0.7985
vn 0.1323 0.1570 0.9787
vn 0.2361 -0.1241 0.9638
vn -0.0108 0.0010 0.9999
vn 0.0345 0.0245 0.9991
vn 0.1643 0.1275 0.9781
vn -0.0190 0.0006 0.9998
vn -0.0146 0.0128 0.9998
vn 0.0027 0.0232 0.9997
vn -0.0202 0.0248 0.9995
vn 0.2289 -0.1508 0.9617
vn -0.0157 0.0246 0.9996
vn -0.0064 0.1033 0.9946
vn -0.0833 0.0336 0.9960
vn -0.0315 -0.1596 0.9867
vn -0.2523 -0.3675 0.8951
vn 0.2644 0.0096 0.9644
vn -0.0199 0.0500 0.9985
vn -0.1483 -0.0229 0.9887
vn -0.0035 0.2351 0.9720
vn 0.0194 0.5216 0.8530
vn 0.1042 -0.4363 0.8937
vn -0.0367 0.0152 0.9992
vn 0.0462 -0.0820 0.9956
vn -0.0022 -0.0223 0.9997
vn 0.2970 0.0400 0.9540
vn 0.0519 -0.2070 0.9770
vn -0.0017 -0.0033 1.0000
vn -0.0123 -0.3915 0.9201
vn 0.0104 -0.0180 0.9998
vn -0.0583 0.0588 0.9966
vn 0.0074 0.9982 0.0590
vn 0.0079 0.0256 0.9996
vn -0.0007 0.9949 -0.1013
vn 0.4424 -0.4810 0.7569
vn 0.1576 -0.0558 0.9859
vn 0.0098 -0.0161 0.9998
vn -0.0001 -0.1416 0.9899
vn 0.2612 0.3306 0.9069
vn 0.3666 0.3352 0.8679
vn -0.0051 0.0132 0.9999
vn -0.1064 0.0140 0.9942
vn -0.0183 0.0260 0.9995
vn 0.0740 -0.0806 0.9940
vn 0.0781 -0.0504 0.9957
vn 0.0196 0.9594 0.2815
vn 0.0135 0.0043 0.9999
vn 0.0737 -0.0070 0.9973
vn 0.0380 -0.0553 0.9977
vn 0.2883 0.0714 0.9549
vn -0.0234 -0.0028 0.9997
vn 0.0230 0.0616 0.9978
vn 0.2984 -0.4510 0.8411
vn 0.0663 -0.9710 -0.2295
vn 0.1151 -0.9555 -0.2716
vn 0.3374 -0.9144 0.2236
vn -0.0985 -0.9567 -0.2740
vn -0.1195 -0.9684 -0.2187
vn 0.0324 -0.9632 -0.2668
vn 0.0195 -0.9513 -0.3077
vn -0.1236 -0.9517 -0.2811
vn -0.0745 -0.9429 -0.3246
vn 0.3378 -0.9165 0.2143
vn 0.6281 -0.5543 0.5461
vn 0.4032 -0.8931 0.1994
vn -0.1215 -0.9405 -0.3173
vn 0.0369 -0.9551 -0.2939
vn -0.0316 -0.9569 -0.2888
vn 0.4526 -0.5567 0.6966
vn -0.1748 -0.9398 -0.2935
vn 0.4423 -0.5454 0.7120
vn -0.1978 -0.9413 -0.2736
vn 0.0253 -0.9608 -0.2760
vn 0.0213 -0.9730 -0.2300
vn 0.4505 -0.5720 0.6855
vn 0.3440 -0.8596 0.3777
vn -0.2505 -0.9309 -0.2660
vn 0.3902 -0.7829 0.4846
vn 0.3274 -0.8712 0.3657
vn -0.3473 -0.8862 -0.3067
vn -0.0904 -0.9638 -0.2509
vn -0.2922 -0.9110 -0.2910
vn -0.2494 -0.9307 -0.2675
vn -0.3544 -0.8983 -0.2596
vn 0.5248 -0.8245 0.2117
vn 0.3727 -0.9072 0.1952
vn -0.1251 -0.9652 -0.2296
vn 0.5962 -0.5252 0.6072
vn -0.2238 -0.9440 -0.2424
vn 0.4014 -0.7840 0.4735
vn -0.2140 -0.9085 -0.3589
vn -0.2625 -0.9208 -0.2884
vn -0.4412 -0.8647 -0.2400
vn -0.3681 -0.8807 -0.2980
vn -0.2826 -0.9259 -0.2505
vn 0.4897 -0.8081 0.3275
vn -0.3737 -0.8939 -0.2477
vn 0.5680 -0.7856 0.2454
vn 0.7318 -0.6734 0.1055
vn -0.2320 -0.9438 -0.2352
vn 0.1175 -0.7752 0.6207
vn -0.2006 -0.9488 -0.2441
vn 0.4553 -0.6205 0.6385
vn 0.4610 -0.6337 0.6212
vn 0.4554 -0.5129 0.7277
vn -0.3682 -0.8861 -0.2813
vn 0.4693 -0.7193 0.5122
vn -0.3059 -0.9132 -0.2693
vn 0.6826 -0.5543 0.4762
vn 0.6206 -0.6828 0.3856
vn -0.2407 -0.9224 -0.3022
vn 0.5288 -0.6762 0.5130
vn -0.3086 -0.9016 -0.3032
vn -0.2926 -0.9238 -0.2471
vn 0.1284 -0.8382 0.5301
vn 0.3259 -0.5689 0.7551
vn 0.6020 -0.5601 0.5691
vn 0.5178 -0.6250 0.5842
vn 0.1978 -0.8139 0.5463
vn 0.7290 -0.6387 0.2462
vn 0.2980 -0.5506 0.7798
vn 0.2847 -0.5540 0.7823
vn 0.5722 -0.5252 0.6298
vn 0.5502 -0.4961 0.6717
vn 0.5357 -0.5716 0.6215
vn 0.5227 -0.5685 0.6352
vn 0.1571 -0.7907 0.5917
vn 0.3584 -0.6129 0.7043
vn 0.6109 -0.5257 0.5920
vn -0.3817 -0.5891 0.7123
vn 0.3579 -0.5581 0.7486
vn 0.4548 -0.5552 0.6963
vn 0.5495 -0.6129 0.5678
vn 0.5689 -0.6026 0.5597
vn 0.4580 -0.6105 0.6461
vn 0.3510 -0.5660 0.7460
vn 0.4370 -0.5688 0.6968
vn 0.3311 -0.5514 0.7657
vn 0.3657 -0.5133 0.7764
vn 0.5160 -0.5362 0.6680
vn 0.4268 -0.6346 0.6444
vn 0.5422 -0.6065 0.5815
vn 0.5196 -0.6857 0.5097
vn 0.5164 -0.6863 0.5122
vn 0.7103 -0.5546 0.4335
vn 0.5048 -0.6523 0.5655
vn 0.2719 -0.8561 0.4394
vn 0.4029 -0.5409 0.7383
vn 0.4176 -0.5066 0.7543
vn 0.4402 -0.6608 0.6079
vn 0.4098 -0.6599 0.6297
vn 0.4280 -0.6820 0.5931
vn 0.3845 -0.6632 0.6421
vn 0.3648 -0.6077 0.7054
vn 0.3908 -0.6851 0.6148
vn 0.4541 -0.7356 0.5028
vn 0.4138 -0.6033 0.6818
vn 0.8033 -0.5339 0.2638
vn 0.3796 -0.6801 0.6272
vn 0.4301 -0.7276 0.5344
vn 0.2113 -0.5322 0.8198
vn 0.4383 -0.6699 0.5993
vn 0.3371 -0.7371 0.5857
vn 0.2879 -0.5164 0.8065
vn 0.2304 -0.5578 0.7974
vn 0.2214 -0.5084 0.8322
vn 0.7012 -0.6911 0.1752
vn 0.3483 -0.7877 0.5081
vn 0.2519 -0.6186 0.7443
vn 0.3286 -0.7120 0.6206
vn 0.2715 -0.5254 0.8064
vn 0.3663 -0.7365 0.5686
vn -0.8032 -0.5710 -0.1696
vn 0.2956 -0.6826 0.6684
vn 0.0564 -0.9984 -0.0060
vn 0.2667 -0.5438 0.7957
vn -0.7633 -0.6339 -0.1250
vn 0.3100 -0.6178 0.7227
vn 0.3581 -0.7396 0.5698
vn 0.2428 -0.6236 0.7431
vn 0.0531 -0.9986 -0.0091
vn -0.7952 -0.5360 -0.2836
vn 0.3888 -0.7448 0.5423
vn 0.3595 -0.7439 0.5634
vn 0.3834 -0.7577 0.5281
vn -0.7828 -0.5589 -0.2735
vn 0.2750 -0.6659 0.6935
vn 0.2093 -0.5095 0.8347
vn -0.0534 -0.9975 -0.0461
vn -0.7365 -0.6761 -0.0195
vn 0.4471 -0.7387 0.5044
vn -0.1046 -0.9931 -0.0532
vn -0.8345 -0.5076 -0.2144
vn -0.7947 -0.5334 -0.2896
vn 0.4244 -0.7345 0.5295
vn 0.4058 -0.6903 0.5990
vn -0.7862 -0.6166 -0.0427
vn -0.7873 -0.6152 -0.0420
vn 0.2615 -0.6619 0.7026
vn -0.8165 -0.5766 0.0303
vn 0.2645 -0.6979 0.6656
vn -0.0278 -0.9913 -0.1286
vn -0.8611 -0.4936 -0.1219
vn -0.1019 -0.9829 -0.1536
vn 0.1221 -0.5276 0.8407
vn -0.8270 -0.5517 -0.1081
vn -0.7831 -0.5956 -0.1790
vn -0.8484 -0.5294 0.0020
vn 0.2480 -0.6233 0.7416
vn 0.0139 -0.9999 0.0080
vn -0.8212 -0.5706 -0.0110
vn -0.7857 -0.5935 -0.1744
vn -0.7280 -0.6188 -0.2952
vn -0.5929 -0.7429 -0.3108
vn -0.7061 -0.6852 -0.1790
vn -0.6074 -0.7381 -0.2936
vn -0.6733 -0.7316 -0.1069
vn -0.8254 -0.5575 -0.0891
vn -0.8325 -0.5527 0.0380
vn -0.5929 -0.7429 -0.3109
vn -0.7431 -0.6689 -0.0176
vn -0.6410 -0.7676 -0.0005
vn -0.7098 -0.6568 -0.2546
vn -0.6060 -0.7300 -0.3160
vn -0.6836 -0.6685 -0.2930
vn -0.5092 -0.7982 -0.3218
vn -0.7292 -0.5784 -0.3658
vn -0.7756 -0.5290 -0.3443
vn -0.5495 -0.7942 -0.2592
vn -0.7500 -0.6068 -0.2633
vn -0.5458 -0.7990 -0.2522
vn -0.5953 -0.7379 -0.3178
vn -0.6790 -0.7047 -0.2058
vn -0.6786 -0.7344 -0.0131
vn -0.6838 -0.7040 -0.1917
vn -0.6845 -0.6752 -0.2747
vn -0.6081 -0.7864 -0.1087
vn -0.6181 -0.7289 -0.2942
vn -0.7472 -0.6321 -0.2053
vn -0.5770 -0.7506 -0.3220
vn -0.6478 -0.7478 -0.1457
vn -0.6804 -0.6766 -0.2815
vn -0.7217 -0.6804 -0.1274
vn -0.5633 -0.8113 -0.1563
vn -0.5842 -0.7431 -0.3262
vn -0.6051 -0.7569 -0.2471
vn -0.6470 -0.7508 -0.1331
vn -0.7151 -0.6863 -0.1331
vn -0.5948 -0.7754 -0.2120
vn -0.7053 -0.6295 -0.3260
vn -0.5818 -0.7747 -0.2477
vn -0.5306 -0.8113 -0.2456
vn -0.5655 -0.8169 -0.1136
vn -0.3652 -0.8819 -0.2980
vn -0.5133 -0.7933 -0.3274
vn -0.4292 -0.8754 -0.2225
vn -0.5061 -0.8430 -0.1820
vn -0.4628 -0.8295 -0.3125
vn -0.5132 -0.8425 -0.1638
vn -0.5630 -0.8117 -0.1555
vn -0.4614 -0.8871 -0.0134
vn -0.5728 -0.8038 -0.1605
vn -0.4676 -0.8838 -0.0189
vn -0.4203 -0.8968 -0.1384
vn -0.5531 -0.8331 0.0094
vn -0.4278 -0.8815 -0.1998
vn -0.4631 -0.8787 -0.1158
vn -0.3892 -0.8984 -0.2036
vn -0.6118 -0.7823 -0.1173
vn -0.4483 -0.8878 -0.1044
vn -0.3814 -0.8710 -0.3096
vn -0.5455 -0.8330 -0.0923
vn -0.4275 -0.9037 -0.0250
vn -0.4218 -0.9056 -0.0430
vn -0.5577 -0.8297 -0.0244
vn -0.4680 -0.8371 -0.2833
vn -0.4513 -0.8322 -0.3221
vn -0.4660 -0.8353 -0.2918
vn -0.6163 -0.7868 -0.0332
vn -0.4520 -0.8711 -0.1918
vn -0.4479 -0.8835 -0.1374
vn -0.5450 -0.8336 -0.0901
vn -0.4673 -0.8810 -0.0739
vn -0.3588 -0.9093 -0.2108
vn -0.3808 -0.8789 -0.2872
vn -0.4646 -0.8355 -0.2934
vn -0.4876 -0.8599 -0.1511
vn -0.7571 -0.5656 -0.3269
vn -0.4129 -0.9107 0.0135
vn -0.5924 -0.7792 -0.2047
vn -0.5658 -0.7943 -0.2212
vn -0.7831 -0.5470 -0.2957
vn -0.3637 -0.8813 -0.3017
vn 0.4008 -0.8458 0.3521
vn -0.3704 -0.8735 -0.3161
vn -0.5789 -0.7613 -0.2920
vn -0.6419 -0.7210 -0.2608
vn -0.5770 -0.7719 -0.2670
vn -0.6196 -0.6954 -0.3640
vn -0.7455 -0.5958 -0.2987
vn -0.4566 -0.8508 -0.2602
vn -0.4462 -0.8865 -0.1230
vn -0.7440 -0.5636 -0.3589
vn -0.6606 -0.6996 -0.2723
vn -0.7462 -0.6188 -0.2456
vn 0.5520 -0.8294 0.0855
vn -0.6421 -0.6945 -0.3246
vn -0.5783 -0.7714 -0.2653
vn -0.7293 -0.6266 -0.2747
vn -0.8147 -0.5682 0.1158
vn -0.6315 -0.7742 0.0423
vn -0.4759 -0.8450 -0.2439
vn -0.4533 -0.8556 -0.2498
vn -0.5732 -0.7584 -0.3103
vn -0.6377 -0.7654 0.0864
vn -0.8428 -0.5196 0.1406
vn -0.6737 -0.6990 -0.2398
vn -0.5290 -0.8047 -0.2696
vn -0.7978 -0.5889 0.1289
vn -0.5155 -0.8010 -0.3043
vn -0.4836 -0.8320 -0.2718
vn -0.7552 -0.6288 0.1853
vn -0.6419 -0.7216 -0.2594
vn -0.7886 -0.5884 0.1786
vn -0.3784 -0.8709 -0.3135
vn -0.4757 -0.8443 -0.2466
vn -0.6411 -0.7212 -0.2627
vn -0.4366 -0.8479 -0.3007
vn -0.5112 -0.8173 -0.2658
vn -0.5194 -0.7917 -0.3216
vn -0.4500 -0.8234 -0.3456
vn -0.5624 -0.7734 -0.2924
vn -0.4531 -0.8317 -0.3208
vn -0.7505 -0.6282 0.2051
vn -0.4945 -0.8406 -0.2213
vn -0.7730 -0.5986 0.2103
vn -0.7762 -0.6219 0.1037
vn -0.8454 -0.5069 0.1683
vn -0.7104 -0.6989 0.0833
vn 0.4231 -0.8566 0.2955
vn -0.8003 -0.5666 0.1959
vn -0.7885 -0.5256 0.3194
vn -0.7033 -0.7108 0.0076
vn -0.8376 -0.5129 0.1879
vn -0.6981 -0.6896 0.1926
vn -0.6657 -0.6976 0.2648
vn -0.6680 -0.7269 0.1592
vn -0.6878 -0.7004 0.1907
vn -0.8135 -0.5208 0.2586
vn -0.7882 -0.5301 0.3126
vn -0.7353 -0.6604 0.1523
vn -0.7546 -0.6293 0.1860
vn -0.7327 -0.6738 0.0961
vn -0.6509 -0.7188 0.2442
vn -0.7429 -0.6605 0.1092
vn -0.6081 -0.7557 -0.2430
vn -0.6742 -0.7305 0.1086
vn -0.7369 -0.6096 0.2920
vn -0.6715 -0.7116 0.2066
vn -0.6553 -0.6935 0.2994
vn -0.7414 -0.5628 0.3655
vn -0.7180 -0.5324 0.4485
vn -0.6200 -0.7637 0.1798
vn -0.7054 -0.6488 0.2854
vn -0.6537 -0.6982 0.2919
vn -0.6184 -0.7672 -0.1701
vn -0.6147 -0.7462 0.2556
vn -0.5484 -0.7923 -0.2675
vn -0.5952 -0.7960 0.1104
vn -0.5381 -0.8426 0.0201
vn -0.6091 -0.7839 0.1204
vn -0.6842 -0.6828 0.2563
vn -0.6366 -0.6336 0.4395
vn -0.6563 -0.5920 0.4677
vn -0.5626 -0.8194 0.1095
vn -0.5414 -0.8297 0.1356
vn -0.5919 -0.7900 0.1597
vn -0.5614 -0.8171 0.1306
vn -0.5911 -0.7911 0.1572
vn -0.6257 -0.7293 0.2769
vn -0.5760 -0.7922 0.2017
vn -0.5667 -0.7895 0.2358
vn -0.6938 -0.5235 0.4945
vn -0.5769 -0.7853 0.2247
vn -0.6328 -0.7386 0.2324
vn -0.6256 -0.7294 0.2767
vn -0.5732 -0.7550 0.3186
vn -0.5735 -0.7557 0.3161
vn -0.5949 -0.7295 0.3375
vn -0.6230 -0.6971 0.3548
vn -0.5498 -0.7830 0.2911
vn -0.5078 -0.8233 0.2537
vn -0.6207 -0.6866 0.3787
vn -0.5117 -0.8547 0.0871
vn -0.4607 -0.8859 0.0539
vn -0.5690 -0.7455 0.3471
vn -0.5869 -0.7240 0.3623
vn -0.5179 -0.8032 0.2945
vn -0.5682 -0.7403 0.3593
vn -0.5068 -0.8060 0.3060
vn -0.5909 -0.7008 0.3997
vn -0.4962 -0.8521 0.1666
vn -0.4445 -0.8938 0.0604
vn -0.4796 -0.8639 0.1540
vn -0.5529 -0.7411 0.3809
vn -0.5190 -0.7861 0.3355
vn -0.5824 -0.6973 0.4177
vn -0.6058 -0.6473 0.4627
vn -0.4195 -0.9077 0.0125
vn -0.5061 -0.8365 0.2103
vn -0.5577 -0.7462 0.3636
vn -0.5250 -0.7908 0.3145
vn -0.4329 -0.8963 0.0962
vn -0.5453 -0.8247 0.1496
vn -0.7473 -0.5339 0.3957
vn -0.6640 -0.6375 0.3908
vn -0.4971 -0.8313 0.2486
vn -0.6894 -0.6026 0.4019
vn -0.4988 -0.8293 0.2520
vn -0.6864 -0.6593 0.3067
vn -0.7324 -0.6204 0.2806
vn -0.7447 -0.6021 0.2879
vn -0.5347 -0.7458 0.3974
vn -0.5082 -0.7184 0.4751
vn -0.4203 -0.9008 0.1090
vn -0.5336 -0.7509 0.3891
vn -0.7366 -0.5985 0.3150
vn -0.6546 -0.6436 0.3967
vn -0.7962 -0.5686 0.2067
vn -0.5764 -0.6842 0.4468
vn -0.6871 -0.5820 0.4349
vn -0.4891 -0.8224 0.2906
vn -0.6871 -0.6418 0.3404
vn -0.5103 -0.8564 0.0784
vn -0.5219 -0.8501 0.0699
vn -0.5499 -0.6577 0.5148
vn -0.4874 -0.7714 0.4090
vn -0.5792 -0.6759 0.4558
vn -0.4987 -0.7302 0.4669
vn -0.4432 -0.8631 0.2423
vn -0.7320 -0.5231 0.4365
vn -0.4784 -0.8122 0.3339
vn -0.4256 -0.8352 0.3483
vn -0.4447 -0.8614 0.2454
vn -0.7430 -0.5634 0.3615
vn -0.4130 -0.7667 0.4915
vn -0.4636 -0.7977 0.3858
vn -0.4300 -0.8564 0.2856
vn 0.0626 -0.9978 0.0220
vn 0.1104 -0.9428 -0.3146
vn -0.4129 -0.8831 0.2230
vn 0.1238 -0.9399 -0.3181
vn 0.1430 -0.9682 -0.2055
vn 0.0968 -0.9672 -0.2349
vn -0.4610 -0.7739 0.4342
vn -0.4141 -0.8863 0.2072
vn 0.0145 -0.9965 0.0828
vn -0.5003 -0.8098 0.3065
vn -0.4030 -0.7906 0.4611
vn -0.4366 -0.7977 0.4160
vn 0.1166 -0.9380 -0.3263
vn -0.4402 -0.8439 0.3066
vn -0.4636 -0.7588 0.4576
vn 0.1129 -0.9926 -0.0449
vn -0.4940 -0.8087 0.3192
vn 0.0924 -0.9873 -0.1295
vn -0.4056 -0.8252 0.3930
vn -0.4216 -0.8547 0.3027
vn 0.0168 -0.9966 0.0809
vn 0.3105 -0.9159 -0.2546
vn 0.1571 -0.9759 -0.1512
vn -0.4389 -0.7966 0.4156
vn 0.1720 -0.9831 -0.0632
vn 0.3330 -0.9007 -0.2789
vn -0.3964 -0.8494 0.3485
vn 0.1376 -0.9475 -0.2886
vn 0.2405 -0.9555 -0.1709
vn 0.1152 -0.9913 -0.0643
vn 0.2406 -0.9483 -0.2071
vn 0.1801 -0.9432 -0.2791
vn -0.4805 -0.7407 0.4696
vn 0.2613 -0.9251 -0.2754
vn -0.4000 -0.7801 0.4810
vn 0.0694 -0.9694 -0.2354
vn 0.0955 -0.9954 -0.0017
vn 0.2040 -0.9479 -0.2446
vn 0.2625 -0.9600 -0.0975
vn 0.1601 -0.9745 -0.1574
vn 0.1878 -0.9224 -0.3376
vn 0.2575 -0.9095 -0.3263
vn 0.2478 -0.9685 -0.0259
vn 0.1914 -0.9813 0.0217
vn 0.2624 -0.9536 -0.1474
vn 0.3069 -0.9358 -0.1736
vn 0.2219 -0.9216 -0.3184
vn 0.2484 -0.9613 -0.1190
vn 0.3486 -0.9197 -0.1809
vn 0.2123 -0.9467 -0.2422
vn 0.1609 -0.9862 -0.0402
vn 0.4384 -0.8740 -0.2095
vn 0.3436 -0.9391 0.0074
vn 0.4269 -0.8740 -0.2320
vn 0.2622 -0.9412 -0.2132
vn 0.4351 -0.8972 -0.0751
vn 0.2352 -0.9717 0.0209
vn 0.2876 -0.9577 -0.0034
vn 0.2546 -0.9152 -0.3124
vn 0.3308 -0.9083 -0.2561
vn 0.4396 -0.8910 -0.1137
vn 0.3339 -0.8810 -0.3352
vn 0.4164 -0.8655 -0.2783
vn 0.3605 -0.9084 -0.2118
vn 0.1111 -0.9927 -0.0474
vn 0.4271 -0.8739 -0.2323
vn 0.3657 -0.8978 -0.2454
vn 0.3042 -0.9521 0.0322
vn 0.3328 -0.9373 -0.1040
vn 0.3588 -0.8849 -0.2971
vn 0.3059 -0.9371 -0.1681
vn 0.3022 -0.9150 -0.2672
vn 0.4459 -0.8851 -0.1332
vn 0.3442 -0.9362 -0.0706
vn 0.4480 -0.8354 -0.3183
vn 0.2419 -0.9701 -0.0199
vn 0.4049 -0.8609 -0.3079
vn 0.3701 -0.9276 -0.0504
vn 0.4007 -0.8514 -0.3386
vn 0.2478 -0.9146 -0.3195
vn 0.3178 -0.8911 -0.3240
vn 0.3452 -0.8722 -0.3465
vn 0.1772 -0.9818 -0.0678
vn 0.4402 -0.8353 -0.3294
vn 0.1610 -0.9833 -0.0847
vn 0.4630 -0.8198 -0.3368
vn 0.3466 -0.9350 -0.0749
vn 0.5394 -0.7899 -0.2918
vn 0.5345 -0.8233 -0.1910
vn 0.4261 -0.8893 -0.1661
vn 0.4002 -0.8513 -0.3393
vn 0.4053 -0.9103 -0.0845
vn 0.4671 -0.8570 -0.2175
vn 0.5622 -0.7835 -0.2647
vn 0.3387 -0.8995 -0.2760
vn 0.3690 -0.8672 -0.3345
vn 0.3691 -0.9274 -0.0612
vn 0.4850 -0.8705 -0.0842
vn 0.4381 -0.8907 -0.1214
vn 0.3965 -0.8685 -0.2975
vn 0.4842 -0.8692 -0.1000
vn 0.5291 -0.8255 -0.1966
vn 0.3863 -0.8752 -0.2911
vn 0.4658 -0.8567 -0.2213
vn 0.4907 -0.8492 -0.1950
vn 0.4809 -0.8720 -0.0918
vn 0.4132 -0.8966 -0.1594
vn 0.5080 -0.7880 -0.3478
vn 0.4034 -0.9123 -0.0704
vn -0.3623 -0.8766 -0.3166
vn 0.5964 -0.7998 -0.0674
vn -0.3344 -0.9055 -0.2612
vn -0.3589 -0.8807 -0.3092
vn 0.4681 -0.8764 -0.1133
vn 0.4764 -0.8709 -0.1211
vn 0.3932 -0.9194 0.0091
vn 0.4701 -0.8266 -0.3094
vn 0.4659 -0.8837 -0.0442
vn 0.3965 -0.9180 0.0098
vn -0.2710 -0.9402 -0.2062
vn -0.3002 -0.9435 -0.1405
vn -0.3481 -0.9254 -0.1501
vn 0.5542 -0.8212 -0.1362
vn -0.3320 -0.8890 -0.3154
vn 0.4686 -0.8829 -0.0319
vn -0.3176 -0.9307 -0.1816
vn -0.3438 -0.9351 -0.0860
vn 0.5005 -0.7870 -0.3609
vn -0.3669 -0.9260 -0.0886
vn -0.3243 -0.8948 -0.3069
vn 0.5154 -0.8569 0.0047
vn -0.4322 -0.8780 0.2059
vn -0.4441 -0.8767 0.1850
vn -0.3286 -0.9006 -0.2847
vn 0.5205 -0.8160 -0.2516
vn -0.2626 -0.9119 -0.3153
vn -0.3234 -0.9080 -0.2663
vn -0.2196 -0.9320 -0.2882
vn -0.3100 -0.8955 -0.3194
vn -0.3151 -0.9038 -0.2897
vn -0.2012 -0.9287 -0.3116
vn -0.3112 -0.9396 -0.1427
vn -0.2792 -0.9584 -0.0598
vn -0.2725 -0.9409 -0.2012
vn -0.2642 -0.9497 -0.1678
vn -0.2418 -0.9120 -0.3314
vn -0.2042 -0.9240 -0.3232
vn -0.3160 -0.9047 -0.2859
vn -0.1874 -0.9370 -0.2949
vn -0.2542 -0.9178 -0.3050
vn -0.2501 -0.9123 -0.3241
vn -0.5994 -0.7980 0.0619
vn -0.2023 -0.9282 -0.3124
vn -0.2151 -0.9450 -0.2463
vn -0.1560 -0.9456 -0.2855
vn -0.2169 -0.9346 -0.2820
vn -0.2194 -0.9320 -0.2886
vn -0.2087 -0.9690 -0.1326
vn -0.1697 -0.9648 -0.2008
vn -0.2170 -0.9459 -0.2413
vn -0.2767 -0.9591 -0.0590
vn -0.1294 -0.9472 -0.2935
vn -0.2138 -0.9247 -0.3149
vn -0.1938 -0.9804 -0.0362
vn -0.1791 -0.9707 -0.1601
vn -0.2484 -0.9667 -0.0618
vn -0.1904 -0.9384 -0.2885
vn -0.2010 -0.9278 -0.3143
vn -0.2151 -0.9763 -0.0226
vn -0.1973 -0.9797 -0.0355
vn -0.1287 -0.9430 -0.3068
vn -0.1122 -0.9406 -0.3204
vn -0.1524 -0.9651 -0.2127
vn -0.1432 -0.9384 -0.3145
vn -0.1661 -0.9541 -0.2492
vn -0.2077 -0.9691 -0.1328
vn -0.2470 -0.9670 -0.0627
vn -0.0512 -0.9698 -0.2387
vn -0.1114 -0.9469 -0.3017
vn -0.0397 -0.9442 -0.3271
vn -0.1078 -0.9444 -0.3105
vn -0.0409 -0.9698 -0.2406
vn -0.0350 -0.9579 -0.2850
vn -0.0716 -0.9862 -0.1494
vn -0.0477 -0.9493 -0.3107
vn -0.0481 -0.9817 -0.1843
vn -0.1605 -0.9828 -0.0911
vn 0.0245 -0.9437 -0.3299
vn -0.0468 -0.9461 -0.3206
vn -0.1215 -0.9710 -0.2058
vn -0.1241 -0.9888 -0.0828
vn -0.0115 -0.9596 -0.2810
vn 0.0255 -0.9832 -0.1806
vn -0.0655 -0.9729 -0.2217
vn 0.0382 -0.9924 -0.1166
vn 0.0189 -0.9475 -0.3192
vn -0.0760 -0.9851 -0.1541
vn 0.0541 -0.9524 -0.3001
vn -0.4152 -0.8817 0.2242
vn -0.0315 -0.9826 -0.1831
vn 0.0613 -0.9577 -0.2810
vn 0.0568 -0.9945 -0.0885
vn -0.0190 -0.9816 -0.1899
vn 0.0920 -0.9909 -0.0987
vn -0.0484 -0.9876 -0.1494
vn -0.0118 -0.9588 -0.2838
vn 0.0511 -0.9880 -0.1460
vn -0.0182 -0.9667 -0.2553
vn 0.0731 -0.9485 -0.3083
vn 0.0913 -0.9661 -0.2417
vn 0.0819 -0.9673 -0.2402
vn 0.1179 -0.9471 -0.2985
vn 0.2551 -0.9152 -0.3119
vn 0.0780 -0.9868 -0.1422
vn 0.2364 -0.9367 -0.2583
vn -0.0003 -0.9628 -0.2702
vn 0.1340 -0.9419 -0.3080
vn 0.1167 -0.9543 -0.2752
vn 0.2532 -0.9167 -0.3092
vn 0.1539 -0.9471 -0.2818
vn 0.3201 -0.9085 -0.2687
vn 0.4192 -0.8769 -0.2350
vn 0.2594 -0.9362 -0.2372
vn -0.2669 -0.5039 0.8215
vn 0.1760 -0.9515 -0.2525
vn 0.1782 -0.9386 -0.2953
vn 0.1289 -0.9566 -0.2615
vn 0.7892 -0.5489 0.2756
vn 0.4106 -0.8600 -0.3030
vn 0.3107 -0.9140 -0.2607
vn 0.2377 -0.9350 -0.2633
vn 0.2562 -0.9259 -0.2777
vn 0.4105 -0.8670 -0.2824
vn 0.3669 -0.8858 -0.2841
vn 0.3141 -0.9091 -0.2735
vn 0.3429 -0.9038 -0.2561
vn 0.3678 -0.8826 -0.2928
vn 0.3422 -0.9166 -0.2066
vn 0.4387 -0.8483 -0.2965
vn 0.3551 -0.8876 -0.2934
vn 0.4727 -0.8395 -0.2680
vn 0.4183 -0.8633 -0.2824
vn 0.4293 -0.8735 -0.2295
vn 0.4292 -0.8531 -0.2967
vn 0.2916 -0.9136 -0.2832
vn 0.4232 -0.8656 -0.2676
vn 0.2961 -0.9054 -0.3043
vn 0.4141 -0.8717 -0.2619
vn 0.5803 -0.7771 -0.2436
vn 0.4171 -0.8796 -0.2287
vn -0.3857 -0.8698 -0.3079
vn 0.4177 -0.8796 -0.2278
vn 0.5149 -0.8039 -0.2976
vn 0.5221 -0.8199 -0.2350
vn 0.5679 -0.7805 -0.2613
vn -0.4133 -0.9039 0.1106
vn -0.2406 -0.9706 0.0063
vn 0.4437 -0.8580 -0.2589
vn 0.5558 -0.8313 -0.0030
vn 0.4941 -0.8477 -0.1928
vn 0.5568 -0.8306 0.0044
vn -0.2559 -0.9664 0.0238
vn 0.5323 -0.8461 -0.0289
vn 0.4657 -0.8812 -0.0809
vn 0.4600 -0.8827 -0.0961
vn 0.3943 -0.8671 -0.3046
vn -0.3176 -0.9482 -0.0061
vn 0.6525 -0.7206 -0.2344
vn 0.5407 -0.8053 -0.2434
vn -0.3672 -0.9249 0.0985
vn 0.5460 -0.8295 -0.1173
vn -0.3129 -0.9485 0.0500
vn 0.6622 -0.7087 -0.2433
vn -0.2953 -0.9182 0.2641
vn 0.5837 -0.7540 -0.3012
vn -0.1408 -0.9811 -0.1328
vn -0.2258 -0.9741 0.0087
vn 0.5096 -0.8109 -0.2877
vn -0.2962 -0.9535 -0.0557
vn -0.2277 -0.9706 0.0780
vn -0.3047 -0.8988 -0.3152
vn -0.1851 -0.9823 0.0285
vn -0.1843 -0.9744 0.1288
vn -0.3603 -0.8848 0.2956
vn -0.1362 -0.9852 0.1038
vn 0.6285 -0.7171 -0.3013
vn -0.3418 -0.9397 0.0114
vn -0.3452 -0.8748 0.3400
vn -0.3791 -0.9183 0.1138
vn -0.3640 -0.8888 0.2784
vn -0.2648 -0.9151 0.3041
vn -0.2656 -0.9049 0.3326
vn -0.2438 -0.9297 0.2760
vn -0.3084 -0.8451 0.4366
vn -0.3097 -0.8478 0.4305
vn -0.3621 -0.8775 0.3145
vn -0.3468 -0.8698 0.3510
vn -0.1285 -0.9916 0.0152
vn -0.3378 -0.7993 0.4970
vn -0.2675 -0.9052 0.3302
vn -0.3641 -0.8807 0.3031
vn -0.1531 -0.9837 -0.0939
vn -0.3318 -0.8221 0.4627
vn -0.2821 -0.9381 0.2009
vn -0.3090 -0.8501 0.4264
vn -0.1416 -0.9866 0.0808
vn -0.1900 -0.9114 0.3650
vn -0.2107 -0.9510 0.2263
vn -0.2159 -0.9377 0.2724
vn -0.2347 -0.8838 0.4047
vn -0.2937 -0.8428 0.4511
vn -0.2031 -0.9458 0.2533
vn -0.1791 -0.9691 0.1697
vn -0.2543 -0.8826 0.3955
vn -0.1956 -0.9204 0.3384
vn -0.1449 -0.9593 0.2423
vn -0.0984 -0.9896 0.1052
vn -0.1073 -0.9584 0.2643
vn -0.0630 -0.9943 0.0854
vn -0.1655 -0.9454 0.2809
vn -0.1442 -0.9202 0.3638
vn -0.1391 -0.9898 0.0302
vn -0.0785 -0.9904 0.1138
vn -0.2258 -0.8779 0.4222
vn 0.0281 -0.9972 0.0688
vn 0.0072 -0.9975 0.0709
vn -0.1561 -0.8864 0.4358
vn -0.0638 -0.9724 0.2243
vn 0.0126 -0.9947 0.1021
vn -0.0864 -0.9709 0.2234
vn -0.1434 -0.9105 0.3879
vn -0.1598 -0.9867 0.0311
vn -0.1451 -0.8935 0.4249
vn -0.2394 -0.8587 0.4531
vn -0.1250 -0.9735 0.1913
vn -0.1118 -0.9757 0.1887
vn -0.0658 -0.9729 0.2219
vn 0.0006 -0.9966 0.0828
vn -0.0994 -0.9361 0.3375
vn -0.0488 -0.9881 0.1458
vn -0.0512 -0.9882 0.1441
vn -0.2068 -0.8434 0.4960
vn -0.1540 -0.8753 0.4583
vn -0.0575 -0.9645 0.2577
vn -0.0927 -0.9839 0.1527
vn -0.0907 -0.9616 0.2591
vn -0.0118 -0.9999 0.0097
vn -0.0993 -0.9039 0.4161
vn 0.0257 -0.9838 0.1773
vn -0.1076 -0.8844 0.4542
vn -0.0579 -0.9460 0.3191
vn 0.0487 -0.9940 0.0982
vn 0.0591 -0.9919 0.1126
vn 0.0099 -0.9947 0.1024
vn -0.0678 -0.9598 0.2723
vn -0.1116 -0.8955 0.4308
vn -0.1238 -0.8719 0.4738
vn -0.1127 -0.9235 0.3666
vn -0.0286 -0.9315 0.3626
vn 0.0209 -0.9841 0.1765
vn 0.0047 -0.9645 0.2641
vn -0.0139 -0.9421 0.3350
vn 0.0544 -0.9849 0.1643
vn -0.0056 -0.9905 0.1375
vn 0.0633 -0.9679 0.2433
vn 0.0407 -0.9704 0.2379
vn -0.0521 -0.8823 0.4678
vn 0.0255 -0.9838 0.1774
vn -0.0155 -0.9084 0.4177
vn -0.0868 -0.9477 0.3072
vn 0.0244 -0.9982 0.0556
vn -0.0313 -0.9011 0.4325
vn 0.0692 -0.9135 0.4008
vn 0.0269 -0.9929 0.1163
vn 0.0441 -0.9530 0.2996
vn 0.0699 -0.9940 0.0837
vn -0.0040 -0.9343 0.3564
vn 0.0327 -0.9682 0.2479
vn -0.0019 -0.8995 0.4369
vn 0.0324 -0.9683 0.2479
vn -0.0172 -0.9002 0.4352
vn 0.0347 -0.9827 0.1817
vn -0.0006 -0.9367 0.3501
vn 0.0551 -0.9553 0.2905
vn 0.1059 -0.9524 0.2858
vn 0.1035 -0.9005 0.4224
vn 0.2270 -0.6068 0.7617
vn 0.0623 -0.9288 0.3654
vn 0.4242 -0.8907 0.1633
vn 0.3799 -0.7516 0.5393
vn -0.4247 -0.8789 0.2171
vn 0.7546 -0.5595 0.3427
vn 0.7015 -0.6886 0.1838
vn -0.0024 -0.8966 0.4428
vn 0.0658 -0.9455 0.3189
vn -0.2813 -0.9318 0.2292
vn 0.0268 -0.8787 0.4766
vn 0.0840 -0.9626 0.2575
vn 0.0853 -0.9146 0.3952
vn 0.0741 -0.8774 0.4739
vn 0.0511 -0.9472 0.3165
vn 0.0941 -0.9084 0.4073
vn 0.3010 -0.7496 0.5895
vn 0.2313 -0.5582 0.7968
vn 0.0584 -0.8746 0.4814
vn 0.2506 -0.6163 0.7466
vn 0.0851 -0.9118 0.4016
vn 0.3164 -0.6194 0.7185
vn 0.0616 -0.9470 0.3151
vn 0.2374 -0.5997 0.7642
vn 0.0371 -0.9690 0.2442
vn 0.6517 -0.6238 0.4316
vn 0.6708 -0.6156 0.4135
vn 0.1341 -0.6503 0.7478
vn 0.1318 -0.5784 0.8050
vn 0.8155 -0.5327 0.2261
vn 0.3030 -0.6137 0.7291
vn 0.3007 -0.6139 0.7299
vn 0.2338 -0.6155 0.7527
vn 0.2395 -0.6798 0.6932
vn 0.2016 -0.5687 0.7975
vn 0.2003 -0.6717 0.7132
vn 0.7306 -0.6352 0.2505
vn 0.1364 -0.6503 0.7473
vn 0.2812 -0.6769 0.6802
vn 0.1396 -0.6498 0.7472
vn 0.2491 -0.7496 0.6133
vn 0.2997 -0.7083 0.6391
vn 0.2558 -0.7242 0.6403
vn 0.2791 -0.7826 0.5564
vn 0.1421 -0.6036 0.7845
vn 0.2186 -0.7694 0.6001
vn 0.2997 -0.7561 0.5818
vn 0.1826 -0.5844 0.7907
vn 0.2494 -0.7202 0.6474
vn 0.3053 -0.7126 0.6317
vn 0.1356 -0.6494 0.7483
vn 0.6169 -0.6803 0.3958
vn 0.2866 -0.7485 0.5980
vn 0.2903 -0.7586 0.5834
vn 0.1774 -0.5622 0.8077
vn 0.3249 -0.7875 0.5237
vn 0.4565 -0.8855 0.0866
vn 0.1332 -0.5777 0.8053
vn 0.7133 -0.6989 0.0527
vn 0.2516 -0.6894 0.6793
vn 0.2643 -0.7924 0.5498
vn 0.6762 -0.6423 0.3607
vn 0.2134 -0.6903 0.6914
vn 0.1378 -0.7509 0.6459
vn 0.3163 -0.7727 0.5504
vn 0.1391 -0.6536 0.7440
vn 0.0948 -0.7329 0.6738
vn 0.2382 -0.7951 0.5577
vn 0.3257 -0.7730 0.5445
vn -0.4709 -0.5412 0.6966
vn 0.1836 -0.8129 0.5527
vn 0.1307 -0.7516 0.6466
vn 0.0819 -0.7052 0.7042
vn 0.7704 -0.6117 0.1797
vn 0.2860 -0.8173 0.5002
vn 0.6214 -0.6063 0.4963
vn 0.1799 -0.7659 0.6173
vn 0.1796 -0.7655 0.6179
vn -0.3861 -0.6026 0.6984
vn -0.4645 -0.5459 0.6973
vn 0.2361 -0.8028 0.5475
vn 0.1249 -0.8502 0.5114
vn 0.2424 -0.8414 0.4829
vn 0.2089 -0.7898 0.5767
vn 0.6789 -0.6827 0.2702
vn -0.4785 -0.5149 0.7112
vn 0.1363 -0.7921 0.5950
vn 0.1422 -0.8496 0.5078
vn 0.5859 -0.6503 0.4836
vn -0.4580 -0.5776 0.6757
vn 0.2120 -0.8308 0.5145
vn 0.2608 -0.8179 0.5129
vn -0.3945 -0.5413 0.7426
vn 0.1906 -0.8361 0.5145
vn 0.5808 -0.6159 0.5322
vn 0.7325 -0.6405 0.2307
vn 0.6173 -0.6558 0.4345
vn -0.4808 -0.5549 0.6789
vn -0.3885 -0.7070 0.5909
vn -0.4219 -0.6536 0.6284
vn -0.4006 -0.5498 0.7330
vn -0.4811 -0.5516 0.6814
vn -0.3961 -0.7165 0.5743
vn -0.3761 -0.6636 0.6466
vn -0.5041 -0.6034 0.6178
vn -0.5045 -0.6042 0.6168
vn -0.4463 -0.6483 0.6169
vn -0.4195 -0.6065 0.6755
vn -0.4740 -0.6061 0.6387
vn -0.4662 -0.6608 0.5883
vn -0.4711 -0.5779 0.6664
vn -0.4458 -0.6947 0.5645
vn -0.4630 -0.6330 0.6204
vn 0.7750 -0.6207 0.1191
vn -0.4153 -0.6646 0.6211
vn 0.6370 -0.7529 0.1655
vn 0.6697 -0.6509 0.3575
vn -0.4141 -0.6617 0.6251
vn -0.5134 -0.5320 0.6734
vn 0.6419 -0.7311 0.2310
vn -0.5438 -0.6387 0.5443
vn -0.4120 -0.7545 0.5109
vn -0.4669 -0.6342 0.6163
vn -0.4759 -0.6969 0.5366
vn -0.5209 -0.5550 0.6486
vn -0.5735 -0.6089 0.5479
vn -0.5208 -0.6450 0.5593
vn -0.5480 -0.5786 0.6040
vn -0.4988 -0.6369 0.5878
vn -0.5426 -0.6316 0.5538
vn -0.5224 -0.6706 0.5267
vn -0.4919 -0.6775 0.5468
vn -0.5390 -0.5483 0.6394
vn -0.4790 -0.7140 0.5107
vn -0.5519 -0.6464 0.5268
vn -0.5274 -0.6305 0.5695
vn -0.4968 -0.7022 0.5101
vn -0.5417 -0.5359 0.6476
vn -0.4734 -0.7134 0.5166
vn -0.6031 -0.5131 0.6107
vn -0.5454 -0.6070 0.5780
vn -0.5507 -0.6226 0.5560
vn -0.5547 -0.5928 0.5839
vn -0.6001 -0.5620 0.5692
vn -0.6144 -0.5662 0.5495
vn 0.7145 -0.6995 0.0135
vn -0.6556 -0.5120 0.5550
vn -0.6267 -0.5110 0.5883
vn -0.5046 -0.6885 0.5209
vn -0.5761 -0.5966 0.5587
vn -0.6325 -0.5069 0.5857
vn -0.6454 -0.5633 0.5159
vn -0.5812 -0.6145 0.5336
vn -0.5970 -0.6093 0.5219
vn 0.6083 -0.7026 0.3692
vn 0.6273 -0.7776 -0.0432
vn 0.6136 -0.7836 0.0977
vn -0.6369 -0.5651 0.5245
vn -0.6363 -0.5619 0.5286
vn -0.0321 -0.9778 -0.2072
vn 0.4243 -0.8789 0.2180
vn -0.6566 -0.5168 0.5494
vn 0.5834 -0.7885 0.1950
vn 0.6614 -0.6839 0.3079
vn 0.6115 -0.7321 0.3003
vn 0.2376 -0.8417 0.4849
vn 0.5657 -0.8034 0.1860
vn 0.6164 -0.7869 0.0299
vn 0.6220 -0.7166 0.3156
vn 0.5538 -0.8318 0.0375
vn 0.5900 -0.7767 0.2203
vn 0.4966 -0.7378 0.4572
vn 0.4556 -0.8832 0.1112
vn 0.5460 -0.7980 0.2551
vn 0.6143 -0.7884 -0.0316
vn 0.6316 -0.7699 0.0913
vn 0.4984 -0.7519 0.4315
vn 0.6232 -0.7597 0.1857
vn 0.5946 -0.8012 -0.0673
vn 0.6159 -0.7536 0.2299
vn 0.7532 -0.5310 0.3883
vn 0.4250 -0.9048 -0.0279
vn 0.1095 -0.9416 0.3184
vn 0.5943 -0.8005 0.0773
vn 0.8155 -0.5307 0.2309
vn 0.6052 -0.7656 0.2181
vn 0.6425 -0.7278 0.2399
vn 0.6039 -0.7964 -0.0321
vn 0.6078 -0.7666 0.2070
vn 0.5484 -0.7259 0.4150
vn 0.6231 -0.7426 0.2457
vn 0.5536 -0.7168 0.4239
vn 0.5729 -0.8019 0.1693
vn 0.5421 -0.7806 0.3112
vn 0.6350 -0.7563 -0.1574
vn 0.5858 -0.7947 -0.1591
vn 0.5534 -0.8128 0.1819
vn 0.3831 -0.8956 0.2261
vn 0.8127 -0.5799 0.0563
vn 0.5902 -0.7768 0.2194
vn 0.8144 -0.5803 0.0030
vn 0.7180 -0.6152 0.3257
vn 0.3574 -0.7950 0.4901
vn 0.5359 -0.8418 0.0644
vn 0.5193 -0.7950 0.3137
vn 0.5393 -0.8031 0.2534
vn 0.5598 -0.7328 0.3869
vn 0.6040 -0.7941 0.0675
vn 0.5054 -0.8555 0.1124
vn 0.4995 -0.7769 0.3833
vn 0.4869 -0.8497 0.2021
vn 0.5214 -0.8351 0.1755
vn 0.5162 -0.7785 0.3570
vn 0.6237 -0.7724 0.1203
vn 0.5348 -0.8300 0.1585
vn 0.4849 -0.7939 0.3668
vn 0.5878 -0.6925 0.4184
vn 0.5487 -0.7472 0.3749
vn 0.4899 -0.7834 0.3824
vn 0.7690 -0.5951 -0.2335
vn 0.7755 -0.5392 -0.3285
vn 0.4987 -0.8057 0.3196
vn 0.8356 -0.5364 -0.1191
vn 0.5504 -0.7723 0.3172
vn 0.7486 -0.6536 -0.1114
vn 0.7246 -0.6284 -0.2830
vn 0.4839 -0.8695 0.0991
vn 0.7211 -0.6254 -0.2981
vn 0.7841 -0.5984 -0.1649
vn 0.5169 -0.7132 0.4734
vn 0.8318 -0.5548 -0.0208
vn 0.2970 -0.8397 0.4546
vn 0.4768 -0.8557 0.2012
vn 0.4174 -0.8636 0.2827
vn 0.7595 -0.6493 -0.0404
vn 0.5247 -0.8385 0.1474
vn 0.5226 -0.8410 0.1399
vn 0.4467 -0.8089 0.3823
vn 0.6618 -0.7496 -0.0091
vn 0.7904 -0.5295 -0.3081
vn 0.4857 -0.7695 0.4145
vn 0.5365 -0.8175 0.2093
vn 0.4897 -0.7665 0.4156
vn 0.5059 -0.8428 0.1836
vn 0.4658 -0.8211 0.3299
vn 0.5399 -0.8170 0.2025
vn 0.6497 -0.7243 -0.2309
vn 0.6628 -0.7049 -0.2525
vn 0.6426 -0.7144 -0.2771
vn 0.5157 -0.8197 0.2494
vn 0.6667 -0.7305 -0.1476
vn 0.4380 -0.7976 0.4147
vn 0.4359 -0.8385 0.3270
vn 0.4897 -0.8538 0.1770
vn 0.6227 -0.7824 -0.0110
vn 0.7797 -0.5514 -0.2968
vn 0.5253 -0.7898 0.3168
vn 0.6665 -0.7054 -0.2411
vn 0.5118 -0.8073 0.2939
vn 0.6436 -0.7638 -0.0485
vn 0.6146 -0.7880 -0.0367
vn 0.6221 -0.7263 -0.2922
vn 0.5439 -0.8261 0.1470
vn 0.4477 -0.7836 0.4307
vn 0.4853 -0.8274 0.2826
vn 0.6573 -0.6658 -0.3531
vn 0.6351 -0.7621 -0.1261
vn 0.4254 -0.7762 0.4654
vn 0.5212 -0.8062 0.2802
vn 0.4428 -0.8706 0.2147
vn 0.4801 -0.8540 0.2004
vn 0.5368 -0.8363 0.1117
vn 0.5853 -0.7568 -0.2911
vn 0.4215 -0.8483 0.3206
vn 0.7224 -0.6372 -0.2687
vn 0.6523 -0.6746 -0.3457
vn 0.4422 -0.8104 0.3844
vn -0.3171 -0.7895 0.5255
vn 0.5056 -0.7993 0.3248
vn 0.5347 -0.8383 0.1070
vn 0.7015 -0.5420 0.4627
vn -0.2878 -0.8131 0.5061
vn 0.6912 -0.6501 -0.3157
vn -0.3686 -0.7406 0.5619
vn -0.3090 -0.7660 0.5637
vn -0.2841 -0.7550 0.5910
vn -0.3214 -0.7890 0.5236
vn -0.3257 -0.6322 0.7031
vn -0.2401 -0.8154 0.5268
vn -0.3453 -0.7163 0.6064
vn -0.2861 -0.7457 0.6017
vn -0.3625 -0.6724 0.6454
vn -0.3384 -0.6193 0.7085
vn -0.2911 -0.6851 0.6677
vn -0.2318 -0.8028 0.5493
vn -0.3127 -0.6670 0.6763
vn -0.3539 -0.5993 0.7181
vn -0.3560 -0.6215 0.6979
vn -0.3714 -0.5468 0.7503
vn -0.2004 -0.8444 0.4969
vn -0.3466 -0.5754 0.7408
vn -0.2558 -0.6211 0.7408
vn -0.3208 -0.7187 0.6169
vn -0.3381 -0.6267 0.7021
vn -0.3438 -0.5755 0.7420
vn -0.2626 -0.6106 0.7471
vn -0.2363 -0.7966 0.5564
vn -0.2899 -0.6877 0.6656
vn -0.2310 -0.7210 0.6533
vn -0.1198 -0.8610 0.4943
vn -0.2287 -0.7811 0.5810
vn -0.3249 -0.6117 0.7213
vn -0.2308 -0.5675 0.7903
vn -0.2812 -0.5805 0.7642
vn -0.1856 -0.7487 0.6364
vn -0.1517 -0.8186 0.5539
vn -0.3159 -0.5485 0.7742
vn -0.1511 -0.8198 0.5524
vn 0.5065 -0.7962 0.3309
vn 0.7220 -0.6383 -0.2670
vn -0.1637 -0.8113 0.5613
vn -0.1644 -0.8289 0.5347
vn -0.2038 -0.6111 0.7648
vn -0.2099 -0.6120 0.7624
vn -0.2341 -0.6285 0.7417
vn -0.2365 -0.6864 0.6877
vn -0.1634 -0.6545 0.7382
vn -0.2228 -0.6979 0.6807
vn -0.1380 -0.5803 0.8026
vn -0.1979 -0.5935 0.7801
vn -0.1685 -0.6654 0.7272
vn -0.2085 -0.7772 0.5937
vn -0.1807 -0.5430 0.8200
vn -0.1045 -0.6647 0.7398
vn -0.1896 -0.5818 0.7910
vn -0.2252 -0.5362 0.8135
vn -0.2084 -0.5697 0.7950
vn -0.1530 -0.7497 0.6438
vn -0.1492 -0.5245 0.8383
vn 0.7517 -0.6251 -0.2100
vn -0.2147 -0.6226 0.7526
vn -0.1564 -0.5326 0.8318
vn -0.2432 -0.5624 0.7903
vn -0.1234 -0.8124 0.5699
vn -0.0617 -0.8513 0.5210
vn -0.0598 -0.8493 0.5244
vn -0.0488 -0.8147 0.5778
vn 0.0134 -0.8172 0.5762
vn -0.0999 -0.8007 0.5907
vn -0.1378 -0.7286 0.6710
vn -0.0571 -0.8076 0.5870
vn -0.1234 -0.7734 0.6218
vn -0.1241 -0.7712 0.6244
vn -0.0258 -0.7735 0.6333
vn -0.0735 -0.7540 0.6527
vn -0.0660 -0.8399 0.5387
vn -0.0268 -0.7663 0.6420
vn -0.0816 -0.7421 0.6653
vn 0.0083 -0.8515 0.5242
vn -0.1189 -0.6747 0.7285
vn -0.1171 -0.6300 0.7677
vn -0.1174 -0.6298 0.7679
vn -0.0548 -0.6836 0.7278
vn -0.1167 -0.6164 0.7787
vn -0.0045 -0.5118 0.8591
vn -0.0516 -0.6865 0.7253
vn -0.3722 -0.7515 0.5447
vn -0.2363 -0.7104 0.6629
vn -0.2001 -0.5226 0.8287
vn -0.3276 -0.7570 0.5654
vn -0.3079 -0.7680 0.5616
vn 0.1049 -0.8307 0.5467
vn 0.0546 -0.8143 0.5779
vn 0.4238 -0.9035 0.0638
vn 0.0352 -0.8367 0.5466
vn 0.0305 -0.6761 0.7362
vn -0.0365 -0.6079 0.7931
vn -0.0808 -0.6067 0.7908
vn 0.0326 -0.7987 0.6009
vn 0.0586 -0.8420 0.5362
vn 0.0376 -0.8031 0.5947
vn -0.1434 -0.6813 0.7178
vn -0.0762 -0.5236 0.8486
vn 0.1014 -0.8348 0.5412
vn 0.0947 -0.8198 0.5647
vn -0.0127 -0.6098 0.7925
vn -0.0479 -0.6517 0.7570
vn -0.0087 -0.5599 0.8285
vn -0.3432 -0.7150 0.6091
vn 0.0482 -0.8014 0.5962
vn -0.0929 -0.5371 0.8384
vn -0.0851 -0.5577 0.8257
vn -0.0791 -0.6251 0.7765
vn -0.0095 -0.7576 0.6526
vn -0.1315 -0.5690 0.8117
vn -0.0010 -0.6937 0.7202
vn -0.0009 -0.6592 0.7520
vn -0.0484 -0.5428 0.8385
vn -0.0021 -0.6922 0.7217
vn -0.0654 -0.6165 0.7846
vn -0.0049 -0.5591 0.8291
vn -0.0474 -0.5465 0.8361
vn 0.0018 -0.5875 0.8092
vn 0.0739 -0.6331 0.7705
vn 0.0833 -0.7060 0.7033
vn 0.1315 -0.5837 0.8012
vn 0.0252 -0.6293 0.7767
vn 0.0804 -0.6166 0.7832
vn 0.0161 -0.6474 0.7620
vn 0.0201 -0.5247 0.8510
vn -0.0832 -0.5583 0.8254
vn 0.0512 -0.6497 0.7584
vn -0.0419 -0.6528 0.7564
vn 0.0294 -0.7655 0.6427
vn 0.1956 -0.9807 0.0010
vn 0.0809 -0.5697 0.8178
vn 0.1735 -0.9774 0.1210
vn 0.0329 -0.5491 0.8351
vn 0.0917 -0.9942 0.0564
vn 0.0334 -0.5814 0.8129
vn 0.0834 -0.5746 0.8141
vn 0.1122 -0.9926 0.0456
vn -0.0529 -0.6261 0.7780
vn 0.0298 -0.8371 0.5462
vn 0.0300 -0.5265 0.8496
vn 0.1017 -0.9931 0.0588
vn 0.0196 -0.5143 0.8574
vn 0.1911 -0.9801 0.0536
vn 0.0370 -0.6463 0.7622
vn 0.1356 -0.9614 0.2394
vn 0.1726 -0.9401 0.2939
vn 0.1012 -0.9927 0.0659
vn 0.2039 -0.9788 0.0188
vn 0.2169 -0.9747 0.0532
vn 0.0840 -0.9587 0.2717
vn 0.1195 -0.9634 0.2400
vn 0.1922 -0.9213 0.3380
vn 0.0914 -0.9911 0.0967
vn 0.2557 -0.9630 0.0850
vn 0.1085 -0.9324 0.3447
vn 0.0409 -0.9832 0.1777
vn 0.0323 -0.5219 0.8524
vn 0.0894 -0.5396 0.8372
vn 0.1913 -0.9224 0.3355
vn 0.1605 -0.9121 0.3771
vn 0.2935 -0.9556 0.0261
vn 0.1477 -0.9691 0.1976
vn 0.1685 -0.9789 0.1157
vn 0.2275 -0.9738 -0.0014
vn 0.3054 -0.9461 0.1077
vn 0.0971 -0.9896 0.1063
vn 0.1270 -0.8999 0.4172
vn 0.2650 -0.9601 0.0894
vn 0.1657 -0.9382 0.3040
vn 0.1184 -0.9294 0.3497
vn 0.2139 -0.9768 0.0086
vn 0.1655 -0.9017 0.3995
vn 0.3285 -0.9419 0.0706
vn 0.1841 -0.9820 0.0433
vn 0.0776 -0.9822 0.1711
vn 0.1176 -0.9263 0.3580
vn 0.1914 -0.9530 0.2348
vn 0.1081 -0.9571 0.2687
vn 0.3261 -0.9316 0.1606
vn 0.1124 -0.9332 0.3412
vn 0.3138 -0.9315 0.1839
vn 0.2938 -0.9557 0.0161
vn 0.1409 -0.9246 0.3540
vn 0.1324 -0.9047 0.4050
vn 0.2108 -0.8958 0.3913
vn 0.2388 -0.9247 0.2965
vn 0.2030 -0.9257 0.3191
vn 0.3267 -0.9412 0.0858
vn 0.2560 -0.9327 0.2541
vn 0.1314 -0.9271 0.3510
vn 0.1802 -0.9536 0.2412
vn 0.2555 -0.9589 0.1234
vn 0.1613 -0.9000 0.4049
vn 0.1599 -0.8600 0.4846
vn 0.3146 -0.9376 0.1480
vn 0.2640 -0.9604 0.0896
vn 0.2604 -0.9651 0.0269
vn 0.3198 -0.9282 0.1902
vn 0.2971 -0.9258 0.2338
vn 0.1773 -0.8792 0.4423
vn 0.1419 -0.8998 0.4125
vn 0.2887 -0.9407 0.1779
vn 0.1826 -0.8780 0.4426
vn 0.1966 -0.9058 0.3752
vn 0.2888 -0.8931 0.3450
vn 0.2975 -0.9276 0.2259
vn 0.2989 -0.8793 0.3709
vn 0.3142 -0.8612 0.3996
vn 0.3708 -0.8748 0.3118
vn 0.3315 -0.8655 0.3756
vn 0.2616 -0.9176 0.2992
vn 0.3427 -0.9142 0.2165
vn 0.3033 -0.9193 0.2507
vn 0.2637 -0.9285 0.2613
vn 0.2515 -0.9079 0.3354
vn 0.2799 -0.8962 0.3440
vn 0.1671 -0.8757 0.4531
vn 0.2481 -0.9154 0.3170
vn 0.2335 -0.8804 0.4127
vn 0.1893 -0.9492 0.2512
vn 0.2616 -0.8715 0.4149
vn 0.3652 -0.9210 0.1352
vn 0.3659 -0.9212 0.1325
vn 0.3158 -0.9136 0.2560
vn 0.3368 -0.8786 0.3385
vn 0.4224 -0.8923 0.1595
vn 0.4125 -0.8968 0.1598
vn 0.3030 -0.9093 0.2851
vn 0.2305 -0.8643 0.4471
vn 0.4229 -0.9031 0.0746
vn 0.3820 -0.9239 0.0212
vn 0.4162 -0.9031 0.1059
vn 0.2964 -0.9296 0.2189
vn 0.3199 -0.9297 0.1827
vn 0.2647 -0.8949 0.3592
vn 0.2654 -0.8843 0.3843
vn 0.3791 -0.9234 0.0604
vn 0.2700 -0.8995 0.3435
vn 0.3794 -0.8830 0.2762
vn 0.3852 -0.8974 0.2151
vn 0.3380 -0.8319 0.4402
vn 0.3880 -0.8660 0.3153
vn 0.4814 -0.8545 0.1952
vn 0.3843 -0.9086 0.1637
vn 0.3679 -0.8200 0.4385
vn 0.1293 -0.9554 0.2654
vn 0.3906 -0.8600 0.3284
vn 0.3953 -0.9151 0.0794
vn 0.3699 -0.8672 0.3334
vn 0.3620 -0.9113 0.1961
vn 0.3809 -0.8239 0.4196
vn 0.3879 -0.9137 0.1214
vn 0.3801 -0.8738 0.3033
vn 0.4001 -0.9114 0.0965
vn 0.4189 -0.9047 0.0782
vn 0.3632 -0.8895 0.2774
vn 0.3411 -0.8301 0.4412
vn 0.3878 -0.8956 0.2182
vn 0.4418 -0.8900 0.1126
vn 0.4440 -0.8887 0.1140
vn 0.4024 -0.8453 0.3515
vn 0.4616 -0.8835 0.0801
vn 0.4408 -0.8929 0.0920
vn 0.4025 -0.8461 0.3493
vn 0.4778 -0.8718 0.1078
vn 0.3686 -0.8409 0.3963
vn 0.3269 -0.8643 0.3823
vn 0.5044 -0.8465 0.1706
vn 0.3818 -0.8829 0.2736
vn 0.3718 -0.8636 0.3405
vn 0.3381 -0.9304 0.1413
vn 0.4674 -0.8837 0.0263
vn 0.3868 -0.8591 0.3353
vn -0.2262 -0.4943 0.8394
vn 0.0080 0.0309 0.9995
vn 0.0319 0.0232 0.9992
vn 0.3838 0.0591 0.9215
vn -0.2844 0.1534 0.9464
vn 0.0197 0.0148 0.9997
vn 0.6445 -0.0268 0.7641
vn 0.3952 0.0656 0.9162
vn -0.0033 0.0200 0.9998
vn 0.0259 0.0332 0.9991
vn 0.0277 0.0378 0.9989
vn -0.2107 -0.0085 0.9775
vn -0.0013 0.0041 1.0000
vn -0.0071 0.0182 0.9998
vn 0.0068 0.0145 0.9999
vn -0.4593 0.0606 0.8862
vn 0.0252 0.0312 0.9992
vn -0.0066 0.0194 0.9998
vn 0.0130 0.0140 0.9998
vn 0.0070 0.0174 0.9998
vn 0.0077 0.0062 1.0000
vn 0.9929 -0.0909 0.0761
vn -0.0033 0.0251 0.9997
vn 0.0020 0.0195 0.9998
vn 0.0007 0.0165 0.9999
vn -0.0080 -0.1927 0.9812
vn -0.0023 -0.0395 0.9992
vn 0.9999 -0.0041 0.0154
vn 0.0552 0.2147 0.9751
vn 0.0113 0.0097 0.9999
vn 0.0214 0.2165 0.9760
vn 0.0133 0.0108 0.9999
vn 0.9994 -0.0227 -0.0254
vn 0.0025 0.0214 0.9998
vn 0.0526 -0.2382 0.9698
vn 0.0112 0.0087 0.9999
vn 0.0039 0.0175 0.9998
vn 0.9999 -0.0039 0.0114
vn -0.0008 -0.2709 0.9626
vn 0.0279 0.0218 0.9994
vn 0.0239 0.0291 0.9993
vn 0.0350 0.1803 0.9830
vn 0.9999 -0.0063 0.0103
vn -0.0121 0.0216 0.9997
vn 0.9994 0.0081 0.0343
vn -0.0061 0.0311 0.9995
vn 0.9999 -0.0083 0.0062
vn -0.0351 -0.3357 0.9413
vn 0.0335 -0.2947 0.9550
vn 0.0054 -0.2824 0.9593
vn 0.0107 0.0074 0.9999
vn 0.0061 -0.0226 0.9997
vn 0.9987 0.0088 0.0506
vn 0.0946 0.1740 0.9802
vn 0.6538 0.2896 0.6991
vn 0.0015 0.0168 0.9999
vn -0.0128 0.0114 0.9999
vn 0.9990 0.0068 0.0451
vn 0.0152 -0.0410 0.9990
vn 0.0088 0.0080 0.9999
vn 1.0000 -0.0022 -0.0053
vn 0.0136 0.0097 0.9999
vn 0.0108 0.0125 0.9999
vn 0.0083 0.0188 0.9998
vn 0.0058 0.0145 0.9999
vn 0.2284 -0.0019 0.9736
vn 0.0088 0.0295 0.9995
vn -0.0342 0.2581 0.9655
vn -0.0529 0.2206 0.9739
vn -0.5138 -0.0074 0.8579
vn 0.0105 0.0117 0.9999
vn 0.0084 -0.0021 1.0000
vn -0.4210 0.0580 0.9052
vn -0.4887 0.0357 0.8717
vn 0.0025 0.0123 0.9999
vn -0.5644 -0.0554 0.8237
vn -0.4951 0.0539 0.8672
vn -0.4687 0.0215 0.8831
vn -0.0054 -0.0092 0.9999
vn 0.0285 0.0116 0.9995
vn -0.0102 0.0173 0.9998
vn 0.0067 0.0168 0.9998
vn -0.5001 0.1064 0.8594
vn 0.0219 -0.0087 0.9997
vn 0.9834 0.0262 -0.1797
vn -0.0013 0.0227 0.9997
vn -0.5411 0.0429 0.8398
vn 0.2020 0.0848 0.9757
vn -0.0089 -0.3561 0.9344
vn 0.0052 0.0019 1.0000
vn -0.4870 0.0144 0.8733
vn 0.0067 0.0167 0.9998
vn -0.0243 0.0282 0.9993
vn -0.0106 0.0065 0.9999
vn 0.0252 0.0308 0.9992
vn -0.0038 0.0160 0.9999
vn -0.3222 0.0202 0.9465
vn 0.0647 0.0529 0.9965
vn 0.2500 0.0134 0.9681
vn 0.0231 0.0195 0.9995
vn -0.0172 0.0282 0.9995
vn -0.0010 -0.0000 1.0000
vn -0.0003 0.0052 1.0000
vn -0.4664 0.0471 0.8833
vn 0.0180 0.0313 0.9993
vn -0.4762 0.0657 0.8769
vn 0.2286 -0.0020 0.9735
vn -0.0025 -0.0094 1.0000
vn -0.4174 0.0551 0.9071
vn -0.0056 0.0158 0.9999
vn 0.2777 -0.0032 0.9607
vn 0.0009 0.0042 1.0000
vn 0.0005 0.0060 1.0000
vn 0.0032 0.0107 0.9999
vn -0.4636 -0.0043 0.8860
vn -0.4881 0.0645 0.8704
vn 0.0067 0.0140 0.9999
vn -0.0088 0.0073 0.9999
vn 0.9995 0.0006 0.0317
vn -0.4661 0.0460 0.8836
vn 0.9999 -0.0110 -0.0070
vn -0.0139 -0.3728 0.9278
vn 0.0101 0.0024 0.9999
vn -0.0050 0.0118 0.9999
vn 0.0037 0.0097 0.9999
vn 0.0149 0.0135 0.9998
vn 0.0109 0.0021 0.9999
vn 0.0006 0.0163 0.9999
vn 0.9997 -0.0013 0.0245
vn -0.0486 -0.1765 0.9831
vn -0.2829 0.0130 0.9591
vn 0.0205 0.0276 0.9994
vn 0.0072 0.0109 0.9999
vn 0.0098 0.0350 0.9993
vn 0.5584 -0.1101 0.8222
vn 0.9561 0.0111 -0.2929
vn -0.0753 0.2218 0.9722
vn -0.0237 0.3449 0.9383
vn 0.0083 0.0087 0.9999
vn 0.0016 0.0168 0.9999
vn -0.0046 0.0343 0.9994
vn 0.0311 0.0783 0.9964
vn 0.0122 0.2010 0.9795
vn 0.9983 -0.0500 -0.0283
vn 0.0073 0.0167 0.9998
vn 0.0060 0.0171 0.9998
vn 0.0024 0.0421 0.9991
vn 0.0194 0.3503 0.9364
vn 0.0412 0.3947 0.9179
vn 0.0077 0.0165 0.9998
vn 0.0147 0.1958 0.9805
vn 0.0248 0.0571 0.9981
vn 0.0104 0.0058 0.9999
vn 0.0032 0.0282 0.9996
vn 0.0439 0.0522 0.9977
vn 0.0155 0.0158 0.9998
vn 0.0094 0.0422 0.9991
vn 0.0034 0.0132 0.9999
vn 0.0001 0.0397 0.9992
vn 0.0096 0.0420 0.9991
vn 0.0021 0.0369 0.9993
vn 0.0093 0.0210 0.9997
vn 0.0071 0.0040 1.0000
vn 0.9996 0.0086 0.0276
vn 0.1178 0.1085 0.9871
vn 0.0028 0.0071 1.0000
vn 0.9996 -0.0141 0.0246
vn 0.9996 -0.0052 0.0262
vn 0.2937 -0.6071 0.7383
vn -0.0018 0.0218 0.9998
vn -0.3189 -0.1329 0.9384
vn 0.0235 0.3805 0.9245
vn 0.0126 -0.3088 0.9511
vn -0.1188 0.0293 0.9925
vn 0.9966 0.0360 0.0736
vn -0.0988 -0.0277 0.9947
vn 0.9996 0.0156 0.0233
vn 0.0076 0.0069 0.9999
vn 0.5300 0.0128 0.8479
vn -0.0145 0.0001 0.9999
vn 0.9996 0.0139 0.0238
vn -0.2306 -0.0339 0.9725
vn 0.0409 -0.0006 0.9992
vn 0.0113 -0.1822 0.9832
vn -0.0071 0.0288 0.9996
vn 0.1633 0.0031 0.9866
vn 0.0347 0.0228 0.9991
vn 0.0779 0.0257 0.9966
vn 0.4562 0.0508 0.8884
vn 0.0072 0.0062 1.0000
vn -0.1708 -0.2564 0.9513
vn 0.1021 0.0180 0.9946
vn -0.0202 -0.3110 0.9502
vn 0.2652 0.0093 0.9641
vn 0.9992 0.0190 0.0350
vn -0.5490 0.0070 0.8358
vn 0.1372 -0.1933 0.9715
vn 0.0158 0.0221 0.9996
vn 0.3717 0.0415 0.9274
vn -0.2210 0.0014 0.9753
vn -0.0088 0.0734 0.9973
vn 0.1444 0.0662 0.9873
vn 0.3716 0.0014 0.9284
vn 0.1025 0.0198 0.9945
vn 0.0093 0.0147 0.9998
vn 0.0825 -0.0254 0.9963
vn 0.1097 0.2383 0.9650
vn 0.1627 0.0085 0.9866
vn 0.2072 0.0535 0.9768
vn -0.1113 -0.1528 0.9820
vn -0.0494 0.5801 0.8130
vn 0.6435 0.0864 0.7605
vn -0.6201 0.1949 0.7599
vn 0.0324 0.0159 0.9993
vn 0.1012 0.1387 0.9851
vn 0.0933 0.0567 0.9940
vn 0.0222 0.1232 0.9921
vn 0.4577 0.0153 0.8890
vn -0.0068 -0.3043 0.9526
vn 0.7848 -0.0927 0.6127
vn 0.1107 0.0045 0.9938
vn 0.0194 0.0163 0.9997
vn 0.1174 -0.2818 0.9523
vn 0.8278 0.0460 0.5592
vn 0.0239 0.0094 0.9997
vn 0.0129 0.0121 0.9998
vn -0.3397 0.0472 0.9394
vn 0.6019 -0.0097 0.7985
vn 0.0332 0.0046 0.9994
vn 0.1075 -0.1206 0.9869
vn 0.0844 0.0034 0.9964
vn 0.0152 0.0113 0.9998
vn 0.6070 -0.0035 0.7947
vn 0.6407 -0.0641 0.7651
vn 0.1388 -0.0249 0.9900
vn 0.0639 -0.0056 0.9979
vn 0.0208 0.0270 0.9994
vn 0.2935 0.0173 0.9558
vn 0.2788 -0.0099 0.9603
vn 0.0244 0.0226 0.9994
vn 0.0243 0.0211 0.9995
vn 0.0190 0.0074 0.9998
vn 0.1806 -0.0424 0.9826
vn 0.4716 0.0218 0.8815
vn 0.0991 0.0140 0.9950
vn 0.1932 0.0100 0.9811
vn 0.6515 -0.0349 0.7579
vn 0.0409 0.0359 0.9985
vn 0.0258 0.0168 0.9995
vn 0.0177 0.0184 0.9997
vn 0.6970 -0.0272 0.7165
vn 0.0944 0.0262 0.9952
vn 0.9317 -0.0311 0.3619
vn -0.0022 -0.0094 1.0000
vn -0.0147 0.0426 0.9990
vn 0.0145 0.0240 0.9996
vn 0.2835 -0.0277 0.9586
vn 0.4992 -0.0773 0.8630
vn 0.1781 0.0011 0.9840
vn 0.3882 -0.0471 0.9204
vn -0.3801 0.0007 0.9250
vn -0.0071 0.0264 0.9996
vn 0.0147 0.0231 0.9996
vn 0.1373 -0.0207 0.9903
vn 0.0034 -0.3321 0.9432
vn 0.0529 -0.1612 0.9855
vn 0.0265 0.0265 0.9993
vn 0.3991 0.0461 0.9157
vn -0.0096 0.0182 0.9998
vn -0.0094 -0.0044 0.9999
vn 0.1153 -0.0059 0.9933
vn -0.0007 0.3824 0.9240
vn 0.3979 -0.0042 0.9174
vn 0.3321 0.0461 0.9421
vn -0.4077 -0.0067 0.9131
vn 0.2900 -0.0151 0.9569
vn 0.3771 -0.0487 0.9249
vn 0.0109 0.0187 0.9998
vn -0.4579 0.0726 0.8860
vn 0.0089 0.0272 0.9996
vn 0.0064 0.4006 0.9162
vn 0.0071 0.0071 0.9999
vn 0.0492 0.0300 0.9983
vn 0.0067 0.0220 0.9997
vn 0.0092 0.0102 0.9999
vn 0.5816 0.0579 0.8114
vn 0.0080 0.0117 0.9999
vn 0.0044 0.0185 0.9998
vn 0.1526 0.1402 0.9783
vn -0.0178 -0.0062 0.9998
vn 0.2594 0.0068 0.9657
vn -0.0095 0.0244 0.9997
vn 0.0038 0.0046 1.0000
vn -0.4251 0.0551 0.9035
vn -0.0282 0.0615 0.9977
vn -0.0086 0.0193 0.9998
vn -0.0418 0.0700 0.9967
vn -0.4581 0.0148 0.8888
vn -0.4641 0.0208 0.8856
vn 0.0197 0.4028 0.9151
vn -0.0002 -0.3347 0.9423
vn 0.0429 0.0069 0.9991
vn -0.0579 0.0760 0.9954
vn 0.2812 -0.0073 0.9596
vn 0.9946 -0.0533 0.0896
vn 0.0008 0.0192 0.9998
vn 0.1724 0.0089 0.9850
vn -0.0183 -0.0064 0.9998
vn -0.6307 -0.0062 0.7760
vn -0.5258 0.0438 0.8495
vn 0.5039 0.0385 0.8629
vn 0.0133 -0.0120 0.9998
vn 0.6935 0.2592 0.6722
vn 0.6707 0.0040 0.7417
vn 0.4573 0.1481 0.8769
vn 0.5815 0.3532 0.7329
vn 0.6641 0.0554 0.7456
vn 0.6460 0.0280 0.7628
vn 0.6583 -0.0320 0.7521
vn 0.7242 -0.0164 0.6894
vn 0.5932 -0.0226 0.8048
vn 0.5878 0.0487 0.8075
vn 0.6995 -0.0122 0.7146
vn 0.5969 -0.0339 0.8016
vn 0.6556 0.2535 0.7113
vn 0.6272 0.2950 0.7208
vn 0.6071 -0.1923 0.7710
vn 0.5871 0.3090 0.7482
vn -0.7071 0.2370 0.6663
vn 0.7075 0.0638 0.7038
vn 0.7064 0.2091 0.6762
vn 0.7150 0.0727 0.6953
vn 0.7616 -0.0613 0.6451
vn 0.7374 0.1388 0.6610
vn 0.7502 0.0298 0.6606
vn -0.2198 -0.0561 0.9739
vn 0.6375 0.3391 0.6919
vn 0.6422 0.4023 0.6525
vn -0.0804 -0.1995 0.9766
vn 0.6290 0.3874 0.6740
vn 0.7199 -0.0077 0.6941
vn -0.1822 -0.1452 0.9725
vn 0.8082 -0.0488 0.5869
vn 0.7222 -0.0280 0.6911
vn 0.7480 -0.0558 0.6613
vn 0.5915 0.4324 0.6806
vn 0.6414 0.3420 0.6867
vn 0.6419 0.1344 0.7549
vn 0.6712 0.1499 0.7260
vn 0.7483 -0.0306 0.6626
vn -0.1638 -0.1762 0.9706
vn 0.6910 -0.0595 0.7204
vn 0.6259 0.1113 0.7719
vn 0.6795 0.0782 0.7295
vn 0.6009 0.2949 0.7430
vn 0.6429 0.2072 0.7374
vn 0.6346 0.1886 0.7494
vn 0.6562 0.1320 0.7430
vn 0.6024 0.2593 0.7549
vn 0.0125 -0.1574 0.9875
vn 0.7093 0.1158 0.6954
vn 0.5995 0.1091 0.7929
vn 0.6471 0.2082 0.7335
vn -0.1051 -0.1750 0.9789
vn 0.7219 -0.1860 0.6666
vn 0.6287 0.0842 0.7731
vn -0.0129 -0.0456 0.9989
vn -0.0484 -0.2069 0.9772
vn 0.0247 -0.0596 0.9979
vn 0.6705 -0.1798 0.7198
vn -0.1546 -0.0618 0.9860
vn -0.1828 -0.1051 0.9775
vn 0.0016 -0.2368 0.9715
vn 0.0676 -0.0500 0.9965
vn 0.6110 -0.0419 0.7905
vn 0.6154 -0.1302 0.7774
vn 0.6147 -0.0510 0.7871
vn 0.0605 -0.1077 0.9923
vn 0.6857 -0.0482 0.7263
vn 0.7086 -0.1648 0.6861
vn 0.5989 -0.2129 0.7720
vn 0.7255 -0.1822 0.6637
vn 0.7194 -0.2083 0.6626
vn 0.6324 -0.1372 0.7624
vn 0.5869 -0.4286 0.6869
vn 0.6517 -0.2641 0.7110
vn 0.7222 -0.2131 0.6580
vn 0.6482 -0.2822 0.7073
vn -0.7229 0.0987 0.6839
vn 0.6669 -0.3294 0.6683
vn 0.5671 0.4326 0.7009
vn 0.5304 0.4177 0.7377
vn 0.6876 -0.0780 0.7219
vn 0.6375 -0.1640 0.7528
vn 0.7101 -0.0979 0.6973
vn 0.5252 0.4282 0.7354
vn 0.6071 -0.3342 0.7209
vn 0.6010 -0.1086 0.7919
vn 0.4140 0.4220 0.8066
vn 0.5296 0.4253 0.7340
vn 0.6831 -0.2236 0.6952
vn 0.5840 0.3562 0.7295
vn 0.5072 0.3628 0.7817
vn 0.6129 -0.3122 0.7259
vn 0.5627 0.3429 0.7522
vn 0.6004 0.3072 0.7384
vn 0.4263 0.3296 0.8424
vn 0.7135 -0.2845 0.6403
vn 0.4202 0.3285 0.8459
vn 0.5507 0.2278 0.8030
vn 0.3209 0.3672 0.8730
vn 0.5993 -0.1866 0.7785
vn 0.4880 0.2548 0.8349
vn 0.5283 0.1727 0.8313
vn 0.5564 0.2731 0.7848
vn 0.6696 -0.3122 0.6739
vn 0.4675 0.3897 0.7934
vn 0.5933 0.4392 0.6746
vn 0.5741 0.0779 0.8150
vn 0.4755 0.2262 0.8501
vn 0.3605 0.3539 0.8630
vn 0.5302 0.4178 0.7378
vn 0.5062 0.1064 0.8558
vn -0.0335 -0.0476 0.9983
vn 0.0464 -0.0019 0.9989
vn 0.4601 0.3033 0.8345
vn 0.5559 0.2689 0.7866
vn 0.6410 -0.3481 0.6841
vn 0.4879 0.1894 0.8521
vn 0.5755 0.4278 0.6970
vn 0.6182 -0.4181 0.6656
vn 0.4650 0.3903 0.7946
vn 0.7526 0.0459 0.6569
vn 0.5181 0.4091 0.7512
vn 0.4852 0.0030 0.8744
vn 0.4920 0.3124 0.8126
vn 0.4403 0.0892 0.8934
vn 0.5094 0.3524 0.7851
vn 0.4469 0.3154 0.8372
vn 0.5173 0.1698 0.8388
vn 0.4851 0.3624 0.7958
vn 0.4389 0.2981 0.8477
vn 0.4813 -0.0286 0.8761
vn 0.5792 -0.0075 0.8152
vn 0.4027 0.3749 0.8350
vn 0.5669 0.3567 0.7426
vn 0.4387 0.1500 0.8860
vn 0.6689 0.1845 0.7201
vn 0.4577 0.2881 0.8411
vn 0.4975 0.3041 0.8124
vn 0.4203 0.3283 0.8459
vn 0.4824 0.3588 0.7991
vn 0.4474 0.3338 0.8297
vn 0.4111 0.2888 0.8647
vn 0.4923 0.0732 0.8674
vn 0.5841 0.2272 0.7792
vn 0.4557 0.3798 0.8050
vn 0.3924 0.3171 0.8634
vn 0.4235 0.0197 0.9057
vn 0.3293 0.3199 0.8884
vn 0.4692 0.2461 0.8481
vn 0.3612 0.4390 0.8227
vn 0.4599 0.4249 0.7797
vn 0.3265 0.2495 0.9117
vn 0.4939 0.1908 0.8483
vn 0.2135 -0.0512 0.9756
vn 0.4113 0.4196 0.8092
vn 0.4194 0.3267 0.8470
vn 0.4238 0.3240 0.8458
vn 0.4494 0.3305 0.8300
vn 0.1584 -0.1245 0.9795
vn 0.1591 -0.2408 0.9574
vn 0.0661 -0.3174 0.9460
vn -0.0387 -0.2861 0.9574
vn 0.3194 0.3830 0.8668
vn 0.4159 0.2202 0.8824
vn 0.4128 0.1350 0.9008
vn 0.2473 -0.1512 0.9571
vn -0.2432 0.1266 0.9617
vn 0.4273 0.1006 0.8985
vn -0.2613 0.1467 0.9540
vn -0.0415 -0.0077 0.9991
vn -0.1616 -0.1607 0.9737
vn -0.0694 -0.1906 0.9792
vn -0.2529 0.0271 0.9671
vn 0.0181 -0.1379 0.9903
vn 0.1607 -0.1186 0.9799
vn 0.0465 -0.1262 0.9909
vn -0.0016 -0.2192 0.9757
vn -0.1465 -0.1444 0.9786
vn 0.2368 -0.0218 0.9713
vn -0.0158 0.1308 0.9913
vn -0.0607 -0.1537 0.9863
vn -0.0826 -0.0145 0.9965
vn -0.1993 0.0255 0.9796
vn -0.2588 0.0004 0.9659
vn 0.0233 -0.1328 0.9909
vn 0.0116 -0.1535 0.9881
vn -0.0167 0.0139 0.9998
vn -0.0798 0.1880 0.9789
vn 0.1062 -0.2367 0.9658
vn 0.0989 -0.2222 0.9700
vn -0.0700 0.1641 0.9840
vn -0.1815 -0.0257 0.9831
vn -0.2123 0.0617 0.9753
vn 0.0247 0.0108 0.9996
vn -0.0084 -0.1697 0.9855
vn 0.0277 -0.0028 0.9996
vn 0.0630 -0.1293 0.9896
vn -0.2169 0.0384 0.9754
vn -0.1628 -0.1776 0.9705
vn 0.1148 -0.2215 0.9684
vn -0.0862 -0.0237 0.9960
vn 0.0894 -0.0175 0.9958
vn -0.2438 -0.0019 0.9698
vn -0.0254 0.0348 0.9991
vn -0.0076 0.0525 0.9986
vn -0.0181 0.0122 0.9998
vn 0.1472 0.0225 0.9888
vn -0.0342 0.0169 0.9993
vn 0.0907 -0.0464 0.9948
vn 0.1442 0.1632 0.9760
vn -0.0116 0.0144 0.9998
vn -0.1161 0.0689 0.9908
vn -0.0940 -0.1369 0.9861
vn -0.0735 0.0067 0.9973
vn -0.1310 0.0444 0.9904
vn -0.0619 0.1735 0.9829
vn 0.1184 0.1513 0.9814
vn -0.0368 0.1448 0.9888
vn 0.2044 -0.2045 0.9573
vn 0.1072 -0.1607 0.9812
vn -0.2176 0.1769 0.9599
vn -0.0703 -0.0143 0.9974
vn -0.0024 -0.0027 1.0000
vn 0.0310 0.1678 0.9853
vn 0.0365 0.1624 0.9861
vn -0.1388 0.1210 0.9829
vn -0.0667 0.2041 0.9767
vn 0.0251 0.0781 0.9966
vn -0.0645 0.0838 0.9944
vn 0.2240 -0.0957 0.9699
vn -0.3452 -0.4439 0.8269
vn -0.3489 -0.5245 0.7766
vn -0.0281 0.0361 0.9990
vn 0.0308 0.1728 0.9845
vn -0.3768 -0.3877 0.8412
vn -0.0505 0.1550 0.9866
vn -0.0657 0.1905 0.9795
vn -0.3551 -0.2585 0.8984
vn 0.0191 0.1531 0.9880
vn -0.4361 -0.3095 0.8450
vn 0.0181 0.1543 0.9879
vn -0.3801 -0.2820 0.8809
vn -0.2863 -0.4361 0.8532
vn 0.0830 0.0448 0.9955
vn 0.0817 0.0297 0.9962
vn 0.0320 0.0166 0.9994
vn -0.3082 -0.3784 0.8728
vn -0.4207 -0.4046 0.8120
vn -0.3223 -0.5367 0.7798
vn -0.2939 -0.4417 0.8476
vn 0.0025 0.0247 0.9997
vn -0.3531 -0.4370 0.8273
vn -0.2383 -0.5136 0.8242
vn -0.2938 -0.3327 0.8961
vn 0.0562 0.1868 0.9808
vn -0.3610 -0.5070 0.7827
vn -0.3761 -0.2510 0.8919
vn -0.2438 -0.5094 0.8253
vn -0.0044 0.1859 0.9826
vn -0.2824 -0.4214 0.8618
vn -0.2199 -0.5060 0.8340
vn -0.1963 -0.4191 0.8864
vn -0.2525 -0.2914 0.9227
vn -0.3582 -0.2847 0.8892
vn -0.2213 -0.4456 0.8675
vn -0.2568 -0.2814 0.9246
vn -0.3690 -0.0604 0.9275
vn -0.2918 -0.3552 0.8881
vn -0.2588 -0.2979 0.9188
vn -0.2444 -0.4498 0.8591
vn -0.2530 -0.2175 0.9427
vn -0.2436 -0.3881 0.8889
vn 0.3438 0.2749 0.8979
vn -0.2786 -0.0963 0.9556
vn -0.2775 -0.1692 0.9457
vn -0.3478 -0.1516 0.9253
vn -0.2518 -0.4148 0.8744
vn -0.2057 -0.4652 0.8610
vn -0.3141 -0.2074 0.9265
vn -0.2187 -0.2974 0.9294
vn -0.2607 -0.2214 0.9397
vn -0.3392 -0.1129 0.9339
vn -0.1343 -0.3857 0.9128
vn -0.2832 -0.0943 0.9544
vn -0.1403 -0.3838 0.9127
vn -0.2365 -0.4426 0.8650
vn -0.2737 -0.3088 0.9109
vn -0.3405 -0.1753 0.9238
vn -0.2300 0.0705 0.9706
vn -0.3408 -0.1397 0.9297
vn -0.2289 -0.2729 0.9344
vn -0.1337 -0.4064 0.9038
vn -0.3252 -0.0200 0.9454
vn -0.1865 -0.2219 0.9571
vn -0.1462 -0.4615 0.8750
vn -0.2728 -0.3100 0.9108
vn -0.2374 -0.1734 0.9558
vn -0.4183 -0.0321 0.9077
vn -0.1904 -0.3942 0.8991
vn -0.2182 -0.3121 0.9246
vn -0.1836 -0.2716 0.9447
vn -0.1563 -0.4376 0.8855
vn -0.1719 -0.4858 0.8570
vn -0.2004 -0.4036 0.8927
vn -0.1515 -0.3219 0.9346
vn -0.2730 -0.2509 0.9287
vn -0.1410 -0.3159 0.9383
vn -0.1242 -0.4724 0.8726
vn -0.2440 -0.2385 0.9400
vn -0.3042 0.0019 0.9526
vn -0.2188 -0.2060 0.9538
vn -0.1575 -0.4360 0.8861
vn -0.3251 -0.0200 0.9455
vn -0.1641 -0.2994 0.9399
vn -0.2641 -0.2254 0.9378
vn -0.3293 -0.0009 0.9442
vn -0.2447 -0.3231 0.9142
vn -0.1488 -0.4365 0.8873
vn -0.2022 -0.2772 0.9393
vn -0.1842 -0.2721 0.9445
vn -0.0651 -0.4283 0.9013
vn -0.2230 -0.2920 0.9301
vn -0.0773 -0.4458 0.8918
vn -0.1827 -0.2751 0.9439
vn -0.2147 -0.2860 0.9339
vn -0.1686 -0.3948 0.9032
vn -0.1473 -0.3236 0.9347
vn -0.0978 -0.4771 0.8734
vn -0.0866 -0.4014 0.9118
vn -0.1082 -0.3862 0.9160
vn -0.2497 -0.3003 0.9206
vn -0.1583 -0.2919 0.9433
vn -0.2115 -0.2589 0.9425
vn -0.0974 -0.4087 0.9075
vn -0.0080 -0.4061 0.9138
vn 0.0354 -0.4561 0.8892
vn -0.1219 -0.3136 0.9417
vn -0.2662 -0.1552 0.9513
vn -0.0723 -0.2837 0.9562
vn 0.0522 -0.3663 0.9290
vn -0.0871 -0.2619 0.9612
vn 0.0046 -0.3759 0.9266
vn -0.0981 -0.4085 0.9075
vn 0.0668 -0.4896 0.8694
vn -0.1003 -0.2768 0.9557
vn -0.0688 -0.4569 0.8868
vn -0.0537 -0.3284 0.9430
vn -0.0690 -0.3554 0.9322
vn -0.0946 -0.4128 0.9059
vn 0.0155 -0.4563 0.8897
vn -0.0033 -0.5252 0.8510
vn -0.3600 0.5418 0.7595
vn -0.3529 0.5357 0.7671
vn -0.0245 -0.3295 0.9439
vn -0.1233 -0.3189 0.9398
vn 0.0136 -0.4607 0.8875
vn 0.0152 -0.3682 0.9296
vn -0.3567 0.4915 0.7945
vn 0.0369 -0.4435 0.8955
vn 0.0538 -0.3078 0.9499
vn -0.3104 0.4632 0.8301
vn -0.0287 -0.4135 0.9100
vn -0.2462 0.4436 0.8617
vn 0.0002 -0.3189 0.9478
vn 0.0345 -0.5270 0.8492
vn 0.0295 -0.2913 0.9562
vn -0.2492 0.5469 0.7992
vn -0.3434 0.4671 0.8148
vn -0.0496 -0.4609 0.8861
vn 0.0218 -0.4408 0.8973
vn -0.0182 -0.2357 0.9717
vn 0.0977 -0.2434 0.9650
vn -0.2603 0.6062 0.7515
vn 0.0553 -0.4926 0.8685
vn -0.2758 0.5102 0.8146
vn -0.2296 0.4940 0.8386
vn -0.3087 0.5947 0.7423
vn 0.0628 -0.3540 0.9331
vn -0.3581 0.6815 0.6382
vn -0.3477 0.5332 0.7712
vn -0.2335 0.5409 0.8081
vn -0.2244 0.5295 0.8181
vn -0.3504 0.5239 0.7764
vn 0.0193 -0.2595 0.9656
vn -0.2119 0.7254 0.6549
vn -0.3749 0.6480 0.6630
vn 0.0262 -0.2916 0.9562
vn -0.2913 0.6618 0.6908
vn -0.2326 0.5407 0.8084
vn 0.0571 -0.4293 0.9014
vn -0.3396 0.5656 0.7515
vn 0.0329 -0.2723 0.9617
vn -0.2042 0.6375 0.7429
vn -0.1995 0.5737 0.7944
vn -0.3054 0.5073 0.8059
vn -0.3678 0.5640 0.7394
vn -0.4111 0.4464 0.7948
vn -0.2100 0.6551 0.7258
vn -0.1920 0.5688 0.7998
vn -0.3535 0.6796 0.6429
vn -0.2348 0.5032 0.8317
vn -0.3622 0.6045 0.7095
vn -0.2485 0.4951 0.8325
vn -0.2133 0.4858 0.8476
vn -0.2402 0.6022 0.7614
vn -0.3263 0.7027 0.6322
vn -0.2703 0.6430 0.7166
vn -0.1906 0.7773 0.5996
vn -0.2490 -0.3900 0.8865
vn -0.2306 0.4937 0.8385
vn -0.1030 0.6225 0.7758
vn -0.1139 -0.4217 0.8995
vn -0.3538 0.6503 0.6723
vn -0.2011 0.5883 0.7833
vn -0.1359 0.6714 0.7285
vn -0.2081 0.5517 0.8077
vn -0.2543 0.5424 0.8007
vn -0.1578 0.5954 0.7878
vn -0.1708 0.5419 0.8229
vn -0.2521 0.6027 0.7571
vn -0.2291 0.6725 0.7038
vn -0.2190 0.6855 0.6943
vn -0.1552 0.4667 0.8707
vn -0.1482 0.4789 0.8653
vn 0.2594 0.3689 0.8926
vn -0.1834 0.5265 0.8302
vn -0.2600 0.4752 0.8406
vn -0.1685 0.6305 0.7577
vn -0.2059 0.6091 0.7659
vn -0.1913 0.7067 0.6811
vn -0.1356 0.4729 0.8706
vn -0.1417 0.7130 0.6867
vn -0.0882 0.5392 0.8376
vn -0.2549 0.6018 0.7569
vn -0.2092 0.6562 0.7250
vn -0.0517 0.5753 0.8163
vn -0.2284 0.6758 0.7008
vn -0.0332 0.5751 0.8174
vn -0.1643 0.5351 0.8286
vn -0.0071 0.5663 0.8242
vn -0.2797 0.7159 0.6397
vn -0.2564 0.6104 0.7495
vn -0.1282 0.7091 0.6933
vn -0.1348 0.6277 0.7667
vn -0.1422 0.5232 0.8403
vn -0.1141 0.5978 0.7935
vn -0.2516 0.6604 0.7075
vn -0.0367 0.6662 0.7449
vn -0.1794 0.5689 0.8026
vn -0.1073 0.6132 0.7826
vn -0.2091 0.6154 0.7600
vn -0.0431 0.4964 0.8670
vn -0.1347 0.6257 0.7683
vn 0.0644 0.6290 0.7748
vn -0.1359 0.6845 0.7162
vn -0.0984 0.6992 0.7081
vn -0.1415 0.4509 0.8813
vn -0.1188 0.7535 0.6466
vn -0.1570 0.4742 0.8663
vn -0.0395 0.4949 0.8680
vn -0.0199 0.5987 0.8008
vn -0.0987 0.6169 0.7808
vn -0.0245 0.5292 0.8481
vn -0.0624 0.6460 0.7608
vn -0.0761 0.6250 0.7769
vn 0.0896 0.5798 0.8098
vn -0.0703 0.6661 0.7426
vn -0.0986 0.6554 0.7488
vn -0.0661 0.5626 0.8241
vn -0.1480 0.7110 0.6875
vn -0.0571 0.5338 0.8437
vn -0.1772 0.5655 0.8055
vn 0.1391 0.5615 0.8157
vn -0.0304 0.4998 0.8656
vn -0.0383 0.4984 0.8661
vn -0.1098 0.7567 0.6445
vn -0.1435 0.7115 0.6879
vn -0.0669 0.5093 0.8580
vn -0.1158 0.5995 0.7920
vn -0.0325 0.5826 0.8121
vn -0.1451 0.6257 0.7664
vn 0.1465 0.5300 0.8352
vn -0.0182 0.6130 0.7899
vn -0.0116 0.5535 0.8328
vn 0.0192 0.5511 0.8342
vn 0.0239 0.6736 0.7387
vn -0.0371 0.5363 0.8432
vn 0.0491 0.7817 0.6218
vn 0.0093 0.6381 0.7699
vn 0.0531 0.4567 0.8880
vn -0.0425 0.5075 0.8606
vn -0.0473 0.4942 0.8681
vn -0.0175 0.7147 0.6992
vn 0.0084 0.7243 0.6894
vn -0.1354 0.5924 0.7942
vn -0.1229 0.5972 0.7926
vn 0.0013 0.5912 0.8065
vn -0.0934 0.5817 0.8080
vn 0.0058 0.7575 0.6528
vn -0.0969 0.7088 0.6987
vn 0.0157 0.7210 0.6928
vn -0.0198 0.5880 0.8086
vn -0.0941 0.7108 0.6971
vn -0.0463 0.5062 0.8612
vn -0.0028 0.6409 0.7676
vn 0.0399 0.6409 0.7666
vn -0.0780 0.6310 0.7718
vn -0.0953 0.6564 0.7484
vn -0.0401 0.4299 0.9020
vn 0.4521 0.2324 0.8612
vn 0.0239 0.6828 0.7303
vn -0.0686 0.4988 0.8640
vn -0.0214 0.6745 0.7379
vn -0.0212 0.5826 0.8125
vn -0.0141 0.7051 0.7090
vn 0.0487 0.6584 0.7511
vn 0.0400 0.5900 0.8064
vn 0.1462 0.5421 0.8275
vn 0.0224 0.6666 0.7451
vn 0.0137 0.5401 0.8415
vn -0.0668 0.6695 0.7398
vn -0.1439 0.7070 0.6925
vn 0.0167 0.5871 0.8093
vn 0.0078 0.5919 0.8060
vn 0.0134 0.6725 0.7400
vn 0.0222 0.4896 0.8717
vn 0.1611 0.4743 0.8655
vn 0.0096 0.6103 0.7921
vn -0.2204 -0.2054 0.9535
vn 0.0346 0.6596 0.7508
vn 0.0309 0.6694 0.7423
vn -0.0031 0.5944 0.8041
vn -0.0180 0.6366 0.7710
vn -0.0231 0.6526 0.7574
vn -0.3478 0.0198 0.9374
vn -0.0503 0.4191 0.9066
vn -0.3140 0.0370 0.9487
vn 0.0196 0.7652 0.6434
vn -0.1073 0.6925 0.7134
vn 0.0773 0.5862 0.8064
vn -0.0027 0.5820 0.8132
vn 0.0171 0.4792 0.8776
vn -0.3953 0.1153 0.9113
vn -0.0379 0.4670 0.8834
vn 0.1131 0.5018 0.8576
vn -0.0361 0.6863 0.7264
vn 0.0406 0.6400 0.7673
vn 0.0738 0.3913 0.9173
vn 0.0351 0.7413 0.6703
vn 0.1141 0.6810 0.7233
vn 0.1165 0.7196 0.6845
vn 0.0775 0.4287 0.9001
vn 0.0707 0.6402 0.7650
vn -0.2315 0.0210 0.9726
vn -0.3416 0.0283 0.9394
vn -0.3777 0.2710 0.8854
vn 0.1038 0.6567 0.7470
vn -0.3277 0.1643 0.9304
vn -0.3811 0.1348 0.9146
vn 0.1071 0.6926 0.7133
vn -0.4178 0.3406 0.8423
vn 0.0933 0.6039 0.7916
vn 0.0204 0.5851 0.8107
vn -0.3240 0.4367 0.8392
vn -0.2434 0.0138 0.9698
vn 0.0857 0.7413 0.6657
vn -0.2904 0.0887 0.9528
vn -0.3256 0.0306 0.9450
vn -0.0007 0.7585 0.6517
vn -0.3750 0.3305 0.8661
vn -0.3322 0.1608 0.9294
vn 0.2099 0.3764 0.9024
vn -0.0028 0.7564 0.6541
vn -0.3566 0.3460 0.8678
vn -0.2802 0.1743 0.9440
vn -0.1772 0.1985 0.9639
vn -0.2418 0.1572 0.9575
vn -0.0955 -0.3558 0.9297
vn -0.2846 0.3053 0.9087
vn -0.2644 0.1940 0.9447
vn -0.3299 0.1189 0.9365
vn -0.2594 0.1778 0.9493
vn -0.3664 0.2831 0.8863
vn -0.2832 0.2196 0.9336
vn -0.0501 -0.4492 0.8920
vn -0.1765 0.3315 0.9268
vn -0.1573 0.3308 0.9305
vn -0.3124 0.2075 0.9270
vn -0.2104 0.2781 0.9372
vn -0.3292 0.2841 0.9005
vn -0.1939 0.4257 0.8838
vn -0.2186 0.4632 0.8589
vn -0.0469 -0.4538 0.8899
vn -0.2852 0.4460 0.8484
vn -0.1335 0.2010 0.9704
vn -0.2983 0.0863 0.9506
vn -0.3111 0.2985 0.9023
vn -0.4163 0.2737 0.8670
vn -0.3777 0.2714 0.8853
vn -0.1001 0.2036 0.9739
vn -0.5066 0.1705 0.8452
vn -0.1723 0.1624 0.9716
vn -0.3253 0.5478 0.7708
vn -0.4062 0.4311 0.8057
vn -0.3175 0.4667 0.8254
vn -0.2419 0.4645 0.8519
vn -0.2567 0.1277 0.9580
vn -0.0428 0.4321 0.9008
vn -0.1641 0.3830 0.9090
vn -0.0435 0.4461 0.8939
vn -0.1519 0.3283 0.9323
vn -0.2940 0.2780 0.9145
vn -0.0965 0.4015 0.9107
vn -0.0239 0.3412 0.9397
vn -0.0877 0.3921 0.9157
vn -0.1563 0.3846 0.9097
vn 0.5068 0.1046 0.8557
vn -0.2538 0.4534 0.8544
vn -0.0630 0.3303 0.9418
vn 0.0003 0.3900 0.9208
vn -0.1312 0.4536 0.8815
vn -0.0070 0.2925 0.9562
vn -0.6575 -0.2402 0.7141
vn -0.0747 0.3345 0.9394
vn 0.0075 0.3523 0.9359
vn 0.5167 -0.0292 0.8557
vn -0.1096 0.3641 0.9249
vn -0.1299 0.3657 0.9216
vn -0.0220 0.3252 0.9454
vn -0.6735 -0.2314 0.7021
vn -0.0263 0.1845 0.9825
vn -0.0914 0.3726 0.9235
vn -0.7166 -0.2482 0.6519
vn -0.6660 -0.1904 0.7213
vn 0.0631 0.2379 0.9692
vn -0.0224 0.3254 0.9453
vn -0.0479 0.3347 0.9411
vn -0.0829 0.3502 0.9330
vn 0.0417 0.3282 0.9437
vn -0.7207 -0.2437 0.6490
vn -0.0122 0.2177 0.9759
vn -0.7031 -0.0691 0.7077
vn -0.7072 -0.0653 0.7040
vn -0.6515 -0.3102 0.6923
vn -0.0426 0.2002 0.9788
vn -0.6464 -0.1629 0.7454
vn -0.0535 0.4372 0.8978
vn -0.7013 -0.0178 0.7126
vn 0.1237 0.3477 0.9294
vn -0.6488 -0.2067 0.7323
vn 0.0319 0.3574 0.9334
vn 0.0488 0.3662 0.9292
vn -0.0607 0.3092 0.9491
vn -0.0874 0.3705 0.9247
vn -0.0704 0.3910 0.9177
vn -0.6567 -0.1882 0.7303
vn -0.6393 -0.0439 0.7677
vn -0.7339 -0.1505 0.6624
vn 0.0718 0.4004 0.9135
vn -0.6403 -0.3744 0.6707
vn -0.6829 -0.1031 0.7232
vn 0.0846 0.3260 0.9416
vn -0.0377 0.2944 0.9549
vn -0.7024 -0.1474 0.6963
vn 0.0734 0.3904 0.9177
vn -0.6538 -0.1176 0.7475
vn -0.0358 0.4396 0.8975
vn -0.6642 -0.2410 0.7076
vn -0.6430 -0.1077 0.7582
vn -0.6064 -0.4399 0.6623
vn -0.5371 -0.4559 0.7097
vn -0.6301 -0.3127 0.7108
vn -0.6278 -0.3014 0.7176
vn -0.5965 -0.3303 0.7315
vn -0.5357 -0.4003 0.7435
vn -0.5625 -0.2995 0.7707
vn -0.5260 -0.4217 0.7385
vn -0.5808 -0.3007 0.7565
vn -0.6552 -0.3382 0.6755
vn -0.5536 -0.3118 0.7722
vn -0.7359 -0.0683 0.6736
vn -0.6062 -0.3943 0.6907
vn -0.7170 -0.0308 0.6963
vn -0.6494 -0.3123 0.6933
vn -0.7322 -0.1528 0.6638
vn -0.6995 -0.3075 0.6451
vn -0.6993 -0.0372 0.7139
vn -0.5568 -0.4866 0.6732
vn -0.4940 -0.4321 0.7544
vn -0.5283 -0.3189 0.7869
vn 0.0636 0.4047 0.9122
vn 0.0761 0.3129 0.9467
vn -0.5572 -0.4434 0.7021
vn -0.6786 -0.1006 0.7276
vn -0.6012 -0.4454 0.6635
vn -0.5118 -0.5077 0.6931
vn -0.6402 -0.0429 0.7670
vn -0.5160 -0.5105 0.6878
vn -0.5932 -0.3909 0.7038
vn -0.5145 -0.3825 0.7675
vn -0.5527 -0.4495 0.7018
vn -0.4223 -0.5002 0.7559
vn -0.6590 -0.0264 0.7516
vn -0.5873 -0.3761 0.7167
vn -0.6189 -0.1122 0.7774
vn -0.5192 -0.1167 0.8466
vn -0.6181 -0.1964 0.7612
vn -0.4149 -0.4849 0.7699
vn -0.5562 -0.4160 0.7194
vn -0.4819 -0.1929 0.8547
vn -0.4942 -0.4350 0.7527
vn -0.4457 -0.2178 0.8683
vn -0.4552 -0.4438 0.7719
vn -0.4345 -0.4511 0.7796
vn -0.4929 -0.3168 0.8104
vn -0.6333 -0.1655 0.7560
vn -0.5288 0.0398 0.8478
vn -0.5960 -0.1037 0.7963
vn -0.4387 -0.4074 0.8010
vn -0.4280 -0.3972 0.8118
vn -0.5511 -0.2203 0.8048
vn -0.4642 -0.4861 0.7405
vn -0.6141 -0.0414 0.7882
vn -0.6180 -0.1963 0.7612
vn -0.5824 -0.0850 0.8084
vn -0.5937 -0.1958 0.7805
vn -0.4683 -0.1964 0.8615
vn -0.7375 -0.0786 0.6708
vn -0.4843 -0.0928 0.8700
vn -0.4129 -0.3214 0.8522
vn -0.4398 -0.2452 0.8640
vn -0.4333 -0.1982 0.8792
vn -0.4348 -0.1968 0.8787
vn 0.1248 -0.5153 0.8479
vn -0.4252 -0.3335 0.8414
vn -0.4723 -0.3001 0.8287
vn -0.4595 -0.1916 0.8673
vn -0.4620 -0.2000 0.8640
vn -0.4647 -0.3236 0.8242
vn 0.2157 -0.3497 0.9117
vn -0.4694 -0.3257 0.8207
vn 0.2093 -0.4751 0.8547
vn -0.4320 -0.2278 0.8726
vn -0.4408 -0.3185 0.8392
vn -0.4266 -0.0579 0.9026
vn 0.0967 -0.4154 0.9045
vn 0.1116 -0.4466 0.8877
vn -0.4144 -0.3289 0.8486
vn -0.3990 -0.3784 0.8352
vn -0.4737 -0.0723 0.8777
vn 0.2259 -0.4696 0.8535
vn 0.1781 -0.2786 0.9438
vn 0.1743 -0.4572 0.8721
vn 0.1778 -0.4747 0.8620
vn -0.1028 0.4017 0.9100
vn 0.2169 -0.5166 0.8283
vn 0.1153 -0.2559 0.9598
vn -0.4620 -0.0467 0.8856
vn 0.2327 -0.4964 0.8363
vn 0.1258 -0.2790 0.9520
vn 0.2016 -0.5291 0.8242
vn 0.2262 -0.2115 0.9509
vn 0.1197 -0.2398 0.9634
vn 0.1262 -0.3539 0.9267
vn 0.1690 -0.3485 0.9219
vn -0.0399 0.3234 0.9454
vn 0.2550 -0.4982 0.8287
vn 0.1426 -0.3598 0.9221
vn 0.2322 -0.4991 0.8348
vn 0.1164 -0.2751 0.9543
vn 0.2511 -0.4267 0.8689
vn 0.2412 -0.4113 0.8790
vn 0.2551 -0.4907 0.8332
vn 0.1772 -0.2791 0.9438
vn 0.3285 -0.4375 0.8370
vn 0.2352 -0.3325 0.9133
vn 0.3116 -0.4761 0.8223
vn 0.2298 -0.2337 0.9447
vn 0.2519 -0.4097 0.8768
vn 0.3182 -0.1792 0.9309
vn 0.3111 -0.3119 0.8977
vn 0.2303 -0.2959 0.9271
vn 0.2481 -0.2438 0.9375
vn -0.4893 -0.2449 0.8370
vn 0.2520 -0.4135 0.8749
vn 0.2532 -0.4083 0.8771
vn 0.2642 -0.1580 0.9514
vn 0.1923 -0.2428 0.9508
vn 0.4761 0.1137 0.8720
vn 0.2317 -0.1951 0.9530
vn 0.2838 -0.2495 0.9258
vn 0.3046 -0.3771 0.8746
vn 0.2585 -0.4724 0.8427
vn 0.2614 -0.0452 0.9642
vn 0.3084 -0.1268 0.9428
vn 0.2933 -0.5229 0.8003
vn 0.3104 -0.4706 0.8259
vn 0.3367 -0.2076 0.9184
vn 0.4454 -0.4183 0.7916
vn 0.2604 -0.2985 0.9182
vn 0.2680 -0.3409 0.9011
vn 0.2615 -0.1974 0.9448
vn 0.2887 -0.3161 0.9037
vn 0.2441 -0.2812 0.9281
vn 0.4369 -0.4061 0.8026
vn 0.3132 -0.3737 0.8731
vn 0.2627 -0.2826 0.9225
vn 0.3115 -0.1282 0.9416
vn 0.2775 -0.3940 0.8762
vn 0.3378 -0.2251 0.9139
vn 0.2641 -0.1578 0.9515
vn 0.3601 -0.3906 0.8472
vn 0.2728 -0.4147 0.8681
vn 0.3231 -0.2434 0.9145
vn 0.3191 -0.3158 0.8935
vn 0.3952 -0.2294 0.8895
vn 0.3494 -0.1661 0.9222
vn 0.4654 -0.2057 0.8608
vn 0.3191 -0.1955 0.9273
vn 0.4316 -0.3536 0.8299
vn 0.4147 -0.4194 0.8075
vn 0.3845 -0.3092 0.8698
vn 0.3449 -0.4273 0.8357
vn 0.5609 -0.4941 0.6643
vn 0.3867 -0.2385 0.8909
vn 0.4130 -0.3333 0.8476
vn 0.4437 -0.1041 0.8901
vn 0.3602 -0.1851 0.9143
vn 0.3886 -0.3758 0.8413
vn 0.2786 -0.0210 0.9602
vn 0.4486 -0.1647 0.8785
vn 0.3749 -0.3370 0.8636
vn 0.3344 -0.1619 0.9284
vn 0.5372 -0.4742 0.6975
vn 0.4513 -0.2334 0.8613
vn 0.3818 -0.1938 0.9037
vn 0.4632 -0.4781 0.7462
vn 0.4577 -0.1696 0.8728
vn 0.5687 -0.3984 0.7196
vn 0.5492 -0.3755 0.7465
vn 0.3747 -0.0380 0.9264
vn 0.4036 -0.0567 0.9132
vn 0.4734 -0.4084 0.7805
vn 0.5430 -0.2686 0.7956
vn 0.4609 -0.2622 0.8478
vn 0.4898 -0.1632 0.8564
vn 0.4179 -0.0904 0.9040
vn 0.4694 -0.4871 0.7365
vn 0.4978 -0.2880 0.8181
vn 0.5804 -0.3306 0.7442
vn 0.5180 -0.2019 0.8312
vn 0.5674 -0.4594 0.6834
vn 0.5413 -0.2032 0.8159
vn 0.5385 -0.2614 0.8011
vn 0.5251 -0.1088 0.8441
vn 0.5479 -0.4611 0.6980
vn 0.4788 -0.4186 0.7717
vn 0.4720 -0.3070 0.8264
vn 0.5414 -0.4273 0.7241
vn 0.4986 -0.2878 0.8176
vn 0.5068 -0.0538 0.8604
vn 0.5224 -0.1093 0.8457
vn 0.1587 0.0072 0.9873
vn 0.5216 -0.3464 0.7797
vn -0.4854 -0.2016 0.8507
vn 0.4909 -0.0844 0.8671
vn -0.5793 0.4379 0.6875
vn 0.1019 0.0318 0.9943
vn -0.5786 0.4366 0.6889
vn 0.5109 -0.0553 0.8578
vn 0.1597 0.1224 0.9796
vn 0.2170 -0.1919 0.9571
vn 0.1505 -0.0035 0.9886
vn 0.1308 0.1136 0.9849
vn 0.2089 -0.2292 0.9507
vn -0.5308 0.4546 0.7153
vn 0.5354 -0.1992 0.8207
vn 0.2303 0.0719 0.9704
vn -0.5761 0.4615 0.6746
vn -0.4678 0.5757 0.6706
vn -0.4421 0.5845 0.6804
vn 0.1587 0.0054 0.9873
vn -0.4493 0.4384 0.7784
vn 0.1055 0.0060 0.9944
vn 0.4946 -0.1887 0.8484
vn 0.2536 0.0650 0.9651
vn -0.4474 0.4424 0.7773
vn -0.4308 0.6037 0.6708
vn -0.4505 0.5580 0.6969
vn -0.5484 0.4289 0.7178
vn -0.4569 0.5085 0.7299
vn 0.0009 0.4697 0.8828
vn 0.2007 0.1805 0.9629
vn 0.1354 0.1793 0.9744
vn 0.5251 -0.0846 0.8469
vn -0.5833 0.3427 0.7364
vn -0.5218 0.4472 0.7265
vn 0.5261 -0.1071 0.8436
vn -0.4747 0.5774 0.6643
vn 0.1422 0.5609 0.8156
vn 0.1422 0.1410 0.9797
vn -0.4556 0.5988 0.6587
vn 0.1933 0.1612 0.9678
vn -0.5128 0.5098 0.6908
vn 0.1848 0.0502 0.9815
vn 0.1255 0.4905 0.8624
vn 0.1232 0.4913 0.8622
vn -0.5077 0.5564 0.6578
vn 0.1742 0.6137 0.7701
vn -0.4760 0.5716 0.6684
vn 0.1377 0.5793 0.8034
vn -0.4422 0.4886 0.7522
vn 0.1540 0.6756 0.7210
vn -0.3806 0.5983 0.7051
vn 0.1749 0.5147 0.8393
vn 0.1162 0.5771 0.8083
vn 0.1796 0.4736 0.8622
vn 0.1116 0.4501 0.8860
vn 0.1648 0.5082 0.8453
vn 0.1094 0.5292 0.8414
vn 0.1783 0.6294 0.7563
vn -0.5125 0.6115 0.6028
vn 0.1285 0.4842 0.8655
vn 0.4183 -0.4933 0.7627
vn 0.1336 0.3306 0.9343
vn -0.4159 0.5706 0.7081
vn -0.5509 0.4433 0.7071
vn 0.1965 0.6004 0.7752
vn -0.4661 0.5874 0.6616
vn 0.2125 0.5602 0.8007
vn 0.1783 0.6323 0.7539
vn 0.1845 0.6196 0.7629
vn 0.1823 0.6389 0.7474
vn 0.1478 0.6269 0.7649
vn 0.2296 0.2447 0.9420
vn 0.1384 0.7529 0.6435
vn 0.4095 -0.4886 0.7704
vn 0.1616 0.5752 0.8019
vn -0.4379 0.5092 0.7409
vn 0.2961 0.4625 0.8357
vn 0.2228 0.4231 0.8783
vn 0.1120 0.6619 0.7412
vn 0.1101 0.4440 0.8892
vn 0.1098 0.6734 0.7310
vn 0.1207 0.6745 0.7284
vn -0.3924 0.5426 0.7427
vn 0.1944 0.7310 0.6541
vn 0.1686 0.6650 0.7275
vn 0.3872 -0.5067 0.7702
vn 0.2478 0.5042 0.8273
vn 0.3822 -0.4950 0.7803
vn 0.2430 0.6285 0.7389
vn -0.3523 0.5272 0.7733
vn 0.1669 0.5359 0.8276
vn 0.1448 0.6379 0.7564
vn 0.3588 0.7045 0.6123
vn 0.1439 0.7523 0.6430
vn 0.0573 0.6332 0.7718
vn 0.3986 -0.4469 0.8009
vn 0.1311 0.7197 0.6818
vn 0.1585 0.5094 0.8458
vn 0.1363 0.7541 0.6425
vn 0.3182 0.5929 0.7398
vn 0.2074 0.5078 0.8361
vn 0.2683 0.5974 0.7557
vn 0.1798 0.4736 0.8622
vn 0.1365 0.5795 0.8035
vn 0.2466 0.5254 0.8143
vn 0.1233 0.5243 0.8426
vn 0.1579 0.7049 0.6915
vn 0.1161 0.5763 0.8089
vn 0.2288 0.4617 0.8570
vn 0.0691 0.4464 0.8921
vn 0.2106 0.6049 0.7680
vn 0.2149 0.6960 0.6851
vn 0.2031 0.5769 0.7912
vn 0.0755 0.6868 0.7229
vn 0.1538 0.5927 0.7906
vn 0.3076 0.5142 0.8006
vn 0.2052 0.5192 0.8297
vn 0.2887 0.5059 0.8129
vn 0.1503 0.5384 0.8292
vn 0.1620 0.5810 0.7976
vn 0.1594 0.7012 0.6949
vn 0.3464 0.7041 0.6199
vn 0.1351 0.5256 0.8399
vn 0.3278 0.5657 0.7567
vn -0.5644 0.5376 0.6265
vn 0.3705 0.6401 0.6731
vn 0.2875 0.6660 0.6884
vn 0.2780 0.6997 0.6582
vn 0.1725 0.6189 0.7663
vn 0.1549 0.6903 0.7067
vn 0.3284 0.5932 0.7350
vn 0.1219 0.5699 0.8126
vn 0.2968 0.6250 0.7220
vn 0.3153 0.5908 0.7427
vn 0.1559 0.6425 0.7503
vn 0.3394 0.5992 0.7251
vn 0.1747 0.6605 0.7302
vn 0.3054 0.5997 0.7396
vn 0.2959 0.5837 0.7561
vn 0.2113 0.6992 0.6830
vn 0.4381 0.4927 0.7518
vn 0.4078 0.3446 0.8456
vn 0.3126 0.6085 0.7294
vn 0.3065 0.6114 0.7296
vn 0.2939 0.4296 0.8538
vn 0.2719 0.4258 0.8630
vn 0.4813 0.5022 0.7184
vn 0.3768 0.5997 0.7060
vn 0.3711 0.5253 0.7657
vn 0.2756 0.6733 0.6861
vn 0.1430 0.6383 0.7564
vn 0.5254 0.4678 0.7107
vn 0.1805 0.6344 0.7517
vn 0.3467 0.6665 0.6599
vn 0.2975 0.6888 0.6611
vn 0.2980 0.6251 0.7214
vn 0.1871 0.6661 0.7220
vn 0.3031 0.5981 0.7419
vn 0.4660 0.4943 0.7339
vn 0.2705 0.7255 0.6329
vn 0.3527 0.3852 0.8528
vn 0.4743 0.5081 0.7189
vn 0.3529 0.5348 0.7678
vn 0.3779 0.6023 0.7031
vn 0.2917 0.4944 0.8188
vn 0.3186 0.6646 0.6758
vn 0.5470 0.4739 0.6900
vn 0.3586 0.5470 0.7564
vn 0.4871 0.4621 0.7411
vn 0.3668 0.6148 0.6982
vn 0.3769 0.6156 0.6920
vn 0.2507 0.6374 0.7286
vn 0.3020 0.5426 0.7838
vn 0.4283 0.5351 0.7282
vn 0.3946 0.6411 0.6583
vn 0.3015 0.6769 0.6715
vn 0.5056 0.5212 0.6875
vn 0.4770 0.5660 0.6724
vn 0.4817 0.5284 0.6991
vn 0.4006 0.5817 0.7079
vn 0.3896 0.5451 0.7423
vn 0.3052 0.4310 0.8492
vn 0.3688 0.5380 0.7580
vn 0.4243 0.4199 0.8023
vn 0.4482 0.5396 0.7127
vn 0.4338 0.4901 0.7560
vn -0.7164 0.1646 0.6780
vn 0.5066 0.4738 0.7203
vn -0.7223 -0.0165 0.6914
vn 0.4185 0.7446 0.5200
vn 0.4141 0.5817 0.7000
vn -0.7460 0.0542 0.6637
vn 0.3973 0.5249 0.7528
vn 0.5045 0.5738 0.6451
vn 0.4895 0.5569 0.6711
vn 0.4961 0.5702 0.6548
vn 0.3497 0.4874 0.8001
vn 0.3910 0.4942 0.7765
vn 0.3128 0.4551 0.8337
vn 0.3668 0.6149 0.6981
vn -0.6804 0.0633 0.7301
vn 0.4857 0.5612 0.6702
vn 0.4450 0.5355 0.7178
vn -0.6964 0.0609 0.7150
vn 0.4594 0.4673 0.7553
vn -0.6740 0.2355 0.7002
vn -0.6775 0.1350 0.7230
vn -0.6592 0.0419 0.7508
vn -0.6800 0.1354 0.7206
vn -0.6523 0.1496 0.7431
vn 0.5122 0.4697 0.7191
vn -0.7237 0.0985 0.6830
vn -0.6727 0.1714 0.7198
vn -0.6757 0.1666 0.7181
vn 0.5486 0.4885 0.6786
vn -0.7399 0.2046 0.6409
vn -0.6950 0.0639 0.7162
vn -0.6453 0.0034 0.7639
vn -0.6814 0.0627 0.7292
vn -0.6354 -0.0190 0.7720
vn -0.6338 0.2298 0.7385
vn -0.6179 0.3000 0.7268
vn -0.6648 0.0235 0.7466
vn -0.6711 -0.0052 0.7413
vn -0.6770 0.0220 0.7356
vn -0.7461 0.0675 0.6625
vn -0.6697 0.2414 0.7023
vn -0.6554 0.0176 0.7551
vn -0.6808 0.1200 0.7226
vn -0.5261 0.0380 0.8496
vn -0.6502 0.2661 0.7117
vn -0.7215 0.1978 0.6636
vn -0.6487 0.0327 0.7604
vn -0.7084 0.2354 0.6654
vn -0.6836 0.3351 0.6484
vn -0.6786 -0.0401 0.7334
vn -0.6747 0.2082 0.7081
vn -0.7097 0.2239 0.6680
vn -0.5872 0.1202 0.8004
vn -0.6807 0.0644 0.7297
vn -0.6981 0.1774 0.6937
vn -0.5492 0.0697 0.8328
vn -0.5118 0.1217 0.8505
vn -0.6567 0.0429 0.7529
vn -0.6396 0.3143 0.7015
vn 0.5590 -0.2758 0.7820
vn -0.5262 0.0371 0.8496
vn -0.6615 0.0073 0.7499
vn -0.5045 0.2341 0.8310
vn -0.5538 0.0684 0.8299
vn -0.6307 0.2702 0.7275
vn -0.6008 0.0039 0.7994
vn -0.7191 0.2488 0.6488
vn -0.6576 0.2692 0.7036
vn -0.6010 0.0107 0.7992
vn -0.6020 0.0121 0.7984
vn -0.4735 0.1229 0.8722
vn -0.6544 0.3269 0.6819
vn -0.6765 0.0669 0.7334
vn -0.6509 0.1072 0.7516
vn -0.7021 0.1686 0.6918
vn -0.5186 0.2488 0.8180
vn -0.5284 0.0345 0.8483
vn -0.5961 0.1327 0.7919
vn -0.6728 0.2413 0.6994
vn -0.5868 0.4367 0.6819
vn -0.6544 0.1813 0.7341
vn -0.5550 0.2207 0.8020
vn -0.6733 0.3837 0.6321
vn -0.5097 0.4262 0.7474
vn -0.5519 0.0793 0.8301
vn -0.6165 0.4724 0.6299
vn -0.5964 0.1343 0.7914
vn -0.5710 0.1891 0.7989
vn -0.5334 0.2819 0.7975
vn -0.5951 0.3097 0.7416
vn -0.6239 0.2460 0.7418
vn -0.5913 0.1491 0.7925
vn -0.4914 0.4824 0.7251
vn -0.5239 0.3623 0.7709
vn -0.6607 0.3192 0.6794
vn -0.6574 0.3616 0.6612
vn -0.5683 0.5172 0.6399
vn -0.5169 0.3480 0.7821
vn -0.5138 0.5094 0.6903
vn -0.5035 0.2214 0.8351
vn -0.5574 0.3965 0.7295
vn -0.5477 0.4317 0.7167
vn -0.4840 0.3282 0.8112
vn -0.5430 0.3183 0.7771
vn 0.1866 0.6247 0.7583
vn -0.5075 0.1703 0.8446
vn -0.4794 0.0262 0.8772
vn 0.2190 0.6458 0.7314
vn -0.4658 0.0793 0.8813
vn -0.4697 0.2270 0.8532
vn -0.5884 0.4506 0.6714
vn -0.5364 0.3346 0.7748
vn -0.4675 0.2353 0.8521
vn -0.5228 0.3169 0.7914
vn -0.4666 0.2046 0.8605
vn 0.1310 0.6781 0.7232
vn -0.4820 0.3774 0.7908
vn -0.4456 0.0884 0.8908
vn -0.6346 0.2770 0.7215
vn -0.4661 0.0387 0.8839
vn -0.5181 0.3431 0.7835
vn -0.4063 -0.0096 0.9137
vn -0.6677 0.2637 0.6961
vn -0.5592 0.1920 0.8065
vn -0.4828 0.3798 0.7891
vn -0.4628 0.2232 0.8579
vn -0.4321 0.2481 0.8670
vn -0.4803 0.4072 0.7769
vn 0.1250 0.3452 0.9302
vn 0.1800 0.2081 0.9614
vn -0.3890 0.1113 0.9145
vn 0.2037 0.4508 0.8691
vn 0.1849 0.1699 0.9680
vn 0.1155 0.2601 0.9587
vn -0.5271 0.3596 0.7700
vn 0.2475 0.2440 0.9377
vn 0.1717 0.3406 0.9244
vn 0.0854 0.3816 0.9204
vn 0.1327 0.3678 0.9204
vn 0.3073 -0.0128 0.9515
vn -0.4553 0.0963 0.8851
vn -0.4172 0.2186 0.8821
vn 0.1858 0.3267 0.9267
vn 0.2078 0.3997 0.8928
vn 0.2206 0.5006 0.8371
vn -0.3646 0.2659 0.8924
vn -0.4979 0.1446 0.8551
vn 0.1415 0.3211 0.9364
vn 0.3082 0.0269 0.9509
vn -0.3976 0.2558 0.8812
vn 0.0996 0.3466 0.9327
vn 0.1681 0.3056 0.9372
vn 0.2454 0.2665 0.9321
vn 0.1770 0.2032 0.9630
vn 0.1300 0.3443 0.9298
vn -0.3732 0.3722 0.8498
vn -0.5506 0.3940 0.7359
vn -0.4148 0.4182 0.8081
vn 0.1453 0.1592 0.9765
vn 0.2277 0.3957 0.8897
vn 0.3325 0.2734 0.9026
vn 0.2942 0.2388 0.9254
vn 0.1313 0.3232 0.9372
vn 0.1342 0.3290 0.9347
vn 0.3510 0.3084 0.8842
vn 0.2689 0.1555 0.9505
vn 0.3584 0.3096 0.8807
vn 0.3152 0.2803 0.9067
vn 0.2870 0.2309 0.9297
vn 0.1713 0.3365 0.9260
vn 0.3172 0.3109 0.8959
vn 0.1666 0.2026 0.9650
vn 0.2622 0.2666 0.9275
vn 0.3840 -0.0511 0.9219
vn 0.3165 0.2245 0.9217
vn 0.1429 0.3400 0.9295
vn 0.0935 0.2683 0.9588
vn 0.2923 0.4313 0.8535
vn 0.3244 0.0372 0.9452
vn 0.2992 0.1798 0.9371
vn 0.4088 0.0192 0.9124
vn 0.2146 0.1682 0.9621
vn 0.4006 0.0263 0.9159
vn 0.2651 0.0683 0.9618
vn 0.2102 0.2340 0.9492
vn 0.0844 0.5436 0.8351
vn 0.2392 0.3528 0.9046
vn 0.2329 0.3562 0.9049
vn 0.1974 0.3565 0.9132
vn 0.2261 0.2415 0.9437
vn 0.1833 0.2899 0.9393
vn 0.2838 0.1241 0.9508
vn 0.3070 0.2741 0.9114
vn 0.3010 0.2192 0.9281
vn 0.3152 0.1302 0.9401
vn 0.2550 0.3526 0.9004
vn 0.2419 0.2276 0.9432
vn 0.2651 0.3392 0.9026
vn 0.2056 0.3201 0.9248
vn 0.2219 0.3724 0.9012
vn 0.2815 0.3656 0.8872
vn 0.4292 0.2463 0.8690
vn 0.2757 0.3711 0.8867
vn 0.3133 0.4346 0.8443
vn 0.3720 0.3629 0.8544
vn 0.3320 0.3669 0.8690
vn 0.3147 0.3593 0.8786
vn 0.3657 0.3987 0.8410
vn 0.4333 0.2495 0.8660
vn 0.3273 0.3611 0.8732
vn 0.4943 -0.0160 0.8691
vn 0.4709 0.0957 0.8770
vn 0.3384 0.1601 0.9273
vn 0.3443 0.1621 0.9247
vn 0.3439 0.1896 0.9197
vn 0.3462 0.3193 0.8822
vn 0.2715 0.3400 0.9004
vn 0.2500 0.4683 0.8475
vn 0.1264 -0.5223 0.8433
vn 0.7414 0.1522 0.6536
vn -0.6245 0.4564 0.6338
vn 0.1933 -0.0756 0.9782
vn -0.0198 0.0216 0.9996
vn 0.0263 0.0518 0.9983
vn -0.9999 0.0030 0.0117
vn 0.1727 0.0638 0.9829
vn -0.0602 0.1115 0.9919
vn -0.2189 -0.0463 0.9746
vn -0.9980 -0.0528 -0.0351
vn -0.1727 -0.0016 0.9850
vn -0.0007 0.0227 0.9997
vn -0.1528 -0.2828 0.9469
vn -0.0295 -0.3481 0.9370
vn 0.1028 0.1652 0.9809
vn 0.0028 0.0197 0.9998
vn -0.0193 -0.0003 0.9998
vn -0.0347 0.0180 0.9992
vn -0.0073 0.0093 0.9999
vn 0.0461 -0.0153 0.9988
vn 0.0004 0.0226 0.9997
vn 0.3472 -0.0018 0.9378
vn -0.0054 0.0045 1.0000
vn 0.0009 0.0058 1.0000
vn 0.0212 0.0727 0.9971
vn 0.0059 0.0061 1.0000
vn -0.3088 -0.1090 0.9449
vn -0.0604 0.0529 0.9968
vn 0.0227 -0.0039 0.9997
vn 0.0549 -0.0139 0.9984
vn 0.0492 0.4186 0.9068
vn 0.0004 0.0149 0.9999
vn -0.0575 0.3644 0.9295
vn 0.0107 -0.0114 0.9999
vn 0.0285 -0.1343 0.9905
vn -0.0823 0.0970 0.9919
vn -0.0204 -0.0261 0.9995
vn -0.2484 -0.0344 0.9681
vn -0.9996 0.0206 0.0204
vn 0.0249 0.0190 0.9995
vn 0.2317 -0.0167 0.9726
vn 0.0672 0.1384 0.9881
vn 0.0851 0.1046 0.9909
vn -0.0076 -0.0007 1.0000
vn -0.0802 -0.2119 0.9740
vn -0.9952 0.0912 -0.0344
vn -0.0548 -0.2395 0.9693
vn -0.0659 0.0837 0.9943
vn -0.1121 -0.4528 0.8845
vn -0.0126 0.0169 0.9998
vn -0.0197 0.0333 0.9993
vn -0.0272 0.1640 0.9861
vn 0.1302 -0.1193 0.9843
vn -0.0582 -0.0155 0.9982
vn 0.4653 -0.0877 0.8808
vn -0.9733 -0.1581 0.1665
vn -0.0120 0.0163 0.9998
vn 0.1515 0.0635 0.9864
vn -0.0170 -0.0056 0.9998
vn 0.0662 -0.2681 0.9611
vn 0.2179 0.0285 0.9756
vn 0.0212 0.0026 0.9998
vn 0.0321 0.0412 0.9986
vn -0.0067 -0.3307 0.9437
vn -0.6076 0.1384 0.7821
vn 0.0366 -0.0143 0.9992
vn 0.5043 -0.0539 0.8618
vn -0.0002 0.0210 0.9998
vn -0.0139 -0.0198 0.9997
vn 0.1233 -0.2742 0.9537
vn 0.0779 -0.3150 0.9459
vn -0.1263 0.0942 0.9875
vn -0.3198 -0.2324 0.9185
vn -0.0770 0.0604 0.9952
vn 0.3970 -0.0448 0.9167
vn -0.9999 0.0031 0.0115
vn -0.3355 -0.0586 0.9402
vn -0.4458 0.0181 0.8949
vn -0.1181 0.0944 0.9885
vn -0.7022 -0.3908 0.5951
vn 0.1751 -0.0294 0.9841
vn 0.0547 0.0838 0.9950
vn -0.0124 -0.0047 0.9999
vn -0.0394 -0.0018 0.9992
vn 0.0754 0.1750 0.9817
vn -0.0799 -0.1562 0.9845
vn 0.3775 0.0139 0.9259
vn -0.0090 0.0191 0.9998
vn -0.0205 0.0400 0.9990
vn -0.9991 0.0300 0.0293
vn -0.0385 0.3228 0.9457
vn -0.0227 0.0096 0.9997
vn -0.4459 0.0187 0.8949
vn 0.4902 -0.0117 0.8715
vn -0.0094 0.0146 0.9998
vn -0.0216 -0.0026 0.9998
vn -0.0501 0.0344 0.9982
vn -0.0400 -0.0030 0.9992
vn -0.0109 0.0201 0.9997
vn -0.0857 -0.0635 0.9943
vn -0.0211 0.0108 0.9997
vn -0.0041 0.0586 0.9983
vn -0.2974 0.0239 0.9545
vn -0.6609 0.1098 0.7424
vn -0.1566 -0.0202 0.9875
vn 0.4601 -0.1085 0.8812
vn 0.0249 0.0293 0.9993
vn -0.0198 0.0333 0.9992
vn -0.6116 0.0662 0.7884
vn 0.2927 -0.2739 0.9161
vn 0.0553 0.1973 0.9788
vn -0.0159 0.0010 0.9999
vn -0.1138 0.0335 0.9929
vn -0.1194 0.0104 0.9928
vn -0.9988 -0.0481 0.0083
vn -0.8154 0.4437 0.3718
vn -0.0614 -0.1368 0.9887
vn -0.0137 0.0091 0.9999
vn -0.1039 -0.1372 0.9851
vn -0.0359 -0.4056 0.9133
vn 0.0128 0.0697 0.9975
vn -0.9999 0.0038 0.0156
vn -0.8771 -0.0856 0.4727
vn 0.0429 0.0582 0.9974
vn 0.1516 -0.0014 0.9884
vn -0.0263 0.0815 0.9963
vn -0.9999 0.0022 0.0137
vn -0.0637 0.1182 0.9909
vn -0.0493 -0.0103 0.9987
vn -0.7793 -0.1516 0.6081
vn -0.9999 0.0013 0.0140
vn -0.0438 0.0176 0.9989
vn -0.0599 0.1179 0.9912
vn -0.1642 0.1119 0.9801
vn -0.0019 0.0163 0.9999
vn -0.0156 0.0172 0.9997
vn 0.0609 0.3195 0.9456
vn 0.0652 0.3111 0.9481
vn -0.0232 -0.0014 0.9997
vn 0.0947 -0.9941 -0.0534
vn -0.9999 0.0041 0.0153
vn 0.2738 0.0285 0.9614
vn 0.0046 0.0339 0.9994
vn 0.1371 0.4303 0.8922
vn -0.0000 0.1227 0.9924
vn -0.0006 0.0554 0.9985
vn -0.0623 -0.0348 0.9974
vn -0.0446 0.0386 0.9983
vn 0.0824 -0.0126 0.9965
vn -0.0734 0.0126 0.9972
vn 0.0210 0.0194 0.9996
vn -0.0470 0.0162 0.9988
vn -0.9999 0.0064 0.0152
vn 0.0090 0.0674 0.9977
vn 0.4364 0.0846 0.8958
vn -0.0554 -0.4902 0.8699
vn -0.0250 -0.9993 0.0268
vn -0.0501 -0.0067 0.9987
vn -0.0244 -0.0297 0.9993
vn 0.0032 0.0425 0.9991
vn 0.0247 0.0222 0.9994
vn -0.9988 0.0452 -0.0165
vn 0.0219 -0.3386 0.9407
vn -0.0174 -0.0068 0.9998
vn 0.0429 0.0455 0.9980
vn -0.0364 -0.0783 0.9963
vn -0.0101 0.0206 0.9997
vn 0.0252 0.0205 0.9995
vn 0.0892 -0.0085 0.9960
vn 0.0190 0.0106 0.9998
vn 0.0039 0.0320 0.9995
vn -0.2501 -0.0169 0.9681
vn 0.0932 -0.0300 0.9952
vn -0.0096 0.0221 0.9997
vn 0.0559 0.2875 0.9562
vn -0.0006 0.0467 0.9989
vn 0.0182 0.0482 0.9987
vn 0.0099 0.0080 0.9999
vn -0.0652 -0.0189 0.9977
vn 0.0426 -0.0017 0.9991
vn 0.0287 0.0439 0.9986
vn -0.9996 0.0291 -0.0003
vn -0.0491 -0.0199 0.9986
vn 0.0036 0.0108 0.9999
vn 0.0304 0.0480 0.9984
vn -0.0145 0.0260 0.9996
vn 0.0224 0.0741 0.9970
vn -0.9972 -0.0708 0.0224
vn -0.0043 0.0162 0.9999
vn -0.0300 -0.0502 0.9983
vn -0.0309 0.3274 0.9444
vn -0.0083 -0.9999 0.0134
vn 0.3257 0.4668 0.8222
vn -0.0066 -0.0267 0.9996
vn -0.0972 -0.5056 0.8573
vn 0.0171 0.0179 0.9997
vn -0.1070 0.3053 0.9462
vn -0.0063 0.0228 0.9997
vn 0.0036 -0.9999 0.0111
vn 0.0353 -0.0143 0.9993
vn -0.0656 -0.0199 0.9976
vn 0.0072 -0.0101 0.9999
vn -0.0097 0.0331 0.9994
vn -0.9970 -0.0767 0.0111
vn 0.0155 0.0065 0.9999
vn -0.0152 -0.0093 0.9998
vn -0.9999 -0.0053 0.0147
vn 0.0155 0.0094 0.9998
vn 0.0168 0.0043 0.9998
vn 0.0193 0.0205 0.9996
vn -0.0057 0.0165 0.9998
vn -0.0001 -0.0030 1.0000
vn -0.9998 0.0204 0.0086
vn -0.9999 0.0123 0.0016
vn 0.1724 0.7194 0.6728
vn 0.0473 0.0172 0.9987
vn 0.0217 0.0018 0.9998
vn -0.9978 0.0631 -0.0195
vn 0.0739 -0.4115 0.9084
vn 0.0083 -0.0249 0.9997
vn -0.0254 -0.0163 0.9995
vn -0.0135 0.0356 0.9993
vn 0.0046 -0.0115 0.9999
vn 0.0377 -0.0113 0.9992
vn -0.0079 -0.0131 0.9999
vn -0.0263 -0.0038 0.9996
vn 0.0392 0.0385 0.9985
vn 0.0183 0.0182 0.9997
vn -0.0209 -0.0666 0.9976
vn 0.2772 -0.2025 0.9392
vn -0.0228 0.0410 0.9989
vn -0.9999 0.0077 0.0104
vn 0.0319 -0.0295 0.9991
vn 0.0378 0.0296 0.9988
vn -0.9963 -0.0825 0.0233
vn 0.0078 0.0087 0.9999
vn 0.0082 -0.0247 0.9997
vn -0.0099 -0.0080 0.9999
vn -0.9881 -0.1185 0.0983
vn 0.3021 -0.0064 0.9533
vn 0.0119 0.0694 0.9975
vn 0.0034 0.0504 0.9987
vn -0.0126 0.0215 0.9997
vn 0.0323 -0.0285 0.9991
vn -0.9995 0.0322 -0.0066
vn -0.0020 0.0164 0.9999
vn 0.0099 0.0192 0.9998
vn 0.0319 0.0230 0.9992
vn -0.1286 0.0430 0.9908
vn -0.0092 -0.0115 0.9999
vn 0.0075 0.0085 0.9999
vn -0.0241 0.0419 0.9988
vn -0.1310 0.1468 0.9805
vn 0.0102 -0.9999 0.0092
vn -0.0143 -0.0177 0.9997
vn 0.0122 0.0202 0.9997
vn 0.0243 -0.0058 0.9997
vn 0.0413 0.0070 0.9991
vn -0.0204 0.0235 0.9995
vn -0.0016 -0.0016 1.0000
vn 0.4621 -0.0493 0.8855
vn 0.2805 0.0578 0.9581
vn 0.0257 -0.0191 0.9995
vn -0.0513 0.0489 0.9975
vn 0.0613 0.0091 0.9981
vn 0.2911 0.3714 0.8817
vn 0.2444 -0.0711 0.9671
vn -0.0878 0.0055 0.9961
vn 0.4270 -0.0947 0.8993
vn 0.1827 0.0657 0.9810
vn 0.0172 0.0091 0.9998
vn 0.0132 0.0263 0.9996
vn 0.0084 0.0266 0.9996
vn -0.2783 -0.0381 0.9598
vn 0.0130 0.0056 0.9999
vn 0.0443 0.0477 0.9979
vn -0.3952 -0.0080 0.9185
vn -0.0871 0.1726 0.9811
vn 0.0213 -0.0024 0.9998
vn 0.0423 0.0076 0.9991
vn 0.0195 -0.0719 0.9972
vn -0.0520 0.0480 0.9975
vn 0.1689 0.0024 0.9856
vn -0.1771 0.0250 0.9839
vn 0.1505 0.1562 0.9762
vn 0.5499 -0.4700 0.6905
vn 0.0493 -0.9987 -0.0147
vn 0.0949 -0.1546 0.9834
vn 0.0183 -0.0158 0.9997
vn -0.0018 -0.1083 0.9941
vn 0.0030 0.0245 0.9997
vn -0.0768 -0.0116 0.9970
vn 0.0558 -0.0954 0.9939
vn 0.0002 -0.0137 0.9999
vn 0.1310 0.0191 0.9912
vn 0.0204 0.0231 0.9995
vn 0.0095 0.0140 0.9999
vn 0.0049 -0.0206 0.9998
vn 0.1916 0.1745 0.9658
vn 0.0409 0.0411 0.9983
vn 0.0177 0.1426 0.9896
vn -0.1827 0.0199 0.9830
vn -0.0056 0.0400 0.9992
vn -0.0254 -0.0035 0.9997
vn 0.0427 -0.0180 0.9989
vn -0.0117 -0.9998 0.0162
vn -0.0364 -0.9990 0.0271
vn 0.3804 0.0304 0.9243
vn -0.2420 -0.1520 0.9583
vn 0.4481 0.1739 0.8769
vn 0.0208 0.1096 0.9938
vn -0.2080 0.0035 0.9781
vn -0.0045 0.0178 0.9998
vn -0.0001 -0.0014 1.0000
vn 0.2119 0.4993 0.8401
vn -0.0130 -0.0170 0.9998
vn 0.0224 -0.0709 0.9972
vn -0.0287 0.0165 0.9995
vn -0.1673 0.0474 0.9848
vn -0.1636 0.1756 0.9708
vn -0.3241 0.0126 0.9459
vn 0.2948 0.0730 0.9528
vn 0.0011 0.0308 0.9995
vn 0.0608 -0.0079 0.9981
vn -0.0453 0.1238 0.9913
vn 0.0112 0.0174 0.9998
vn 0.3617 -0.0743 0.9293
vn -0.1568 -0.3764 0.9131
vn 0.3705 0.3457 0.8621
vn 0.1419 0.0693 0.9875
vn -0.0875 0.0002 0.9962
vn -0.1561 0.1473 0.9767
vn -0.0221 0.0017 0.9998
vn -0.0187 0.0370 0.9991
vn -0.0923 -0.0686 0.9934
vn -0.0212 0.0026 0.9998
vn 0.0200 0.0396 0.9990
vn -0.0060 -0.0071 1.0000
vn -0.4912 0.2961 0.8191
vn -0.0683 0.0568 0.9961
vn -0.0545 -0.0620 0.9966
vn 0.6990 -0.3221 0.6385
vn -0.9994 0.0028 0.0351
vn -0.0489 0.0379 0.9981
vn -0.0354 -0.0016 0.9994
vn 0.0195 -0.0130 0.9997
vn -0.1267 0.0377 0.9912
vn -0.0385 0.0132 0.9992
vn -0.0570 0.0083 0.9983
vn -0.0660 -0.0487 0.9966
vn -0.1098 -0.0468 0.9929
vn 0.0305 -0.1349 0.9904
vn -0.0773 -0.0457 0.9960
vn 0.0024 0.4434 0.8963
vn 0.0070 0.0060 1.0000
vn -0.0085 0.0080 0.9999
vn 0.0010 -0.0377 0.9993
vn 0.0315 0.0667 0.9973
vn -0.0086 0.0233 0.9997
vn -0.2616 -0.1446 0.9543
vn -0.4294 -0.4103 0.8045
vn -0.1638 0.1523 0.9747
vn -0.1351 -0.1050 0.9852
vn -0.3522 0.2304 0.9071
vn -0.2202 -0.1490 0.9640
vn 0.0081 0.0036 1.0000
vn -0.0015 0.0053 1.0000
vn 0.0116 0.0049 0.9999
vn 0.1289 0.4760 0.8700
vn 0.0288 -0.1309 0.9910
vn 0.0213 -0.0204 0.9996
vn -0.0609 -0.0360 0.9975
vn 0.0064 0.0064 1.0000
vn 0.0066 0.0058 1.0000
vn -0.9975 -0.0521 0.0478
vn -0.0186 0.0143 0.9997
vn -0.2079 -0.0680 0.9758
vn 0.0054 0.0318 0.9995
vn -0.0123 -0.2503 0.9681
vn -0.1716 -0.0952 0.9806
vn -0.0235 0.0489 0.9985
vn 0.0051 -0.0578 0.9983
vn 0.0101 -0.0016 0.9999
vn -0.1447 0.5870 0.7965
vn -0.0507 0.3217 0.9455
vn 0.2603 0.1161 0.9585
vn 0.0001 0.0129 0.9999
vn -0.0107 0.0210 0.9997
vn 0.0017 -0.1004 0.9949
vn 0.0008 0.0110 0.9999
vn -0.0228 -0.0119 0.9997
vn 0.0028 0.0115 0.9999
vn 0.0460 0.0302 0.9985
vn -0.2264 -0.2165 0.9497
vn -0.0037 -0.1408 0.9900
vn 0.0115 0.0092 0.9999
vn -0.0110 -0.0315 0.9994
vn 0.2549 0.1496 0.9553
vn 0.0402 -0.3548 0.9341
vn 0.3690 0.0518 0.9280
vn 0.2049 -0.3488 0.9145
vn -0.0286 -0.0290 0.9992
vn -0.0174 0.0359 0.9992
vn 0.0252 -0.0787 0.9966
vn -0.9988 0.0287 0.0388
vn 0.0127 0.0061 0.9999
vn -0.3498 0.0246 0.9365
vn 0.3487 -0.0434 0.9362
vn -0.0139 0.0257 0.9996
vn -0.9998 -0.0128 0.0134
vn -0.0771 -0.0007 0.9970
vn -0.1579 -0.1597 0.9744
vn 0.2358 -0.1350 0.9624
vn -0.3016 -0.0740 0.9506
vn 0.0090 0.0023 1.0000
vn 0.0774 0.0068 0.9970
vn 0.0136 -0.0075 0.9999
vn 0.0337 0.0662 0.9972
vn -0.1845 -0.0405 0.9820
vn 0.1055 0.3037 0.9469
vn -0.3721 0.0667 0.9258
vn 0.0569 -0.3344 0.9407
vn 0.3436 0.0305 0.9386
vn 0.0343 0.0685 0.9971
vn 0.0202 0.0212 0.9996
vn 0.5148 0.1040 0.8510
vn 0.0686 0.0003 0.9976
vn -0.2673 -0.0889 0.9595
vn -0.9992 -0.0386 0.0114
vn -0.0458 0.0126 0.9989
vn -0.0429 -0.0692 0.9967
vn -0.0237 -0.0091 0.9997
vn 0.0398 0.3276 0.9440
vn 0.0257 -0.0019 0.9997
vn 0.0053 -0.0315 0.9995
vn 0.0179 0.0023 0.9998
vn -0.0429 -0.0744 0.9963
vn -0.0384 -0.0029 0.9993
vn 0.3332 -0.0436 0.9418
vn -0.0025 0.0236 0.9997
vn -0.9988 0.0138 0.0473
vn -0.1625 0.0016 0.9867
vn 0.0891 0.2829 0.9550
vn -0.0307 0.0200 0.9993
vn 0.0052 0.0024 1.0000
vn -0.1869 -0.0287 0.9820
vn -0.0104 -0.0035 0.9999
vn 0.0966 0.0168 0.9952
vn 0.1612 -0.1470 0.9759
vn 0.0030 0.0239 0.9997
vn 0.0168 0.0378 0.9991
vn -0.2212 0.0596 0.9734
vn -0.1984 0.0642 0.9780
vn 0.0181 0.0024 0.9998
vn -0.9997 -0.0165 0.0194
vn 0.0013 0.0052 1.0000
vn 0.4217 0.2820 0.8618
vn -0.0030 0.0407 0.9992
vn 0.0273 0.3033 0.9525
vn 0.0109 0.0105 0.9999
vn 0.0096 -0.1279 0.9917
vn 0.0104 0.0305 0.9995
vn 0.2020 -0.0620 0.9774
vn -0.0061 0.2266 0.9740
vn -0.9996 -0.0074 0.0269
vn -0.0260 -0.0177 0.9995
vn 0.0116 0.0242 0.9996
vn 0.2858 -0.0118 0.9582
vn 0.1611 -0.0787 0.9838
vn -0.1155 -0.0394 0.9925
vn 0.0052 0.0098 0.9999
vn 0.0175 -0.0207 0.9996
vn 0.0195 0.0439 0.9988
vn 0.1857 -0.2169 0.9584
vn 0.0239 -0.0065 0.9997
vn -0.0301 -0.1978 0.9798
vn -0.0066 0.1609 0.9870
vn -0.0188 0.0297 0.9994
vn 0.2250 -0.0046 0.9744
vn -0.9971 0.0710 -0.0259
vn -0.0369 0.0052 0.9993
vn -0.0508 0.3289 0.9430
vn 0.0513 0.1382 0.9891
vn -0.0118 0.0029 0.9999
vn -0.0003 -0.0016 -1.0000
vn 0.0080 0.0233 0.9997
vn 0.0130 0.0181 0.9998
vn 0.0165 0.0234 0.9996
vn 0.0170 0.0235 0.9996
vn 0.5475 -0.0400 0.8359
vn 0.0135 0.0230 0.9996
vn 0.0093 0.0159 0.9998
vn 0.0292 0.0139 0.9995
vn 0.0203 0.0224 0.9995
vn -0.0485 0.0012 0.9988
vn 0.0075 0.0289 0.9996
vn 0.0104 0.0226 0.9997
vn 0.0128 0.0297 0.9995
vn 0.7351 -0.0722 0.6742
vn 0.6567 -0.0073 0.7541
vn 0.0093 0.9996 0.0250
vn 0.0109 0.9996 0.0241
vn -0.0073 0.0342 0.9994
vn -0.3002 0.0078 0.9538
vn 0.0550 -0.0705 0.9960
vn -0.7239 -0.3217 0.6103
vn -0.1686 -0.3941 0.9035
vn -0.0356 -0.3096 0.9502
vn 0.0096 0.0279 0.9996
vn 0.4259 0.0013 0.9048
vn 0.0296 0.0301 0.9991
vn -0.3467 0.0504 0.9366
vn 0.7920 0.0029 0.6105
vn -0.0804 0.9756 -0.2044
vn 0.3794 0.0022 0.9252
vn -0.2890 0.0203 0.9571
vn 0.0131 0.0337 0.9993
vn -0.2901 0.0403 0.9561
vn -0.2868 0.0470 0.9568
vn 0.0080 0.0160 0.9998
vn 0.4424 -0.0025 0.8968
vn 0.0081 0.0258 0.9996
vn 0.3778 0.0142 0.9258
vn -0.0032 0.0436 0.9990
vn 0.2645 0.0856 0.9606
vn -0.2919 0.0503 0.9551
vn -0.3223 0.0307 0.9461
vn 0.0029 0.0160 0.9999
vn -0.0129 0.0369 0.9992
vn -0.0033 0.3532 0.9355
vn 0.0140 0.0272 0.9995
vn 0.0041 0.0287 0.9996
vn 0.0259 0.0362 0.9990
vn 0.1805 -0.0658 0.9814
vn -0.0218 0.0382 0.9990
vn -0.0196 0.1386 0.9902
vn 0.1046 0.6380 0.7629
vn 0.4185 0.0084 0.9082
vn 0.0307 0.1374 0.9900
vn 0.0087 0.0354 0.9993
vn 0.0155 0.0215 0.9996
vn 0.4212 0.0458 0.9058
vn 0.0229 0.0363 0.9991
vn 0.0322 0.0480 0.9983
vn 0.0105 0.0676 0.9977
vn -0.0204 0.0070 0.9998
vn -0.0532 0.0269 0.9982
vn -0.0222 0.0427 0.9988
vn -0.1042 0.3628 0.9260
vn -0.0029 0.0170 0.9999
vn 0.0033 0.0686 0.9976
vn -0.0141 0.5284 0.8489
vn 0.0380 0.5384 0.8419
vn 0.1274 0.6615 0.7390
vn 0.0241 0.0481 0.9985
vn 0.1046 0.3583 0.9277
vn -0.0254 0.0182 0.9995
vn 0.0137 0.0389 0.9991
vn 0.0297 0.0442 0.9986
vn 0.0217 0.0490 0.9986
vn 0.0288 0.4241 0.9052
vn -0.0192 0.5515 0.8339
vn -0.1220 -0.1130 0.9861
vn -0.0032 0.0465 0.9989
vn -0.0378 0.1112 0.9931
vn 0.0080 0.3956 0.9184
vn 0.0297 0.4557 0.8896
vn 0.0340 0.3211 0.9464
vn 0.0233 0.5041 0.8633
vn -0.0176 0.0454 0.9988
vn 0.0224 0.0149 0.9996
vn 0.0200 0.0176 0.9996
vn -0.0635 0.3244 0.9438
vn 0.0735 0.0302 0.9968
vn 0.0142 0.3186 0.9478
vn 0.0217 0.4429 0.8963
vn 0.0221 0.4361 0.8996
vn 0.0115 0.0446 0.9989
vn 0.0711 0.0272 0.9971
vn 0.0055 0.0013 1.0000
vn -0.0019 -0.0036 1.0000
vn -0.0016 0.0151 0.9999
vn -0.0020 0.0470 0.9989
vn 0.3501 0.0351 0.9360
vn 0.0784 0.2366 0.9684
vn 0.0056 0.0015 1.0000
vn 0.0231 0.0974 0.9950
vn 0.0132 0.0406 0.9991
vn -0.0002 0.0136 0.9999
vn 0.0740 0.0952 0.9927
vn 0.0352 0.0155 0.9993
vn 0.0155 0.7498 0.6614
vn 0.0200 0.4441 0.8957
vn 0.0335 0.9959 -0.0840
vn 0.0201 0.0453 0.9988
vn 0.0021 0.0280 0.9996
vn -0.0649 0.0107 0.9978
vn -0.0007 0.0331 0.9995
vn 0.3741 -0.0051 0.9274
vn -0.0095 0.0428 0.9990
vn 0.0302 0.0173 0.9994
vn 0.0119 0.0452 0.9989
vn 0.1152 0.3692 0.9222
vn -0.0055 0.0369 0.9993
vn 0.0083 0.0266 0.9996
vn 0.0193 0.0305 0.9993
vn 0.3981 -0.0199 0.9171
vn 0.0273 0.0113 0.9996
vn -0.1199 0.0068 0.9928
vn -0.1650 -0.2510 0.9538
vn 0.0218 0.0456 0.9987
vn -0.0103 0.0490 0.9987
vn -0.3925 0.0089 0.9197
vn 0.1642 -0.2498 0.9543
vn -0.0036 -0.1348 0.9909
vn 0.0366 0.0597 0.9975
vn 0.6603 0.1592 0.7340
vn 0.0171 0.0446 0.9989
vn 0.0072 0.0329 0.9994
vn 0.0021 0.0365 0.9993
vn 0.0144 0.9738 -0.2268
vn -0.0087 0.0161 0.9998
vn 0.0274 0.0236 0.9993
vn 0.0169 0.0212 0.9996
vn 0.0129 0.0275 0.9995
vn -0.0611 -0.2546 0.9651
vn 0.0074 -0.0059 1.0000
vn -0.2333 0.1186 0.9651
vn -0.0941 -0.1989 0.9755
vn 0.0621 0.0152 0.9980
vn -0.0004 0.0358 0.9994
vn 0.4915 -0.0469 0.8696
vn 0.0409 0.4188 0.9072
vn 0.0110 0.0366 0.9993
vn 0.1408 -0.0737 0.9873
vn -0.0127 0.0706 0.9974
vn 0.0425 0.0167 0.9990
vn 0.0250 0.0275 0.9993
vn 0.3007 0.0996 0.9485
vn 0.3119 0.0401 0.9493
vn 0.2336 0.1514 0.9605
vn 0.0154 0.0347 0.9993
vn 0.3052 0.0615 0.9503
vn 0.0063 0.0278 0.9996
vn -0.0043 0.0244 0.9997
vn -0.0018 0.0358 0.9994
vn -0.0158 0.9691 -0.2460
vn -0.1014 0.0648 0.9927
vn 0.0014 0.9997 0.0223
vn -0.0046 0.0236 0.9997
vn 0.0160 0.0282 0.9995
vn 0.0057 0.0497 0.9987
vn -0.0143 0.0265 0.9995
vn 0.0081 0.0157 0.9998
vn 0.0197 0.0065 0.9998
vn -0.0131 0.9958 0.0910
vn 0.0047 0.9994 0.0343
vn -0.2221 0.0342 0.9744
vn -0.3746 0.0444 0.9261
vn 0.1450 -0.1072 0.9836
vn 0.0147 0.0549 0.9984
vn -0.0652 -0.0160 0.9977
vn -0.0039 0.0252 0.9997
vn -0.0290 -0.0468 0.9985
vn -0.3523 0.0096 0.9358
vn 0.0234 0.0172 0.9996
vn 0.0141 0.0040 0.9999
vn 0.0011 0.0121 0.9999
vn 0.0193 0.0300 0.9994
vn -0.3522 0.0351 0.9353
vn 0.0064 0.0124 0.9999
vn 0.0146 0.0344 0.9993
vn -0.0008 0.0456 0.9990
vn 0.0114 0.0171 0.9998
vn -0.1481 0.0645 0.9869
vn -0.0317 0.9821 -0.1858
vn 0.5068 0.0360 0.8613
vn 0.4605 -0.0497 0.8863
vn 0.0034 0.9999 0.0136
vn -0.0708 0.9808 -0.1815
vn 0.0140 0.0259 0.9996
vn -0.3061 0.0601 0.9501
vn 0.0100 0.0307 0.9995
vn -0.0438 0.0052 0.9990
vn 0.0048 0.0229 0.9997
vn 0.3493 -0.0484 0.9358
vn 0.0099 0.0191 0.9998
vn 0.0138 0.0196 0.9997
vn 0.0045 0.0248 0.9997
vn 0.0277 0.0285 0.9992
vn 0.0011 0.0327 0.9995
vn 0.0002 0.0410 0.9992
vn 0.0238 -0.0078 0.9997
vn 0.0278 0.0241 0.9993
vn -0.1267 0.0942 0.9875
vn -0.2726 0.0557 0.9605
vn 0.0050 0.0221 0.9997
vn 0.4459 0.0050 0.8951
vn 0.0205 0.0171 0.9996
vn 0.0238 0.0332 0.9992
vn 0.0408 0.0266 0.9988
vn -0.0028 0.9994 0.0340
vn 0.0052 0.0186 0.9998
vn 0.0034 0.0221 0.9998
vn -0.1967 0.5014 0.8425
vn 0.0194 0.9810 -0.1930
vn -0.0054 0.9975 0.0698
vn -0.0273 0.4334 0.9008
vn 0.0686 0.9485 0.3092
vn 0.0050 0.9992 0.0405
vn -0.0451 0.1318 0.9903
vn -0.0027 0.9989 0.0473
vn -0.0183 0.0642 0.9978
vn -0.1280 0.0202 0.9916
vn 0.1851 -0.4674 0.8644
vn 0.4730 -0.0704 0.8783
vn -0.0827 -0.0379 0.9959
vn 0.3421 0.0136 0.9396
vn -0.0129 0.0301 0.9995
vn -0.3384 0.0774 0.9378
vn 0.0036 0.0265 0.9996
vn -0.0010 0.0415 0.9991
vn 0.6699 0.0175 0.7422
vn -0.3131 -0.0123 0.9496
vn 0.0051 0.0183 0.9998
vn -0.4314 -0.1025 0.8963
vn -0.3468 0.0502 0.9366
vn -0.2310 0.7156 0.6592
vn 0.0338 0.0407 0.9986
vn 0.0034 0.0252 0.9997
vn -0.1264 0.0081 0.9920
vn 0.0174 0.0280 0.9995
vn 0.0018 0.0194 0.9998
vn 0.0079 0.0503 0.9987
vn 0.0195 0.0693 0.9974
vn 0.4018 0.1472 0.9038
vn 0.3071 -0.0092 0.9516
vn 0.0055 0.0454 0.9990
vn 0.0048 0.0244 0.9997
vn 0.0035 0.0201 0.9998
vn 0.0190 0.0315 0.9993
vn -0.3826 0.0704 0.9212
vn 0.3643 -0.0186 0.9311
vn -0.0593 0.1763 0.9826
vn 0.1092 0.5976 0.7943
vn 0.0283 -0.1580 0.9870
vn -0.2000 0.1910 0.9610
vn -0.2136 0.0642 0.9748
vn -0.0013 0.0511 0.9987
vn -0.0213 0.0357 0.9991
vn -0.1358 0.0176 0.9906
vn 0.0205 0.6454 0.7636
vn -0.0037 0.0760 0.9971
vn 0.0024 0.0540 0.9985
vn 0.1263 0.2204 0.9672
vn -0.0048 0.0190 0.9998
vn 0.0328 0.0164 0.9993
vn -0.0077 0.0420 0.9991
vn 0.0021 0.7476 0.6641
vn 0.0169 0.0485 0.9987
vn -0.2373 0.0632 0.9694
vn -0.1635 0.1220 0.9790
vn 0.1279 0.1411 0.9817
vn 0.0897 0.4828 0.8711
vn 0.4163 0.0193 0.9090
vn -0.1629 0.0211 0.9864
vn 0.0425 0.0354 0.9985
vn 0.1268 0.4713 0.8728
vn 0.4415 0.1472 0.8851
vn 0.0026 0.9996 0.0270
vn 0.0094 -0.0395 0.9992
vn 0.0008 -0.0009 1.0000
vn -0.0252 0.0363 0.9990
vn 0.0580 -0.0293 0.9979
vn 0.0138 0.0414 0.9990
vn -0.0025 0.0277 0.9996
vn -0.0269 0.0325 0.9991
vn -0.0063 0.0240 0.9997
vn 0.1784 -0.3210 0.9301
vn -0.1111 0.0318 0.9933
vn -0.0158 0.0254 0.9996
vn -0.0146 0.0210 0.9997
vn 0.0747 -0.3824 0.9210
vn -0.0473 0.1438 0.9885
vn -0.0192 0.0348 0.9992
vn -0.0171 0.0214 0.9996
vn 0.3281 -0.0337 0.9440
vn -0.0094 0.0225 0.9997
vn -0.0114 0.0296 0.9995
vn -0.0049 0.0250 0.9997
vn -0.1312 0.0957 0.9867
vn -0.0253 -0.3683 0.9294
vn 0.0252 -0.3878 0.9214
vn -0.0059 0.0119 0.9999
vn -0.1376 0.0865 0.9867
vn -1.0000 0.0046 -0.0034
vn -0.8262 0.0732 0.5586
vn -0.0133 0.0338 0.9993
vn -0.0531 -0.0010 0.9986
vn 0.3101 0.1004 0.9454
vn -0.0111 0.0129 0.9999
vn 0.3067 -0.0366 0.9511
vn -0.0132 0.0339 0.9993
vn -0.0032 0.0615 0.9981
vn 0.3069 -0.0369 0.9510
vn 0.0106 0.0226 0.9997
vn -0.8452 -0.0099 -0.5344
vn -0.0490 0.0452 0.9978
vn 0.0206 0.0171 0.9996
vn -0.0261 0.0132 0.9996
vn -0.0044 -0.2472 0.9689
vn -0.8189 0.0685 0.5698
vn -0.1521 0.1036 0.9829
vn -0.0212 0.0377 0.9991
vn -0.9511 0.0182 0.3084
vn -0.8090 0.0802 0.5823
vn -0.0071 0.0280 0.9996
vn -0.9997 0.0062 -0.0226
vn -0.0037 0.0297 0.9996
vn -0.8787 0.1201 0.4620
vn -0.0130 0.0339 0.9993
vn -0.1754 0.1827 0.9674
vn -0.5369 -0.1479 0.8305
vn 0.3816 0.0316 0.9238
vn -0.0574 0.0428 0.9974
vn -0.0299 0.0111 0.9995
vn 0.1105 0.2430 0.9637
vn -0.0184 -0.0013 0.9998
vn 0.0031 0.0343 0.9994
vn -0.0074 -0.1850 0.9827
vn -0.2376 0.0231 0.9711
vn 0.1430 -0.0031 0.9897
vn -0.0201 0.0271 0.9994
vn 0.1926 0.0677 0.9789
vn 0.3132 0.0103 0.9496
vn -0.0095 0.0305 0.9995
vn -0.3241 0.0790 0.9427
vn -0.0208 -0.3185 0.9477
vn 0.1192 -0.2891 0.9498
vn -0.1121 -0.1601 0.9807
vn -0.2277 0.0773 0.9707
vn -0.0904 -0.0041 0.9959
vn -0.4015 0.0102 0.9158
vn -0.2484 0.0403 0.9678
vn -0.0163 -0.0240 0.9996
vn -0.0235 -0.0110 0.9997
vn 0.0950 0.0264 0.9951
vn -0.2873 0.0686 0.9554
vn 0.1230 -0.0236 0.9921
vn -0.0145 -0.0213 0.9997
vn -0.0256 0.0812 0.9964
vn -0.0115 0.0328 0.9994
vn -0.0069 0.0215 0.9997
vn -0.1036 -0.2148 0.9712
vn 0.0234 0.2079 0.9779
vn -0.2218 0.0708 0.9725
vn -0.0421 0.1932 0.9803
vn -0.0567 -0.0734 0.9957
vn -1.0000 0.0038 0.0075
vn -0.9999 0.0024 0.0139
vn -0.0253 0.0251 0.9994
vn -0.9997 0.0022 0.0230
vn -0.0074 0.0330 0.9994
vn 0.0233 -0.0332 0.9992
vn 0.0163 0.0367 0.9992
vn 0.0741 0.0208 0.9970
vn 0.0017 0.0730 0.9973
vn -0.9999 0.0056 0.0116
vn -0.0626 -0.0025 0.9980
vn -0.0406 -0.3375 0.9405
vn -0.0530 0.0406 0.9978
vn 0.0062 -0.0257 0.9996
vn -0.0060 0.4124 0.9110
vn 0.0227 -0.1925 0.9810
vn -0.0510 0.0309 0.9982
vn -0.1833 -0.3177 0.9303
vn -0.0187 0.0161 0.9997
vn -0.0197 0.0247 0.9995
vn -0.7355 0.0223 0.6772
vn -0.2141 0.2865 0.9338
vn 0.0480 0.3818 0.9230
vn 0.0079 0.0400 0.9992
vn -0.0011 0.0377 0.9993
vn -0.0140 0.0162 0.9998
vn -0.0159 0.0203 0.9997
vn -0.4725 0.0708 0.8785
vn 0.0792 -0.0334 -0.9963
vn -0.0192 0.0157 0.9997
vn 0.0139 -0.1722 0.9850
vn -0.0313 0.1305 0.9909
vn 0.1675 -0.0831 0.9824
vn -0.3642 0.1004 0.9259
vn -0.0373 -0.3354 0.9413
vn -0.0156 0.1446 0.9894
vn -0.0226 -0.3643 0.9310
vn -0.0294 0.0305 0.9991
vn -0.0189 0.0172 0.9997
vn -0.0101 -0.0061 0.9999
vn 0.1436 0.0389 0.9889
vn -0.0441 0.0708 0.9965
vn 0.0753 0.3785 0.9225
vn -0.1880 0.0276 0.9818
vn -0.0369 -0.2404 0.9700
vn 0.1588 0.1252 0.9793
vn 0.4530 -0.0183 0.8913
vn -0.0306 -0.2490 0.9680
vn -0.1173 -0.4420 0.8893
vn 0.0314 -0.2787 0.9599
vn -0.0392 -0.3497 0.9360
vn -0.0381 0.1266 0.9912
vn -0.0234 0.0473 0.9986
vn 0.0461 -0.4228 0.9051
vn -0.0055 0.0346 0.9994
vn -0.0283 0.0293 0.9992
vn -0.1954 0.0850 0.9770
vn -0.2943 0.0322 0.9552
vn -0.0177 -0.0457 0.9988
vn -0.0210 0.0294 0.9993
vn -0.0090 0.0214 0.9997
vn 0.1270 0.0785 0.9888
vn -0.2517 0.0084 0.9678
vn 0.0857 -0.1954 0.9770
vn -0.0399 0.0124 0.9991
vn 0.2486 -0.0307 0.9681
vn -0.3612 0.0630 0.9304
vn -0.2957 0.0926 0.9508
vn 0.0024 0.2461 0.9692
vn -0.0247 0.0124 0.9996
vn -0.9988 0.0081 0.0484
vn 0.0275 0.0080 0.9996
vn -0.1922 0.0143 0.9813
vn -0.0477 0.3362 0.9406
vn 0.9227 -0.0664 0.3799
vn 0.0022 0.3873 0.9219
vn -0.0938 0.5444 0.8336
vn -0.0795 0.0123 0.9968
vn -0.9995 0.0198 0.0251
vn -0.1982 -0.0225 0.9799
vn -0.5535 -0.0199 0.8326
vn -0.0103 0.0078 0.9999
vn 0.0507 0.4136 0.9091
vn -0.4501 0.1044 0.8868
vn 0.0373 0.0248 0.9990
vn -0.3751 0.0429 0.9260
vn -0.3886 0.0849 0.9175
vn -0.9948 0.0294 0.0972
vn -0.0061 -0.0054 1.0000
vn -0.1279 -0.0013 0.9918
vn -0.0906 0.0049 0.9959
vn -0.3239 -0.0274 0.9457
vn 0.0460 0.0404 0.9981
vn 0.0771 0.0001 0.9970
vn 0.0012 -0.1741 0.9847
vn -0.9985 -0.0001 0.0547
vn -0.1584 0.1830 0.9703
vn -0.0405 0.0142 0.9991
vn -0.9996 0.0065 0.0263
vn -0.0240 0.0283 0.9993
vn 0.0784 0.0383 0.9962
vn 0.2741 -0.0237 0.9614
vn -0.3746 0.0431 0.9262
vn -0.4492 0.3075 0.8388
vn -0.0255 -0.0170 0.9995
vn -0.0042 0.0433 0.9991
vn 0.4139 0.2177 0.8839
vn -0.1625 0.1061 0.9810
vn 0.1476 0.4964 0.8554
vn -0.0940 0.0287 0.9952
vn -0.0228 0.0478 0.9986
vn 0.0256 0.3053 0.9519
vn -0.9999 0.0044 0.0094
vn -0.4327 0.1290 0.8923
vn -0.1918 0.0563 0.9798
vn -0.0769 0.0606 0.9952
vn -0.0336 0.0505 0.9982
vn -0.1230 0.6979 0.7056
vn -0.1807 0.0376 0.9828
vn -0.0046 0.0093 0.9999
vn -0.0257 0.0075 0.9996
vn 0.0742 0.0022 0.9972
vn -0.0685 0.0035 0.9976
vn 0.0282 -0.3391 0.9403
vn -0.9992 -0.0377 -0.0143
vn -0.0243 0.0253 0.9994
vn -0.0323 0.0146 0.9994
vn -0.9997 0.0183 0.0166
vn -0.0172 0.0241 0.9996
vn -0.0199 0.0113 0.9997
vn -0.3110 0.0406 0.9496
vn 0.0187 0.0311 0.9993
vn -0.0195 0.0245 0.9995
vn -0.3277 0.0011 0.9448
vn -0.9999 0.0025 0.0137
vn -0.0468 -0.0238 0.9986
vn 0.0172 0.3437 0.9389
vn -0.9998 -0.0004 0.0176
vn -0.0066 0.0226 0.9997
vn -0.0539 0.0770 0.9956
vn -0.0531 0.0358 0.9979
vn 0.0789 0.2781 0.9573
vn -0.2090 0.0746 0.9751
vn -0.0519 0.0404 0.9978
vn -0.0382 0.0231 0.9990
vn -0.9790 0.0391 0.1998
vn -0.0325 0.0378 0.9988
vn -0.0546 -0.0191 0.9983
vn -0.0552 0.0091 0.9984
vn -0.0166 0.0180 0.9997
vn -0.0314 0.1333 0.9906
vn -0.1228 0.5056 0.8540
vn 0.0103 0.0055 0.9999
vn -0.0154 0.0255 0.9996
vn -0.1088 -0.1475 0.9831
vn 0.0034 0.3631 0.9318
vn -0.0461 0.0152 0.9988
vn 0.0821 -0.1636 0.9831
vn 0.0182 0.3229 0.9462
vn -0.0267 -0.0178 0.9995
vn -0.0244 0.0284 0.9993
vn -0.0171 0.3408 0.9400
vn -0.0316 0.0280 0.9991
vn -0.0071 -0.2359 0.9717
vn -0.0410 -0.1954 0.9799
vn -1.0000 -0.0018 -0.0038
vn -0.0443 -0.0090 0.9990
vn -0.0292 -0.2684 0.9629
vn 0.0005 0.3651 0.9310
vn -0.0171 0.0158 0.9997
vn -0.0242 0.0255 0.9994
vn -0.9632 -0.1521 0.2216
vn -0.0180 0.0256 0.9995
vn 0.0105 -0.2063 0.9784
vn -0.0072 0.0244 0.9997
vn 0.0203 -0.0963 0.9951
vn -0.0016 0.0157 0.9999
vn -0.0125 0.0169 0.9998
vn -0.0298 0.0291 0.9991
vn 0.0244 0.0496 0.9985
vn 0.0150 0.3908 0.9204
vn -0.0002 0.0449 0.9990
vn -0.9748 -0.1236 0.1855
vn -0.0016 0.0154 0.9999
vn -0.0428 0.0609 0.9972
vn 0.0056 0.0135 0.9999
vn -0.0219 0.0116 0.9997
vn -1.0000 0.0057 0.0075
vn -0.9962 -0.0223 -0.0841
vn 0.0414 0.3473 0.9369
vn -0.0423 0.0140 0.9990
vn -0.0054 0.0244 0.9997
vn -0.0121 0.0173 0.9998
vn -0.0130 -0.0303 0.9995
vn 0.0310 0.0429 0.9986
vn -0.0270 0.0313 0.9991
vn 0.4163 -0.0007 0.9092
vn -0.1790 0.0035 0.9838
vn -0.5326 0.0500 0.8449
vn -0.6424 0.1021 0.7596
vn 0.4214 0.0045 0.9069
vn -0.4759 -0.0459 0.8783
vn -0.5147 -0.0335 0.8567
vn 0.3956 0.0396 0.9176
vn -0.0863 0.0380 0.9955
vn 0.2983 -0.0142 0.9544
vn -0.0072 0.0276 0.9996
vn 0.2837 -0.0506 0.9576
vn -0.7589 0.0731 0.6470
vn -0.1108 -0.1600 0.9809
vn 0.3784 -0.0102 0.9256
vn -0.0923 0.0088 0.9957
vn -0.5532 0.3293 0.7652
vn 0.1097 0.4258 0.8981
vn 0.4331 0.0686 0.8987
vn -0.0456 -0.2125 0.9761
vn -0.5731 -0.1136 0.8116
vn 0.0798 0.2121 0.9740
vn 0.0784 0.0218 0.9967
vn 0.4070 -0.0431 0.9124
vn 0.3701 0.0342 0.9284
vn 0.0021 0.0129 0.9999
vn -0.0167 0.0249 0.9995
vn -0.0238 0.0071 0.9997
vn -0.0376 -0.1996 0.9792
vn -0.1883 0.2233 0.9564
vn -0.0453 -0.0789 0.9959
vn 0.0289 0.0368 0.9989
vn -0.1059 0.0573 0.9927
vn -0.5058 -0.0251 0.8623
vn 0.0076 -0.2106 0.9775
vn -0.6535 0.0769 0.7530
vn -0.0131 0.0190 0.9997
vn -0.0264 0.0288 0.9992
vn 0.0003 -0.2418 0.9703
vn -0.0307 -0.0108 0.9995
vn -0.0222 0.0281 0.9994
vn -0.4521 0.1674 0.8761
vn 0.3835 0.0534 0.9220
vn -0.0319 0.0209 0.9993
vn -0.0041 0.0226 0.9997
vn 0.0348 0.0560 0.9978
vn -0.5712 0.0475 0.8194
vn -0.0341 0.0070 0.9994
vn 0.1212 -0.0073 0.9926
vn -0.0098 0.0318 0.9994
vn -0.9965 0.0017 0.0839
vn -0.0270 0.0226 0.9994
vn 0.0538 0.0424 0.9977
vn -0.0052 0.0201 0.9998
vn 0.0482 -0.0138 0.9987
vn -0.0646 -0.1465 0.9871
vn -0.0366 0.0282 0.9989
vn 0.0418 0.1719 0.9842
vn -0.0349 0.1128 0.9930
vn -0.9852 0.1322 -0.1095
vn -0.0091 -0.9997 0.0207
vn 0.0191 -0.0599 0.9980
vn -0.0381 0.6650 -0.7459
vn -0.0035 0.0212 0.9998
vn -0.0077 -0.4892 0.8721
vn 0.4208 -0.3677 0.8293
vn 0.7810 -0.5993 -0.1759
vn 0.3663 -0.8732 0.3214
vn 0.3748 -0.8972 0.2335
vn 0.5296 -0.5089 0.6787
vn 0.5582 -0.5083 0.6558
vn 0.0747 -0.0044 0.9972
vn -0.0340 -0.8643 0.5018
vn 0.0466 -0.9408 0.3359
vn 0.0323 -0.8778 0.4779
vn 0.7155 -0.3064 0.6278
vn -0.0480 -0.9395 0.3391
vn 0.8421 -0.3350 0.4227
vn 0.0636 -0.9224 0.3810
vn 0.8905 -0.3130 0.3303
vn 0.0266 -0.8793 0.4755
vn 0.7758 -0.3043 0.5528
vn 0.1583 -0.9826 -0.0976
vn -0.1090 -0.0413 0.9932
vn 0.6397 -0.4159 0.6464
vn 0.1472 -0.9445 0.2938
vn 0.2359 -0.9374 0.2561
vn 0.3444 -0.9020 0.2603
vn 0.2699 -0.9324 0.2402
vn 0.4308 -0.8970 0.0990
vn 0.4276 -0.8981 0.1030
vn 0.3058 -0.8842 0.3532
vn 0.1603 -0.9493 0.2704
vn 0.1972 -0.9195 0.3400
vn 0.2382 -0.9138 0.3289
vn 0.3563 0.0190 0.9342
vn 0.3116 -0.9152 0.2555
vn 0.2814 -0.9196 0.2742
vn 0.1452 -0.9316 0.3332
vn 0.2377 -0.9123 0.3334
vn -0.4046 0.0325 0.9139
vn 0.1642 -0.9429 0.2899
vn 0.3611 -0.9288 0.0828
vn 0.2033 -0.9699 0.1338
vn 0.3613 -0.9265 0.1050
vn -0.0400 -0.1443 0.9887
vn 0.1331 -0.9722 0.1926
vn 0.3888 -0.9201 0.0481
vn 0.2696 -0.9584 0.0934
vn 0.4397 -0.0849 0.8941
vn -0.0439 -0.1366 0.9897
vn -0.3464 -0.0352 0.9374
vn -0.0338 -0.2330 0.9719
vn 0.2353 -0.9229 0.3049
vn 0.1713 -0.9830 0.0662
vn -0.5432 -0.2576 0.7991
vn 0.3354 -0.0013 0.9421
vn 0.0707 -0.1485 0.9864
vn 0.1438 -0.9734 0.1786
vn 0.1060 -0.5360 0.8375
vn -0.3329 0.0507 0.9416
vn 0.3940 -0.9058 0.1556
vn 0.0231 0.0702 0.9973
vn -0.0010 0.0155 0.9999
vn 0.1667 -0.9847 0.0514
vn -0.0093 -0.0376 0.9993
vn 0.3047 0.0081 0.9524
vn -0.3127 0.0193 0.9496
vn -0.3244 -0.1050 0.9401
vn 0.3558 -0.0217 0.9343
vn 0.0657 -0.1992 0.9778
vn -0.0030 0.0148 0.9999
vn 0.3516 -0.0356 0.9355
vn -0.0199 -0.1323 0.9910
vn 0.0077 -0.0202 0.9998
vn -0.0106 -0.1492 0.9888
vn 0.4985 -0.5515 0.6689
vn 0.8265 -0.4384 0.3531
vn 0.1276 -0.9751 0.1812
vn 0.5170 -0.7613 0.3914
vn 0.1883 -0.9690 0.1600
vn 0.7677 -0.4481 0.4580
vn 0.0094 -0.0134 0.9999
vn 0.0239 -0.3967 0.9176
vn 0.7680 -0.4498 0.4559
vn 0.0010 0.0071 1.0000
vn 0.0022 -0.0183 0.9998
vn 0.3702 -0.4701 0.8012
vn 0.0068 -0.3858 0.9225
vn 0.0055 -0.1757 0.9844
vn 0.8063 -0.5608 -0.1881
vn 0.0006 0.0061 1.0000
vn -0.0576 -0.0379 0.9976
vn -0.0143 -0.0251 0.9996
vn 0.8218 -0.4748 0.3149
vn 0.8391 -0.5153 0.1743
vn 0.7956 -0.5815 -0.1699
vn 0.0069 0.0111 0.9999
vn 0.3259 -0.8870 0.3272
vn 0.8642 -0.4806 -0.1489
vn 0.4044 -0.8781 0.2559
vn 0.0359 0.1005 0.9943
vn 0.0500 -0.8011 0.5965
vn 0.2795 -0.9076 0.3134
vn 0.4204 -0.8636 0.2781
vn 0.0840 -0.0792 0.9933
vn -0.2351 -0.0049 0.9720
vn 0.0168 0.3751 0.9268
vn 0.8596 -0.4831 -0.1665
vn 0.4144 -0.8580 0.3035
vn -0.3680 0.0137 0.9297
vn 0.0231 0.3922 0.9196
vn 0.2049 -0.8237 0.5287
vn 0.3357 -0.8450 0.4162
vn 0.3158 -0.8366 0.4476
vn 0.1569 -0.9240 0.3488
vn 0.4221 -0.8433 0.3328
vn 0.5145 -0.7726 0.3722
vn 0.4647 -0.8239 0.3245
vn 0.0033 -0.9997 0.0231
vn -0.0035 -1.0000 0.0058
vn 0.3289 -0.8473 0.4171
vn 0.4177 -0.8468 0.3294
vn 0.2586 -0.8882 0.3799
vn 0.2706 -0.8556 0.4414
vn 0.3031 -0.8547 0.4215
vn 0.7961 -0.5098 -0.3261
vn 0.8871 -0.4437 0.1272
vn 0.3279 -0.8847 0.3312
vn 0.2003 -0.9276 0.3152
vn 0.2364 -0.8918 0.3858
vn 0.1424 -0.8659 0.4796
vn 0.8287 -0.5566 -0.0584
vn 0.7053 -0.6791 0.2033
vn 0.1661 -0.9239 0.3446
vn 0.5031 -0.3002 0.8104
vn 0.1712 -0.8697 0.4629
vn 0.6187 -0.4072 0.6719
vn 0.3571 -0.2863 0.8891
vn 0.0151 -0.0026 0.9999
vn -0.0477 -0.0320 0.9983
vn 0.0125 -0.0038 0.9999
vn 0.0625 -0.0067 0.9980
vn 0.0584 0.0053 0.9983
vn 0.8520 -0.5140 0.0998
vn 0.0621 -0.9791 0.1935
vn 0.0631 -0.0075 0.9980
vn 0.2420 -0.8714 0.4268
vn 0.8962 -0.4432 0.0192
vn 0.0350 -0.9810 -0.1908
vn 0.9449 -0.3261 0.0270
vn -0.0435 -0.9749 -0.2182
vn 0.0711 -0.9838 -0.1647
vn -0.1396 0.2686 0.9531
vn -0.0599 0.0664 0.9960
vn 0.7681 -0.6313 0.1071
vn 0.0066 0.0064 1.0000
vn 0.3469 -0.5656 0.7482
vn 0.0027 -0.0043 1.0000
vn -0.2416 0.0007 0.9704
vn 0.3853 -0.6290 0.6752
vn 0.0287 0.2250 0.9739
vn -0.2628 -0.0489 0.9636
vn 0.8068 -0.5896 0.0380
vn -0.4085 0.0873 0.9086
vn 0.4499 -0.8804 0.1503
vn 0.3193 -0.0158 0.9475
vn 0.7689 -0.6300 0.1093
vn -0.0460 -0.0429 0.9980
vn 0.2817 -0.0273 0.9591
vn 0.6858 -0.7259 0.0524
vn 0.1743 -0.9697 -0.1710
vn 0.3946 -0.6726 0.6260
vn -0.2405 0.0272 0.9703
vn -0.0765 -0.9918 0.1021
vn 0.4580 -0.8848 0.0862
vn -0.0154 -0.9999 -0.0061
vn 0.3126 -0.0234 0.9496
vn 0.0752 -0.9719 -0.2229
vn 0.3822 -0.6232 0.6823
vn 0.0517 -0.9965 -0.0650
vn -0.0469 -0.9936 0.1025
vn 0.3364 -0.9218 -0.1928
vn 0.5834 -0.8069 0.0928
vn 0.1137 -0.9876 0.1081
vn 0.5601 -0.4729 0.6802
vn 0.6254 -0.2624 0.7348
vn 0.0812 -0.0001 0.9967
vn 0.0947 -0.0250 0.9952
vn 0.6043 -0.2215 0.7653
vn -0.0093 -0.2387 0.9711
vn 0.0018 0.0166 0.9999
vn -0.0250 -0.2561 0.9663
vn -0.0375 0.0084 0.9993
vn 0.0320 -0.0389 0.9987
vn 0.0013 -0.0061 1.0000
vn 0.0020 -0.1954 0.9807
vn 0.0198 -0.0219 0.9996
vn 0.0289 -0.0837 0.9961
vn 0.5209 -0.8234 0.2250
vn 0.5174 -0.7728 0.3676
vn 0.5167 -0.7981 0.3098
vn 0.5375 -0.7950 0.2812
vn 0.5827 -0.7674 0.2673
vn 0.6067 -0.7325 0.3088
vn 0.6228 -0.7420 0.2482
vn -0.0336 -0.0093 0.9994
vn 0.1568 -0.9755 -0.1543
vn 0.2254 -0.9680 -0.1100
vn 0.2387 -0.9663 -0.0962
vn 0.2252 -0.9681 -0.1098
vn 0.2040 -0.9649 -0.1655
vn 0.3368 -0.9378 -0.0843
vn 0.3225 -0.9257 -0.1978
vn 0.3657 -0.9154 -0.1681
vn 0.3896 -0.9136 -0.1164
vn 0.4314 -0.8987 -0.0795
vn 0.3657 -0.9155 -0.1675
vn 0.4177 -0.8881 -0.1919
vn 0.3963 -0.9062 -0.1472
vn 0.4531 -0.8521 0.2621
vn 0.4313 -0.8733 0.2265
vn 0.4671 -0.8595 0.2076
vn 0.4257 -0.8732 0.2372
vn 0.4673 -0.8621 0.1959
vn 0.4321 -0.8729 0.2266
vn 0.4338 -0.8865 0.1609
vn 0.4011 -0.8852 0.2356
vn 0.5613 -0.8056 0.1896
vn 0.5692 -0.8049 0.1680
vn -0.0510 -0.0446 0.9977
vn -0.2446 0.0002 0.9696
vn 0.3220 -0.0010 0.9467
vn 0.0610 -0.8875 -0.4567
vn -0.2705 0.0132 0.9626
vn 0.0502 -0.9974 -0.0517
vn 0.5078 -0.8500 0.1402
vn -0.0205 -0.9981 0.0577
vn 0.2517 -0.9545 -0.1600
vn 0.6621 -0.7366 0.1377
vn 0.0046 0.0023 1.0000
vn 0.5249 -0.8491 0.0594
vn 0.5177 -0.8213 0.2398
vn -0.0648 -0.0289 0.9975
vn 0.3599 -0.9190 -0.1607
vn -0.2789 0.0099 0.9603
vn -0.3098 0.1421 0.9401
vn 0.2903 -0.0045 0.9569
vn 0.0067 -0.0031 1.0000
vn -0.2613 -0.0126 0.9652
vn 0.0019 0.0053 1.0000
vn -0.0737 -0.1687 0.9829
vn 0.0093 0.0001 1.0000
vn 0.3350 -0.9204 -0.2016
vn -0.0458 -0.9936 0.1033
vn 0.6324 -0.4048 0.6604
vn -0.0077 -0.3953 0.9185
vn 0.4012 -0.3533 0.8451
vn 0.0305 -0.0226 0.9993
vn 0.0286 -0.3071 0.9513
vn 0.6576 -0.7457 0.1068
vn 0.6741 -0.7044 0.2223
vn -0.0362 -0.9917 0.1234
vn 0.0014 0.5046 0.8634
vn 0.0165 -0.2364 0.9715
vn 0.1614 -0.8784 0.4498
vn -0.0295 -0.0906 0.9954
vn -0.0124 -0.1763 0.9843
vn -0.0189 -0.3321 0.9431
vn 0.0079 -0.0065 0.9999
vn 0.0461 -0.0745 0.9962
vn 0.0234 -0.2290 0.9731
vn -0.0193 0.0622 0.9979
vn 0.6082 -0.7710 0.1889
vn 0.0108 -0.0114 0.9999
vn 0.0040 -0.0031 1.0000
vn 0.7098 -0.6634 0.2367
vn 0.2457 -0.8465 0.4724
vn 0.0073 -0.0091 0.9999
vn 0.5073 -0.8502 0.1406
vn 0.4818 -0.8630 0.1520
vn 0.6017 -0.7742 0.1965
vn -0.0872 -0.9749 0.2047
vn 0.6832 -0.7110 0.1662
vn 0.7169 -0.6719 0.1861
vn 0.4787 -0.8542 0.2028
vn 0.0097 -0.0150 0.9998
vn 0.6495 -0.7491 0.1304
vn -0.0556 0.1364 0.9891
vn 0.0146 -0.9983 0.0560
vn -0.4618 0.0286 0.8865
vn -0.0111 -0.9999 0.0086
vn 0.0543 -0.0011 0.9985
vn 0.4960 -0.8573 0.1377
vn -0.0076 0.4197 0.9076
vn 0.1813 -0.0072 0.9834
vn 0.0128 -0.9878 0.1550
vn -0.0040 -0.0176 0.9998
vn -0.0775 -0.0373 0.9963
vn 0.7490 -0.6135 0.2502
vn -0.1560 -0.2071 0.9658
vn 0.2842 0.0380 0.9580
vn -0.4390 -0.0297 0.8980
vn -0.3186 0.0285 0.9475
vn 0.4546 -0.8832 0.1149
vn 0.6739 -0.6830 0.2819
vn 0.4747 -0.7967 0.3740
vn 0.0065 -0.0035 1.0000
vn -0.1790 0.4109 0.8939
vn 0.1992 0.0957 0.9753
vn 0.0898 -0.8915 0.4441
vn -0.1379 0.1585 0.9777
vn 0.0146 -0.0008 0.9999
vn 0.0920 -0.0624 0.9938
vn 0.2794 -0.1267 0.9518
vn 0.3570 -0.4392 0.8244
vn 0.2914 0.0649 0.9544
vn 0.1958 0.0892 0.9766
vn -0.1371 0.1251 0.9826
vn 0.3027 -0.0041 0.9531
vn 0.0148 0.4043 0.9145
vn 0.7287 -0.5743 0.3730
vn 0.0061 0.4136 0.9104
vn 0.1880 -0.5395 0.8208
vn 0.0294 -0.0248 0.9993
vn -0.1818 0.0648 0.9812
vn -0.1440 0.0914 0.9854
vn 0.0881 -0.4794 0.8731
vn 0.0270 0.4272 0.9038
vn 0.0341 -0.0265 0.9991
vn -0.0083 -0.9999 0.0135
vn -0.1231 0.0567 0.9908
vn -0.1371 -0.0304 0.9901
vn 0.6809 -0.6692 0.2975
vn 0.0020 0.0058 1.0000
vn -0.1049 0.0648 0.9924
vn 0.0851 -0.4282 0.8997
vn 0.3466 -0.1571 0.9248
vn -0.0466 0.0288 0.9985
vn 0.0418 -0.0762 0.9962
vn 0.0057 0.0055 1.0000
vn 0.3417 -0.0098 0.9397
vn 0.1862 -0.9613 -0.2033
vn -0.0053 0.0057 1.0000
vn 0.2343 -0.6995 0.6751
vn 0.2474 -0.9467 -0.2062
vn 0.1502 -0.5157 0.8435
vn 0.1904 -0.9505 -0.2455
vn 0.2374 -0.7004 0.6731
vn 0.4370 -0.8980 0.0521
vn 0.0071 -0.0309 0.9995
vn 0.3298 -0.6367 0.6971
vn 0.0033 -0.0114 0.9999
vn 0.1996 -0.9753 0.0943
vn 0.3474 -0.9210 -0.1761
vn 0.0043 0.0070 1.0000
vn 0.1193 -0.7355 0.6669
vn 0.3409 -0.9167 -0.2083
vn 0.2055 -0.6401 0.7403
vn 0.2706 -0.9594 0.0790
vn -0.0375 -0.9882 0.1484
vn -0.0265 -0.9824 0.1851
vn 0.1746 -0.3949 0.9020
vn 0.1098 -0.9874 0.1139
vn 0.1504 -0.9629 0.2242
vn 0.2826 -0.6923 0.6639
vn 0.2373 -0.9378 0.2534
vn 0.2353 -0.9439 0.2317
vn 0.2765 -0.9422 0.1891
vn 0.4524 -0.8778 -0.1574
vn 0.3601 -0.6278 -0.6901
vn 0.4423 -0.8799 -0.1736
vn 0.3315 -0.9156 0.2275
vn 0.0101 -0.0232 0.9997
vn 0.4336 -0.8716 0.2286
vn 0.4384 -0.8740 -0.2094
vn 0.4427 -0.8796 -0.1740
vn 0.5289 -0.8210 -0.2150
vn 0.5305 -0.8185 -0.2206
vn 0.3454 -0.9182 0.1937
vn 0.4232 -0.8881 -0.1793
vn 0.5804 -0.7953 -0.1752
vn 0.0915 -0.0834 0.9923
vn 0.5601 -0.8057 -0.1928
vn 0.5171 -0.8412 -0.1580
vn 0.5066 -0.8404 -0.1925
vn 0.6941 -0.7071 -0.1350
vn 0.5803 -0.7954 -0.1750
vn 0.0278 -0.9956 -0.0894
vn 0.0315 -0.9962 -0.0809
vn 0.6861 -0.6995 -0.2000
vn 0.6835 -0.7038 -0.1938
vn 0.0334 -0.9824 -0.1839
vn 0.0027 0.0007 1.0000
vn 0.0492 -0.9847 -0.1673
vn -0.0317 -0.4611 0.8868
vn 0.0006 -0.3861 0.9224
vn 0.2003 -0.9672 -0.1559
vn 0.0558 0.2494 0.9668
vn 0.0094 -0.0159 0.9998
vn 0.0037 -0.0002 1.0000
vn 0.0135 0.0001 0.9999
vn 0.0016 -0.0105 0.9999
vn 0.0140 -0.7876 0.6160
vn -0.0035 -0.0064 1.0000
vn -0.0391 -0.3147 0.9484
vn 0.2723 -0.7185 0.6400
vn -0.0308 -0.9984 -0.0484
vn 0.8170 -0.5693 0.0917
vn 0.0019 -0.0069 1.0000
vn 0.8615 -0.4494 0.2365
vn 0.8804 -0.4319 0.1957
vn 0.1055 -0.9860 0.1293
vn 0.0822 -0.9959 0.0388
vn 0.1034 -0.9946 -0.0015
vn -0.0410 -0.9976 0.0550
vn 0.0813 -0.9862 -0.1445
vn -0.0622 -0.9823 -0.1768
vn 0.7745 -0.6244 0.1013
vn 0.1161 -0.9724 -0.2023
vn 0.1268 -0.9838 -0.1269
vn 0.7315 -0.6287 -0.2638
vn 0.7633 -0.6357 -0.1150
vn 0.0111 -0.0057 0.9999
vn 0.7377 -0.6013 -0.3070
vn 0.8059 -0.5896 0.0532
vn -0.0126 -0.9993 0.0342
vn -0.0049 -0.0038 1.0000
vn -0.0075 -0.9685 -0.2489
vn 0.0092 -1.0000 0.0006
vn -0.0042 -0.9747 -0.2234
vn -0.0233 0.0138 0.9996
vn 0.3479 -0.0365 0.9368
vn 0.0051 -0.0085 1.0000
vn 0.0488 0.4110 0.9103
vn 0.0080 -0.0073 0.9999
vn -0.0152 0.4032 0.9150
vn 0.0052 -0.0044 1.0000
vn 0.0218 0.4510 0.8922
vn 0.2676 -0.9495 0.1641
vn 0.3618 -0.9224 0.1350
vn 0.3464 -0.9253 0.1546
vn 0.4463 -0.8828 0.1467
vn 0.0761 0.0012 0.9971
vn 0.7903 -0.5911 0.1612
vn 0.8369 -0.5204 0.1697
vn 0.0746 -0.9641 0.2550
vn 0.0030 0.0041 1.0000
vn 0.0781 -0.7438 0.6638
vn 0.0055 -0.0077 1.0000
vn 0.0905 -0.7348 0.6722
vn 0.1549 -0.5176 0.8415
vn 0.1805 -0.9659 -0.1854
vn -0.0002 0.0004 1.0000
vn -0.0113 0.0229 0.9997
vn 0.8364 -0.5211 0.1703
vn 0.0803 -0.0860 0.9931
vn 0.0029 0.0024 1.0000
vn 0.2452 -0.9676 0.0595
vn 0.4216 -0.9039 0.0722
vn 0.2713 -0.9434 -0.1906
vn 0.2818 -0.9394 -0.1950
vn -0.0869 -0.0473 0.9951
vn 0.0681 -0.3057 0.9497
vn -0.0095 -0.0088 0.9999
vn -0.0625 0.3187 0.9458
vn -0.0202 -0.0152 0.9997
vn 0.3864 -0.9100 -0.1505
vn 0.0015 -0.0154 0.9999
vn 0.5378 -0.8376 -0.0954
vn 0.3495 -0.9181 -0.1871
vn -0.0250 -0.4808 0.8765
vn 0.1700 0.0497 0.9842
vn -0.0012 -0.0059 1.0000
vn 0.0127 -0.6230 0.7821
vn -0.1995 0.2345 0.9514
vn -0.0081 -0.1636 0.9865
vn 0.2306 -0.3704 0.8998
vn 0.0071 -0.0028 1.0000
vn 0.0116 -0.6992 0.7148
vn 0.0713 -0.6599 0.7479
vn -0.3945 0.0249 0.9186
vn -0.0357 -0.2368 0.9709
vn -0.0168 -0.4748 0.8799
vn -0.3770 0.0164 0.9261
vn 0.0267 -0.0039 0.9996
vn 0.0289 -0.0198 0.9994
vn 0.1992 0.0956 0.9753
vn -0.4125 0.0411 0.9100
vn -0.0186 -0.4804 0.8768
vn 0.3591 -0.0196 0.9331
vn 0.3394 -0.8200 0.4609
vn -0.1338 -0.1042 0.9855
vn 0.0156 -0.0099 0.9998
vn 0.3454 -0.0076 0.9384
vn 0.0204 0.0053 0.9998
vn 0.0246 -0.0026 0.9997
vn 0.0016 -0.0120 0.9999
vn 0.0071 -0.0054 1.0000
vn 0.0017 -0.0091 1.0000
vn 0.3426 -0.0374 0.9387
vn 0.0294 -0.0209 0.9993
vn 0.0423 0.1152 0.9924
vn 0.0303 -0.0047 0.9995
vn 0.2735 -0.1670 0.9473
vn 0.5156 -0.7979 0.3122
vn -0.0800 -0.8011 0.5931
vn -0.0256 0.3925 0.9194
vn -0.0271 -0.4594 0.8878
vn 0.1298 -0.9757 0.1763
vn -0.0144 -0.0362 0.9992
vn -0.0115 -0.9925 0.1219
vn -0.0094 -0.0012 1.0000
vn -0.0187 -0.0284 0.9994
vn 0.0317 -0.0001 0.9995
vn 0.4160 -0.8881 -0.1953
vn 0.3822 -0.7673 0.5150
vn -0.0231 -0.2169 0.9759
vn -0.0302 -0.1800 0.9832
vn -0.0248 -0.9612 0.2746
vn 0.0170 -0.9598 0.2801
vn 0.0225 -0.9684 0.2483
vn 0.8411 -0.4854 -0.2386
vn 0.0116 -0.9281 0.3722
vn 0.0175 -0.0151 0.9997
vn 0.0768 -0.9731 0.2172
vn 0.8722 -0.4580 -0.1719
vn 0.6138 -0.7474 -0.2543
vn 0.0228 -0.9686 0.2477
vn 0.6357 -0.7203 -0.2776
vn 0.5801 -0.5458 0.6046
vn 0.0224 0.0001 0.9997
vn 0.7020 -0.6926 -0.1658
vn -0.0145 -0.9760 0.2172
vn 0.6397 -0.6807 0.3571
vn 0.0342 -0.7435 0.6678
vn 0.6467 -0.5262 0.5521
vn -0.0108 0.0071 0.9999
vn 0.0859 -0.7781 0.6223
vn 0.8069 -0.5397 0.2402
vn 0.1466 -0.7844 0.6027
vn 0.8037 -0.5475 0.2329
vn 0.7898 -0.5839 -0.1878
vn 0.0024 -0.0305 0.9995
vn 0.0081 -0.0086 0.9999
vn 0.7313 -0.5725 0.3707
vn 0.4263 -0.7366 0.5251
vn -0.0091 0.0105 0.9999
vn 0.8259 -0.4708 0.3103
vn 0.5410 -0.5509 0.6355
vn 0.6764 -0.4397 0.5909
vn 0.1555 -0.9676 -0.1991
vn 0.6208 -0.6468 0.4430
vn 0.6019 -0.7083 0.3688
vn 0.7043 -0.5402 0.4606
vn -0.0214 -0.0198 0.9996
vn 0.2686 -0.9437 -0.1930
vn 0.8574 -0.3739 0.3537
vn 0.8059 -0.5401 0.2426
vn 0.6504 -0.6312 0.4226
vn 0.6597 -0.5550 0.5067
vn 0.0275 -0.0042 0.9996
vn 0.8692 -0.4167 0.2661
vn 0.0067 -0.0123 0.9999
vn 0.2296 -0.8075 0.5434
vn -0.0017 -0.0258 0.9997
vn 0.0105 -0.0052 0.9999
vn 0.0332 0.4153 0.9091
vn 0.2586 -0.9584 0.1211
vn 0.0282 0.1642 0.9860
vn 0.2813 -0.9367 0.2087
vn 0.3618 -0.8273 0.4298
vn 0.8689 -0.4171 0.2667
vn 0.0311 0.0014 0.9995
vn 0.3300 -0.9342 0.1354
vn 0.5233 -0.7617 0.3820
vn 0.3999 -0.8406 0.3655
vn 0.4671 -0.8116 0.3508
vn 0.4446 -0.7890 0.4240
vn 0.3845 -0.8568 0.3437
vn -0.0037 0.0008 1.0000
vn 0.0077 -0.0039 1.0000
vn 0.3019 -0.8811 0.3640
vn 0.0069 0.0046 1.0000
vn 0.0014 -0.9997 0.0226
vn 0.4605 -0.8110 0.3610
vn 0.4562 -0.8232 0.3380
vn -0.0084 -0.0185 0.9998
vn 0.4963 -0.6988 0.5151
vn -0.0035 0.0073 1.0000
vn -0.0067 0.0030 1.0000
vn 0.0046 -0.0102 0.9999
vn 0.0078 -0.0205 0.9998
vn 0.5053 -0.8617 -0.0468
vn 0.5578 -0.8122 -0.1707
vn 0.4612 -0.8697 -0.1759
vn 0.5601 -0.8116 -0.1662
vn 0.0906 0.2075 0.9740
vn -0.0069 0.0035 1.0000
vn 0.0120 0.3826 0.9238
vn 0.4590 -0.8762 -0.1466
vn 0.4735 -0.8661 -0.1598
vn 0.5828 -0.8038 -0.1196
vn 0.6775 -0.7294 -0.0946
vn 0.4239 -0.9047 0.0430
vn 0.5550 -0.8180 -0.1513
vn 0.6507 -0.7578 -0.0469
vn 0.4726 -0.8659 -0.1640
vn 0.5602 -0.8241 -0.0840
vn 0.6755 -0.7090 -0.2027
vn 0.4862 -0.8726 0.0460
vn 0.6868 -0.7248 0.0539
vn 0.5467 -0.8323 -0.0911
vn 0.4803 -0.8494 -0.2187
vn 0.5732 -0.7714 -0.2765
vn 0.6581 -0.7490 -0.0768
vn 0.5099 -0.8222 -0.2529
vn 0.4848 -0.8468 -0.2188
vn 0.0037 -0.9997 0.0227
vn -0.0423 -0.9926 -0.1140
vn -0.0002 -0.8429 -0.5380
vn -0.0131 -0.9998 0.0181
vn -0.0179 -0.9998 -0.0058
vn 0.1983 0.9348 -0.2947
vn 0.5416 0.7228 0.4293
vn 0.5237 0.8477 -0.0850
vn 0.5459 0.8295 -0.1182
vn 0.1348 0.9236 -0.3589
vn 0.1237 0.9336 -0.3364
vn 0.8912 -0.3550 0.2825
vn 0.9763 -0.0203 -0.2156
vn 0.4660 0.8472 -0.2551
vn 0.7945 -0.2380 0.5586
vn 0.9317 -0.1391 -0.3355
vn 0.9441 -0.2073 -0.2564
vn 0.8146 -0.2425 0.5269
vn 0.8746 -0.4627 -0.1450
vn 0.5397 0.7271 0.4243
vn 0.8487 0.1574 0.5049
vn 0.8494 0.0803 0.5216
vn 0.8430 -0.0916 0.5301
vn 0.8473 0.0895 0.5235
vn 0.5831 0.8122 -0.0168
vn 0.8349 0.0348 0.5494
vn 0.8347 -0.0101 0.5506
vn 0.5498 0.8343 -0.0417
vn 0.5480 0.8348 -0.0519
vn 0.8404 0.0615 0.5385
vn 0.8500 -0.1098 0.5153
vn 0.4914 0.8704 -0.0305
vn 0.4875 0.8661 -0.1103
vn 0.5287 0.8380 -0.1350
vn 0.5065 0.8622 -0.0092
vn 0.5618 0.7501 0.3488
vn 0.4950 0.8583 -0.1351
vn 0.5153 0.8527 -0.0856
vn 0.5353 0.8176 -0.2122
vn 0.4837 0.8593 -0.1662
vn 0.5420 0.8101 -0.2236
vn 0.4657 0.8798 -0.0956
vn 0.4778 0.8621 -0.1686
vn 0.4600 0.8867 -0.0473
vn 0.3647 0.9204 -0.1410
vn 0.4218 0.9063 -0.0271
vn 0.4170 0.9089 0.0011
vn 0.3694 0.9251 -0.0878
vn 0.4990 0.7642 0.4088
vn 0.3641 0.9205 -0.1421
vn 0.3721 0.9178 -0.1383
vn 0.3274 0.9381 -0.1131
vn 0.8005 0.5343 0.2716
vn 0.8534 0.5026 0.1385
vn 0.8795 0.4593 0.1250
vn 0.8324 0.4753 0.2850
vn 0.8647 0.4962 0.0777
vn 0.8640 0.4960 0.0863
vn 0.8529 0.5092 0.1151
vn 0.8699 0.4695 0.1510
vn 0.5452 0.7965 0.2616
vn 0.8028 0.5941 0.0514
vn 0.4775 0.7150 0.5108
vn 0.8271 0.5609 0.0364
vn 0.5620 0.7493 0.3502
vn 0.3232 0.8922 -0.3155
vn 0.2249 0.9302 -0.2901
vn 0.3113 0.9106 -0.2720
vn 0.3071 0.9112 -0.2746
vn 0.2101 0.9330 -0.2921
vn 0.1624 0.9547 -0.2494
vn 0.8230 -0.3234 0.4669
vn 0.2052 0.9536 -0.2204
vn 0.5447 0.7877 0.2878
vn 0.8401 -0.3105 0.4448
vn 0.8513 -0.3389 0.4006
vn 0.9060 -0.2796 0.3178
vn 0.8541 -0.3378 0.3954
vn 0.8343 -0.4161 0.3615
vn 0.8689 -0.3874 0.3082
vn 0.8558 -0.3912 0.3385
vn 0.2489 0.9037 -0.3484
vn 0.3042 0.9017 -0.3072
vn 0.3169 0.9123 -0.2594
vn 0.5239 0.7864 0.3273
vn 0.2636 0.9127 -0.3123
vn 0.8616 -0.4398 0.2536
vn 0.2139 0.9352 -0.2822
vn 0.4984 0.7817 0.3748
vn 0.1551 0.9340 -0.3219
vn 0.3377 0.8495 0.4053
vn 0.4096 0.8062 0.4270
vn 0.2939 0.8954 -0.3345
vn 0.8341 -0.0875 0.5446
vn 0.2272 0.9121 -0.3411
vn 0.4786 0.8307 0.2844
vn 0.5841 0.6968 0.4163
vn 0.1253 0.9343 -0.3337
vn 0.8086 -0.2161 0.5472
vn 0.8355 -0.1786 0.5196
vn 0.5876 0.7376 0.3326
vn 0.8539 -0.0594 0.5171
vn 0.8354 -0.1786 0.5198
vn 0.5853 0.7444 0.3214
vn 0.6379 0.7329 0.2367
vn 0.5686 0.7776 0.2685
vn 0.4100 0.8163 0.4069
vn 0.5576 0.7761 0.2947
vn 0.6062 0.7142 0.3499
vn 0.8035 -0.5161 -0.2965
vn 0.9812 0.1540 -0.1164
vn 0.6308 0.7213 0.2862
vn 0.5845 0.7331 0.3477
vn 0.4370 0.8580 0.2699
vn 0.4263 0.7612 0.4886
vn 0.4319 0.7777 0.4568
vn 0.4339 0.7506 0.4983
vn 0.4433 0.8475 0.2920
vn 0.9590 0.1780 -0.2205
vn 0.9991 -0.0412 -0.0107
vn 0.3748 0.8209 0.4309
vn 0.3894 0.8740 0.2906
vn 0.9968 -0.0585 -0.0542
vn 0.9946 0.0332 -0.0980
vn 0.9816 0.0398 -0.1866
vn 0.4139 0.8124 0.4108
vn 0.9593 0.1729 -0.2232
vn 0.9929 0.0236 -0.1164
vn 0.5066 0.7946 0.3347
vn 0.9759 -0.0067 -0.2182
vn 0.9894 -0.0291 -0.1426
vn 0.3723 0.8243 0.4265
vn 0.9981 -0.0164 0.0602
vn 0.9835 -0.1576 0.0889
vn 0.9842 -0.0067 0.1769
vn 0.9609 -0.2079 0.1828
vn 0.9634 -0.1822 0.1967
vn 0.9750 0.0943 0.2010
vn 0.9777 0.0134 0.2095
vn 0.3413 0.8769 0.3385
vn 0.9449 0.0126 0.3271
vn 0.9754 -0.1431 0.1676
vn 0.9893 -0.1294 0.0681
vn 0.9926 0.0315 0.1175
vn 0.9702 -0.2278 0.0826
vn 0.9667 -0.2526 0.0408
vn -0.0357 0.8340 0.5506
vn 0.9634 -0.2417 0.1154
vn -0.0951 0.8541 0.5114
vn -0.0385 0.7877 0.6149
vn 0.9554 -0.0801 -0.2844
vn 0.9659 0.1847 0.1813
vn 0.9362 -0.2611 0.2354
vn 0.9888 0.1326 0.0692
vn 0.8084 0.2587 0.5288
vn 0.9458 -0.1826 -0.2686
vn 0.9150 -0.0926 -0.3926
vn 0.9600 -0.1439 -0.2403
vn 0.9330 -0.2315 -0.2755
vn 0.8663 0.4073 -0.2891
vn 0.9004 -0.2988 -0.3161
vn 0.9279 0.3660 0.0713
vn 0.9211 -0.2361 -0.3096
vn 0.9486 -0.3163 0.0076
vn 0.3700 0.9120 0.1770
vn 0.9223 -0.2368 -0.3055
vn 0.9787 0.0799 0.1891
vn 0.9548 -0.2898 -0.0658
vn 0.9273 0.3696 0.0596
vn 0.9143 -0.4047 -0.0158
vn 0.9482 -0.2947 -0.1184
vn 0.8760 0.4204 0.2363
vn 0.8579 0.4368 0.2705
vn 0.9143 0.3908 0.1063
vn 0.9811 0.1838 0.0597
vn 0.9862 0.0658 0.1519
vn -0.0919 0.8873 0.4519
vn 0.9258 -0.3493 -0.1442
vn 0.9097 0.3592 0.2084
vn 0.9330 0.3021 0.1954
vn 0.9017 0.4315 0.0261
vn 0.7971 0.5995 0.0724
vn 0.7556 0.6392 0.1429
vn 0.7553 0.6380 0.1501
vn 0.7075 0.7039 -0.0628
vn 0.8992 0.3733 0.2282
vn 0.7443 0.6222 0.2427
vn 0.7833 0.6168 0.0780
vn 0.6516 0.7296 0.2077
vn 0.9421 -0.2006 -0.2686
vn 0.9535 0.2749 0.1240
vn 0.7921 0.5630 0.2358
vn 0.8615 -0.4178 -0.2885
vn 0.7032 0.6741 0.2259
vn 0.9690 0.2204 0.1116
vn 0.9659 -0.1292 -0.2246
vn 0.8148 0.5667 0.1227
vn 0.9692 -0.0992 0.2255
vn 0.9490 0.2034 0.2408
vn 0.9245 -0.2841 -0.2543
vn 0.7980 0.5670 0.2040
vn 0.7978 0.5680 0.2021
vn 0.6380 0.6822 -0.3573
vn 0.5937 0.7534 -0.2826
vn 0.7154 0.6224 -0.3176
vn 0.6262 0.7170 -0.3061
vn 0.7915 0.5394 -0.2873
vn 0.5461 0.8076 -0.2227
vn 0.7270 0.6262 -0.2818
vn 0.7499 0.5396 -0.3829
vn 0.6047 0.7410 -0.2918
vn 0.6620 0.7080 -0.2460
vn 0.8913 -0.3354 -0.3050
vn 0.8513 -0.4303 -0.3001
vn 0.5892 0.7508 -0.2987
vn 0.8515 -0.4192 -0.3149
vn 0.8009 0.5351 -0.2686
vn 0.7218 0.6366 -0.2716
vn 0.8706 -0.4195 -0.2570
vn 0.8271 0.4665 -0.3134
vn 0.6770 0.7020 -0.2209
vn 0.6581 0.7007 -0.2757
vn 0.7944 0.5231 -0.3086
vn 0.9062 -0.3533 -0.2323
vn 0.6137 0.7497 -0.2476
vn 0.8460 0.4482 -0.2886
vn 0.9530 -0.0122 -0.3027
vn 0.8882 -0.3217 -0.3282
vn 0.9924 -0.0705 -0.1008
vn 0.9473 -0.1854 -0.2613
vn 0.9846 -0.1371 -0.1083
vn 0.9594 -0.2389 -0.1503
vn 0.8980 -0.3101 -0.3121
vn 0.9798 -0.1535 -0.1283
vn 0.5099 0.8258 -0.2411
vn 0.9652 -0.0105 -0.2612
vn 0.3935 0.8732 -0.2875
vn 0.9999 0.0104 -0.0059
vn 0.3828 0.8622 -0.3316
vn 0.9112 -0.3168 -0.2634
vn 0.9375 -0.1700 -0.3038
vn 0.4060 0.8587 -0.3127
vn 0.4220 0.8682 -0.2609
vn 0.4209 0.8612 -0.2850
vn 0.4955 0.8147 -0.3011
vn 0.9829 -0.1751 -0.0563
vn 0.9725 -0.2309 -0.0295
vn 0.9380 0.1356 -0.3190
vn 0.4037 0.8583 -0.3169
vn 0.9438 -0.0293 -0.3292
vn 0.5635 0.8066 -0.1782
vn 0.4852 0.8153 -0.3160
vn 0.9665 -0.0451 -0.2527
vn 0.9393 0.0029 -0.3431
vn 0.9477 0.0704 -0.3112
vn 0.5235 0.7657 -0.3738
vn 0.9540 -0.0319 -0.2980
vn 0.5299 0.7969 -0.2900
vn 0.4757 0.8295 -0.2928
vn 0.9456 0.1273 -0.2995
vn 0.6031 0.7220 -0.3391
vn 0.9378 0.1345 -0.3200
vn 0.0495 0.9099 0.4119
vn 0.9435 -0.0427 -0.3287
vn 0.9542 -0.0336 -0.2972
vn 0.9050 -0.4105 -0.1119
vn 0.9597 0.0528 -0.2760
vn -0.0131 0.8936 0.4487
vn 0.0350 0.9172 0.3968
vn 0.9488 0.0240 -0.3149
vn 0.8325 0.4940 -0.2508
vn -0.0820 0.9076 0.4118
vn -0.0811 0.8858 0.4569
vn 0.0214 0.8831 0.4686
vn 0.0068 0.9192 0.3937
vn -0.0346 0.9331 0.3580
vn -0.0469 0.9316 0.3606
vn -0.0625 0.8927 0.4463
vn -0.0701 0.9599 0.2715
vn -0.0829 0.9075 0.4117
vn -0.0394 0.9498 0.3104
vn 0.0562 0.9596 0.2758
vn -0.0680 0.9362 0.3449
vn 0.8392 0.4952 -0.2245
vn -0.0512 0.9578 0.2827
vn -0.0323 0.9487 0.3145
vn 0.8876 0.3741 -0.2686
vn 0.9720 -0.0919 0.2161
vn 0.6717 0.7363 0.0814
vn 0.8342 0.4958 -0.2416
vn 0.6811 0.7289 0.0687
vn 0.2503 0.9371 0.2431
vn 0.4910 0.6789 0.5459
vn 0.4829 0.6458 0.5914
vn 0.2350 0.9377 0.2559
vn -0.0315 0.7878 0.6151
vn 0.1030 0.9413 0.3214
vn 0.0889 0.9484 0.3045
vn 0.0485 0.9441 -0.3261
vn 0.1123 0.9453 0.3062
vn 0.8062 -0.5336 -0.2555
vn 0.7053 0.7022 -0.0969
vn 0.1212 0.8615 0.4932
vn 0.6297 0.7767 -0.0108
vn 0.6317 0.7752 -0.0066
vn 0.1694 0.8812 0.4414
vn 0.5774 0.8160 -0.0292
vn 0.6765 0.7318 -0.0821
vn 0.6770 0.7312 -0.0835
vn 0.6439 0.7622 -0.0666
vn 0.1092 0.9089 0.4024
vn 0.9493 -0.1524 -0.2749
vn -0.1088 0.9487 -0.2970
vn -0.0362 0.9625 -0.2688
vn 0.1223 0.8841 0.4509
vn 0.9295 -0.3141 0.1935
vn 0.6092 0.7874 -0.0939
vn 0.2569 0.8675 0.4260
vn 0.6235 -0.4838 0.6141
vn 0.1996 0.9240 0.3261
vn 0.3419 0.7902 0.5086
vn 0.8992 -0.4356 0.0417
vn 0.6240 -0.4625 0.6299
vn 0.2541 0.8237 0.5069
vn 0.1896 0.8618 0.4705
vn 0.6725 -0.4698 0.5718
vn 0.3349 0.8813 0.3335
vn 0.3276 0.9053 0.2702
vn 0.6172 -0.4507 0.6449
vn 0.6756 -0.4704 0.5678
vn 0.6897 -0.3958 0.6064
vn 0.2048 0.8598 0.4678
vn 0.6328 -0.4389 0.6379
vn 0.6918 -0.3537 0.6295
vn 0.2927 0.8541 0.4299
vn 0.6715 -0.4747 0.5691
vn 0.2441 0.9020 0.3560
vn 0.2126 0.9071 0.3633
vn 0.6942 -0.3972 0.6003
vn 0.8165 -0.0468 0.5754
vn 0.2998 0.8180 0.4910
vn 0.5744 -0.4760 0.6659
vn 0.8159 -0.2406 0.5257
vn 0.7319 -0.3904 0.5586
vn 0.8067 -0.3031 0.5074
vn 0.7417 -0.3348 0.5811
vn 0.7360 -0.3836 0.5578
vn 0.7675 0.0411 0.6398
vn 0.8008 -0.3124 0.5111
vn 0.7089 -0.3485 0.6132
vn 0.7221 -0.4853 0.4930
vn 0.7627 -0.0737 0.6425
vn 0.7755 0.5146 0.3657
vn 0.7169 -0.2876 0.6351
vn 0.7421 0.1523 0.6528
vn 0.6982 -0.4101 0.5868
vn 0.7850 0.5617 0.2612
vn 0.7443 -0.3306 0.5803
vn 0.7237 0.4740 0.5016
vn 0.8200 0.4642 0.3347
vn 0.7728 0.4630 0.4341
vn 0.7502 0.0496 0.6593
vn 0.7862 0.0555 0.6154
vn 0.6017 0.7910 -0.1111
vn 0.6943 -0.3555 0.6258
vn 0.6406 0.7566 -0.1308
vn 0.8141 0.4727 0.3374
vn 0.7666 -0.0788 0.6373
vn 0.7615 0.5890 0.2703
vn 0.8647 -0.0710 0.4972
vn 0.7173 0.5961 0.3608
vn 0.8095 0.1296 0.5727
vn 0.8237 -0.0082 0.5670
vn 0.7314 0.5391 0.4176
vn 0.7311 0.5395 0.4177
vn 0.8114 0.4862 0.3244
vn 0.7023 0.5513 0.4504
vn 0.7927 0.1025 0.6009
vn 0.8102 0.1637 0.5628
vn 0.7624 0.5891 0.2679
vn 0.7142 0.5997 0.3609
vn 0.8103 0.4835 0.3312
vn 0.7041 0.6649 0.2495
vn 0.7019 0.6698 0.2423
vn 0.6905 0.6594 0.2975
vn 0.6890 0.6574 0.3053
vn 0.6519 0.6734 0.3486
vn 0.6653 0.5898 0.4576
vn 0.5833 0.8030 -0.1222
vn 0.6623 0.5897 0.4621
vn 0.6443 0.6394 0.4197
vn 0.6955 0.6382 0.3301
vn 0.6638 0.6113 0.4309
vn 0.6402 0.6421 0.4217
vn 0.5969 0.6354 0.4898
vn 0.6054 0.6247 0.4932
vn 0.1478 0.7863 0.6000
vn 0.1037 0.7923 0.6012
vn 0.5786 0.7082 0.4047
vn 0.1269 0.7718 0.6231
vn 0.0818 0.8285 0.5540
vn 0.0776 0.8248 0.5601
vn 0.0819 0.7849 0.6142
vn 0.5925 0.7979 -0.1114
vn -0.0337 0.8224 0.5679
vn 0.0524 0.8139 0.5787
vn 0.0405 0.8124 0.5817
vn 0.0374 0.8656 0.4994
vn -0.0606 0.8098 0.5836
vn -0.0096 0.8134 0.5816
vn 0.0634 0.8564 0.5125
vn -0.0783 0.7869 0.6121
vn -0.0910 0.7331 0.6740
vn 0.6394 0.7512 -0.1640
vn 0.7959 0.3597 0.4869
vn 0.8794 -0.3994 -0.2591
vn 0.7884 0.6144 0.0300
vn 0.7860 0.6144 -0.0686
vn -0.1341 0.8030 0.5807
vn 0.7575 0.4322 0.4893
vn 0.8232 0.4261 0.3752
vn 0.9876 -0.0892 0.1293
vn 0.9879 -0.1121 0.1070
vn 0.7850 0.5838 -0.2072
vn 0.9481 -0.2926 0.1241
vn 0.7811 0.6220 -0.0550
vn 0.7263 0.6843 -0.0642
vn 0.7337 0.6583 -0.1683
vn -0.1354 0.9638 -0.2296
vn 0.7316 0.6541 -0.1922
vn 0.8302 0.4478 -0.3319
vn 0.7212 0.6607 -0.2083
vn 0.7869 -0.3984 0.4712
vn 0.8302 -0.4129 0.3746
vn -0.0452 0.9377 -0.3446
vn 0.7799 -0.3728 0.5028
vn -0.0172 0.9704 -0.2408
vn 0.7787 -0.3999 0.4835
vn 0.7654 -0.4658 0.4440
vn 0.7479 -0.4590 0.4795
vn 0.8191 -0.4687 0.3306
vn 0.7646 -0.4183 0.4903
vn 0.7940 -0.4248 0.4348
vn 0.8250 -0.4835 0.2927
vn 0.6183 0.4334 0.6556
vn 0.7807 0.3218 0.5357
vn 0.7525 -0.5321 0.3880
vn 0.6261 0.4426 0.6420
vn 0.7197 0.3884 0.5755
vn 0.6950 0.3373 0.6351
vn 0.6035 0.5390 0.5876
vn 0.7702 0.3280 0.5470
vn 0.7886 0.2256 0.5721
vn 0.7444 0.4352 0.5063
vn 0.7207 0.4603 0.5184
vn 0.6633 0.5451 0.5127
vn 0.5859 0.5223 0.6196
vn 0.7900 0.2153 0.5741
vn 0.0767 0.9960 -0.0458
vn 0.7396 0.3799 0.5556
vn 0.5837 0.6409 0.4985
vn 0.9366 -0.3498 0.0229
vn 0.0800 0.9780 -0.1927
vn 0.6996 0.5097 0.5007
vn 0.7035 0.2980 0.6452
vn 0.8070 0.2715 0.5244
vn 0.1641 0.9863 0.0176
vn 0.5885 0.5321 0.6087
vn 0.2254 0.9672 -0.1166
vn 0.8404 0.4948 -0.2211
vn 0.2044 0.9603 -0.1897
vn 0.2453 0.9642 -0.1005
vn 0.8684 0.3771 -0.3221
vn 0.9092 0.3439 -0.2346
vn 0.8449 0.4642 -0.2660
vn 0.0336 0.9512 -0.3068
vn 0.0473 0.9457 -0.3216
vn 0.3080 0.9253 -0.2212
vn 0.2173 0.9557 -0.1985
vn -0.0605 0.9713 -0.2301
vn -0.0850 0.9375 -0.3375
vn 0.8830 0.3683 -0.2910
vn 0.2121 0.9547 -0.2089
vn 0.9063 0.3887 -0.1658
vn 0.8490 0.4316 -0.3050
vn -0.0591 0.9476 -0.3139
vn 0.8564 0.2830 0.4319
vn 0.8448 0.2096 0.4924
vn 0.9246 0.1805 0.3354
vn 0.9041 0.1929 0.3814
vn 0.8280 0.3367 0.4484
vn 0.8368 0.3063 0.4538
vn 0.9037 0.3021 0.3034
vn 0.9380 0.2360 0.2539
vn 0.0327 0.9620 -0.2712
vn 0.9017 -0.3535 0.2489
vn 0.9233 0.1772 0.3407
vn 0.9342 0.2522 0.2523
vn 0.8955 0.2932 0.3350
vn 0.8762 0.3067 0.3717
vn 0.8856 0.2935 0.3599
vn 0.8630 0.3635 0.3508
vn 0.8667 0.3824 0.3203
vn 0.0736 0.9703 -0.2302
vn 0.9006 -0.3444 0.2652
vn 0.9163 0.1785 0.3586
vn 0.8633 0.2205 0.4540
vn 0.8927 -0.2786 0.3542
vn 0.9295 -0.2426 0.2777
vn 0.6012 0.5328 0.5955
vn 0.9247 -0.1679 0.3416
vn 0.5591 0.5927 0.5798
vn 0.9408 -0.1894 0.2812
vn 0.9404 -0.1836 0.2863
vn 0.8399 -0.2342 0.4896
vn 0.8386 -0.2334 0.4922
vn 0.8572 -0.1546 0.4912
vn 0.8937 -0.2084 0.3974
vn 0.9003 0.0137 0.4350
vn 0.8770 -0.1866 0.4427
vn 0.8623 -0.0687 0.5018
vn 0.9203 -0.1279 0.3697
vn 0.9236 -0.0191 0.3830
vn 0.8769 -0.1980 0.4380
vn 0.0964 0.7944 0.5998
vn 0.7582 0.2769 0.5904
vn 0.9129 0.0074 0.4082
vn 0.0930 0.7893 0.6069
vn 0.1008 0.7828 0.6141
vn 0.1319 0.8217 0.5544
vn 0.9647 -0.0162 0.2630
vn 0.1397 0.8140 0.5638
vn 0.1803 0.8118 0.5554
vn 0.1871 0.8137 0.5503
vn 0.2730 0.7905 0.5483
vn 0.1330 0.8134 0.5662
vn 0.2521 0.7762 0.5779
vn 0.2091 0.7492 0.6285
vn 0.1425 0.7890 0.5977
vn 0.1357 0.8154 0.5628
vn 0.2314 0.7680 0.5971
vn 0.2416 0.7664 0.5952
vn 0.2551 0.7595 0.5984
vn 0.1224 0.8210 0.5576
vn 0.2507 0.7955 0.5517
vn 0.2872 0.7032 0.6503
vn 0.2427 0.7658 0.5954
vn 0.2352 0.7653 0.5991
vn 0.3007 0.7699 0.5629
vn 0.3483 0.7267 0.5921
vn 0.3166 0.6852 0.6559
vn 0.2441 0.7536 0.6104
vn 0.3602 0.7009 0.6156
vn 0.2647 0.7641 0.5883
vn 0.2842 0.7544 0.5918
vn 0.8059 0.4669 0.3639
vn 0.8051 0.4968 0.3240
vn -0.0428 0.9876 -0.1511
vn -0.1164 0.9932 0.0059
vn -0.0627 0.9898 -0.1276
vn -0.0592 0.9709 -0.2319
vn 0.0166 0.9951 -0.0976
vn 0.0069 0.9961 -0.0883
vn 0.0912 0.9923 -0.0838
vn 0.0970 0.9936 -0.0572
vn 0.0093 0.9921 -0.1249
vn 0.0411 0.9902 -0.1332
vn 0.9000 0.4283 -0.0804
vn 0.9304 -0.2566 0.2619
vn 0.1091 0.9606 -0.2555
vn 0.5404 0.7168 0.4407
vn 0.9679 0.1934 -0.1607
vn 0.9624 0.2337 -0.1384
vn 0.9550 0.2898 -0.0629
vn 0.3047 0.9106 -0.2794
vn 0.9494 0.3080 -0.0611
vn 0.9763 0.2152 -0.0236
vn 0.1527 0.9484 -0.2778
vn 0.9540 0.2909 -0.0723
vn 0.3541 0.9203 0.1662
vn 0.1533 0.9375 -0.3123
vn 0.1548 0.9366 -0.3143
vn 0.2066 0.9263 -0.3150
vn 0.8907 0.3491 0.2912
vn 0.4153 0.8961 0.1563
vn 0.3570 0.9026 0.2405
vn 0.5077 0.8611 0.0261
vn 0.4698 0.8805 0.0631
vn 0.4636 0.8776 0.1223
vn 0.0278 0.9818 -0.1879
vn 0.5395 0.8300 0.1418
vn 0.4641 0.8504 0.2477
vn 0.8457 0.3745 0.3801
vn 0.5246 0.8358 0.1619
vn 0.5285 0.8370 0.1420
vn 0.4815 0.8617 0.1598
vn 0.5430 0.8393 0.0268
vn 0.5338 0.8130 0.2324
vn 0.4599 0.8621 0.2126
vn 0.5300 0.8363 0.1402
vn 0.5420 0.8084 0.2296
vn 0.9611 -0.0398 -0.2734
vn 0.5550 0.8304 0.0485
vn 0.5490 0.8180 0.1715
vn 0.5401 0.8199 0.1898
vn 0.9396 0.1624 -0.3013
vn 0.9714 0.2023 -0.1242
vn 0.9652 -0.0094 -0.2615
vn 0.5488 0.7985 0.2475
vn 0.9337 0.1376 -0.3306
vn 0.9421 0.1828 -0.2810
vn 0.5884 0.7635 -0.2663
vn 0.9435 0.1538 -0.2937
vn 0.9397 0.2504 -0.2327
vn 0.8622 0.3813 0.3336
vn 0.3688 0.6775 0.6363
vn 0.4777 0.5928 0.6484
vn 0.5712 0.7673 -0.2914
vn 0.4438 0.6135 0.6531
vn 0.4993 0.6315 0.5932
vn 0.3755 0.6727 0.6376
vn 0.5357 0.5489 0.6417
vn 0.4518 0.6425 0.6189
vn 0.4023 0.6783 0.6149
vn 0.5031 0.6106 0.6116
vn 0.5577 0.4908 0.6694
vn 0.3616 0.7001 0.6157
vn 0.5646 0.5148 0.6451
vn 0.5487 0.5756 0.6063
vn 0.5254 0.6358 0.5654
vn 0.5253 0.6403 0.5604
vn 0.9023 -0.0808 0.4234
vn 0.9237 0.0960 0.3709
vn 0.8770 -0.1228 0.4645
vn 0.9012 0.0703 0.4277
vn 0.9040 -0.0835 0.4193
vn 0.8881 0.1366 0.4390
vn 0.8964 0.0312 0.4422
vn 0.8450 0.1498 0.5133
vn 0.9292 0.1326 0.3449
vn 0.8906 0.1859 0.4152
vn 0.1263 0.9871 0.0988
vn 0.9494 -0.0652 0.3073
vn 0.9481 -0.0472 0.3145
vn 0.1217 0.9623 0.2434
vn 0.9565 -0.0385 0.2892
vn 0.9579 0.1116 0.2646
vn 0.2397 0.9615 0.1340
vn 0.2422 0.8021 0.5459
vn 0.1224 0.9876 0.0979
vn 0.2625 0.9484 0.1779
vn 0.1158 0.9659 0.2316
vn 0.1462 0.9816 0.1227
vn 0.3159 0.9474 0.0507
vn 0.2683 0.9633 -0.0031
vn 0.2776 0.9607 0.0048
vn 0.6911 0.7228 0.0018
vn 0.2932 0.9552 0.0408
vn 0.6081 0.7818 0.1378
vn 0.6050 0.7855 0.1303
vn 0.6974 0.7125 0.0767
vn 0.6854 0.7223 0.0923
vn 0.6717 0.7362 0.0825
vn 0.9232 0.3511 -0.1564
vn 0.6772 0.7357 0.0131
vn 0.6931 0.7208 0.0034
vn 0.8996 0.4091 -0.1528
vn 0.6130 0.7866 0.0741
vn 0.6044 0.7774 0.1742
vn 0.6083 0.7912 0.0628
vn 0.7672 0.6370 -0.0751
vn 0.6344 0.7388 0.2277
vn 0.6718 0.7130 0.2010
vn 0.6978 0.7127 0.0712
vn 0.7474 -0.2757 0.6045
vn 0.6075 0.7723 0.1855
vn 0.7757 -0.5855 -0.2354
vn 0.6438 0.7291 0.2323
vn 0.8130 -0.2351 0.5328
vn 0.8194 -0.1807 0.5439
vn 0.8236 -0.5298 -0.2024
vn 0.7629 -0.1964 0.6160
vn 0.7413 -0.2175 0.6350
vn 0.8254 -0.2140 0.5223
vn 0.7983 -0.0267 0.6017
vn 0.7411 -0.2719 0.6139
vn 0.7727 0.0306 0.6340
vn 0.8774 0.3326 -0.3457
vn 0.9112 0.3727 -0.1757
vn 0.8162 -0.0287 0.5771
vn 0.9039 0.2633 -0.3370
vn 0.7372 -0.0327 0.6749
vn 0.8182 0.0621 0.5715
vn 0.1442 0.7880 0.5985
vn 0.7650 -0.1885 0.6159
vn 0.8295 -0.1637 0.5340
vn 0.7767 -0.1735 0.6055
vn 0.7863 -0.0675 0.6141
vn 0.9186 0.2560 -0.3009
vn 0.8035 0.0493 0.5933
vn 0.8980 0.3347 -0.2856
vn 0.3971 0.8913 -0.2188
vn 0.8975 0.3585 -0.2570
vn 0.8696 0.3771 -0.3187
vn 0.9191 0.2601 -0.2960
vn 0.8711 0.3766 -0.3151
vn 0.4154 0.8647 -0.2823
vn 0.4147 0.8476 -0.3310
vn 0.8998 0.3400 -0.2735
vn 0.4166 0.8645 -0.2811
vn 0.5334 0.7906 -0.3005
vn 0.9182 0.2603 -0.2985
vn 0.5470 0.5802 0.6035
vn 0.4950 0.8062 -0.3240
vn 0.5539 0.5948 0.5826
vn 0.3928 0.7362 0.5511
vn 0.3667 0.7733 0.5172
vn 0.4031 0.7232 0.5607
vn 0.5317 0.8000 -0.2782
vn 0.4735 0.6871 0.5511
vn 0.9032 0.0800 0.4217
vn 0.3673 0.7597 0.5367
vn 0.3904 0.7044 0.5928
vn 0.3353 0.8029 0.4929
vn 0.4779 0.7307 0.4876
vn 0.8483 0.5172 -0.1136
vn 0.9591 0.1170 0.2579
vn 0.7042 0.2385 0.6687
vn 0.6805 0.4332 0.5910
vn 0.6807 0.4348 0.5895
vn 0.6544 0.4307 0.6215
vn 0.7674 0.2520 0.5895
vn 0.8361 0.4981 -0.2297
vn 0.6292 0.3889 0.6730
vn 0.7632 0.5612 -0.3202
vn 0.7565 0.5909 -0.2801
vn 0.9075 -0.3769 0.1854
vn 0.9085 -0.3882 0.1544
vn 0.9181 -0.3389 0.2056
vn 0.6930 0.2847 0.6623
vn 0.8110 0.4774 -0.3382
vn 0.7716 0.5870 -0.2451
vn 0.9383 -0.3377 0.0741
vn 0.7637 0.5933 -0.2546
vn 0.8369 0.4797 -0.2635
vn 0.6452 0.6835 -0.3415
vn 0.6633 0.6972 -0.2719
vn 0.6636 0.6965 -0.2728
vn 0.6441 0.6893 -0.3316
vn 0.9203 -0.3807 0.0906
vn 0.7758 0.5705 -0.2698
vn 0.1216 0.9538 -0.2748
vn 0.6848 0.6925 -0.2269
vn 0.8813 -0.4113 0.2327
vn 0.8992 -0.4370 0.0192
vn 0.0614 0.9494 -0.3079
vn -0.0384 0.9631 -0.2665
vn 0.0262 0.9757 0.2174
vn 0.0235 0.9757 0.2179
vn 0.5909 0.7885 -0.1704
vn 0.8813 -0.4114 0.2326
vn 0.0466 0.9703 0.2375
vn -0.0165 0.9955 0.0938
vn 0.3784 0.7456 0.5485
vn 0.8598 -0.4396 0.2597
vn -0.0782 0.9891 0.1251
vn 0.4464 0.6089 0.6557
vn 0.8638 -0.4698 0.1822
vn 0.0276 0.9903 0.1361
vn 0.0571 0.9981 0.0247
vn 0.8586 0.4849 -0.1666
vn -0.0038 0.9996 0.0279
vn 0.8884 0.3511 -0.2956
vn -0.0052 0.9997 0.0255
vn 0.9234 0.2413 -0.2984
vn 0.8624 -0.4640 0.2023
vn 0.8549 -0.4689 0.2218
vn 0.8555 -0.4965 0.1472
vn -0.0973 0.9791 0.1785
vn -0.0897 0.9784 0.1863
vn 0.4653 0.6965 0.5463
vn 0.9517 0.1457 0.2702
vn 0.8305 0.5510 -0.0817
vn 0.9028 0.2554 -0.3460
vn 0.5416 0.7157 0.4410
vn 0.8478 0.5163 -0.1213
vn 0.8972 0.4353 -0.0747
vn 0.8945 -0.3579 -0.2678
vn 0.8639 -0.4115 -0.2904
vn 0.8956 -0.3546 -0.2685
vn 0.8618 -0.4144 -0.2926
vn 0.8818 -0.3533 -0.3123
vn 0.8568 -0.4304 -0.2841
vn 0.9236 0.2432 -0.2964
vn 0.8273 -0.5119 -0.2314
vn 0.8088 -0.4849 -0.3327
vn 0.8563 -0.4999 0.1296
vn 0.3005 0.7282 0.6159
vn 0.8021 0.5926 -0.0733
vn 0.9660 0.1512 -0.2098
vn 0.8207 0.5568 0.1282
vn 0.9780 0.0921 0.1869
vn 0.9803 -0.0199 -0.1965
vn 0.9759 0.0530 0.2115
vn 0.0090 0.0505 0.9987
vn 0.0098 0.0513 0.9986
vn 0.0052 0.0420 0.9991
vn 0.0696 0.9809 0.1816
vn 0.9170 -0.3325 -0.2204
vn 0.3019 0.9131 0.2740
vn 0.0701 0.9809 0.1812
vn 0.9032 -0.3866 0.1868
vn 0.9081 -0.3797 0.1766
vn 0.3185 0.9227 0.2171
vn 0.9166 -0.3773 0.1327
vn 0.0038 0.0418 0.9991
vn 0.0848 0.9678 0.2372
vn 0.3179 0.9041 0.2857
vn 0.6514 0.4216 0.6308
vn 0.5476 0.4869 0.6805
vn 0.0152 0.0488 0.9987
vn 0.6355 0.7607 -0.1319
vn 0.9968 -0.0776 -0.0176
vn 0.9080 -0.3834 0.1692
vn 0.1657 0.9428 0.2894
vn 0.7370 0.6563 -0.1612
vn 0.9766 -0.0966 0.1922
vn 0.0159 0.0362 0.9992
vn 0.9966 -0.0176 0.0803
vn 0.0574 0.9872 0.1488
vn 0.9755 -0.2016 0.0877
vn 0.1427 0.9513 0.2732
vn 0.8869 -0.4143 -0.2046
vn 0.1934 0.9552 0.2241
vn 0.0121 0.0469 0.9988
vn 0.9069 -0.4092 0.0999
vn 0.0824 0.9672 0.2404
vn 0.9745 -0.2242 -0.0025
vn 0.0145 0.0471 0.9988
vn 0.8947 -0.2930 0.3371
vn 0.7740 0.5923 -0.2241
vn 0.7450 0.6402 -0.1872
vn 0.0169 0.0509 0.9986
vn 0.7031 0.4720 0.5319
vn 0.9442 -0.2844 -0.1660
vn 0.0827 0.9703 -0.2273
vn 0.8088 0.5731 0.1323
vn 0.9053 0.4027 0.1353
vn 0.7700 0.6273 0.1165
vn 0.8705 0.4528 0.1931
vn 0.9536 0.2457 0.1738
vn 0.7972 0.5209 0.3051
vn 0.7486 0.6080 0.2644
vn 0.9543 0.2251 0.1965
vn 0.9711 -0.0821 -0.2242
vn 0.9229 -0.3459 -0.1693
vn 0.0780 0.0255 0.9966
vn 0.6972 0.6920 0.1873
vn 0.6949 0.6636 0.2769
vn 0.6010 0.7349 0.3141
vn 0.7101 0.6590 0.2478
vn 0.6947 0.6335 0.3407
vn 0.6941 0.6348 0.3394
vn 0.0404 0.0371 0.9985
vn 0.3600 0.8995 0.2478
vn 0.9601 0.2110 -0.1833
vn -0.0383 0.9891 -0.1419
vn 0.9625 -0.1394 0.2326
vn 0.9413 -0.2683 0.2050
vn 0.9696 -0.1212 0.2126
vn 0.9715 -0.1566 0.1780
vn 0.9526 0.2383 0.1894
vn 0.9649 -0.1627 0.2061
vn 0.0970 0.0541 0.9938
vn 0.9360 -0.3039 0.1778
vn 0.9254 -0.2989 0.2329
vn 0.6222 0.3175 0.7156
vn 0.9701 0.1337 -0.2027
vn 0.7113 0.2799 0.6447
vn 0.6882 0.1929 0.6994
vn 0.6009 0.1939 0.7755
vn 0.5225 0.1933 0.8305
vn 0.5056 0.3302 0.7971
vn 0.6541 0.3130 0.6886
vn 0.9167 -0.3343 -0.2188
vn 0.1438 0.0382 0.9889
vn 0.0836 0.0316 0.9960
vn 0.0840 0.0306 0.9960
vn 0.2306 0.9519 0.2019
vn 0.9778 0.1325 -0.1623
vn 0.9790 0.1365 -0.1512
vn 0.9863 0.0034 -0.1648
vn 0.9852 -0.0008 -0.1715
vn 0.6995 0.5678 0.4341
vn 0.7588 0.5707 0.3139
vn 0.7892 0.5387 0.2949
vn 0.6398 0.7458 -0.1854
vn 0.6937 0.5992 0.3997
vn 0.7346 0.5541 0.3916
vn 0.6416 0.7603 -0.1016
vn 0.9919 -0.0436 -0.1197
vn 0.2152 0.9575 0.1920
vn 0.7091 0.4699 0.5258
vn 0.3919 0.9090 -0.1422
vn 0.8409 -0.3128 0.4417
vn 0.6225 0.7664 -0.1583
vn 0.5355 0.8247 -0.1819
vn 0.7130 0.6265 0.3149
vn 0.5281 0.8380 -0.1374
vn 0.9451 -0.0780 0.3174
vn 0.5503 0.8259 -0.1224
vn 0.9253 0.1068 0.3639
vn 0.9049 0.1699 0.3903
vn 0.7551 0.6448 -0.1186
vn 0.7768 0.5392 0.3254
vn 0.7381 0.6559 -0.1583
vn 0.8710 -0.1554 0.4661
vn 0.9575 0.1945 -0.2130
vn 0.9992 -0.0338 -0.0227
vn 0.6577 0.5879 0.4710
vn 0.6532 0.5439 0.5268
vn 0.8518 0.0365 0.5227
vn 0.7123 -0.3138 0.6278
vn 0.6411 -0.1639 0.7498
vn 0.7022 0.0187 0.7118
vn -0.0364 0.2900 0.9563
vn 0.0650 0.8028 0.5927
vn 0.8309 0.0817 0.5504
vn 0.7016 0.0179 0.7124
vn 0.6889 -0.0529 0.7229
vn 0.0623 0.6345 0.7704
vn 0.1045 0.7307 0.6746
vn 0.1224 0.6655 0.7363
vn 0.9579 0.0462 0.2833
vn 0.9560 0.1432 0.2559
vn 0.2024 0.7692 0.6061
vn 0.1771 0.6557 0.7340
vn 0.3075 0.7124 0.6309
vn 0.7418 0.1286 0.6582
vn -0.0027 0.6756 0.7372
vn -0.0004 0.0547 0.9985
vn 0.5244 0.5768 0.6264
vn 0.4148 0.5502 0.7247
vn 0.7408 0.6436 -0.1923
vn 0.8859 -0.4529 -0.1005
vn 0.5127 0.5743 0.6382
vn 0.7451 0.6407 -0.1850
vn 0.3241 0.5441 0.7739
vn 0.3709 0.5669 0.7355
vn 0.9126 -0.4053 -0.0530
vn 0.7168 0.6203 -0.3185
vn 0.4347 0.7073 0.5575
vn 0.8384 0.4963 -0.2252
vn 0.9054 -0.2801 0.3190
vn 0.8894 -0.4167 -0.1880
vn 0.9262 -0.3462 -0.1494
vn 0.4683 0.4102 0.7826
vn 0.9227 -0.3137 0.2240
vn 0.7774 0.5155 0.3604
vn 0.4731 0.8494 0.2339
vn 0.5923 0.7826 -0.1916
vn 0.4682 0.8529 0.2309
vn 0.9724 0.1963 -0.1257
vn 0.3593 0.8996 0.2481
vn 0.9663 -0.2350 0.1056
vn 0.4027 0.8753 0.2678
vn 0.6253 0.7467 -0.2269
vn -0.0053 0.9364 0.3510
vn 0.4885 0.8506 -0.1947
vn -0.0074 0.9503 0.3112
vn 0.5324 0.7722 0.3468
vn 0.3981 0.8755 0.2738
vn 0.1740 -0.0258 0.9844
vn 0.4177 0.8407 0.3446
vn 0.4271 0.8526 0.3011
vn 0.4737 0.8687 -0.1450
vn 0.1013 0.9839 -0.1470
vn 0.1919 0.9672 0.1665
vn 0.7245 -0.0089 0.6892
vn 0.9534 -0.1498 0.2618
vn 0.3535 0.9178 0.1806
vn 0.9857 -0.1256 0.1122
vn 0.9326 -0.0986 0.3472
vn 0.2137 0.9474 0.2385
vn 0.5420 0.4356 0.7187
vn 0.9604 0.0335 0.2765
vn 0.4118 0.8924 -0.1845
vn 0.9293 0.0425 0.3669
vn 0.6552 0.7412 -0.1460
vn 0.9548 -0.2442 0.1696
vn 0.1376 0.1015 0.9853
vn 0.9528 -0.2490 0.1735
vn 0.1149 0.1212 0.9860
vn 0.0078 0.0433 0.9990
vn 0.6233 0.4216 0.6585
vn 0.1424 0.1288 0.9814
vn 0.9882 -0.1124 0.1042
vn 0.0401 0.0477 0.9981
vn 0.9548 -0.2460 0.1667
vn 0.4096 0.9117 0.0310
vn 0.6524 0.4194 0.6312
vn 0.2641 0.9644 0.0130
vn 0.3359 0.9388 0.0767
vn 0.3391 0.9208 -0.1928
vn 0.5310 0.3270 0.7817
vn 0.9712 -0.1737 0.1630
vn 0.9824 -0.1189 0.1439
vn 0.3644 0.9267 0.0922
vn 0.7301 0.6385 0.2434
vn 0.4106 0.9102 -0.0533
vn 0.6573 0.3188 0.6828
vn 0.3756 0.9102 -0.1746
vn 0.1034 0.2003 0.9743
vn 0.6852 0.7108 0.1585
vn 0.9788 -0.0702 0.1924
vn 0.3597 0.9173 0.1707
vn 0.7300 0.6413 0.2363
vn 0.0567 0.9819 -0.1807
vn 0.3776 0.9133 -0.1525
vn 0.1213 0.9770 -0.1755
vn 0.2223 0.9553 -0.1948
vn 0.7920 0.5644 0.2329
vn 0.2590 0.9418 -0.2144
vn 0.1429 0.9696 -0.1988
vn 0.3797 0.8974 -0.2248
vn 0.3981 0.9146 0.0701
vn 0.0022 0.0537 0.9986
vn 0.0007 0.0450 0.9990
vn 0.8006 0.5752 0.1675
vn 0.0919 -0.0062 0.9957
vn 0.2942 0.9397 -0.1742
vn 0.3940 0.8972 0.1994
vn 0.8283 0.5224 0.2025
vn 0.8894 0.3785 -0.2565
vn 0.4026 0.8978 0.1786
vn 0.8932 -0.3816 0.2378
vn 0.9158 0.3470 -0.2021
vn -0.0571 0.8226 0.5657
vn 0.7216 0.6798 0.1314
vn 0.0270 0.0354 0.9990
vn 0.5421 0.8290 0.1374
vn 0.0856 0.9406 0.3286
vn 0.2883 0.8856 0.3641
vn 0.6734 0.7230 0.1542
vn 0.2797 0.9048 0.3210
vn 0.8369 0.5060 -0.2087
vn 0.7441 0.6426 0.1830
vn 0.1587 0.9223 0.3525
vn 0.9261 0.3477 -0.1461
vn 0.2792 0.6482 0.7084
vn 0.8686 0.4246 0.2554
vn 0.8715 0.4221 0.2496
vn 0.6251 0.7712 0.1207
vn 0.8791 0.4413 0.1799
vn 0.7470 0.6606 0.0749
vn 0.8991 0.3852 0.2080
vn 0.5431 0.8285 0.1366
vn 0.6239 0.7624 0.1715
vn 0.6384 0.7622 0.1072
vn 0.1799 0.8801 0.4393
vn 0.8760 0.4525 0.1669
vn 0.8794 0.0296 -0.4752
vn 0.8382 0.5250 0.1478
vn 0.2270 0.9145 0.3351
vn 0.9888 0.1480 -0.0212
vn 0.5184 0.1121 0.8478
vn 0.5265 0.1166 0.8421
vn 0.9118 -0.0355 -0.4091
vn 0.9797 0.0882 -0.1802
vn 0.3210 0.0568 0.9454
vn 0.8814 0.0132 -0.4722
vn 0.8041 0.5934 0.0370
vn 0.9749 0.1873 0.1203
vn 0.8390 0.0494 -0.5418
vn 0.9575 0.0731 0.2792
vn 0.9523 0.3041 -0.0236
vn 0.8430 0.5112 -0.1674
vn 0.8986 0.2580 -0.3549
vn 0.9395 0.2060 -0.2738
vn 0.9017 0.2487 -0.3536
vn 0.7833 0.6166 0.0793
vn 0.9797 0.0959 -0.1758
vn 0.9260 0.3485 -0.1452
vn 0.5453 -0.0584 0.8362
vn 0.9474 0.2077 0.2435
vn 0.8323 0.5114 -0.2139
vn 0.8410 0.5160 -0.1626
vn 0.9173 0.2515 0.3087
vn 0.8322 -0.1709 0.5274
vn 0.8670 0.4398 0.2342
vn 0.0412 0.0363 0.9985
vn 0.9614 0.2518 0.1109
vn 0.9067 0.4197 0.0426
vn 0.2330 0.9631 0.1345
vn 0.9842 0.0882 0.1533
vn 0.8877 -0.2007 0.4143
vn 0.9673 -0.1872 -0.1711
vn 0.5140 0.8527 0.0934
vn 0.8056 -0.0345 0.5914
vn 0.8970 0.3454 0.2757
vn 0.5476 0.8346 0.0602
vn 0.8994 0.3736 0.2268
vn 0.8876 0.4495 0.1005
vn 0.6824 0.7208 0.1220
vn 0.5591 0.8279 0.0443
vn 0.6126 0.7465 -0.2599
vn 0.5274 0.8406 0.1232
vn 0.9402 0.3113 0.1384
vn 0.6114 0.7766 -0.1519
vn 0.7820 0.6187 -0.0760
vn 0.8788 0.4769 -0.0153
vn 0.5160 0.8268 -0.2238
vn 0.8920 0.4345 0.1245
vn 0.6995 0.7145 -0.0108
vn 0.7989 0.5814 0.1543
vn 0.8458 0.3794 -0.3751
vn 0.7382 0.6725 0.0535
vn 0.6267 0.7578 -0.1815
vn 0.7296 0.6807 0.0665
vn 0.7352 0.6277 -0.2558
vn 0.8086 0.5627 -0.1718
vn 0.6803 0.7222 0.1251
vn 0.7792 0.5642 -0.2730
vn 0.7808 0.5587 -0.2796
vn 0.8852 0.4471 -0.1285
vn 0.9477 0.2436 0.2063
vn 0.5669 0.7907 -0.2309
vn 0.8987 0.3682 0.2384
vn 0.8886 -0.2994 -0.3474
vn 0.7176 0.6669 -0.2009
vn 0.8403 0.4666 -0.2760
vn 0.9556 -0.2523 0.1525
vn 0.9623 -0.2606 0.0782
vn 0.8288 0.5476 -0.1153
vn 0.9166 -0.2660 -0.2984
vn 0.6102 0.7920 0.0194
vn 0.5490 0.8351 0.0339
vn 0.7228 0.6779 0.1342
vn 0.8980 -0.3457 -0.2723
vn 0.9217 -0.0191 0.3873
vn 0.9713 -0.0233 0.2366
vn 0.9882 -0.0920 -0.1224
vn 0.9889 -0.0551 0.1383
vn 0.9286 -0.3099 0.2043
vn 0.9331 0.3526 -0.0704
vn 0.8647 0.3301 0.3787
vn 0.9872 -0.0822 -0.1366
vn 0.9565 -0.1698 0.2372
vn 0.8927 -0.1831 -0.4118
vn 0.7845 0.3449 0.5154
vn 0.8891 -0.1781 -0.4217
vn 0.8292 0.2252 0.5115
vn 0.9827 -0.0729 0.1702
vn 0.9369 -0.1728 0.3039
vn 0.9070 0.2286 0.3538
vn 0.3761 0.9171 0.1325
vn 0.8156 0.2367 0.5279
vn 0.9604 -0.2692 -0.0716
vn 0.7830 0.3397 0.5211
vn 0.4141 0.9067 0.0803
vn 0.9839 -0.1637 -0.0711
vn 0.8601 0.3635 0.3580
vn 0.5933 0.7885 0.1619
vn 0.9817 0.1281 0.1410
vn 0.9911 0.0670 0.1147
vn 0.9876 -0.0891 -0.1295
vn 0.8881 -0.4423 0.1250
vn 0.9796 0.1907 0.0632
vn 0.6813 0.7065 0.1914
vn 0.5025 0.8362 0.2198
vn 0.0963 0.8190 0.5656
vn 0.9923 0.1157 -0.0440
vn 0.5323 0.6172 0.5794
vn 0.5016 0.8487 0.1675
vn 0.5633 0.8009 0.2031
vn 0.3301 0.9225 -0.2000
vn 0.1448 0.9728 -0.1806
vn 0.6109 0.7185 0.3325
vn 0.6022 0.7785 0.1769
vn 0.5826 0.6565 0.4792
vn 0.8850 -0.4458 -0.1343
vn 0.6005 0.7793 0.1792
vn 0.5822 0.7816 0.2239
vn 0.3272 0.9313 -0.1602
vn 0.8060 0.4594 0.3733
vn 0.3537 0.8746 0.3315
vn 0.4111 0.8350 0.3658
vn 0.5946 0.7203 0.3573
vn 0.3589 0.8287 0.4295
vn 0.9176 0.3790 -0.1197
vn 0.4476 0.7129 0.5398
vn 0.1014 0.1983 0.9749
vn 0.4805 0.8572 -0.1856
vn 0.4730 0.8112 0.3439
vn 0.1955 0.6458 0.7380
vn 0.4505 0.7974 0.4016
vn 0.5828 0.7799 0.2280
vn 0.2827 0.7706 0.5712
vn 0.7885 0.4748 0.3910
vn 0.5242 0.7646 0.3749
vn 0.9250 0.3449 -0.1593
vn 0.5922 0.7637 0.2570
vn 0.9514 -0.2021 -0.2323
vn 0.9101 0.3672 -0.1919
vn 0.5482 0.7840 0.2914
vn 0.9513 -0.2017 -0.2332
vn 0.9657 -0.1518 -0.2108
vn 0.1397 0.9794 -0.1459
vn 0.2374 0.9468 -0.2173
vn 0.0631 0.9883 0.1389
vn 0.1400 0.9901 -0.0052
vn 0.0175 0.0427 0.9989
vn 0.1531 0.1970 0.9684
vn -0.0403 0.9983 0.0417
vn 0.0271 0.0346 0.9990
vn 0.9292 -0.3339 -0.1584
vn 0.9460 -0.2421 -0.2157
vn 0.0831 0.9961 0.0302
vn 0.0283 0.0516 0.9983
vn 0.1130 0.9918 0.0592
vn 0.2692 0.9605 0.0701
vn 0.0262 0.0348 0.9991
vn 0.0190 0.0429 0.9989
vn 0.3528 0.9301 0.1018
vn 0.1886 0.9798 0.0673
vn 0.8422 0.4597 0.2819
vn 0.0260 0.0520 0.9983
vn 0.0060 0.0561 0.9984
vn 0.1640 0.9782 -0.1273
vn 0.9564 0.2391 0.1679
vn 0.9685 -0.2084 -0.1363
vn 0.4705 0.8612 0.1921
vn 0.9750 -0.1636 -0.1506
vn 0.0657 0.9876 0.1423
vn 0.7995 0.5360 0.2713
vn 0.8993 0.3420 0.2727
vn 0.9592 -0.2752 -0.0646
vn 0.8293 0.5214 0.2011
vn 0.3224 0.9206 -0.2205
vn 0.2772 0.9557 -0.0992
vn 0.9749 -0.1672 -0.1469
vn 0.8488 0.5114 -0.1339
vn 0.9836 0.0832 0.1601
vn 0.8293 0.5203 0.2040
vn 0.8425 0.4585 0.2827
vn 0.7858 -0.4708 -0.4010
vn -0.8676 0.4771 0.1406
vn -0.4618 0.8751 0.1446
vn -0.4359 0.8665 0.2435
vn -0.6994 0.6911 0.1820
vn -0.3770 0.9176 0.1260
vn -0.5694 0.7832 0.2498
vn -0.5803 0.7841 0.2199
vn -0.4153 0.8962 0.1561
vn -0.5447 0.8308 0.1144
vn -0.3769 0.9210 0.0987
vn -0.4162 0.8944 0.1640
vn -0.4716 0.8706 0.1400
vn -0.5015 0.8635 0.0531
vn -0.5398 0.8345 0.1105
vn -0.7426 0.6686 0.0383
vn -0.4402 0.8966 0.0492
vn -0.6959 0.6678 0.2642
vn -0.8047 0.4873 -0.3391
vn -0.3886 0.8991 0.2016
vn -0.7365 0.6765 -0.0035
vn -0.1307 0.9463 -0.2958
vn -0.5264 0.8299 0.1850
vn -0.4566 0.8873 0.0653
vn -0.8546 0.4567 -0.2469
vn -0.4617 0.8721 0.1620
vn -0.8329 0.5178 0.1951
vn -0.5391 0.8346 0.1131
vn -0.5862 0.8069 0.0722
vn -0.9278 0.1807 -0.3263
vn -0.8776 0.3701 -0.3047
vn -0.4854 0.8518 0.1968
vn -0.6008 0.7994 0.0006
vn -0.4833 0.8487 0.2146
vn -0.4397 0.8972 0.0425
vn -0.3440 0.8887 -0.3030
vn -0.5352 0.8376 0.1091
vn -0.8368 0.5094 0.2008
vn -0.7723 0.6044 0.1956
vn -0.5528 0.8284 0.0898
vn -0.8441 0.5217 0.1240
vn -0.8864 0.3118 -0.3421
vn -0.8381 -0.4918 0.2360
vn -0.7244 0.6780 0.1249
vn -0.8117 0.4878 -0.3211
vn -0.7989 0.5964 0.0780
vn -0.8304 -0.5070 0.2311
vn -0.3433 0.9144 -0.2147
vn -0.9112 0.3279 -0.2494
vn -0.8339 -0.4922 0.2496
vn -0.8698 -0.4692 0.1529
vn -0.5966 -0.4994 0.6282
vn -0.6994 -0.3048 0.6465
vn -0.7798 0.5860 0.2202
vn -0.6767 -0.4604 0.5745
vn -0.9187 0.2569 -0.2999
vn -0.9149 0.2390 -0.3254
vn -0.2330 0.8976 -0.3742
vn -0.6835 -0.4811 0.5490
vn -0.9044 0.2805 -0.3216
vn -0.8987 0.2438 -0.3645
vn -0.2984 0.9126 -0.2793
vn -0.9354 0.2530 -0.2471
vn -0.6825 -0.3324 0.6509
vn -0.9303 0.2173 -0.2954
vn -0.2968 0.9080 -0.2958
vn -0.3939 0.8432 -0.3658
vn -0.8878 0.4593 0.0299
vn -0.3345 0.8753 -0.3492
vn -0.8707 0.3899 -0.2998
vn -0.7085 -0.3985 0.5824
vn -0.9143 0.2630 -0.3080
vn -0.3410 0.9170 -0.2069
vn -0.6394 -0.4714 0.6074
vn -0.8740 -0.4748 0.1032
vn -0.6673 -0.4358 0.6041
vn -0.6802 -0.4838 0.5507
vn -0.7477 -0.2778 0.6032
vn -0.6428 -0.4758 0.6003
vn -0.7179 -0.3957 0.5728
vn -0.1482 0.8711 0.4683
vn -0.7465 -0.3219 0.5823
vn -0.7525 -0.3166 0.5776
vn -0.6452 -0.4214 0.6373
vn -0.7436 -0.2723 0.6107
vn -0.6989 -0.4880 0.5229
vn -0.6991 -0.3066 0.6460
vn -0.7022 -0.3822 0.6007
vn -0.7583 -0.3310 0.5617
vn -0.7268 -0.4433 0.5246
vn -0.7748 -0.2562 0.5780
vn -0.7614 -0.2581 0.5947
vn -0.7373 -0.3434 0.5818
vn -0.1969 0.8945 0.4013
vn -0.7713 -0.3001 0.5613
vn -0.6994 -0.4889 0.5214
vn -0.1811 0.8876 0.4234
vn -0.7792 -0.2832 0.5592
vn -0.7824 -0.2914 0.5504
vn -0.7598 -0.3601 0.5413
vn -0.7442 -0.4327 0.5088
vn -0.8006 -0.2621 0.5388
vn -0.7015 -0.4782 0.5284
vn -0.1166 0.9205 0.3729
vn -0.8054 -0.3004 0.5109
vn -0.7465 -0.3630 0.5577
vn -0.5976 -0.4989 0.6276
vn -0.7715 -0.3040 0.5589
vn -0.7474 -0.3444 0.5681
vn -0.3249 0.8347 0.4446
vn -0.7396 -0.3864 0.5511
vn -0.1399 0.9500 0.2793
vn -0.1412 0.9581 -0.2493
vn -0.6861 0.6504 0.3260
vn -0.1920 0.8947 0.4032
vn -0.2584 0.9252 0.2780
vn -0.3483 0.8109 0.4702
vn -0.6777 0.6095 0.4115
vn -0.1669 0.9356 -0.3113
vn -0.6777 0.6163 0.4012
vn -0.6236 0.5726 0.5322
vn -0.2177 0.9160 0.3371
vn -0.7220 0.1155 0.6822
vn -0.3834 0.6937 0.6098
vn -0.7603 0.5255 0.3820
vn -0.3828 0.6556 0.6508
vn -0.6678 0.6660 0.3325
vn -0.6773 0.6101 0.4112
vn -0.7303 0.6202 0.2865
vn -0.7275 0.5324 0.4327
vn -0.7603 0.5431 0.3564
vn -0.7440 0.5911 0.3115
vn -0.1573 0.8598 0.4859
vn -0.6975 0.6670 0.2619
vn -0.6471 0.6340 0.4235
vn -0.7627 -0.4060 0.5035
vn -0.3439 0.8732 0.3453
vn -0.5945 0.5955 0.5403
vn -0.7379 0.5779 0.3486
vn -0.6519 0.6323 0.4186
vn -0.7211 0.5077 0.4714
vn -0.7581 0.5029 0.4152
vn -0.6865 0.6502 0.3255
vn -0.6252 0.5575 0.5462
vn -0.3264 0.6627 0.6740
vn -0.6144 0.6415 0.4594
vn -0.8703 0.4307 0.2388
vn -0.6516 0.6147 0.4444
vn -0.7839 0.4679 0.4081
vn -0.8341 0.5000 0.2328
vn -0.7992 0.4567 0.3907
vn -0.5960 -0.4984 0.6295
vn -0.7586 0.5429 0.3603
vn -0.7990 0.4925 0.3450
vn -0.7770 0.5834 0.2365
vn -0.7962 0.4437 0.4113
vn -0.7894 0.4450 0.4229
vn -0.2894 0.8711 0.3967
vn -0.4058 0.7790 0.4780
vn -0.3757 0.8612 0.3422
vn -0.7292 0.4807 0.4870
vn -0.7569 0.5621 0.3334
vn -0.7282 0.5989 0.3333
vn -0.7375 0.6711 -0.0755
vn -0.3523 0.8989 0.2603
vn -0.2814 0.8618 0.4219
vn -0.2139 0.8710 0.4423
vn -0.2833 0.8955 0.3432
vn -0.8289 0.4554 0.3248
vn -0.7502 0.4501 0.4843
vn -0.7976 0.5374 0.2740
vn -0.2883 0.8742 0.3907
vn -0.7838 0.6208 -0.0153
vn -0.7920 0.5344 0.2952
vn -0.7992 0.4811 0.3603
vn -0.8027 0.4929 0.3358
vn -0.9705 0.1346 0.1998
vn -0.7792 0.6066 -0.1575
vn -0.7877 0.6150 -0.0345
vn -0.2723 0.9188 0.2858
vn -0.2351 0.8325 0.5018
vn -0.1901 0.8534 0.4853
vn -0.8112 0.5564 -0.1797
vn -0.7550 0.6557 0.0069
vn -0.3094 0.9020 0.3011
vn -0.7659 0.6366 -0.0901
vn -0.2871 0.9094 -0.3011
vn -0.2895 0.9300 -0.2263
vn -0.8561 0.4752 -0.2034
vn -0.3160 0.8833 0.3464
vn -0.3832 0.8832 -0.2704
vn -0.3201 0.8664 0.3832
vn -0.3735 0.8966 0.2379
vn -0.9808 0.1738 0.0880
vn -0.1175 0.9464 -0.3009
vn -0.1710 0.8542 0.4911
vn -0.9718 0.2302 0.0502
vn -0.8390 0.5017 -0.2109
vn -0.3464 0.8310 0.4353
vn -0.9661 0.1160 0.2308
vn -0.3466 0.8426 0.4122
vn -0.9605 0.1565 0.2299
vn -0.2381 0.9232 0.3016
vn -0.8472 0.5273 -0.0652
vn -0.9858 0.0662 0.1546
vn -0.9560 0.1516 0.2514
vn -0.4106 0.8791 -0.2422
vn -0.2075 0.9172 0.3402
vn -0.2565 0.8602 0.4407
vn -0.8136 0.5490 -0.1912
vn -0.3422 0.8116 0.4736
vn -0.2303 0.8321 0.5045
vn -0.9400 0.2695 -0.2091
vn -0.8817 0.4400 -0.1702
vn -0.9940 -0.0180 0.1076
vn -0.9762 0.1394 0.1663
vn -0.3362 0.8797 0.3363
vn -0.1332 0.8027 0.5813
vn -0.2585 0.9244 -0.2805
vn -0.1351 0.8449 0.5176
vn -0.9050 0.3551 -0.2341
vn -0.3041 0.8625 0.4046
vn -0.9936 0.1087 0.0314
vn -0.9256 0.3098 -0.2174
vn -0.9692 0.1905 0.1561
vn -0.9211 -0.2948 0.2544
vn -0.9483 0.2872 -0.1352
vn -0.3023 0.8873 0.3484
vn -0.8777 -0.4280 0.2156
vn -0.9827 0.1475 0.1124
vn -0.9242 -0.3290 0.1938
vn -0.9549 0.1632 0.2480
vn -0.3716 0.8313 0.4133
vn -0.9421 -0.3141 0.1171
vn -0.9040 -0.3687 0.2166
vn -0.9491 0.3147 0.0115
vn -0.9695 0.0301 0.2433
vn -0.9046 -0.3666 0.2175
vn -0.1655 0.7741 0.6110
vn -0.9728 0.0483 0.2266
vn -0.9724 0.1902 -0.1355
vn -0.9440 0.3297 -0.0098
vn -0.9560 -0.0105 0.2932
vn -0.9667 0.1336 0.2184
vn -0.9554 0.2945 0.0190
vn -0.9936 -0.0115 0.1121
vn -0.9734 0.2276 -0.0278
vn -0.9093 0.4160 -0.0155
vn -0.9824 0.1076 0.1529
vn -0.9782 -0.0101 0.2076
vn -0.9222 -0.3292 0.2031
vn -0.9643 0.2620 -0.0381
vn -0.9419 0.3160 -0.1137
vn -0.9348 -0.3106 0.1725
vn -0.9517 -0.2989 0.0708
vn -0.9040 -0.3743 0.2069
vn -0.8820 -0.4235 0.2066
vn -0.9011 0.4205 -0.1053
vn -0.8370 -0.4526 -0.3075
vn -0.9573 -0.2772 0.0821
vn -0.9092 -0.3931 0.1375
vn -0.8268 -0.4976 -0.2624
vn -0.9483 0.2879 -0.1338
vn -0.8836 -0.4393 0.1622
vn -0.9381 -0.3315 0.1001
vn -0.9114 -0.3670 0.1863
vn -0.7403 -0.0736 0.6682
vn -0.9608 0.2339 -0.1487
vn -0.8627 -0.4370 -0.2544
vn -0.7680 -0.1290 0.6273
vn -0.7548 -0.2186 0.6185
vn -0.7753 -0.0669 0.6281
vn -0.8286 0.0020 0.5598
vn -0.7893 -0.1061 0.6047
vn -0.9184 -0.3833 0.0980
vn -0.8249 -0.1181 0.5528
vn -0.7380 -0.2539 0.6252
vn -0.8801 -0.4147 -0.2313
vn -0.8164 -0.1451 0.5589
vn -0.7784 -0.1791 0.6017
vn -0.7809 -0.2282 0.5815
vn -0.7168 -0.2335 0.6570
vn -0.7987 -0.0273 0.6011
vn -0.8158 -0.1485 0.5590
vn -0.9393 -0.3304 0.0926
vn -0.9190 -0.3796 0.1066
vn -0.8502 -0.1256 0.5113
vn -0.8457 0.0150 0.5334
vn -0.8158 -0.0171 0.5781
vn -0.7953 -0.0252 0.6057
vn -0.8832 -0.4627 0.0768
vn -0.9063 -0.4134 0.0880
vn -0.8253 0.5584 0.0848
vn -0.7744 -0.1670 0.6103
vn -0.8776 -0.3659 -0.3098
vn -0.7379 -0.2561 0.6244
vn -0.8993 -0.4145 0.1392
vn -0.8971 -0.4310 0.0974
vn -0.8306 -0.1118 0.5456
vn -0.7910 -0.2994 0.5335
vn -0.8368 -0.4917 -0.2408
vn -0.8716 -0.4822 0.0882
vn -0.7488 -0.2444 0.6161
vn -0.8395 0.0020 0.5434
vn -0.9488 0.1370 -0.2846
vn -0.7864 -0.2173 0.5782
vn -0.8057 -0.2142 0.5523
vn -0.8721 -0.3707 -0.3195
vn -0.9086 -0.2724 -0.3167
vn -0.8891 -0.3243 -0.3229
vn -0.9006 -0.3070 -0.3079
vn -0.9006 -0.4095 -0.1457
vn -0.9211 -0.2793 -0.2712
vn -0.9995 0.0170 0.0267
vn -0.9330 -0.3152 -0.1735
vn -0.9986 0.0209 -0.0494
vn -0.9116 -0.3139 -0.2655
vn -0.9042 -0.4264 0.0255
vn -0.8845 -0.4601 -0.0770
vn -0.9589 0.0113 -0.2835
vn -0.9525 -0.3034 -0.0251
vn -0.9735 0.0455 -0.2241
vn -0.9793 0.0216 -0.2012
vn -0.8663 -0.4242 -0.2637
vn -0.9932 0.1043 -0.0515
vn -0.8889 -0.3199 -0.3279
vn -0.9968 0.0210 -0.0777
vn -0.9172 -0.3732 -0.1399
vn -0.8804 -0.4741 0.0051
vn -0.8669 -0.4531 -0.2078
vn -0.9896 0.0492 -0.1354
vn -0.7963 -0.5458 -0.2607
vn -0.9434 -0.2938 -0.1539
vn -0.9908 0.0110 -0.1348
vn -0.9784 0.2011 -0.0476
vn -0.9895 0.1358 -0.0501
vn -0.9920 0.0059 -0.1264
vn -0.9249 -0.3798 0.0162
vn -0.9808 0.1951 -0.0050
vn -0.9536 -0.3002 -0.0222
vn -0.9707 0.1473 -0.1898
vn -0.9848 -0.0041 -0.1737
vn -0.9995 0.0224 0.0221
vn -0.9867 0.0353 -0.1590
vn -0.9994 -0.0338 -0.0119
vn -0.9713 0.1975 -0.1329
vn -0.9911 -0.0653 -0.1163
vn -0.8909 -0.4541 -0.0097
vn -0.9158 -0.3072 -0.2588
vn -0.9926 0.0905 -0.0812
vn -0.9978 0.0158 -0.0638
vn -0.9956 0.0924 0.0183
vn -0.9931 -0.0792 -0.0863
vn -0.9982 0.0032 -0.0591
vn -0.9372 -0.3483 -0.0201
vn -0.9862 0.0405 -0.1606
vn -0.9988 0.0309 0.0384
vn -0.9361 0.1776 -0.3034
vn -0.9806 0.0832 -0.1775
vn -0.9368 0.1290 -0.3253
vn -0.9787 -0.1203 -0.1662
vn -0.9665 -0.1902 -0.1722
vn -1.0000 -0.0000 -0.0096
vn -0.9574 -0.0009 -0.2889
vn -0.9882 0.0673 -0.1375
vn -0.9892 -0.1453 -0.0202
vn -0.9739 -0.2142 -0.0752
vn -0.9793 -0.2004 -0.0271
vn -0.9433 0.1934 -0.2696
vn -0.9766 0.0205 -0.2139
vn -0.9456 0.0201 -0.3248
vn -0.9930 -0.0764 -0.0903
vn -0.9872 0.0369 -0.1551
vn -0.9401 0.0101 -0.3406
vn -0.9758 0.2164 -0.0308
vn -0.9757 -0.1557 -0.1543
vn -0.9363 0.1279 -0.3271
vn -0.9532 -0.0988 -0.2856
vn -0.9782 0.0178 -0.2068
vn -0.9752 -0.2210 -0.0081
vn -0.9497 0.0354 -0.3112
vn -0.9722 -0.2337 -0.0151
vn -0.9734 0.0358 -0.2261
vn -0.9601 -0.2376 -0.1474
vn -0.9557 -0.1631 -0.2452
vn -0.9618 0.0213 -0.2728
vn -0.9419 0.1246 -0.3118
vn -0.9741 -0.2258 -0.0084
vn -0.9768 -0.2022 -0.0712
vn -0.9935 -0.0730 -0.0877
vn -0.9370 -0.1934 -0.2909
vn -0.9811 -0.1515 -0.1203
vn -0.7975 -0.5209 -0.3044
vn -0.9357 -0.1980 -0.2919
vn -0.4235 0.8553 -0.2986
vn -0.9588 0.0305 -0.2823
vn -0.9377 -0.1487 -0.3140
vn -0.9244 0.2131 -0.3164
vn -0.9343 -0.1464 -0.3251
vn -0.8467 -0.4314 -0.3115
vn -0.9637 -0.1166 -0.2403
vn -0.8588 -0.4164 -0.2983
vn -0.9636 -0.1155 -0.2410
vn -0.9710 0.0725 -0.2278
vn -0.9315 -0.1222 -0.3427
vn -0.8492 -0.4101 -0.3325
vn -0.9396 0.1226 -0.3194
vn -0.9561 0.0172 -0.2925
vn -0.9833 0.0471 0.1758
vn -0.9092 -0.2333 -0.3450
vn -0.6806 0.6666 -0.3041
vn -0.5344 0.7670 -0.3552
vn -0.8314 -0.4514 -0.3241
vn -0.9562 0.0035 -0.2928
vn -0.9697 0.0201 -0.2435
vn -0.5611 0.7744 -0.2922
vn -0.5010 0.8243 -0.2637
vn -0.9488 0.1372 -0.2845
vn -0.9559 0.0272 -0.2923
vn -0.6692 0.7048 -0.2354
vn -0.4687 0.8480 -0.2475
vn -0.8550 -0.0361 0.5174
vn -0.8980 0.1341 0.4190
vn -0.6337 0.7192 -0.2849
vn -0.8571 0.1447 0.4944
vn -0.9334 0.2071 -0.2931
vn -0.9141 -0.2642 -0.3077
vn -0.8371 0.0485 0.5449
vn -0.9564 0.0027 -0.2921
vn -0.9557 0.0136 -0.2939
vn -0.8811 0.1267 0.4556
vn -0.7729 0.0650 0.6312
vn -0.8441 0.1033 0.5261
vn -0.8638 0.0534 0.5011
vn -0.8513 0.0355 0.5234
vn -0.9130 -0.2896 -0.2874
vn -0.8345 0.0454 0.5491
vn -0.9639 -0.0556 -0.2604
vn -0.8700 0.0015 0.4930
vn -0.7831 0.0658 0.6184
vn -0.9471 -0.1400 -0.2888
vn -0.8309 0.0403 0.5549
vn -0.7750 -0.0222 0.6316
vn -0.9446 -0.1448 -0.2946
vn -0.8348 0.0426 0.5489
vn -0.9603 0.1218 -0.2509
vn -0.8415 0.0730 0.5353
vn -0.8515 -0.0544 0.5216
vn -0.9641 -0.1484 -0.2202
vn -0.9029 -0.0176 0.4294
vn -0.8375 0.0326 0.5454
vn -0.8018 0.1493 0.5787
vn -0.8091 0.1538 0.5671
vn -0.7962 0.2063 0.5687
vn -0.7512 0.1673 0.6385
vn -0.7492 0.1361 0.6482
vn -0.9667 0.0314 -0.2541
vn -0.7995 0.1547 0.5805
vn -0.8419 0.0886 0.5323
vn -0.7240 0.0989 0.6827
vn -0.8327 0.0579 0.5507
vn -0.8403 0.0879 0.5350
vn -0.8582 0.0412 0.5117
vn -0.7625 0.0202 0.6467
vn -0.7832 0.1363 0.6066
vn -0.7997 0.1493 0.5815
vn -0.8322 0.0011 0.5544
vn -0.7792 0.0287 0.6261
vn -0.8754 0.0488 0.4810
vn -0.7775 0.0553 0.6265
vn -0.5706 0.7465 0.3422
vn -0.5907 0.7675 0.2489
vn -0.5165 0.8159 0.2598
vn -0.8001 -0.0085 0.5998
vn -0.8430 0.1037 0.5279
vn -0.7491 0.1756 0.6387
vn -0.7515 0.1752 0.6360
vn -0.5765 0.6956 0.4287
vn -0.8215 -0.0028 0.5702
vn -0.7230 0.2003 0.6612
vn -0.7423 0.1415 0.6549
vn -0.8013 0.2086 0.5607
vn -0.6468 0.7134 0.2696
vn -0.8680 0.1578 0.4709
vn -0.4592 0.8307 0.3147
vn -0.5668 0.7708 0.2908
vn -0.7180 0.2013 0.6663
vn -0.7775 0.0580 0.6262
vn -0.4033 0.8697 0.2846
vn -0.3831 0.7795 0.4957
vn -0.6344 0.7066 0.3135
vn -0.6434 0.7189 0.2629
vn -0.5183 0.8170 0.2527
vn -0.5918 0.7286 0.3449
vn -0.5136 0.7577 0.4026
vn -0.5026 0.7232 0.4737
vn -0.4421 0.7948 0.4157
vn -0.4418 0.7928 0.4199
vn -0.5133 0.7413 0.4324
vn -0.7972 0.2166 0.5635
vn -0.4495 0.8302 0.3298
vn -0.4432 0.7935 0.4171
vn -0.5168 0.7113 0.4764
vn -0.4834 0.7813 0.3948
vn -0.9443 -0.2249 -0.2402
vn -0.2939 0.8320 0.4705
vn -0.3924 0.8597 0.3271
vn -0.4578 0.7379 0.4958
vn -0.5272 0.7253 0.4427
vn -0.8599 -0.4311 0.2734
vn -0.4491 0.8264 0.3398
vn -0.8656 -0.4220 0.2693
vn -0.5150 0.7412 0.4305
vn -0.5153 0.7117 0.4775
vn -0.4661 0.7394 0.4859
vn -0.4404 0.8268 0.3499
vn -0.9266 -0.3674 0.0798
vn -0.8352 -0.4184 0.3569
vn -0.8313 -0.4605 0.3112
vn -0.3681 0.8703 0.3272
vn -0.4668 0.7615 0.4496
vn -0.7927 -0.5154 0.3255
vn -0.7919 -0.2999 0.5319
vn -0.4239 0.8636 0.2730
vn -0.3461 0.8010 0.4884
vn -0.8273 -0.4674 0.3117
vn -0.8571 -0.2791 0.4330
vn -0.7868 -0.4981 0.3645
vn -0.8344 -0.2040 0.5119
vn -0.7762 -0.4673 0.4231
vn -0.8163 -0.4623 0.3463
vn -0.7355 -0.1979 0.6480
vn -0.8557 -0.3788 0.3525
vn -0.6399 0.4924 0.5899
vn -0.7712 -0.4035 0.4924
vn -0.6165 0.4387 0.6538
vn -0.8310 -0.4206 0.3641
vn -0.7901 -0.4897 0.3687
vn -0.8189 -0.4753 0.3217
vn -0.7507 -0.4739 0.4602
vn -0.8534 -0.3309 0.4027
vn -0.7933 -0.4229 0.4380
vn -0.8539 -0.3711 0.3647
vn -0.8758 -0.3105 0.3696
vn -0.8176 -0.3490 0.4581
vn -0.8695 -0.3073 0.3868
vn -0.6264 0.3990 0.6696
vn -0.6428 0.4948 0.5847
vn -0.8302 -0.3468 0.4363
vn -0.8342 -0.4113 0.3675
vn -0.7713 -0.4045 0.4915
vn -0.6413 0.4754 0.6023
vn -0.8619 -0.3648 0.3521
vn -0.8362 -0.3399 0.4304
vn -0.8124 -0.3198 0.4876
vn -0.5924 0.5980 0.5399
vn -0.8371 -0.3088 0.4516
vn -0.5503 0.5486 0.6295
vn -0.8194 -0.4078 0.4028
vn -0.5590 0.5643 0.6075
vn -0.6137 0.5660 0.5504
vn -0.6208 0.5988 0.5060
vn -0.5520 0.5841 0.5950
vn -0.7475 -0.4345 0.5025
vn -0.8698 -0.2965 0.3943
vn -0.6530 0.4539 0.6062
vn -0.8132 -0.3201 0.4860
vn -0.7401 -0.4894 0.4613
vn -0.4121 0.6740 0.6132
vn -0.5937 0.6009 0.5351
vn -0.4870 0.6679 0.5628
vn -0.7735 -0.3937 0.4967
vn -0.4921 0.6829 0.5400
vn -0.6006 0.5775 0.5530
vn -0.7738 -0.3964 0.4940
vn -0.5925 0.5567 0.5823
vn -0.8717 0.4899 0.0127
vn -0.5443 0.6238 0.5609
vn -0.8442 -0.1806 0.5048
vn -0.4329 0.6374 0.6375
vn -0.4774 0.5853 0.6554
vn -0.6108 0.6275 0.4829
vn -0.5646 0.5378 0.6260
vn -0.5640 0.5757 0.5920
vn -0.9329 0.1924 0.3046
vn -0.5552 0.5680 0.6076
vn -0.5606 0.5851 0.5860
vn -0.9143 0.0767 0.3978
vn -0.5653 0.6034 0.5624
vn -0.4530 0.6505 0.6096
vn -0.4653 0.5799 0.6687
vn -0.5115 0.6854 0.5182
vn -0.5991 0.5969 0.5337
vn -0.4957 0.6281 0.5998
vn -0.9044 0.2684 0.3318
vn -0.5495 0.5656 0.6149
vn -0.9222 0.2294 0.3112
vn -0.5059 0.6401 0.5782
vn -0.8866 0.4503 0.1058
vn -0.9213 0.2584 0.2905
vn -0.8870 0.3091 0.3431
vn -0.8950 0.2304 0.3819
vn -0.4344 0.5787 0.6902
vn -0.9249 0.1686 0.3408
vn -0.8966 0.3471 0.2748
vn -0.8828 0.4408 0.1624
vn -0.9150 0.3059 0.2631
vn -0.8965 0.2689 0.3521
vn -0.9266 0.2656 0.2664
vn -0.8793 0.2059 0.4294
vn -0.8783 0.4602 0.1300
vn -0.5714 0.6289 0.5272
vn -0.5983 0.6234 0.5034
vn -0.9322 0.1926 0.3064
vn -0.6253 0.7646 -0.1557
vn -0.4869 0.6288 0.6063
vn -0.9289 0.0929 0.3584
vn -0.9028 0.2906 0.3171
vn -0.8926 0.3385 0.2979
vn -0.8754 0.3654 0.3165
vn -0.9254 0.2482 0.2862
vn -0.4489 0.6490 0.6142
vn -0.9182 0.2297 0.3227
vn -0.8715 0.3154 0.3756
vn -0.4349 0.7033 0.5624
vn -0.4589 0.6498 0.6059
vn -0.8666 0.2342 0.4406
vn -0.4902 0.8712 -0.0257
vn -0.8879 0.3755 0.2657
vn -0.5523 0.8253 -0.1177
vn -0.5130 0.8584 0.0021
vn -0.4895 0.8712 -0.0363
vn -0.9152 0.3055 0.2628
vn -0.4500 0.8687 -0.2069
vn -0.9014 0.2249 0.3700
vn -0.9134 0.2834 0.2924
vn -0.9194 0.2147 0.3295
vn -0.9003 0.1768 0.3978
vn -0.3963 0.9180 -0.0162
vn -0.5568 0.8229 -0.1136
vn -0.9066 0.3323 0.2600
vn -0.9424 0.2391 0.2338
vn -0.9591 0.2586 0.1153
vn -0.6100 0.7923 -0.0138
vn -0.6208 0.6212 0.4782
vn -0.9401 0.2438 0.2384
vn -0.9730 0.2285 0.0310
vn -0.9654 0.2565 0.0478
vn -0.9491 0.2581 0.1805
vn -0.9697 0.2032 0.1359
vn -0.9422 0.3192 0.1015
vn -0.5781 0.6516 0.4911
vn -0.9442 0.3027 0.1297
vn -0.4002 0.9144 -0.0608
vn -0.3778 0.9229 -0.0746
vn -0.9658 0.2536 0.0532
vn -0.4670 0.8790 -0.0965
vn -0.9479 0.3000 0.1069
vn -0.4575 0.8855 -0.0816
vn -0.5295 0.8234 -0.2043
vn -0.9249 0.3564 0.1323
vn -0.5514 0.8252 -0.1222
vn -0.9501 0.2862 0.1244
vn -0.9585 0.2637 0.1081
vn -0.9038 0.4278 0.0131
vn -0.9238 0.3670 0.1090
vn -0.5949 0.6518 0.4703
vn -0.8932 0.4250 0.1470
vn -0.7850 -0.0389 0.6183
vn -0.5976 0.6634 0.4502
vn -0.7882 -0.1690 0.5918
vn -0.9411 0.2409 0.2374
vn -0.9693 0.2440 0.0297
vn -0.8775 0.4106 0.2478
vn -0.8981 0.3795 0.2223
vn -0.9632 0.2159 0.1601
vn -0.9217 -0.2005 0.3322
vn -0.9640 0.2327 0.1287
vn -0.9457 0.2768 0.1703
vn -0.9470 0.2667 0.1792
vn -0.9388 0.2948 0.1785
vn -0.9573 0.2865 0.0373
vn -0.9299 -0.1844 0.3184
vn -0.9348 -0.1522 0.3210
vn -0.8932 0.4253 0.1459
vn -0.9331 0.3381 0.1225
vn -0.9593 -0.1408 0.2448
vn -0.8973 0.4195 0.1372
vn -0.9031 -0.1760 0.3917
vn -0.9029 -0.1911 0.3851
vn -0.9066 -0.1984 0.3726
vn -0.8904 -0.1761 0.4198
vn -0.9161 -0.1776 0.3595
vn -0.9041 0.3649 0.2226
vn -0.9294 0.3272 0.1708
vn -0.9611 -0.0773 0.2651
vn -0.9332 0.3537 0.0635
vn -0.9155 -0.1531 0.3720
vn -0.9659 -0.1149 0.2321
vn -0.9340 0.3429 0.1004
vn -0.9188 -0.2715 0.2864
vn -0.9376 -0.0625 0.3421
vn -0.9059 0.3583 0.2258
vn -0.9474 0.0783 0.3102
vn -0.1497 0.9303 -0.3349
vn -0.8950 -0.2532 0.3673
vn -0.9128 -0.2572 0.3173
vn -0.8857 -0.2345 0.4007
vn -0.9345 -0.0103 0.3558
vn -0.9044 0.3982 0.1532
vn -0.9460 -0.0439 0.3212
vn -0.8898 -0.1459 0.4324
vn -0.9047 -0.1128 0.4108
vn -0.9018 -0.0637 0.4274
vn -0.8992 -0.2277 0.3737
vn -0.9460 -0.1986 0.2562
vn -0.8860 -0.1431 0.4410
vn -0.8916 -0.2389 0.3846
vn -0.9324 -0.1303 0.3372
vn -0.7170 0.5055 0.4799
vn -0.8910 0.0828 0.4464
vn -0.8981 0.1006 0.4281
vn -0.6628 0.4624 0.5889
vn -0.8722 -0.1997 0.4466
vn -0.8966 -0.1539 0.4152
vn -0.6409 0.7551 0.1381
vn -0.6343 0.7484 0.1938
vn -0.8863 -0.0409 0.4613
vn -0.9244 -0.0100 0.3813
vn -0.8972 -0.1600 0.4117
vn -0.5985 0.7675 -0.2297
vn -0.3512 0.8964 -0.2705
vn -0.6322 0.6013 0.4886
vn -0.9010 -0.0357 0.4324
vn -0.8873 -0.1742 0.4271
vn -0.6639 0.4884 0.5663
vn -0.7161 0.6896 0.1081
vn -0.6547 0.5034 0.5639
vn -0.5356 0.7762 -0.3327
vn -0.6251 0.5736 0.5294
vn -0.6582 0.7445 0.1118
vn -0.7122 0.6676 0.2170
vn -0.6660 0.4708 0.5786
vn -0.6446 0.7539 0.1270
vn -0.4685 0.8215 -0.3250
vn -0.4718 0.8209 -0.3216
vn -0.6742 0.5093 0.5348
vn -0.6723 0.4687 0.5730
vn -0.7318 0.4889 0.4749
vn -0.6499 0.6782 -0.3429
vn -0.4842 0.8440 -0.2306
vn -0.5979 0.7387 -0.3112
vn -0.6433 0.7381 0.2035
vn -0.6076 0.7413 -0.2852
vn -0.8797 0.1896 0.4361
vn -0.6517 0.4733 0.5927
vn -0.5291 0.7777 -0.3394
vn -0.3645 0.7188 0.5920
vn -0.8641 0.1575 0.4781
vn -0.3086 0.7774 0.5481
vn -0.6434 0.4600 0.6119
vn -0.4734 0.8244 -0.3103
vn -0.3773 0.7607 0.5282
vn -0.2308 0.7900 0.5680
vn -0.2560 0.7569 0.6014
vn -0.2780 0.7231 0.6324
vn -0.3864 0.7328 0.5602
vn -0.1439 0.7829 0.6053
vn -0.3054 0.7761 0.5517
vn -0.3058 0.7770 0.5503
vn -0.8129 0.4876 -0.3185
vn -0.1447 0.7828 0.6053
vn -0.4075 0.7706 0.4900
vn -0.2342 0.8127 0.5336
vn -0.3192 0.7274 0.6074
vn -0.8687 0.3771 -0.3211
vn -0.3476 0.7274 0.5917
vn -0.3084 0.7945 0.5230
vn -0.8772 0.3680 -0.3084
vn -0.8105 0.4895 -0.3217
vn -0.3268 0.7475 0.5783
vn -0.8534 0.1300 0.5048
vn -0.8656 -0.0628 0.4968
vn -0.2143 0.8195 0.5315
vn -0.2338 0.7410 0.6294
vn -0.2131 0.7298 0.6495
vn -0.8616 -0.4648 -0.2041
vn -0.3397 0.7402 0.5803
vn -0.1364 0.8440 0.5187
vn -0.2259 0.7795 0.5843
vn -0.7785 -0.1660 0.6052
vn -0.7885 -0.1527 0.5957
vn -0.8692 -0.4131 0.2717
vn -0.1944 0.7998 0.5679
vn -0.1599 0.8449 0.5105
vn -0.1552 0.7929 0.5893
vn -0.7526 0.5976 -0.2764
vn -0.7972 -0.1973 0.5706
vn -0.7808 -0.2323 0.5799
vn -0.8990 -0.2822 0.3349
vn -0.8715 -0.3149 0.3758
vn -0.1682 0.9583 0.2311
vn -0.2627 0.9648 -0.0077
vn -0.9037 -0.2967 0.3086
vn -0.9825 0.0179 0.1852
vn -0.8340 -0.2051 0.5122
vn -0.7315 0.6108 -0.3031
vn -0.7188 0.6607 -0.2163
vn -0.2266 0.9738 -0.0182
vn -0.9196 -0.3047 0.2482
vn -0.8772 -0.3654 0.3115
vn -0.8829 -0.2473 0.3992
vn -0.8616 0.5053 -0.0472
vn -0.7614 -0.2603 0.5937
vn -0.1661 0.9586 -0.2311
vn -0.3014 0.9518 -0.0576
vn -0.8580 0.2559 0.4453
vn -0.7725 -0.2008 0.6025
vn -0.8032 -0.1750 0.5694
vn -0.7106 0.6512 -0.2666
vn -0.8877 -0.2845 0.3620
vn -0.2542 0.9600 -0.1175
vn -0.8996 -0.3408 0.2732
vn -0.8815 -0.3566 0.3095
vn -0.9156 -0.2873 0.2812
vn -0.8978 0.4335 -0.0776
vn -0.2895 0.9569 -0.0211
vn -0.8879 -0.3471 0.3019
vn -0.8484 0.2826 0.4476
vn -0.8416 0.3051 0.4457
vn -0.1067 0.9885 -0.1073
vn -0.8714 0.2864 0.3982
vn -0.8783 0.2848 0.3840
vn -0.8428 0.3592 0.4009
vn -0.8491 0.3498 0.3958
vn -0.8759 0.4087 0.2566
vn -0.2050 0.9718 -0.1163
vn -0.8487 0.2420 0.4702
vn -0.1871 0.9742 -0.1261
vn -0.8040 0.4260 0.4148
vn -0.8484 0.3451 0.4015
vn -0.8837 0.3831 0.2687
vn -0.8296 0.2932 0.4752
vn -0.6119 0.7382 0.2839
vn -0.8501 0.3451 0.3978
vn -0.2909 0.9543 0.0684
vn -0.3331 0.9422 0.0353
vn -0.8100 0.4208 0.4083
vn -0.2971 0.9412 0.1612
vn -0.8490 0.3451 0.4001
vn -0.8724 0.3765 0.3117
vn -0.8523 0.3157 0.4171
vn -0.8019 0.4380 0.4062
vn -0.2168 0.9677 0.1283
vn -0.1630 0.9858 0.0412
vn -0.2670 0.9629 0.0401
vn -0.8325 0.4274 0.3524
vn -0.7981 0.4019 0.4489
vn -0.2810 0.9446 0.1694
vn -0.6213 0.7249 0.2975
vn -0.2041 0.9474 0.2465
vn -0.1619 0.9855 0.0507
vn -0.3281 0.9422 0.0683
vn -0.7970 0.4479 0.4052
vn -0.8359 0.4213 0.3519
vn -0.8087 0.3321 0.4855
vn -0.8407 0.2973 0.4526
vn -0.8568 0.4426 0.2646
vn -0.2666 0.9434 0.1972
vn -0.8427 0.3539 0.4057
vn -0.2523 0.9601 0.1204
vn -0.2771 0.9364 0.2155
vn -0.7848 0.4569 0.4189
vn -0.2104 0.9629 0.1692
vn -0.2376 0.9507 0.1995
vn -0.8448 0.3534 0.4018
vn -0.7821 0.4553 0.4254
vn -0.1607 0.9635 0.2142
vn -0.3884 0.8892 0.2419
vn -0.9430 -0.0298 0.3316
vn -0.8281 0.4525 0.3309
vn -0.6881 0.6960 -0.2053
vn -0.7932 0.3629 0.4889
vn -0.7840 0.4026 0.4724
vn -0.1642 0.9853 0.0472
vn -0.9542 -0.0014 0.2991
vn -0.9511 -0.0021 0.3088
vn -0.3477 0.9329 0.0939
vn -0.9411 0.1027 0.3222
vn -0.3421 0.9376 0.0628
vn -0.4106 0.9033 0.1241
vn -0.9599 0.0532 0.2754
vn -0.9705 0.1076 0.2156
vn -0.9378 0.1464 0.3149
vn -0.9426 0.1133 0.3141
vn -0.9504 0.1435 0.2759
vn -0.9558 0.1454 0.2557
vn -0.9372 -0.0286 0.3475
vn -0.9147 -0.0266 0.4033
vn -0.9484 0.0174 0.3167
vn -0.3773 0.9024 0.2083
vn -0.9335 0.1030 0.3435
vn -0.9344 0.0064 0.3562
vn -0.1984 0.9481 0.2485
vn -0.8902 0.0930 0.4459
vn -0.9516 0.0211 0.3065
vn -0.9393 0.0862 0.3321
vn -0.3598 0.9088 0.2113
vn -0.9419 0.0598 0.3306
vn -0.9312 0.2076 0.2995
vn -0.8799 -0.0038 0.4752
vn -0.9173 0.0815 0.3898
vn -0.8741 0.1228 0.4699
vn -0.8790 0.0012 0.4768
vn -0.8925 0.0938 0.4412
vn -0.8896 0.0838 0.4490
vn -0.9309 0.1881 0.3130
vn -0.9420 -0.0541 0.3314
vn -0.8626 0.1171 0.4921
vn -0.8748 0.0543 0.4813
vn -0.9109 -0.0024 0.4127
vn -0.9264 -0.1171 0.3578
vn -0.9078 0.0366 0.4178
vn -0.9411 0.0614 0.3325
vn -0.9137 -0.0368 0.4048
vn -0.9535 0.0871 0.2886
vn -0.9085 0.1816 0.3763
vn -0.8720 0.0582 0.4861
vn -0.9509 0.0728 0.3007
vn -0.9642 0.1158 0.2384
vn -0.9400 0.0829 0.3308
vn -0.8903 0.0923 0.4458
vn -0.9175 0.0823 0.3892
vn -0.8980 0.2150 0.3838
vn -0.9418 0.0806 0.3263
vn -0.9084 0.1283 0.3980
vn -0.9338 -0.0590 0.3530
vn -0.8681 0.2082 0.4506
vn -0.8956 0.2692 0.3541
vn -0.9274 0.1883 0.3233
vn -0.9498 0.1050 0.2947
vn -0.9032 0.0225 0.4286
vn -0.7868 -0.2154 0.5784
vn -0.9753 0.0303 0.2188
vn -0.9328 0.1963 0.3024
vn -0.7958 -0.1097 0.5955
vn -0.8796 0.0037 0.4757
vn -0.8468 -0.2415 0.4740
vn -0.8508 -0.2148 0.4795
vn -0.8575 0.4467 0.2551
vn -0.7659 -0.2119 0.6070
vn -0.9163 0.0370 0.3988
vn -0.8780 0.1899 0.4394
vn -0.8622 -0.1995 0.4657
vn -0.8727 -0.2041 0.4435
vn -0.8454 0.0564 0.5311
vn -0.6995 0.3558 0.6198
vn -0.8493 -0.2327 0.4739
vn -0.7339 0.3063 0.6062
vn -0.9940 0.0547 0.0952
vn -0.8171 -0.1506 0.5564
vn -0.8747 -0.2832 0.3934
vn -0.7122 0.4137 0.5671
vn -0.8336 -0.2005 0.5147
vn -0.7801 -0.2323 0.5810
vn -0.6690 0.3732 0.6428
vn -0.7209 0.3070 0.6213
vn -0.6754 0.3981 0.6208
vn -0.6742 0.7029 -0.2266
vn -0.7184 0.3480 0.6023
vn -0.8336 -0.1531 0.5307
vn -0.7993 0.5958 0.0785
vn -0.8623 -0.2040 0.4636
vn -0.7786 0.2858 0.5586
vn -0.7243 0.4002 0.5614
vn -0.7822 0.3849 0.4900
vn -0.7356 0.4324 0.5215
vn -0.9791 0.1623 0.1224
vn -0.9828 0.1478 0.1109
vn -0.6850 0.7229 -0.0908
vn -0.7273 0.3117 0.6114
vn -0.8542 -0.2914 0.4306
vn -0.7916 -0.2291 0.5665
vn -0.7904 0.3246 0.5195
vn -0.6269 0.7560 -0.1885
vn -0.8209 -0.2582 0.5094
vn -0.6894 0.3380 0.6407
vn -0.6677 0.7441 -0.0227
vn -0.9942 0.0289 0.1035
vn -0.6780 0.3966 0.6189
vn -0.6994 0.4497 0.5555
vn -0.8674 0.4751 0.1477
vn -0.6526 0.4341 0.6210
vn -0.7222 0.2747 0.6348
vn -0.6613 0.7499 -0.0173
vn -0.7129 0.4224 0.5598
vn -0.6943 0.4286 0.5782
vn -0.8055 0.2948 0.5141
vn -0.8067 0.3324 0.4887
vn -0.8113 0.2268 0.5389
vn -0.7251 0.2972 0.6212
vn -0.6904 0.3216 0.6480
vn -0.7665 0.2724 0.5817
vn -0.6489 0.4039 0.6448
vn -0.7206 0.4001 0.5663
vn -0.6820 0.7259 -0.0887
vn -0.6848 0.1595 0.7111
vn -0.6491 0.3737 0.6626
vn -0.6676 0.4332 0.6055
vn -0.9906 0.1097 0.0813
vn -0.8058 0.2405 0.5411
vn -0.7159 0.3936 0.5766
vn -0.6778 0.3978 0.6184
vn -0.8058 0.2454 0.5389
vn -0.7047 0.4204 0.5715
vn -0.1675 0.9277 0.3338
vn -0.7041 0.3115 0.6381
vn -0.7817 0.2823 0.5561
vn -0.9656 -0.1149 0.2333
vn -0.7959 0.3804 0.4711
vn -0.7865 0.6129 0.0760
vn -0.7313 0.3640 0.5768
vn -0.2645 0.9165 0.3001
vn -0.7309 0.2756 0.6244
vn -0.7627 0.2946 0.5758
vn -0.6841 0.3143 0.6582
vn -0.9705 0.0444 0.2371
vn -0.7416 0.2523 0.6216
vn -0.9902 -0.0959 0.1011
vn -0.8388 0.2077 0.5032
vn -0.7948 0.2688 0.5441
vn -0.9648 -0.2126 0.1549
vn -0.9846 -0.0946 0.1472
vn -0.9800 -0.1807 0.0834
vn -0.7794 0.2655 0.5675
vn -0.9746 -0.1928 0.1135
vn -0.9902 -0.1180 0.0749
vn -0.9767 -0.0720 0.2019
vn -0.9778 -0.0704 0.1975
vn -0.9695 -0.2387 0.0547
vn -0.8123 0.2017 0.5472
vn -0.7758 -0.5960 -0.2072
vn -0.4041 0.7438 0.5324
vn -0.9933 -0.1105 0.0342
vn -0.4045 0.7509 0.5221
vn -0.8020 0.1850 0.5679
vn -0.1752 0.9368 0.3027
vn -0.9649 -0.1269 0.2298
vn -0.9505 -0.2303 0.2088
vn -0.9509 -0.2301 0.2072
vn -0.7791 0.5880 -0.2173
vn -0.7891 0.2422 0.5645
vn -0.9521 -0.2353 0.1952
vn -0.6709 0.6796 -0.2965
vn -0.9896 -0.1214 0.0773
vn -0.9456 -0.2167 0.2427
vn -0.7988 0.2214 0.5594
vn -0.8145 0.2251 0.5347
vn -0.3708 0.7443 0.5555
vn -0.9735 0.0089 0.2284
vn -0.4110 0.7216 0.5571
vn -0.4002 0.6889 0.6044
vn -0.4020 0.6885 0.6036
vn -0.1165 0.9284 0.3527
vn -0.4178 0.7048 0.5733
vn -0.9690 -0.1723 0.1770
vn -0.9966 0.0310 0.0768
vn -0.7458 0.6009 -0.2874
vn -0.9789 0.0330 0.2015
vn -0.4191 0.7082 0.5681
vn -0.9833 -0.0975 0.1536
vn -0.2007 0.9197 0.3376
vn -0.7430 0.5801 -0.3338
vn -0.2289 0.9336 0.2757
vn -0.9929 0.0524 0.1064
vn -0.9592 -0.1369 0.2473
vn -0.9704 -0.2354 0.0538
vn -0.8112 0.4907 -0.3181
vn -0.9533 -0.2715 0.1320
vn -0.9714 -0.1718 0.1638
vn -0.9712 -0.1878 0.1463
vn -0.9954 0.0254 0.0925
vn -0.7357 0.6042 -0.3061
vn -0.4269 0.7248 0.5407
vn -0.9933 -0.1117 0.0309
vn -0.9824 -0.1789 0.0545
vn -0.9964 0.0228 0.0820
vn -0.3491 0.7825 0.5155
vn -0.9936 0.1089 0.0314
vn -0.4522 0.7186 0.5283
vn -0.9944 -0.0147 0.1051
vn -0.8357 0.4734 -0.2784
vn -0.9930 0.0249 0.1156
vn -0.6515 0.6728 -0.3505
vn -0.9935 0.0374 0.1078
vn -0.9770 0.0164 0.2126
vn -0.9802 -0.1844 0.0717
vn -0.6644 0.3738 0.6472
vn -0.1393 -0.9694 -0.2020
vn -0.0894 -0.9759 0.1992
vn -0.1059 -0.9774 -0.1832
vn -0.3087 0.0094 0.9511
vn -0.0570 -0.9816 -0.1824
vn -0.1039 -0.9811 -0.1631
vn -0.1367 -0.9884 0.0661
vn -0.1712 -0.9602 0.2208
vn -0.0048 0.0120 0.9999
vn 0.0701 0.0983 0.9927
vn -0.0206 0.0187 0.9996
vn 0.0154 0.0107 0.9998
vn -0.0197 -0.9997 0.0161
vn -0.0012 -0.4833 0.8755
vn -0.0051 0.0576 0.9983
vn -0.0165 -0.0100 0.9998
vn -0.2011 -0.9637 -0.1754
vn -0.0802 -0.9811 0.1759
vn 0.1566 0.3215 0.9339
vn 0.0179 -0.4261 0.9045
vn -0.0023 -0.0100 0.9999
vn 0.2472 0.1854 0.9511
vn -0.1762 -0.9658 -0.1900
vn -0.0700 -0.0795 0.9944
vn -0.0819 -0.9781 0.1913
vn 0.0074 0.0154 0.9999
vn -0.0315 -0.2898 0.9566
vn -0.3265 0.0261 0.9448
vn -0.2828 0.0394 0.9584
vn 0.0047 0.0954 0.9954
vn 0.0313 0.2724 0.9617
vn 0.0041 0.0323 0.9995
vn 0.0236 0.2847 0.9583
vn 0.0202 0.0529 0.9984
vn -0.0409 -0.9976 0.0550
vn -0.2815 0.0130 0.9595
vn 0.0054 -1.0000 0.0025
vn 0.1052 0.0575 0.9928
vn 0.1356 -0.1690 0.9762
vn -0.1176 -0.9769 -0.1784
vn -0.1862 -0.9716 0.1459
vn -0.0033 0.0247 0.9997
vn -0.3515 0.0202 0.9360
vn -0.0219 0.0150 0.9996
vn -0.1212 -0.7466 0.6542
vn 0.0192 0.0065 0.9998
vn 0.0717 -0.1943 0.9783
vn 0.0088 0.0169 0.9998
vn 0.0318 0.3910 0.9198
vn -0.0738 -0.0772 0.9943
vn 0.0072 0.0199 0.9998
vn 0.0265 0.3085 0.9509
vn -0.1960 0.3228 0.9260
vn -0.1213 -0.1481 0.9815
vn -0.0559 -0.2961 0.9535
vn 0.0323 0.0419 0.9986
vn 0.0244 0.0432 0.9988
vn -0.2102 -0.9576 -0.1969
vn 0.1851 -0.2175 0.9583
vn -0.0034 0.0332 0.9994
vn -0.0053 0.0129 0.9999
vn -0.0211 -0.0132 0.9997
vn 0.0094 -0.0133 0.9999
vn -0.0414 -0.9855 -0.1645
vn -0.1636 -0.1795 0.9701
vn 0.0278 0.0641 0.9976
vn -0.0129 0.2569 0.9664
vn -0.2129 0.0181 0.9769
vn 0.0046 0.0212 0.9998
vn 0.0474 0.4058 0.9127
vn 0.0132 -0.0293 0.9995
vn 0.0138 0.0051 0.9999
vn 0.0074 -0.4529 0.8916
vn -0.0315 0.0028 0.9995
vn 0.0007 -0.2091 0.9779
vn -0.0716 -0.0652 0.9953
vn -0.0235 0.0094 0.9997
vn -0.0544 0.4490 0.8919
vn -0.0435 0.0241 0.9988
vn -0.8601 -0.5058 0.0669
vn -0.0966 0.0080 0.9953
vn 0.0077 0.0193 0.9998
vn 0.0245 0.0019 0.9997
vn -0.0092 0.0087 0.9999
vn -0.7435 -0.6522 0.1478
vn -0.0002 -0.0000 -1.0000
vn -0.5576 -0.8276 -0.0648
vn -0.8479 -0.5151 0.1255
vn -0.0031 0.0279 0.9996
vn 0.1047 0.2175 0.9704
vn 0.0240 0.0210 0.9995
vn -0.1072 -0.2939 0.9498
vn 0.0737 0.1459 0.9865
vn 0.0165 0.0063 0.9998
vn 0.0027 -0.0136 0.9999
vn 0.0114 -0.4821 0.8761
vn -0.0109 0.1008 0.9948
vn -0.0075 0.0382 0.9992
vn -0.0333 0.0260 0.9991
vn -0.0041 -0.0212 0.9998
vn 0.0621 -0.2563 0.9646
vn -0.6219 -0.5121 0.5924
vn -0.0657 -0.3811 0.9222
vn 0.3372 -0.0105 0.9414
vn 0.1258 0.1739 0.9767
vn 0.0374 0.0376 0.9986
vn 0.0257 0.0037 0.9997
vn -0.3548 0.0597 0.9330
vn 0.0523 -0.9981 -0.0315
vn 0.0024 -0.0101 0.9999
vn 0.0176 -0.3505 0.9364
vn 0.0042 0.0161 0.9999
vn -0.0400 -0.3368 0.9407
vn 0.0106 0.0020 0.9999
vn -0.0189 -0.0465 0.9987
vn -0.4479 0.0429 0.8930
vn -0.0298 0.0957 0.9950
vn -0.0064 0.0041 1.0000
vn -0.0244 0.1143 0.9931
vn 0.0232 0.0110 0.9997
vn 0.1817 0.0402 0.9825
vn -0.0328 -0.3089 0.9505
vn -0.0052 -0.0118 0.9999
vn 0.0956 0.5336 0.8403
vn 0.0232 -0.0042 0.9997
vn 0.0035 -0.0096 0.9999
vn -0.0266 0.3142 0.9490
vn -0.0097 0.0047 0.9999
vn -0.0819 -0.3299 0.9404
vn -0.0028 -0.0028 1.0000
vn -0.0517 0.0023 0.9987
vn -0.0354 -0.1849 0.9821
vn -0.0657 0.1284 0.9895
vn 0.0619 0.4524 0.8897
vn 0.0261 -0.0030 0.9997
vn -0.0727 0.4070 0.9105
vn 0.0071 -0.0208 0.9998
vn 0.0570 0.1045 0.9929
vn 0.0058 0.0035 1.0000
vn -0.0093 -0.7006 -0.7135
vn -0.0307 -0.0864 0.9958
vn -0.0178 0.0246 0.9995
vn -0.0030 0.0222 0.9997
vn -0.0102 0.0086 0.9999
vn 0.0175 -0.0255 0.9995
vn -0.2340 -0.9579 0.1663
vn 0.3115 -0.0161 0.9501
vn 0.0384 -0.0033 0.9993
vn 0.1270 0.4034 0.9062
vn 0.0031 -0.2586 0.9660
vn 0.0529 0.4869 0.8718
vn -0.3070 -0.9296 0.2039
vn 0.0041 -0.2735 0.9619
vn 0.0308 -0.0020 0.9995
vn 0.0101 0.0196 0.9998
vn -0.0364 -0.1297 0.9909
vn 0.0060 -0.9998 0.0181
vn 0.0112 0.0203 0.9997
vn 0.0078 -0.0096 0.9999
vn 0.0101 0.0296 0.9995
vn -0.0222 0.0307 0.9993
vn 0.0040 -0.0109 0.9999
vn -0.0063 -0.0100 0.9999
vn -0.0060 0.0363 0.9993
vn -0.5019 -0.4487 0.7395
vn 0.0295 0.0132 0.9995
vn 0.0053 0.0094 0.9999
vn -0.0503 -0.0987 0.9938
vn 0.0042 0.0063 1.0000
vn 0.0066 0.0054 1.0000
vn 0.0148 0.0361 0.9992
vn 0.0447 0.0407 0.9982
vn -0.0259 0.0241 0.9994
vn 0.0324 -0.0146 0.9994
vn 0.0098 0.0319 0.9994
vn 0.0394 0.0056 0.9992
vn 0.0074 0.0513 0.9987
vn 0.0203 0.0127 0.9997
vn 0.0816 -0.1331 0.9877
vn -0.0010 0.0019 1.0000
vn -0.0586 -0.9981 -0.0211
vn 0.0048 0.0160 0.9999
vn 0.0238 0.0444 0.9987
vn -0.0092 0.0217 0.9997
vn -0.0023 0.7484 -0.6633
vn 0.0056 -0.0088 0.9999
vn -0.0006 -0.0013 1.0000
vn 0.0195 0.0036 0.9998
vn -0.0296 -0.0515 0.9982
vn 0.0352 -0.0943 0.9949
vn 0.0014 0.0298 0.9996
vn -0.2438 -0.9508 0.1910
vn 0.0365 0.0181 0.9992
vn -0.4094 -0.8980 0.1610
vn -0.0087 -0.0012 1.0000
vn -0.0085 -0.0006 1.0000
vn 0.0348 0.0295 0.9990
vn -0.0093 0.0018 1.0000
vn -0.0341 -0.0593 0.9977
vn -0.0142 0.0078 0.9999
vn 0.0044 0.0236 0.9997
vn 0.0022 0.0049 1.0000
vn -0.0057 0.0387 0.9992
vn 0.0047 0.0020 1.0000
vn 0.0034 -0.0317 0.9995
vn -0.4089 -0.8904 0.1998
vn -0.4405 -0.8770 0.1918
vn -0.3738 -0.8974 0.2345
vn -0.0180 -0.1578 0.9873
vn -0.0152 -0.0060 0.9999
vn -0.4150 -0.8994 0.1376
vn -0.3431 -0.9268 0.1524
vn -0.0516 -0.0954 0.9941
vn -0.7915 -0.6111 -0.0133
vn -0.2992 -0.9456 0.1274
vn -0.3087 -0.9392 0.1503
vn -0.3490 -0.9298 0.1169
vn 0.0032 0.0099 0.9999
vn -0.1201 -0.9832 0.1371
vn -0.0547 -0.2598 0.9641
vn -0.3387 -0.9353 0.1029
vn -0.6486 -0.6722 0.3570
vn -0.0096 -0.6921 0.7218
vn -0.2098 -0.9649 0.1581
vn -0.2560 -0.9585 0.1251
vn -0.2404 -0.9679 0.0733
vn -0.2453 -0.9484 0.2010
vn -0.2973 -0.9345 0.1956
vn -0.3326 -0.9293 0.1606
vn -0.0052 -0.0179 0.9998
vn -0.4610 -0.7013 0.5437
vn 0.0223 0.0142 0.9997
vn -0.0044 0.0153 0.9999
vn -0.0089 -0.0022 1.0000
vn -0.2535 -0.9435 0.2136
vn 0.0303 0.0298 0.9991
vn -0.3684 -0.9096 0.1919
vn -0.3827 -0.8256 0.4147
vn 0.0289 0.0223 0.9993
vn -0.0098 0.0202 0.9997
vn -0.0043 -0.0188 0.9998
vn -0.3542 -0.9038 -0.2403
vn 0.0152 0.0139 0.9998
vn -0.3385 -0.9373 0.0831
vn 0.0083 0.0231 0.9997
vn -0.3503 -0.7540 0.5556
vn -0.4823 -0.6130 0.6259
vn -0.0419 -0.0344 0.9985
vn 0.0020 0.0047 1.0000
vn -0.6849 -0.6813 0.2582
vn -0.0007 0.0215 0.9998
vn -0.1673 -0.6446 0.7460
vn -0.5923 -0.7456 0.3054
vn 0.0088 0.0260 0.9996
vn -0.5316 -0.7473 0.3987
vn 0.0032 -0.0170 0.9999
vn -0.0858 -0.7075 0.7015
vn -0.3547 -0.9297 0.0996
vn -0.0091 0.0086 0.9999
vn -0.4406 -0.8898 0.1185
vn -0.5142 -0.7845 0.3466
vn 0.0152 0.0307 0.9994
vn -0.7457 -0.6310 0.2140
vn 0.0281 0.0311 0.9991
vn -0.4018 -0.7715 0.4933
vn 0.0221 -0.0061 0.9997
vn -0.2798 -0.7323 0.6209
vn 0.0077 0.0100 0.9999
vn -0.1457 -0.9158 0.3742
vn -0.6529 -0.7366 -0.1765
vn -0.1150 -0.9553 0.2725
vn -0.0104 0.0109 0.9999
vn 0.0116 -0.0067 0.9999
vn -0.5140 -0.8434 -0.1564
vn -0.0360 -0.2517 0.9671
vn -0.2296 -0.8393 0.4928
vn -0.7113 -0.6712 -0.2087
vn -0.0037 0.0022 1.0000
vn -0.4906 -0.8421 -0.2240
vn -0.4201 -0.8375 0.3494
vn 0.0059 0.0131 0.9999
vn -0.2603 -0.8383 0.4791
vn -0.1944 -0.8732 0.4469
vn -0.0024 -0.9999 0.0116
vn -0.0633 -0.9495 0.3072
vn 0.0052 0.0040 1.0000
vn -0.0068 -0.0015 1.0000
vn 0.0011 0.0051 1.0000
vn -0.6088 -0.7711 -0.1864
vn -0.0171 -0.0308 0.9994
vn -0.1181 -0.9531 0.2785
vn -0.6001 -0.7735 -0.2038
vn -0.8681 -0.4392 -0.2311
vn -0.4958 -0.8493 -0.1810
vn -0.1181 -0.9531 0.2786
vn 0.0116 0.0160 0.9998
vn -0.7989 -0.5740 -0.1797
vn -0.8610 -0.4647 -0.2066
vn -0.0091 -0.0010 1.0000
vn -0.5780 -0.7942 -0.1875
vn -0.8223 -0.5304 -0.2063
vn 0.3200 0.0120 0.9473
vn -0.0029 0.0015 1.0000
vn 0.3305 -0.0033 0.9438
vn -0.0138 -0.0343 0.9993
vn 0.2940 0.0165 0.9557
vn 0.0053 0.0087 0.9999
vn -0.5129 -0.8336 -0.2049
vn -0.5245 -0.8306 -0.1871
vn 0.3337 -0.0088 0.9426
vn -0.0195 -0.0197 0.9996
vn -0.4820 -0.4929 0.7244
vn 0.0059 0.0089 0.9999
vn 0.0059 0.0099 0.9999
vn 0.3164 -0.0341 0.9480
vn 0.3562 0.0063 0.9344
vn 0.3019 -0.0148 0.9532
vn 0.0192 0.3753 0.9267
vn -0.0751 -0.0037 0.9972
vn 0.0261 -0.4261 0.9043
vn -0.7915 -0.5936 -0.1456
vn -0.0301 -0.0412 0.9987
vn -0.0303 -0.0404 0.9987
vn -0.1213 -0.9830 0.1380
vn -0.0246 -0.0381 0.9990
vn 0.0095 0.0026 1.0000
vn 0.0107 0.0174 0.9998
vn -0.7870 -0.5864 -0.1918
vn -0.5781 -0.8137 0.0616
vn -0.3832 -0.9087 -0.1654
vn -0.0112 -0.0116 0.9999
vn -0.1961 -0.9756 0.0987
vn -0.2790 -0.9517 0.1279
vn -0.0084 -0.0052 1.0000
vn -0.0133 -0.0042 0.9999
vn -0.0191 -0.0117 0.9997
vn -0.5039 -0.8562 0.1141
vn 0.0060 0.0235 0.9997
vn -0.4058 -0.4968 0.7671
vn -0.0016 0.0087 1.0000
vn -0.2314 -0.4219 0.8766
vn -0.4452 -0.8813 -0.1586
vn -0.0290 0.0297 0.9991
vn -0.2484 -0.9506 0.1864
vn -0.2690 -0.8937 0.3591
vn -0.3606 -0.9018 0.2380
vn -0.3436 -0.9385 0.0339
vn -0.5115 -0.8590 0.0218
vn 0.0192 0.0078 0.9998
vn -0.0251 -0.0030 0.9997
vn -0.6052 -0.3377 0.7209
vn -0.4599 -0.8846 0.0776
vn -0.8162 -0.5771 0.0290
vn 0.0169 -0.0104 0.9998
vn -0.1125 -0.8560 0.5046
vn 0.0240 -0.3780 0.9255
vn -0.2839 -0.9359 0.2086
vn 0.0002 -0.0203 0.9998
vn -0.0075 -0.0105 0.9999
vn -0.0143 -0.0129 0.9998
vn -0.1637 0.0217 0.9863
vn -0.0008 -0.0011 1.0000
vn -0.2715 0.0209 0.9622
vn -0.0237 0.0192 0.9995
vn -0.0837 -0.0489 0.9953
vn -0.5483 -0.7860 0.2857
vn 0.0037 0.0193 0.9998
vn -0.0180 0.0070 0.9998
vn 0.1736 0.0911 0.9806
vn 0.5062 -0.1857 0.8422
vn 0.0185 -0.1462 0.9891
vn -0.6872 -0.7259 0.0280
vn 0.2064 0.0475 0.9773
vn -0.2726 -0.1193 0.9547
vn -0.2053 -0.1308 0.9699
vn 0.1735 0.0208 0.9846
vn 0.0007 0.0060 1.0000
vn -0.2861 0.0444 0.9572
vn -0.7756 -0.4917 0.3957
vn 0.0514 0.1317 0.9900
vn 0.1485 -0.0463 0.9878
vn 0.1187 0.4110 0.9039
vn 0.0078 0.0357 0.9993
vn -0.0152 -0.0014 0.9999
vn 0.0205 0.0032 0.9998
vn 0.0051 0.0047 1.0000
vn 0.2418 0.0953 0.9656
vn -0.0011 0.0088 1.0000
vn -0.1691 0.0670 0.9833
vn -0.2576 -0.0483 0.9650
vn 0.0344 -0.9992 -0.0221
vn -0.3087 -0.0668 0.9488
vn -0.0658 0.0437 0.9969
vn 0.0038 -0.0148 0.9999
vn -0.3028 -0.9078 0.2901
vn -0.1993 -0.9470 0.2519
vn -0.2160 -0.9372 0.2739
vn -0.0083 0.0052 1.0000
vn -0.3750 -0.9086 0.1841
vn -0.1746 0.1398 0.9747
vn -0.0010 0.0141 0.9999
vn -0.3584 -0.9046 0.2308
vn -0.8127 -0.5741 -0.0993
vn -0.1790 -0.9404 0.2891
vn -0.3883 -0.8793 0.2757
vn -0.0346 0.0091 0.9994
vn -0.3133 -0.9101 0.2711
vn 0.0040 -0.0695 0.9976
vn -0.0573 -0.0081 0.9983
vn 0.0216 0.0214 0.9995
vn -0.6246 -0.5281 0.5752
vn -0.2945 -0.8761 0.3818
vn -0.7009 -0.6607 0.2686
vn -0.3387 -0.8963 0.2860
vn -0.7493 -0.3693 0.5497
vn -0.1867 -0.9354 0.3004
vn 0.0009 -0.0691 0.9976
vn -0.1703 -0.9196 0.3540
vn -0.3162 -0.9063 0.2805
vn -0.1748 -0.9397 0.2939
vn -0.3704 0.1661 0.9139
vn -0.3898 -0.9048 -0.1714
vn -0.0130 0.4466 0.8947
vn 0.2283 0.0662 0.9713
vn -0.0186 -0.0495 0.9986
vn -0.0471 -0.5319 0.8455
vn -0.1428 0.2535 0.9567
vn -0.7493 -0.3906 0.5347
vn -0.6391 -0.6886 0.3426
vn -0.0094 0.0184 0.9998
vn -0.0374 -0.0037 0.9993
vn -0.3197 -0.9285 -0.1889
vn -0.7604 -0.5649 0.3204
vn -0.3219 -0.8989 0.2971
vn -0.1460 -0.0420 0.9884
vn 0.1216 0.0648 0.9905
vn -0.3807 -0.9070 -0.1800
vn -0.0155 -0.0524 0.9985
vn 0.0898 0.3514 0.9319
vn -0.0356 0.1874 0.9816
vn -0.1852 0.0101 0.9826
vn 0.4559 0.0269 0.8896
vn -0.0377 0.1068 0.9936
vn -0.4395 -0.8831 -0.1641
vn -0.7222 -0.6884 0.0682
vn -0.0297 -0.3411 0.9396
vn 0.0158 -0.0921 0.9956
vn -0.3882 -0.9049 -0.1746
vn -0.3343 -0.9239 -0.1864
vn 0.0587 -0.0395 0.9975
vn -0.4611 -0.8622 -0.2098
vn 0.0007 -0.4264 0.9045
vn 0.0174 -0.0035 0.9998
vn -0.7579 -0.5724 0.3132
vn -0.0136 -0.0018 0.9999
vn -0.0018 -0.0066 1.0000
vn 0.1559 0.0691 0.9853
vn -0.1610 -0.6408 0.7506
vn 0.2383 -0.3839 0.8921
vn -0.0183 0.0929 0.9955
vn 0.0803 -0.1252 0.9889
vn -0.0093 -0.0099 0.9999
vn 0.0838 0.2992 0.9505
vn 0.0275 0.0342 0.9990
vn 0.0319 -0.1580 0.9869
vn -0.0076 -0.0036 1.0000
vn -0.3657 -0.5715 0.7346
vn -0.0046 -0.0159 0.9999
vn -0.8289 -0.5260 0.1907
vn -0.3469 -0.5311 0.7730
vn -0.6025 -0.7950 0.0706
vn -0.4331 -0.8947 0.1095
vn 0.0404 0.4391 0.8975
vn -0.0144 -0.0447 0.9989
vn -0.0640 -0.0842 0.9944
vn 0.0128 0.0278 0.9995
vn -0.0549 -0.0073 0.9985
vn 0.0339 -0.0904 0.9953
vn 0.0084 0.3868 0.9221
vn 0.0021 0.0082 1.0000
vn -0.0030 -0.0058 1.0000
vn -0.1945 -0.6352 0.7475
vn -0.0180 -0.0068 0.9998
vn -0.0432 -0.9990 0.0070
vn -0.0541 -0.0148 0.9984
vn -0.8580 -0.4935 0.1428
vn -0.1728 -0.6908 0.7021
vn -0.5165 -0.4489 0.7292
vn -0.1667 -0.0081 0.9860
vn -0.4983 -0.8126 0.3022
vn -0.0601 0.0880 0.9943
vn -0.1407 0.0285 0.9896
vn -0.3504 -0.5701 0.7431
vn 0.0185 -0.0074 0.9998
vn -0.0127 -0.0139 0.9998
vn -0.0471 0.3170 0.9472
vn -0.0280 -0.9293 0.3683
vn -0.3327 -0.6261 0.7052
vn 0.2889 0.0288 0.9569
vn 0.0232 -0.9997 0.0035
vn 0.0026 -0.0086 1.0000
vn -0.0809 -0.0530 0.9953
vn 0.0803 -0.0625 0.9948
vn -0.6614 -0.5930 0.4592
vn 0.0091 0.0065 0.9999
vn -0.5981 -0.6392 0.4835
vn 0.0759 -0.1241 0.9894
vn 0.3900 0.1888 0.9013
vn -0.1510 0.0293 0.9881
vn 0.1318 -0.0368 0.9906
vn -0.0572 0.1275 0.9902
vn -0.5165 -0.4486 0.7294
vn -0.4085 -0.5127 0.7552
vn -0.0072 0.0296 0.9995
vn -0.1625 0.0396 0.9859
vn 0.2713 0.0730 0.9597
vn -0.0251 -0.2516 0.9675
vn 0.2900 0.0244 0.9567
vn -0.1537 -0.0254 0.9878
vn -0.6637 -0.5174 0.5401
vn -0.4160 -0.8988 0.1379
vn 0.0124 0.0119 0.9999
vn -0.1074 -0.9813 -0.1601
vn 0.0100 0.1589 0.9872
vn 0.3042 0.2118 0.9288
vn 0.0100 0.0103 0.9999
vn 0.0027 0.0134 0.9999
vn 0.0100 0.0004 1.0000
vn -0.0528 -0.1049 0.9931
vn -0.0747 -0.0570 0.9956
vn -0.1324 0.0081 0.9912
vn -0.0010 -1.0000 0.0076
vn -0.0067 0.0240 0.9997
vn -0.5637 -0.4307 0.7047
vn -0.6531 -0.4564 0.6043
vn 0.0171 0.0198 0.9997
vn -0.6925 -0.6959 0.1902
vn -0.5661 -0.7884 0.2406
vn -0.0076 0.0296 0.9995
vn -0.0267 0.0101 0.9996
vn -0.5429 -0.8265 0.1486
vn -0.7530 -0.6397 0.1542
vn 0.3561 0.0105 0.9344
vn -0.0107 -0.0045 0.9999
vn 0.0032 0.0130 0.9999
vn 0.0008 0.0124 0.9999
vn 0.0061 -0.0440 0.9990
vn -0.0057 0.0035 -1.0000
vn -0.0006 -0.9999 0.0122
vn -0.1008 -0.2644 0.9591
vn -0.0006 -0.0427 0.9991
vn -0.0161 -0.0411 0.9990
vn 0.0137 0.0830 0.9965
vn -0.5431 -0.8256 0.1532
vn -0.0426 -0.9968 0.0675
vn 0.0134 -0.9998 0.0125
vn -0.8836 -0.4412 -0.1568
vn 0.0007 0.0263 0.9997
vn -0.6630 -0.7135 0.2268
vn -0.0242 -0.9997 -0.0031
vn 0.0020 -0.0004 1.0000
vn 0.0017 -0.4292 0.9032
vn -0.0034 0.0267 0.9996
vn 0.0191 -0.0132 0.9997
vn -0.0083 0.0169 0.9998
vn -0.5450 -0.8276 0.1345
vn -0.1691 -0.9806 0.0988
vn -0.3292 -0.9155 0.2313
vn -0.0561 -0.9984 0.0062
vn -0.4710 -0.8593 0.1994
vn 0.0027 0.0042 1.0000
vn -0.0044 0.0234 0.9997
vn -0.0838 0.0385 0.9957
vn 0.3918 0.1668 0.9048
vn -0.0104 0.0092 0.9999
vn -0.0243 -0.5405 0.8410
vn 0.0030 0.0063 1.0000
vn -0.0262 -0.5332 0.8456
vn 0.0881 -0.0493 0.9949
vn -0.0377 0.1398 0.9895
vn -0.0056 0.0206 0.9998
vn -0.4564 -0.8736 -0.1691
vn -0.1754 -0.9784 0.1097
vn -0.1947 -0.9789 0.0622
vn -0.4598 -0.8724 -0.1660
vn 0.0378 -0.4118 0.9105
vn 0.0149 0.0382 0.9992
vn -0.2014 -0.9726 -0.1164
vn -0.4504 -0.8821 -0.1377
vn 0.0374 -0.0039 0.9993
vn 0.0182 0.0020 0.9998
vn -0.0087 0.0435 0.9990
vn 0.0009 0.0052 1.0000
vn -0.0246 0.0129 0.9996
vn 0.0055 -0.0321 0.9995
vn 0.0182 0.0137 0.9997
vn -0.0621 -0.9929 -0.1019
vn 0.0345 0.0263 0.9991
vn 0.0204 0.0182 0.9996
vn -0.0045 0.0222 0.9997
vn 0.0055 0.0044 1.0000
vn 0.0013 0.0254 0.9997
vn -0.3401 -0.9250 -0.1693
vn -0.0087 -0.0140 0.9999
vn 0.1013 -0.0283 0.9944
vn -0.3221 -0.9344 -0.1521
vn -0.5160 -0.8429 -0.1525
vn -0.3820 -0.9090 -0.1666
vn -0.0179 0.0392 0.9991
vn -0.0065 0.0196 0.9998
vn 0.0513 -0.9984 0.0239
vn -0.4209 0.0638 0.9048
vn -0.3346 0.0157 0.9422
vn -0.3178 0.0197 0.9479
vn -0.2917 -0.9406 -0.1735
vn -0.5019 -0.4462 0.7410
vn -0.0060 0.0062 1.0000
vn -0.2122 -0.9726 -0.0947
vn -0.3997 -0.9098 -0.1115
vn -0.2265 -0.9556 -0.1886
vn -0.2003 -0.9729 -0.1156
vn 0.3233 0.0037 0.9463
vn -0.8250 -0.4566 0.3329
vn -0.7893 -0.6043 0.1089
vn -0.8933 -0.3619 0.2665
vn -0.3930 -0.0442 0.9185
vn -0.2883 -0.9515 -0.1075
vn -0.3796 -0.9106 -0.1638
vn -0.0172 -0.8575 0.5142
vn -0.4530 -0.8812 -0.1352
vn -0.8586 -0.4271 0.2835
vn -0.4253 -0.8997 -0.0985
vn 0.0033 -0.0079 1.0000
vn -0.0833 -0.9380 0.3366
vn -0.3224 -0.9379 -0.1283
vn -0.2443 -0.9541 -0.1732
vn -0.7160 -0.6846 -0.1364
vn -0.5420 -0.8325 -0.1149
vn -0.8339 -0.4892 0.2556
vn -0.7778 -0.6093 -0.1544
vn -0.7374 -0.6671 0.1063
vn -0.7913 -0.5665 0.2302
vn -0.7433 -0.6675 0.0445
vn -0.0675 -0.9299 0.3614
vn -0.5549 -0.8200 -0.1406
vn 0.3452 -0.0544 0.9370
vn -0.6691 -0.7316 -0.1306
vn 0.0394 -0.3913 0.9194
vn 0.0774 -0.2710 0.9595
vn -0.0801 -0.3816 0.9208
vn 0.0157 -0.4449 0.8954
vn 0.3162 -0.0458 0.9476
vn 0.0464 -0.2791 0.9591
vn -0.0053 0.0097 0.9999
vn 0.0101 0.0158 0.9998
vn -0.0040 -0.0165 0.9999
vn 0.0085 0.0852 0.9963
vn -0.1687 -0.9726 -0.1598
vn -0.5854 -0.3059 0.7508
vn -0.1165 -0.0142 0.9931
vn -0.5068 -0.6058 0.6133
vn -0.5019 -0.5557 0.6628
vn 0.0145 -0.0567 0.9983
vn -0.0683 0.0375 0.9970
vn -0.0059 -0.0243 0.9997
vn -0.0057 -0.0094 0.9999
vn 0.0323 -0.0723 0.9969
vn -0.1195 -0.3093 0.9434
vn 0.0001 -0.0365 0.9993
vn -0.6317 -0.7527 0.1854
vn 0.2826 0.0263 0.9589
vn 0.0034 -0.4230 0.9061
vn 0.0039 -0.4245 0.9054
vn -0.5890 -0.6404 0.4928
vn 0.0119 0.0124 0.9999
vn 0.0273 -0.2668 0.9634
vn -0.0069 -0.0120 0.9999
vn 0.0189 -0.0272 0.9995
vn -0.0012 0.0110 0.9999
vn 0.0869 0.3047 0.9485
vn 0.0474 0.1292 0.9905
vn -0.0216 -0.0649 0.9977
vn -0.0082 -0.0013 1.0000
vn -0.2971 0.0249 0.9545
vn -0.6395 -0.2372 0.7313
vn -0.0366 -0.1921 0.9807
vn -0.0090 -0.2750 0.9614
vn -0.4377 -0.8739 -0.2116
vn 0.0061 0.0092 0.9999
vn 0.0017 -0.0020 1.0000
vn 0.0010 0.0008 1.0000
vn -0.3571 -0.9339 0.0164
vn -0.8705 -0.4342 0.2317
vn -0.0353 -0.0199 0.9992
vn -0.1737 -0.1326 0.9758
vn -0.5325 -0.8347 -0.1403
vn 0.0006 0.0140 0.9999
vn -0.2598 -0.9640 0.0571
vn -0.4805 -0.8658 -0.1395
vn -0.5993 -0.7887 -0.1370
vn 0.2071 0.0063 0.9783
vn 0.0299 -0.0000 0.9996
vn -0.3777 -0.9251 0.0377
vn 0.0043 -0.0266 0.9996
vn -0.2653 -0.9449 -0.1919
vn -0.0017 -0.0143 0.9999
vn -0.5466 -0.8199 -0.1704
vn -0.6490 -0.7437 -0.1605
vn -0.5167 -0.8556 0.0313
vn -0.6359 -0.7705 0.0450
vn -0.6691 -0.7316 -0.1305
vn -0.1792 -0.9830 0.0412
vn -0.6580 -0.7498 0.0687
vn -0.0037 -0.2164 0.9763
vn 0.0024 -0.0143 0.9999
vn 0.0126 -0.0717 0.9973
vn -0.4554 -0.8850 -0.0972
vn -0.1701 -0.9748 -0.1441
vn -0.6553 -0.7405 -0.1495
vn -0.8786 -0.4690 0.0897
vn -0.8773 -0.4682 0.1059
vn -0.3155 -0.9361 -0.1557
vn -0.3264 -0.9284 -0.1777
vn -0.8073 -0.3686 0.4609
vn -0.7270 -0.6673 0.1617
vn -0.5697 -0.8149 0.1067
vn -0.1905 0.0836 0.9781
vn -0.2059 -0.9572 -0.2033
vn -0.2735 -0.9342 -0.2289
vn -0.0122 -0.0331 0.9994
vn -0.3759 -0.9017 -0.2139
vn -0.2460 -0.9502 -0.1912
vn -0.5246 -0.8416 -0.1286
vn -0.0005 -0.0133 0.9999
vn -0.9078 -0.2603 0.3288
vn 0.0003 -0.0125 0.9999
vn -0.8968 -0.4389 0.0557
vn -0.0014 -0.0400 0.9992
vn -0.5540 -0.8224 0.1296
vn -0.0005 -0.0128 0.9999
vn -0.0036 -0.0056 1.0000
vn -0.0152 -0.9998 0.0140
vn -0.3113 -0.9337 -0.1769
vn -0.5896 -0.7935 0.1504
vn -0.7342 -0.6714 0.1004
vn -0.5813 -0.8102 0.0752
vn -0.6837 -0.7214 0.1102
vn -0.4725 -0.8558 -0.2105
vn -0.0650 -0.9959 0.0632
vn 0.0342 0.0133 0.9993
vn -0.0647 -0.9847 -0.1621
vt 0.409832 0.024485
vt 0.412578 0.019357
vt 0.407215 0.020535
vt 0.408447 0.063392
vt 0.416215 0.065842
vt 0.415818 0.060214
vt 0.419175 0.000902
vt 0.420242 0.009028
vt 0.427160 0.001268
vt 0.406943 0.027237
vt 0.407795 0.558697
vt 0.407575 0.558700
vt 0.407708 0.558697
vt 0.404700 0.093656
vt 0.415599 0.092882
vt 0.414001 0.083750
vt 0.416742 0.009959
vt 0.409533 0.029793
vt 0.413278 0.028537
vt 0.412437 0.001854
vt 0.408070 0.001129
vt 0.411076 0.009216
vt 0.408104 0.005352
vt 0.408422 0.071119
vt 0.414871 0.070902
vt 0.408567 0.066749
vt 0.405548 0.075308
vt 0.405064 0.085341
vt 0.411615 0.075894
vt 0.426327 0.008031
vt 0.429562 0.012063
vt 0.436529 0.005768
vt 0.407577 0.558480
vt 0.407576 0.558221
vt 0.421689 0.083563
vt 0.422192 0.093986
vt 0.431399 0.087038
vt 0.436852 0.001286
vt 0.417533 0.053857
vt 0.407879 0.054727
vt 0.434393 0.026667
vt 0.432460 0.016526
vt 0.431003 0.026078
vt 0.407576 0.558401
vt 0.405649 0.067205
vt 0.426742 0.020573
vt 0.422753 0.016393
vt 0.417338 0.022573
vt 0.407900 0.558697
vt 0.407629 0.558698
vt 0.407582 0.558696
vt 0.407575 0.558650
vt 0.419619 0.027738
vt 0.417006 0.032864
vt 0.412215 0.034885
vt 0.405792 0.059907
vt 0.424141 0.028161
vt 0.433141 0.035034
vt 0.407574 0.558108
vt 0.407574 0.557960
vt 0.424771 0.034707
vt 0.423304 0.043502
vt 0.421488 0.052363
vt 0.426995 0.046855
vt 0.427042 0.067337
vt 0.426449 0.061703
vt 0.421361 0.066873
vt 0.410974 0.014212
vt 0.422358 0.058233
vt 0.426376 0.052504
vt 0.415651 0.050503
vt 0.410886 0.051947
vt 0.407053 0.012173
vt 0.406702 0.037867
vt 0.409377 0.036422
vt 0.415325 0.045964
vt 0.408172 0.048017
vt 0.407575 0.558170
vt 0.406205 0.049071
vt 0.406007 0.054454
vt 0.411461 0.042693
vt 0.406615 0.043782
vt 0.416735 0.039764
vt 0.426713 0.056845
vt 0.407577 0.558568
vt 0.407576 0.558343
vt 0.428383 0.040342
vt 0.406720 0.032357
vt 0.407574 0.558045
vt 0.407574 0.557880
vt 0.407574 0.557768
vt 0.407575 0.558290
vt 0.421458 0.070197
vt 0.436229 0.040243
vt 0.432085 0.048342
vt 0.436150 0.053044
vt 0.433942 0.079648
vt 0.423917 0.072394
vt 0.431286 0.068555
vt 0.433660 0.062458
vt 0.427766 0.072302
vt 0.432587 0.072607
vt 0.412187 0.558237
vt 0.412190 0.558685
vt 0.412180 0.558679
vt 0.771409 0.054123
vt 0.766280 0.045836
vt 0.760631 0.050860
vt 0.778167 0.050654
vt 0.767841 0.037605
vt 0.947775 0.064004
vt 0.947851 0.066659
vt 0.948160 0.066274
vt 0.412185 0.557288
vt 0.781656 0.103305
vt 0.782255 0.099845
vt 0.770437 0.098327
vt 0.171188 0.063745
vt 0.170516 0.063813
vt 0.170764 0.065090
vt 0.760987 0.018735
vt 0.757395 0.017835
vt 0.760242 0.024871
vt 0.948537 0.064415
vt 0.754772 0.023098
vt 0.766455 0.062380
vt 0.763798 0.071024
vt 0.773979 0.070327
vt 0.411362 0.558687
vt 0.411384 0.558687
vt 0.411416 0.558686
vt 0.759089 0.028855
vt 0.760311 0.039301
vt 0.782632 0.079079
vt 0.782695 0.065849
vt 0.784341 0.089505
vt 0.790677 0.086541
vt 0.755550 0.016320
vt 0.753513 0.011386
vt 0.794143 0.022117
vt 0.784814 0.011694
vt 0.783953 0.016050
vt 0.790964 0.024758
vt 0.784050 0.022684
vt 0.411696 0.558686
vt 0.411607 0.558686
vt 0.411786 0.558686
vt 0.411913 0.558685
vt 0.782740 0.033102
vt 0.789961 0.034079
vt 0.776865 0.011344
vt 0.775010 0.016274
vt 0.780232 0.025693
vt 0.785767 0.041344
vt 0.747216 0.063256
vt 0.731811 0.056916
vt 0.734208 0.063282
vt 0.750212 0.025106
vt 0.755146 0.035171
vt 0.411266 0.558687
vt 0.410759 0.558690
vt 0.411164 0.558687
vt 0.773678 0.030538
vt 0.792336 0.051994
vt 0.784653 0.049505
vt 0.788256 0.059388
vt 0.776168 0.037125
vt 0.791707 0.068057
vt 0.411511 0.558686
vt 0.767728 0.011191
vt 0.766052 0.016325
vt 0.753329 0.066855
vt 0.749976 0.054851
vt 0.755895 0.055845
vt 0.755545 0.046080
vt 0.752089 0.045775
vt 0.741820 0.042106
vt 0.734483 0.041280
vt 0.736942 0.049072
vt 0.751999 0.039773
vt 0.691860 0.018461
vt 0.681547 0.019559
vt 0.693436 0.026450
vt 0.682323 0.051654
vt 0.679212 0.060022
vt 0.699320 0.058313
vt 0.758710 0.011192
vt 0.732736 0.025691
vt 0.733202 0.037024
vt 0.740782 0.037495
vt 0.748691 0.048901
vt 0.745449 0.010399
vt 0.748170 0.015198
vt 0.755660 0.013733
vt 0.738754 0.021460
vt 0.736221 0.010156
vt 0.697699 0.050580
vt 0.979782 0.032246
vt 0.981129 0.031045
vt 0.980305 0.031263
vt 0.694953 0.044130
vt 0.750098 0.041787
vt 0.712083 0.045340
vt 0.756891 0.061283
vt 0.692589 0.014023
vt 0.693849 0.008949
vt 0.686140 0.008717
vt 0.687861 0.029857
vt 0.698725 0.040311
vt 0.697718 0.037162
vt 0.690839 0.037771
vt 0.703821 0.038573
vt 0.703403 0.035527
vt 0.695782 0.031595
vt 0.700085 0.026454
vt 0.689070 0.069734
vt 0.702836 0.020942
vt 0.711382 0.015930
vt 0.712021 0.009624
vt 0.710268 0.039542
vt 0.710529 0.036782
vt 0.721371 0.053667
vt 0.723641 0.046591
vt 0.749617 0.001341
vt 0.738706 0.002167
vt 0.745973 0.002047
vt 0.684148 0.035672
vt 0.699872 0.013714
vt 0.410704 0.558688
vt 0.410791 0.558688
vt 0.702253 0.009293
vt 0.726097 0.041037
vt 0.712648 0.026205
vt 0.723432 0.038560
vt 0.716441 0.036363
vt 0.717815 0.039815
vt 0.717149 0.063279
vt 0.723725 0.020871
vt 0.718308 0.016166
vt 0.704310 0.069757
vt 0.730853 0.041026
vt 0.709983 0.054864
vt 0.720517 0.009832
vt 0.727567 0.009918
vt 0.724149 0.076579
vt 0.717919 0.072517
vt 0.711058 0.074125
vt 0.720291 0.088628
vt 0.731645 0.097097
vt 0.411073 0.558687
vt 0.696468 0.074355
vt 0.697160 0.096391
vt 0.711926 0.102407
vt 0.740363 0.073800
vt 0.731746 0.073109
vt 0.683214 0.072809
vt 0.410998 0.558687
vt 0.725524 0.072809
vt 0.551654 0.002492
vt 0.553621 0.001192
vt 0.549765 0.002112
vt 0.410899 0.558688
vt 0.800792 0.057682
vt 0.797266 0.062675
vt 0.800234 0.068798
vt 0.797365 0.056278
vt 0.570211 0.000686
vt 0.566596 0.001473
vt 0.569790 0.001513
vt 0.565876 0.000777
vt 0.379317 0.058089
vt 0.377702 0.047740
vt 0.376359 0.057584
vt 0.672408 0.082271
vt 0.800679 0.046041
vt 0.796566 0.039673
vt 0.798507 0.047343
vt 0.382135 0.050098
vt 0.800551 0.037625
vt 0.378229 0.032362
vt 0.378566 0.039598
vt 0.380984 0.034705
vt 0.800410 0.053317
vt 0.379910 0.020853
vt 0.376705 0.025928
vt 0.380173 0.026368
vt 0.377039 0.042361
vt 0.391431 0.042482
vt 0.383582 0.040803
vt 0.396534 0.050667
vt 0.393809 0.055472
vt 0.382891 0.061174
vt 0.376131 0.020972
vt 0.796122 0.034531
vt 0.389649 0.061179
vt 0.385722 0.036484
vt 0.389082 0.032369
vt 0.383122 0.031138
vt 0.380065 0.018855
vt 0.377531 0.017130
vt 0.801169 0.050153
vt 0.376527 0.033377
vt 0.800555 0.028636
vt 0.799357 0.021090
vt 0.378425 0.007772
vt 0.376466 0.010371
vt 0.377748 0.013743
vt 0.384379 0.024698
vt 0.381725 0.015150
vt 0.387876 0.017068
vt 0.383705 0.011570
vt 0.389816 0.012420
vt 0.388302 0.021922
vt 0.381422 0.006792
vt 0.382909 0.004821
vt 0.394121 0.035311
vt 0.392608 0.019880
vt 0.398114 0.047752
vt 0.396616 0.028235
vt 0.387739 0.005520
vt 0.403278 0.050551
vt 0.793730 0.012329
vt 0.402873 0.061699
vt 0.399955 0.039933
vt 0.393776 0.007280
vt 0.382709 0.001006
vt 0.403744 0.033735
vt 0.800226 0.012370
vt 0.397939 0.021294
vt 0.379254 0.000896
vt 0.394772 0.001388
vt 0.403700 0.042146
vt 0.412187 0.558421
vt 0.412188 0.558579
vt 0.401079 0.008436
vt 0.403322 0.024496
vt 0.400348 0.015373
vt 0.404292 0.018913
vt 0.404599 0.010765
vt 0.412078 0.558684
vt 0.411952 0.558685
vt 0.376920 0.000852
vt 0.376179 0.004848
vt 0.411884 0.558685
vt 0.794823 0.092762
vt 0.792738 0.096616
vt 0.412188 0.558641
vt 0.800325 0.097419
vt 0.796851 0.096973
vt 0.799067 0.101657
vt 0.404108 0.001736
vt 0.798107 0.082134
vt 0.798556 0.074819
vt 0.794794 0.080181
vt 0.404608 0.005290
vt 0.412188 0.558489
vt 0.799535 0.091287
vt 0.412186 0.558025
vt 0.412187 0.558086
vt 0.375734 0.062063
vt 0.377599 0.066135
vt 0.386571 0.073682
vt 0.380570 0.074270
vt 0.377337 0.071525
vt 0.377117 0.078927
vt 0.791060 0.100192
vt 0.795668 0.106294
vt 0.375901 0.070531
vt 0.382920 0.083809
vt 0.388715 0.087401
vt 0.390575 0.083590
vt 0.389654 0.090712
vt 0.397281 0.095810
vt 0.401825 0.089956
vt 0.412187 0.558330
vt 0.397695 0.087633
vt 0.396971 0.072157
vt 0.412185 0.557715
vt 0.412185 0.557653
vt 0.801226 0.083960
vt 0.401692 0.082967
vt 0.385351 0.094597
vt 0.379819 0.088005
vt 0.377132 0.090526
vt 0.412186 0.557791
vt 0.800836 0.078493
vt 0.412186 0.557981
vt 0.412186 0.557910
vt 0.738755 0.077047
vt 0.680266 0.097761
vt 0.402698 0.065577
vt 0.756223 0.079197
vt 0.749623 0.074288
vt 0.753502 0.080179
vt 0.402618 0.071996
vt 0.396938 0.079192
vt 0.755486 0.088421
vt 0.749547 0.104493
vt 0.740296 0.095052
vt 0.755662 0.074547
vt 0.770216 0.108015
vt 0.764593 0.092534
vt 0.768517 0.087372
vt 0.773615 0.083892
vt 0.777880 0.091563
vt 0.761975 0.098828
vt 0.783277 0.095876
vt 0.762482 0.124079
vt 0.402100 0.095682
vt 0.410620 0.558688
vt 0.412174 0.553700
vt 0.411650 0.553703
vt 0.411447 0.553703
vt 0.411879 0.553702
vt 0.590710 0.747204
vt 0.583331 0.747103
vt 0.586944 0.752112
vt 0.317349 0.397805
vt 0.308955 0.393528
vt 0.306704 0.399230
vt 0.411735 0.553702
vt 0.411654 0.553703
vt 0.593395 0.767692
vt 0.596897 0.769837
vt 0.595852 0.765059
vt 0.593559 0.763455
vt 0.740094 0.404248
vt 0.752138 0.398401
vt 0.743680 0.396654
vt 0.348444 0.403556
vt 0.351945 0.403581
vt 0.350605 0.400376
vt 0.338299 0.392739
vt 0.333860 0.394813
vt 0.345686 0.393977
vt 0.589994 0.738403
vt 0.595300 0.736497
vt 0.591949 0.731238
vt 0.595704 0.724167
vt 0.594831 0.730177
vt 0.601155 0.724870
vt 0.585009 0.729724
vt 0.584759 0.738606
vt 0.733299 0.397800
vt 0.733620 0.404331
vt 0.737736 0.396260
vt 0.739456 0.399990
vt 0.594492 0.744143
vt 0.591575 0.751677
vt 0.594889 0.775527
vt 0.744649 0.393156
vt 0.748726 0.392775
vt 0.749946 0.387111
vt 0.585401 0.767549
vt 0.588534 0.771600
vt 0.591614 0.724867
vt 0.582207 0.723625
vt 0.598519 0.740838
vt 0.749978 0.381936
vt 0.748095 0.379387
vt 0.589981 0.755903
vt 0.594791 0.752571
vt 0.738875 0.389680
vt 0.753282 0.392615
vt 0.572360 0.748766
vt 0.757842 0.394511
vt 0.575818 0.740846
vt 0.575308 0.732167
vt 0.567974 0.738788
vt 0.593513 0.757501
vt 0.575944 0.754712
vt 0.576010 0.774906
vt 0.584744 0.758677
vt 0.568591 0.760483
vt 0.589585 0.760867
vt 0.355481 0.398854
vt 0.577744 0.758356
vt 0.575391 0.767455
vt 0.760697 0.403996
vt 0.326443 0.393588
vt 0.326943 0.401313
vt 0.339994 0.402220
vt 0.567299 0.727560
vt 0.599331 0.750088
vt 0.730323 0.355681
vt 0.721505 0.377071
vt 0.747925 0.369408
vt 0.598972 0.731700
vt 0.565118 0.767113
vt 0.551457 0.728010
vt 0.559026 0.737015
vt 0.765420 0.398146
vt 0.304988 0.393559
vt 0.755216 0.361882
vt 0.761513 0.354812
vt 0.754745 0.355700
vt 0.772052 0.390442
vt 0.771374 0.396033
vt 0.779492 0.395538
vt 0.352494 0.396151
vt 0.355199 0.393943
vt 0.354133 0.392865
vt 0.775515 0.368523
vt 0.763140 0.381931
vt 0.769604 0.376082
vt 0.731063 0.403286
vt 0.764507 0.392868
vt 0.767230 0.393997
vt 0.395692 0.309438
vt 0.395708 0.300023
vt 0.389706 0.304391
vt 0.070681 0.065373
vt 0.070472 0.063332
vt 0.069839 0.064462
vt 0.214724 0.030873
vt 0.216889 0.029024
vt 0.216239 0.024322
vt 0.775668 0.397204
vt 0.758560 0.391366
vt 0.763759 0.387702
vt 0.349506 0.396498
vt 0.215822 0.040544
vt 0.216923 0.037519
vt 0.214616 0.039102
vt 0.776165 0.401366
vt 0.769495 0.397527
vt 0.770674 0.404419
vt 0.751607 0.369979
vt 0.751644 0.375718
vt 0.770010 0.361434
vt 0.778346 0.383612
vt 0.772020 0.380373
vt 0.752252 0.379843
vt 0.781266 0.373775
vt 0.780538 0.401135
vt 0.776270 0.404617
vt 0.777619 0.404860
vt 0.748821 0.357116
vt 0.750433 0.341888
vt 0.233823 0.060747
vt 0.234141 0.062153
vt 0.234457 0.061165
vt 0.752822 0.357229
vt 0.751716 0.365326
vt 0.778135 0.391579
vt 0.783954 0.387320
vt 0.599231 0.757032
vt 0.349811 0.393069
vt 0.610397 0.756862
vt 0.610751 0.764470
vt 0.616738 0.757408
vt 0.603531 0.766693
vt 0.604635 0.757176
vt 0.620775 0.772440
vt 0.613397 0.768954
vt 0.612488 0.776197
vt 0.629452 0.773036
vt 0.626824 0.767630
vt 0.603531 0.743087
vt 0.604263 0.732396
vt 0.561370 0.745755
vt 0.611907 0.746440
vt 0.619508 0.776238
vt 0.625882 0.776550
vt 0.412012 0.553701
vt 0.411928 0.553702
vt 0.610843 0.741066
vt 0.613034 0.735148
vt 0.607817 0.776176
vt 0.625345 0.762895
vt 0.595655 0.760842
vt 0.606145 0.751852
vt 0.357740 0.403973
vt 0.368824 0.395911
vt 0.624276 0.758520
vt 0.617081 0.743936
vt 0.610869 0.728406
vt 0.602377 0.770802
vt 0.620352 0.746076
vt 0.621619 0.751561
vt 0.629550 0.745334
vt 0.369490 0.402976
vt 0.412078 0.553701
vt 0.612004 0.724365
vt 0.373278 0.404299
vt 0.376922 0.404654
vt 0.379253 0.400844
vt 0.634285 0.776529
vt 0.634763 0.759862
vt 0.635067 0.764885
vt 0.623023 0.736245
vt 0.412174 0.554277
vt 0.412174 0.554216
vt 0.634881 0.753797
vt 0.627829 0.752816
vt 0.622498 0.726874
vt 0.616462 0.725344
vt 0.412169 0.553704
vt 0.634039 0.771532
vt 0.744484 0.307659
vt 0.738289 0.276097
vt 0.732226 0.300399
vt 0.412173 0.553833
vt 0.412173 0.553754
vt 0.382530 0.404474
vt 0.388218 0.398457
vt 0.632369 0.732787
vt 0.587282 0.775535
vt 0.754301 0.292045
vt 0.753035 0.273840
vt 0.635485 0.748159
vt 0.412174 0.554020
vt 0.412174 0.554091
vt 0.412173 0.553881
vt 0.388731 0.314513
vt 0.390967 0.319205
vt 0.773257 0.288060
vt 0.768836 0.281275
vt 0.769863 0.295366
vt 0.635728 0.741263
vt 0.636031 0.729848
vt 0.412174 0.553956
vt 0.411532 0.553703
vt 0.330447 0.404828
vt 0.386490 0.404005
vt 0.776194 0.295464
vt 0.772101 0.300710
vt 0.308557 0.404781
vt 0.304857 0.403518
vt 0.412178 0.555428
vt 0.412178 0.555321
vt 0.412178 0.555555
vt 0.568217 0.774997
vt 0.384237 0.322935
vt 0.380743 0.284253
vt 0.376273 0.282378
vt 0.376491 0.285405
vt 0.376784 0.287485
vt 0.787007 0.292394
vt 0.784930 0.287206
vt 0.783406 0.294684
vt 0.780658 0.288531
vt 0.389228 0.285401
vt 0.384048 0.287123
vt 0.390556 0.277997
vt 0.795981 0.293045
vt 0.795784 0.297349
vt 0.377533 0.275181
vt 0.798806 0.280046
vt 0.396010 0.288109
vt 0.396598 0.276663
vt 0.799938 0.297411
vt 0.787752 0.282545
vt 0.568298 0.723695
vt 0.550075 0.741266
vt 0.412177 0.555147
vt 0.412177 0.555048
vt 0.394968 0.333794
vt 0.395074 0.325025
vt 0.390882 0.324907
vt 0.558539 0.723417
vt 0.379334 0.289039
vt 0.381123 0.292878
vt 0.385995 0.291762
vt 0.395284 0.293899
vt 0.389416 0.291091
vt 0.412177 0.555247
vt 0.380126 0.404131
vt 0.625511 0.728153
vt 0.627537 0.730314
vt 0.384348 0.298936
vt 0.376524 0.305691
vt 0.380874 0.307606
vt 0.385680 0.334825
vt 0.391230 0.337543
vt 0.563546 0.753271
vt 0.782788 0.300641
vt 0.780479 0.305237
vt 0.788738 0.305016
vt 0.378758 0.330157
vt 0.376407 0.314877
vt 0.379427 0.317828
vt 0.318084 0.404678
vt 0.797065 0.300716
vt 0.790983 0.300438
vt 0.395204 0.316688
vt 0.376177 0.294923
vt 0.553715 0.769827
vt 0.555289 0.757956
vt 0.381940 0.340044
vt 0.388584 0.341714
vt 0.556434 0.774623
vt 0.800779 0.299792
vt 0.799028 0.305981
vt 0.785132 0.313801
vt 0.547014 0.737993
vt 0.412174 0.554520
vt 0.376457 0.289906
vt 0.412177 0.554851
vt 0.412176 0.554763
vt 0.385146 0.360292
vt 0.390170 0.349816
vt 0.381064 0.353367
vt 0.393800 0.360364
vt 0.547136 0.763149
vt 0.376505 0.321894
vt 0.391428 0.366878
vt 0.387865 0.365208
vt 0.545463 0.774239
vt 0.545821 0.771371
vt 0.547440 0.751446
vt 0.393514 0.372138
vt 0.800447 0.301988
vt 0.394515 0.344877
vt 0.394205 0.353171
vt 0.412177 0.554940
vt 0.380676 0.348220
vt 0.412176 0.554628
vt 0.379280 0.367900
vt 0.383131 0.374129
vt 0.412174 0.554348
vt 0.412175 0.554548
vt 0.388307 0.372727
vt 0.377915 0.341152
vt 0.375904 0.347068
vt 0.393022 0.380056
vt 0.388757 0.382946
vt 0.392979 0.382866
vt 0.384474 0.382115
vt 0.389430 0.385810
vt 0.378857 0.363241
vt 0.392783 0.399171
vt 0.392799 0.403519
vt 0.376538 0.360703
vt 0.800463 0.363793
vt 0.796073 0.358545
vt 0.796057 0.367785
vt 0.412175 0.554442
vt 0.392988 0.389463
vt 0.377420 0.377667
vt 0.380170 0.380247
vt 0.388596 0.391551
vt 0.799741 0.372350
vt 0.793342 0.381181
vt 0.800738 0.380455
vt 0.384794 0.384911
vt 0.385136 0.388399
vt 0.792200 0.374259
vt 0.801386 0.365520
vt 0.380373 0.383718
vt 0.377509 0.386333
vt 0.797121 0.386496
vt 0.787788 0.360843
vt 0.780527 0.351539
vt 0.382514 0.390992
vt 0.795507 0.352928
vt 0.376267 0.381723
vt 0.794790 0.390964
vt 0.790084 0.389039
vt 0.761170 0.290593
vt 0.763099 0.297376
vt 0.373620 0.397572
vt 0.375984 0.373817
vt 0.381071 0.335727
vt 0.799719 0.393339
vt 0.801193 0.389729
vt 0.798235 0.397010
vt 0.793115 0.395828
vt 0.799862 0.401321
vt 0.800282 0.397967
vt 0.794470 0.401456
vt 0.798514 0.404790
vt 0.795657 0.404726
vt 0.755537 0.292552
vt 0.377227 0.390515
vt 0.375856 0.383960
vt 0.793398 0.398029
vt 0.635788 0.723936
vt 0.790339 0.394216
vt 0.786564 0.380521
vt 0.784323 0.391811
vt 0.787596 0.395210
vt 0.789350 0.319171
vt 0.783885 0.394824
vt 0.784467 0.400457
vt 0.800079 0.316446
vt 0.799266 0.327573
vt 0.788041 0.404421
vt 0.780824 0.404630
vt 0.376247 0.333574
vt 0.790018 0.404247
vt 0.361845 0.394548
vt 0.231268 0.062256
vt 0.232681 0.056924
vt 0.230816 0.059755
vt 0.751809 0.323915
vt 0.720188 0.339552
vt 0.799778 0.349672
vt 0.801330 0.351758
vt 0.762056 0.346773
vt 0.752596 0.348872
vt 0.770181 0.349867
vt 0.753542 0.334085
vt 0.754053 0.344488
vt 0.756011 0.340792
vt 0.754715 0.327099
vt 0.357902 0.393571
vt 0.728592 0.314836
vt 0.270146 0.045854
vt 0.270990 0.041642
vt 0.269993 0.039358
vt 0.756619 0.317647
vt 0.755625 0.310205
vt 0.754431 0.319319
vt 0.231380 0.048874
vt 0.232715 0.048292
vt 0.756394 0.302455
vt 0.753000 0.311229
vt 0.772302 0.346662
vt 0.766675 0.343041
vt 0.764147 0.323416
vt 0.762430 0.332870
vt 0.766600 0.311319
vt 0.271393 0.045095
vt 0.232471 0.041700
vt 0.231460 0.037563
vt 0.774988 0.331716
vt 0.773105 0.319072
vt 0.785535 0.322864
vt 0.784869 0.336532
vt 0.781817 0.347765
vt 0.787676 0.349049
vt 0.791410 0.344191
vt 0.780519 0.344462
vt 0.798246 0.345538
vt 0.376464 0.337416
vt 0.412178 0.555497
vt 0.798266 0.335206
vt 0.375794 0.341909
vt 0.801312 0.341962
vt 0.801210 0.330099
vt 0.411317 0.553704
vt 0.411196 0.553705
vt 0.553147 0.107350
vt 0.547873 0.111887
vt 0.562852 0.105658
vt 0.520701 0.419211
vt 0.521558 0.431293
vt 0.534116 0.421705
vt 0.552477 0.116262
vt 0.576281 0.532378
vt 0.597260 0.528700
vt 0.578855 0.514742
vt 0.605687 0.512636
vt 0.544025 0.098633
vt 0.528558 0.105916
vt 0.538632 0.109997
vt 0.541206 0.116047
vt 0.525884 0.112964
vt 0.531877 0.118998
vt 0.515010 0.450363
vt 0.518171 0.466469
vt 0.520976 0.460534
vt 0.744509 0.430396
vt 0.741775 0.419885
vt 0.727286 0.425235
vt 0.481922 0.202669
vt 0.486416 0.193818
vt 0.480784 0.197864
vt 0.097318 0.792549
vt 0.091487 0.765694
vt 0.080735 0.790743
vt 0.606123 0.500560
vt 0.578969 0.500652
vt 0.562996 0.101769
vt 0.558242 0.095464
vt 0.480099 0.182661
vt 0.483752 0.187947
vt 0.489223 0.181102
vt 0.121497 0.743326
vt 0.128214 0.733347
vt 0.113606 0.712806
vt 0.532946 0.094500
vt 0.692474 0.439542
vt 0.707631 0.446219
vt 0.714792 0.428135
vt 0.101929 0.724392
vt 0.098884 0.746326
vt 0.113531 0.750071
vt 0.526715 0.481048
vt 0.532541 0.466642
vt 0.684433 0.429844
vt 0.700992 0.427140
vt 0.543217 0.485304
vt 0.519033 0.495055
vt 0.527648 0.496009
vt 0.603506 0.470715
vt 0.604250 0.490488
vt 0.621874 0.478607
vt 0.516692 0.480501
vt 0.514145 0.471580
vt 0.530518 0.457046
vt 0.543383 0.467375
vt 0.476029 0.200962
vt 0.634614 0.466390
vt 0.552804 0.475971
vt 0.091465 0.801815
vt 0.487190 0.170577
vt 0.464367 0.197228
vt 0.476229 0.169676
vt 0.739648 0.488265
vt 0.742093 0.474544
vt 0.719490 0.484843
vt 0.586329 0.488332
vt 0.725815 0.460789
vt 0.725316 0.472288
vt 0.094472 0.664549
vt 0.102795 0.687238
vt 0.106874 0.667001
vt 0.572193 0.102049
vt 0.568523 0.112791
vt 0.714398 0.518578
vt 0.686267 0.528894
vt 0.699813 0.536445
vt 0.544376 0.415445
vt 0.534957 0.411356
vt 0.532675 0.437467
vt 0.579894 0.105730
vt 0.540187 0.122481
vt 0.162412 0.781883
vt 0.159045 0.773699
vt 0.160383 0.789214
vt 0.153900 0.796361
vt 0.166956 0.795606
vt 0.462638 0.136767
vt 0.452373 0.134852
vt 0.462303 0.147645
vt 0.520261 0.410731
vt 0.524542 0.406509
vt 0.570026 0.492938
vt 0.514924 0.423869
vt 0.547042 0.424752
vt 0.461956 0.112109
vt 0.453319 0.114675
vt 0.464563 0.122514
vt 0.494723 0.095036
vt 0.486515 0.091577
vt 0.487011 0.105457
vt 0.547074 0.122534
vt 0.480416 0.116083
vt 0.092770 0.645627
vt 0.080752 0.649300
vt 0.526607 0.128355
vt 0.133234 0.761747
vt 0.148022 0.766649
vt 0.144932 0.755050
vt 0.084015 0.732419
vt 0.085026 0.708287
vt 0.594355 0.102707
vt 0.606537 0.106233
vt 0.599669 0.098179
vt 0.131957 0.743548
vt 0.139339 0.775134
vt 0.125323 0.760540
vt 0.591210 0.425407
vt 0.577324 0.430687
vt 0.591485 0.435804
vt 0.093432 0.809089
vt 0.081232 0.805391
vt 0.665978 0.487297
vt 0.646772 0.490897
vt 0.655359 0.505644
vt 0.638091 0.481399
vt 0.627854 0.499853
vt 0.585156 0.098795
vt 0.588976 0.100721
vt 0.678597 0.444573
vt 0.471069 0.223024
vt 0.472310 0.214726
vt 0.458425 0.218757
vt 0.448099 0.218474
vt 0.463636 0.230020
vt 0.114072 0.688241
vt 0.120293 0.670727
vt 0.452847 0.201212
vt 0.490989 0.140176
vt 0.505000 0.133989
vt 0.493803 0.126019
vt 0.100103 0.807566
vt 0.671922 0.427813
vt 0.669689 0.436776
vt 0.662365 0.448021
vt 0.655034 0.437002
vt 0.458898 0.125956
vt 0.502515 0.121493
vt 0.639039 0.520916
vt 0.477216 0.127860
vt 0.484881 0.124176
vt 0.660361 0.516851
vt 0.474357 0.141352
vt 0.481761 0.149149
vt 0.464023 0.173089
vt 0.455194 0.163797
vt 0.452542 0.173221
vt 0.528561 0.510997
vt 0.540825 0.520181
vt 0.551192 0.506708
vt 0.133038 0.804862
vt 0.140618 0.802952
vt 0.133246 0.798318
vt 0.624316 0.524855
vt 0.494008 0.150363
vt 0.499498 0.150067
vt 0.110378 0.615165
vt 0.120263 0.627486
vt 0.116658 0.599821
vt 0.673826 0.500198
vt 0.696848 0.492115
vt 0.615163 0.457002
vt 0.689202 0.507789
vt 0.716014 0.496996
vt 0.132798 0.635132
vt 0.135620 0.617477
vt 0.100509 0.598324
vt 0.530761 0.528064
vt 0.685022 0.516618
vt 0.484818 0.274285
vt 0.477916 0.253690
vt 0.472543 0.263552
vt 0.510823 0.495601
vt 0.515461 0.508788
vt 0.473149 0.253875
vt 0.456393 0.258766
vt 0.461096 0.242603
vt 0.127086 0.598595
vt 0.515508 0.531122
vt 0.547086 0.495499
vt 0.471464 0.238521
vt 0.154882 0.751249
vt 0.496586 0.156703
vt 0.502869 0.157673
vt 0.479588 0.222845
vt 0.478389 0.214346
vt 0.515800 0.150744
vt 0.509809 0.156846
vt 0.509455 0.141254
vt 0.158253 0.761693
vt 0.511933 0.416108
vt 0.555087 0.524501
vt 0.477866 0.206911
vt 0.510414 0.485075
vt 0.483902 0.204627
vt 0.113155 0.643571
vt 0.138295 0.734839
vt 0.513531 0.460097
vt 0.453791 0.272843
vt 0.470286 0.277464
vt 0.501489 0.105982
vt 0.508492 0.098502
vt 0.496302 0.102301
vt 0.514729 0.132338
vt 0.521467 0.136890
vt 0.527498 0.135043
vt 0.517106 0.118192
vt 0.522837 0.125468
vt 0.506417 0.111392
vt 0.513858 0.104037
vt 0.518593 0.134761
vt 0.511585 0.096800
vt 0.519513 0.091410
vt 0.553301 0.460098
vt 0.562862 0.452565
vt 0.563841 0.469215
vt 0.692708 0.422284
vt 0.689538 0.423865
vt 0.154023 0.600079
vt 0.147666 0.596272
vt 0.146955 0.616759
vt 0.578086 0.475598
vt 0.580922 0.465324
vt 0.702079 0.423527
vt 0.563865 0.114486
vt 0.139679 0.603796
vt 0.127560 0.709502
vt 0.129443 0.696471
vt 0.115992 0.804050
vt 0.124900 0.804505
vt 0.123234 0.793580
vt 0.122887 0.775629
vt 0.111722 0.793240
vt 0.144794 0.633271
vt 0.113810 0.577083
vt 0.095636 0.580177
vt 0.105369 0.563635
vt 0.125794 0.579345
vt 0.138177 0.587419
vt 0.109212 0.765628
vt 0.135578 0.573562
vt 0.541449 0.449014
vt 0.545702 0.440476
vt 0.135960 0.649693
vt 0.143266 0.664180
vt 0.147632 0.643041
vt 0.656822 0.427860
vt 0.519808 0.441962
vt 0.731451 0.502475
vt 0.151447 0.632845
vt 0.626162 0.427562
vt 0.634374 0.438970
vt 0.153350 0.725958
vt 0.148329 0.718927
vt 0.153015 0.735718
vt 0.648800 0.450493
vt 0.447790 0.232942
vt 0.146504 0.702133
vt 0.129760 0.717165
vt 0.580598 0.421543
vt 0.566947 0.421176
vt 0.533005 0.449223
vt 0.134824 0.681074
vt 0.149925 0.691577
vt 0.130851 0.672294
vt 0.158302 0.801622
vt 0.136590 0.792030
vt 0.603165 0.425313
vt 0.450749 0.182859
vt 0.146033 0.803161
vt 0.147232 0.788909
vt 0.085686 0.685398
vt 0.671745 0.472302
vt 0.656722 0.475591
vt 0.549636 0.429674
vt 0.692243 0.478195
vt 0.693545 0.466842
vt 0.666465 0.460878
vt 0.570829 0.440772
vt 0.576433 0.439705
vt 0.564258 0.436227
vt 0.552876 0.449417
vt 0.554822 0.441641
vt 0.558332 0.435172
vt 0.572436 0.452062
vt 0.493582 0.106763
vt 0.076999 0.740572
vt 0.471408 0.104203
vt 0.467393 0.092013
vt 0.452882 0.126293
vt 0.478014 0.090681
vt 0.124881 0.651166
vt 0.071049 0.754454
vt 0.166591 0.800900
vt 0.153903 0.577942
vt 0.148294 0.567677
vt 0.631490 0.447371
vt 0.588842 0.448556
vt 0.604231 0.453088
vt 0.610207 0.437079
vt 0.595046 0.444342
vt 0.464514 0.099994
vt 0.614299 0.425673
vt 0.724823 0.419936
vt 0.083300 0.594270
vt 0.080420 0.571631
vt 0.471752 0.157945
vt 0.495913 0.169729
vt 0.486655 0.161272
vt 0.464387 0.158799
vt 0.513080 0.437541
vt 0.742376 0.524356
vt 0.734831 0.512422
vt 0.691351 0.449372
vt 0.154814 0.587724
vt 0.099695 0.627212
vt 0.454553 0.104393
vt 0.523370 0.450331
vt 0.455269 0.094291
vt 0.082030 0.625393
vt 0.164446 0.800690
vt 0.104803 0.807652
vt 0.660516 0.530941
vt 0.720572 0.442389
vt 0.732122 0.438108
vt 0.452379 0.154280
vt 0.750676 0.446400
vt 0.751940 0.508001
vt 0.446108 0.252472
vt 0.561453 0.087829
vt 0.443347 0.075019
vt 0.451540 0.075087
vt 0.444667 0.069725
vt 0.408172 0.558696
vt 0.408518 0.558695
vt 0.439159 0.086812
vt 0.448441 0.087967
vt 0.500393 0.010054
vt 0.499148 0.007256
vt 0.496618 0.012750
vt 0.559036 0.008297
vt 0.556843 0.011867
vt 0.559911 0.013923
vt 0.478970 0.008578
vt 0.471894 0.006813
vt 0.473623 0.012320
vt 0.476346 0.014957
vt 0.489623 0.014318
vt 0.483202 0.020228
vt 0.489577 0.019247
vt 0.544314 0.010662
vt 0.540078 0.004480
vt 0.537093 0.013666
vt 0.558792 0.022669
vt 0.554744 0.021164
vt 0.501099 0.029275
vt 0.500234 0.026754
vt 0.491618 0.029297
vt 0.225443 0.044168
vt 0.224854 0.044273
vt 0.225107 0.044678
vt 0.552827 0.029799
vt 0.548956 0.028924
vt 0.552479 0.033877
vt 0.558285 0.028771
vt 0.561233 0.030851
vt 0.553453 0.026410
vt 0.453812 0.086974
vt 0.458479 0.085612
vt 0.454047 0.083489
vt 0.502959 0.020671
vt 0.501385 0.023776
vt 0.505106 0.022820
vt 0.495940 0.023323
vt 0.496490 0.026033
vt 0.494413 0.003722
vt 0.487290 0.009612
vt 0.534186 0.004071
vt 0.452117 0.058906
vt 0.446245 0.055038
vt 0.444582 0.062015
vt 0.535395 0.027777
vt 0.543709 0.027963
vt 0.537918 0.024451
vt 0.548601 0.004744
vt 0.553157 0.013560
vt 0.555187 0.007777
vt 0.555927 0.026938
vt 0.453112 0.080022
vt 0.559290 0.005105
vt 0.507030 0.007528
vt 0.502927 0.003277
vt 0.409118 0.558693
vt 0.409460 0.558693
vt 0.409027 0.558693
vt 0.409230 0.558692
vt 0.572842 0.029808
vt 0.567062 0.023072
vt 0.542043 0.029639
vt 0.537178 0.030942
vt 0.450894 0.088493
vt 0.556942 0.030248
vt 0.566210 0.005913
vt 0.550148 0.024887
vt 0.544482 0.017360
vt 0.479761 0.022419
vt 0.472400 0.021867
vt 0.475262 0.023131
vt 0.543151 0.032538
vt 0.450945 0.068222
vt 0.529561 0.023754
vt 0.473525 0.027074
vt 0.476822 0.027386
vt 0.460783 0.074120
vt 0.458770 0.064015
vt 0.456517 0.069904
vt 0.472123 0.030613
vt 0.487904 0.003356
vt 0.491007 0.023788
vt 0.486153 0.028519
vt 0.453146 0.064118
vt 0.529540 0.018730
vt 0.456022 0.059446
vt 0.408961 0.558694
vt 0.408801 0.558694
vt 0.529425 0.011263
vt 0.528482 0.004234
vt 0.480886 0.015189
vt 0.503417 0.025212
vt 0.481922 0.025153
vt 0.530248 0.031428
vt 0.528156 0.033779
vt 0.449115 0.016422
vt 0.447199 0.023745
vt 0.453544 0.020488
vt 0.470517 0.056677
vt 0.466001 0.061936
vt 0.477203 0.061548
vt 0.460405 0.011251
vt 0.462762 0.019143
vt 0.464412 0.013529
vt 0.510135 0.013352
vt 0.471010 0.077397
vt 0.455961 0.014285
vt 0.459484 0.016311
vt 0.463247 0.006693
vt 0.461894 0.002108
vt 0.459968 0.006848
vt 0.468978 0.022031
vt 0.464636 0.025188
vt 0.471645 0.025318
vt 0.461954 0.021439
vt 0.468347 0.018077
vt 0.457846 0.021181
vt 0.447486 0.001692
vt 0.451091 0.010023
vt 0.456421 0.001952
vt 0.456697 0.010360
vt 0.445015 0.030024
vt 0.448921 0.026913
vt 0.474338 0.080171
vt 0.408117 0.558697
vt 0.408016 0.558696
vt 0.465475 0.073975
vt 0.070989 0.035531
vt 0.069774 0.036545
vt 0.071139 0.036807
vt 0.456958 0.005728
vt 0.457832 0.024940
vt 0.454188 0.027329
vt 0.452482 0.052738
vt 0.460132 0.060163
vt 0.468120 0.028308
vt 0.458977 0.028895
vt 0.459409 0.055564
vt 0.466510 0.007633
vt 0.447035 0.048676
vt 0.467904 0.002218
vt 0.443839 0.014070
vt 0.461525 0.030472
vt 0.476360 0.002526
vt 0.444807 0.005096
vt 0.408239 0.558696
vt 0.408328 0.558695
vt 0.452907 0.055949
vt 0.448253 0.041173
vt 0.452862 0.045445
vt 0.457961 0.032478
vt 0.461275 0.045711
vt 0.457747 0.050595
vt 0.463865 0.036432
vt 0.467095 0.043271
vt 0.464092 0.052378
vt 0.456717 0.047122
vt 0.467390 0.032073
vt 0.458211 0.036158
vt 0.455117 0.034531
vt 0.456209 0.041435
vt 0.445866 0.036915
vt 0.451329 0.036842
vt 0.452712 0.030827
vt 0.459927 0.039388
vt 0.457556 0.044486
vt 0.440208 0.072898
vt 0.440895 0.068438
vt 0.437304 0.071853
vt 0.435536 0.067915
vt 0.434864 0.069888
vt 0.508344 0.023351
vt 0.506732 0.025848
vt 0.468625 0.038626
vt 0.577748 0.080413
vt 0.562253 0.072472
vt 0.565532 0.082142
vt 0.439048 0.056107
vt 0.572812 0.088465
vt 0.473309 0.050857
vt 0.475417 0.041003
vt 0.436539 0.092938
vt 0.438220 0.045471
vt 0.482157 0.045839
vt 0.478948 0.057424
vt 0.492896 0.042675
vt 0.491899 0.053736
vt 0.484967 0.058777
vt 0.573817 0.061483
vt 0.558154 0.059512
vt 0.558016 0.063675
vt 0.495396 0.059891
vt 0.437797 0.031838
vt 0.483935 0.036444
vt 0.498058 0.037597
vt 0.494415 0.032287
vt 0.502165 0.060823
vt 0.501698 0.053021
vt 0.551998 0.075324
vt 0.502466 0.041725
vt 0.497104 0.046392
vt 0.440706 0.036235
vt 0.440551 0.027364
vt 0.438135 0.017493
vt 0.436870 0.009881
vt 0.441355 0.020944
vt 0.505619 0.032553
vt 0.408625 0.558695
vt 0.527998 0.015404
vt 0.528534 0.087698
vt 0.504164 0.028336
vt 0.493578 0.017284
vt 0.505521 0.072829
vt 0.516088 0.062683
vt 0.547151 0.086884
vt 0.513063 0.057129
vt 0.511709 0.060469
vt 0.501613 0.089614
vt 0.506537 0.082553
vt 0.501422 0.084326
vt 0.485491 0.023224
vt 0.515412 0.082874
vt 0.514638 0.070684
vt 0.553096 0.088725
vt 0.498404 0.078976
vt 0.482993 0.027990
vt 0.522683 0.083838
vt 0.560288 0.050449
vt 0.577401 0.048496
vt 0.560604 0.040430
vt 0.520783 0.073214
vt 0.534686 0.075039
vt 0.569383 0.040324
vt 0.557003 0.036801
vt 0.523164 0.055356
vt 0.528253 0.062508
vt 0.577917 0.039070
vt 0.493698 0.069685
vt 0.483066 0.077319
vt 0.492110 0.082824
vt 0.479361 0.069269
vt 0.512043 0.051530
vt 0.557073 0.044475
vt 0.556111 0.052274
vt 0.507354 0.028706
vt 0.510776 0.030442
vt 0.508685 0.041093
vt 0.514787 0.040327
vt 0.528086 0.041354
vt 0.521638 0.044885
vt 0.518036 0.030631
vt 0.525300 0.030377
vt 0.543505 0.083907
vt 0.533866 0.049127
vt 0.549229 0.063783
vt 0.545825 0.056406
vt 0.534737 0.061560
vt 0.582403 0.067593
vt 0.552210 0.053982
vt 0.548194 0.046776
vt 0.554827 0.058149
vt 0.568589 0.010661
vt 0.575955 0.011422
vt 0.552987 0.049063
vt 0.553117 0.044436
vt 0.540303 0.039280
vt 0.551451 0.039552
vt 0.691790 0.007039
vt 0.694677 0.006933
vt 0.693932 0.006376
vt 0.210636 0.025278
vt 0.210513 0.031053
vt 0.212649 0.030665
vt 0.555198 0.045745
vt 0.578139 0.017112
vt 0.539716 0.050986
vt 0.508442 0.027762
vt 0.511342 0.028148
vt 0.967727 0.066365
vt 0.967770 0.064833
vt 0.967309 0.065365
vt 0.451074 0.093800
vt 0.523966 0.009295
vt 0.409401 0.558692
vt 0.409320 0.558693
vt 0.575289 0.005611
vt 0.513883 0.020652
vt 0.511616 0.024201
vt 0.518353 0.023739
vt 0.513764 0.015067
vt 0.516750 0.026754
vt 0.522485 0.026999
vt 0.453993 0.092662
vt 0.408897 0.558694
vt 0.528330 0.026594
vt 0.511693 0.003521
vt 0.519276 0.003797
vt 0.408718 0.558694
vt 0.512660 0.026707
vt 0.061355 0.036212
vt 0.061744 0.038581
vt 0.062583 0.035908
vt 0.408466 0.558695
vt 0.292172 0.009447
vt 0.290211 0.009726
vt 0.292003 0.011202
vt 0.738920 0.733356
vt 0.747102 0.744780
vt 0.751133 0.721360
vt 0.743996 0.724159
vt 0.774626 0.617718
vt 0.773790 0.622037
vt 0.779839 0.622252
vt 0.717111 0.730272
vt 0.732329 0.725473
vt 0.719757 0.720495
vt 0.728753 0.736727
vt 0.744815 0.716724
vt 0.734914 0.718097
vt 0.743810 0.706405
vt 0.735340 0.705876
vt 0.728075 0.711385
vt 0.719969 0.711802
vt 0.776598 0.628025
vt 0.038100 0.055874
vt 0.037354 0.055353
vt 0.037635 0.056396
vt 0.783814 0.627746
vt 0.781431 0.631541
vt 0.723792 0.700120
vt 0.957326 0.752285
vt 0.963472 0.751064
vt 0.961096 0.746947
vt 0.711667 0.706417
vt 0.712305 0.721232
vt 0.968364 0.750645
vt 0.969991 0.744439
vt 0.962057 0.754519
vt 0.773209 0.603607
vt 0.770739 0.607337
vt 0.778222 0.609685
vt 0.706291 0.724548
vt 0.705514 0.716952
vt 0.780991 0.594880
vt 0.785851 0.590397
vt 0.780743 0.589866
vt 0.780254 0.604283
vt 0.690993 0.712626
vt 0.693088 0.719944
vt 0.697349 0.707072
vt 0.700095 0.720352
vt 0.703665 0.734734
vt 0.693947 0.733109
vt 0.803128 0.622331
vt 0.796966 0.618577
vt 0.800876 0.624854
vt 0.719258 0.741772
vt 0.025635 0.056228
vt 0.026730 0.057373
vt 0.026190 0.056406
vt 0.711139 0.737841
vt 0.785194 0.596946
vt 0.717899 0.706877
vt 0.688247 0.725352
vt 0.795041 0.609172
vt 0.790897 0.615324
vt 0.796559 0.614118
vt 0.796862 0.622876
vt 0.266111 0.011475
vt 0.268150 0.010001
vt 0.265869 0.010653
vt 0.746917 0.577659
vt 0.752791 0.575315
vt 0.744517 0.571664
vt 0.967580 0.754718
vt 0.963902 0.755478
vt 0.961504 0.759243
vt 0.965068 0.758615
vt 0.962916 0.742490
vt 0.691449 0.707507
vt 0.792749 0.583480
vt 0.791428 0.586707
vt 0.795187 0.591252
vt 0.274446 0.701842
vt 0.276353 0.707818
vt 0.282460 0.709723
vt 0.812983 0.601222
vt 0.806554 0.602066
vt 0.812010 0.608290
vt 0.704019 0.705574
vt 0.804603 0.588725
vt 0.799565 0.583917
vt 0.804068 0.594232
vt 0.751823 0.582856
vt 0.749952 0.586570
vt 0.754103 0.587542
vt 0.945112 0.753170
vt 0.948769 0.753262
vt 0.950145 0.746268
vt 0.245541 0.034825
vt 0.245529 0.033380
vt 0.244385 0.033803
vt 0.797789 0.577521
vt 0.793939 0.579346
vt 0.758725 0.578903
vt 0.299714 0.716651
vt 0.309934 0.720079
vt 0.309528 0.709963
vt 0.944741 0.746436
vt 0.941713 0.751628
vt 0.980526 0.743105
vt 0.974259 0.747719
vt 0.977496 0.749277
vt 0.976011 0.740046
vt 0.970034 0.755736
vt 0.951100 0.759534
vt 0.956010 0.757910
vt 0.952156 0.753928
vt 0.129150 0.064159
vt 0.129294 0.064986
vt 0.130175 0.063637
vt 0.865786 0.747785
vt 0.859566 0.748692
vt 0.865226 0.751466
vt 0.956486 0.746372
vt 0.806690 0.583382
vt 0.803493 0.580294
vt 0.355377 0.006978
vt 0.351477 0.005685
vt 0.355136 0.007425
vt 0.352619 0.005849
vt 0.951035 0.742000
vt 0.784108 0.570143
vt 0.787702 0.572995
vt 0.789206 0.570386
vt 0.145250 0.006731
vt 0.140719 0.008821
vt 0.142076 0.009997
vt 0.283507 0.700400
vt 0.291585 0.710152
vt 0.768060 0.594114
vt 0.767615 0.600145
vt 0.771952 0.599197
vt 0.785763 0.575412
vt 0.014032 0.009663
vt 0.014043 0.010443
vt 0.016629 0.008633
vt 0.785796 0.581494
vt 0.780393 0.575947
vt 0.776068 0.570812
vt 0.781204 0.570886
vt 0.777113 0.569143
vt 0.791938 0.594198
vt 0.137519 0.029761
vt 0.136316 0.029968
vt 0.137405 0.030457
vt 0.305367 0.697878
vt 0.296982 0.701392
vt 0.935455 0.741366
vt 0.933799 0.744411
vt 0.940068 0.746132
vt 0.775024 0.581701
vt 0.774627 0.575762
vt 0.934861 0.752150
vt 0.933225 0.747884
vt 0.318090 0.718266
vt 0.316120 0.721998
vt 0.777784 0.586024
vt 0.773960 0.591493
vt 0.938297 0.755997
vt 0.943628 0.758309
vt 0.990174 0.034284
vt 0.988632 0.035595
vt 0.990592 0.034813
vt 0.945122 0.740999
vt 0.781016 0.581963
vt 0.812790 0.546774
vt 0.803502 0.551396
vt 0.818068 0.556840
vt 0.804431 0.011537
vt 0.803779 0.010718
vt 0.802214 0.012220
vt 0.743393 0.656344
vt 0.736051 0.648153
vt 0.733715 0.656458
vt 0.820894 0.563656
vt 0.811914 0.562540
vt 0.932784 0.759778
vt 0.937358 0.760951
vt 0.746302 0.651311
vt 0.793799 0.553591
vt 0.797731 0.542455
vt 0.801183 0.556579
vt 0.945479 0.761873
vt 0.941183 0.762151
vt 0.929626 0.747682
vt 0.728010 0.658303
vt 0.726484 0.647940
vt 0.832580 0.561844
vt 0.832291 0.565956
vt 0.719156 0.652430
vt 0.785832 0.553280
vt 0.825548 0.552417
vt 0.838036 0.556117
vt 0.881104 0.019894
vt 0.881856 0.020235
vt 0.882680 0.019449
vt 0.735158 0.664997
vt 0.821792 0.545784
vt 0.815389 0.539405
vt 0.722936 0.661795
vt 0.719089 0.668689
vt 0.724204 0.671280
vt 0.921595 0.742959
vt 0.923864 0.748901
vt 0.832652 0.544556
vt 0.838780 0.548010
vt 0.801780 0.564145
vt 0.659240 0.685307
vt 0.663051 0.688319
vt 0.665479 0.682822
vt 0.812831 0.568502
vt 0.795103 0.570623
vt 0.798487 0.569555
vt 0.791798 0.568493
vt 0.658818 0.656360
vt 0.652605 0.655297
vt 0.655203 0.665690
vt 0.099352 0.002927
vt 0.102601 0.003543
vt 0.101144 0.002553
vt 0.822924 0.568703
vt 0.665222 0.648830
vt 0.657222 0.648066
vt 0.781007 0.564035
vt 0.663466 0.696644
vt 0.668380 0.702217
vt 0.667109 0.693159
vt 0.792749 0.561393
vt 0.671267 0.694019
vt 0.678006 0.701145
vt 0.674947 0.690518
vt 0.776186 0.552438
vt 0.780842 0.540990
vt 0.675405 0.682619
vt 0.665404 0.674108
vt 0.671372 0.673520
vt 0.654798 0.672211
vt 0.659509 0.679415
vt 0.660522 0.674396
vt 0.808188 0.570355
vt 0.279135 0.029978
vt 0.279919 0.030543
vt 0.279160 0.025033
vt 0.663675 0.667552
vt 0.666423 0.662899
vt 0.673638 0.707186
vt 0.677716 0.676179
vt 0.672553 0.664771
vt 0.665997 0.656410
vt 0.687634 0.685375
vt 0.684266 0.680336
vt 0.684884 0.690415
vt 0.689375 0.678308
vt 0.685276 0.669497
vt 0.679089 0.670153
vt 0.682023 0.655571
vt 0.675920 0.646814
vt 0.674739 0.654395
vt 0.682875 0.647682
vt 0.691197 0.667018
vt 0.687760 0.662685
vt 0.668577 0.641159
vt 0.676061 0.660315
vt 0.688598 0.659229
vt 0.691718 0.652219
vt 0.688976 0.702133
vt 0.695901 0.674394
vt 0.694213 0.687912
vt 0.769895 0.555604
vt 0.768081 0.541786
vt 0.690533 0.641143
vt 0.677356 0.746646
vt 0.681492 0.733038
vt 0.672145 0.734359
vt 0.683216 0.744544
vt 0.697057 0.697528
vt 0.783226 0.607052
vt 0.784488 0.601653
vt 0.680572 0.724984
vt 0.678164 0.719899
vt 0.670215 0.720758
vt 0.353135 0.010877
vt 0.356080 0.011123
vt 0.352900 0.008915
vt 0.662617 0.703625
vt 0.664376 0.709783
vt 0.755715 0.540549
vt 0.759758 0.558175
vt 0.682123 0.711698
vt 0.742458 0.552441
vt 0.754210 0.558438
vt 0.748118 0.546510
vt 0.796159 0.643883
vt 0.805666 0.643978
vt 0.801166 0.638730
vt 0.673736 0.714173
vt 0.848019 0.551167
vt 0.663546 0.643323
vt 0.687249 0.736263
vt 0.671154 0.721652
vt 0.660985 0.634940
vt 0.844511 0.544174
vt 0.670431 0.743589
vt 0.846565 0.559675
vt 0.853304 0.556504
vt 0.851084 0.564730
vt 0.858500 0.559014
vt 0.754323 0.561618
vt 0.667434 0.717810
vt 0.860931 0.553231
vt 0.852953 0.540581
vt 0.845411 0.568141
vt 0.835232 0.573731
vt 0.786201 0.618911
vt 0.786397 0.612599
vt 0.856126 0.548139
vt 0.864367 0.545281
vt 0.869508 0.553403
vt 0.874340 0.549014
vt 0.833698 0.572442
vt 0.858482 0.563417
vt 0.858161 0.568304
vt 0.861430 0.567936
vt 0.863745 0.565454
vt 0.267304 0.007712
vt 0.270492 0.007840
vt 0.269150 0.006434
vt 0.659464 0.626176
vt 0.657414 0.623727
vt 0.655985 0.631965
vt 0.841335 0.041084
vt 0.842869 0.043488
vt 0.842406 0.039487
vt 0.660124 0.617834
vt 0.655314 0.639081
vt 0.654355 0.634333
vt 0.016036 0.037407
vt 0.015133 0.036692
vt 0.015122 0.038226
vt 0.879347 0.552727
vt 0.873537 0.557897
vt 0.884659 0.552863
vt 0.885563 0.546740
vt 0.665428 0.625525
vt 0.868882 0.560095
vt 0.015500 0.039311
vt 0.667728 0.634591
vt 0.875783 0.061667
vt 0.875261 0.062688
vt 0.875946 0.062675
vt 0.886178 0.558293
vt 0.881765 0.557152
vt 0.672206 0.639419
vt 0.674605 0.634194
vt 0.672259 0.627681
vt 0.667631 0.617490
vt 0.665684 0.612695
vt 0.672370 0.623713
vt 0.671836 0.618339
vt 0.889941 0.549087
vt 0.662632 0.611024
vt 0.672445 0.612063
vt 0.671975 0.608610
vt 0.665505 0.606312
vt 0.157885 0.005340
vt 0.154323 0.008257
vt 0.156535 0.007833
vt 0.675629 0.616431
vt 0.987114 0.029107
vt 0.985831 0.029381
vt 0.987051 0.030029
vt 0.679825 0.637095
vt 0.671086 0.605017
vt 0.671145 0.601192
vt 0.676667 0.608951
vt 0.664169 0.598846
vt 0.680433 0.624393
vt 0.677015 0.604863
vt 0.673483 0.597460
vt 0.662345 0.594045
vt 0.667476 0.591185
vt 0.692522 0.647850
vt 0.682561 0.631286
vt 0.879449 0.544894
vt 0.874021 0.564460
vt 0.681973 0.616764
vt 0.869317 0.564280
vt 0.677034 0.598461
vt 0.672782 0.591901
vt 0.677842 0.592295
vt 0.688604 0.629689
vt 0.879890 0.563200
vt 0.681488 0.611178
vt 0.674184 0.587288
vt 0.679923 0.601723
vt 0.688839 0.618786
vt 0.685628 0.624359
vt 0.684494 0.606079
vt 0.687916 0.613069
vt 0.690516 0.608984
vt 0.690594 0.589784
vt 0.682815 0.591523
vt 0.685202 0.595619
vt 0.744888 0.641711
vt 0.748859 0.686385
vt 0.746778 0.697527
vt 0.755256 0.692930
vt 0.693854 0.623888
vt 0.753783 0.702978
vt 0.758884 0.673095
vt 0.748527 0.669735
vt 0.753636 0.680948
vt 0.742921 0.670822
vt 0.730602 0.643087
vt 0.730422 0.635486
vt 0.690809 0.595076
vt 0.690044 0.598949
vt 0.751533 0.655304
vt 0.741778 0.661858
vt 0.751463 0.661726
vt 0.691247 0.603589
vt 0.774712 0.684165
vt 0.767196 0.679526
vt 0.770131 0.688108
vt 0.760407 0.663787
vt 0.761018 0.650880
vt 0.753574 0.649157
vt 0.777499 0.689884
vt 0.769582 0.672443
vt 0.761983 0.686640
vt 0.747056 0.646520
vt 0.773720 0.663367
vt 0.761740 0.655345
vt 0.760098 0.701440
vt 0.769864 0.699039
vt 0.768126 0.649113
vt 0.761291 0.646485
vt 0.772241 0.675326
vt 0.778100 0.670180
vt 0.769984 0.654723
vt 0.783408 0.672466
vt 0.781379 0.662795
vt 0.790955 0.669481
vt 0.789279 0.675232
vt 0.778239 0.650054
vt 0.776706 0.645473
vt 0.774763 0.651857
vt 0.780836 0.680817
vt 0.766431 0.707940
vt 0.789411 0.664621
vt 0.786552 0.657434
vt 0.778014 0.703741
vt 0.787989 0.689395
vt 0.784022 0.692051
vt 0.790899 0.685046
vt 0.771267 0.645379
vt 0.781314 0.658452
vt 0.781546 0.700647
vt 0.786770 0.666730
vt 0.792203 0.697894
vt 0.787140 0.703819
vt 0.784280 0.711027
vt 0.784529 0.652454
vt 0.798171 0.690713
vt 0.803353 0.675631
vt 0.796840 0.677501
vt 0.796952 0.667429
vt 0.809853 0.676773
vt 0.793627 0.661578
vt 0.791395 0.654574
vt 0.802264 0.668583
vt 0.802009 0.702120
vt 0.805038 0.653023
vt 0.799623 0.657989
vt 0.804632 0.662476
vt 0.693902 0.680352
vt 0.702087 0.680441
vt 0.783133 0.645082
vt 0.787004 0.647561
vt 0.708441 0.670884
vt 0.698831 0.668755
vt 0.696940 0.660201
vt 0.703338 0.662250
vt 0.703979 0.686428
vt 0.701386 0.692313
vt 0.788760 0.644281
vt 0.709088 0.698678
vt 0.709199 0.683996
vt 0.717905 0.688097
vt 0.713726 0.681884
vt 0.698622 0.648197
vt 0.716731 0.700358
vt 0.709499 0.691277
vt 0.714935 0.694926
vt 0.713716 0.676276
vt 0.721937 0.680075
vt 0.710224 0.657748
vt 0.703966 0.649848
vt 0.712960 0.646460
vt 0.715134 0.663470
vt 0.707928 0.653483
vt 0.730198 0.673575
vt 0.728179 0.684494
vt 0.734403 0.689726
vt 0.736982 0.694641
vt 0.737534 0.676494
vt 0.729717 0.667516
vt 0.740390 0.685498
vt 0.733331 0.680329
vt 0.756784 0.714933
vt 0.767202 0.714812
vt 0.756074 0.725232
vt 0.765896 0.722398
vt 0.774735 0.712431
vt 0.778741 0.727761
vt 0.774035 0.739182
vt 0.781722 0.735435
vt 0.765804 0.733001
vt 0.757995 0.735784
vt 0.875722 0.744375
vt 0.880233 0.745973
vt 0.876760 0.737262
vt 0.300496 0.710181
vt 0.772748 0.719831
vt 0.782898 0.720257
vt 0.770143 0.729648
vt 0.786447 0.720281
vt 0.786846 0.714461
vt 0.782774 0.729658
vt 0.791893 0.731551
vt 0.800035 0.738967
vt 0.789581 0.740466
vt 0.785517 0.737567
vt 0.799135 0.719453
vt 0.693727 0.628645
vt 0.709050 0.638931
vt 0.699510 0.637604
vt 0.795068 0.650768
vt 0.805399 0.648051
vt 0.807308 0.725490
vt 0.701015 0.631170
vt 0.805299 0.744326
vt 0.705069 0.623187
vt 0.809613 0.689858
vt 0.713695 0.642010
vt 0.715391 0.633041
vt 0.697674 0.613291
vt 0.697676 0.619832
vt 0.719986 0.641607
vt 0.808667 0.708905
vt 0.699153 0.606537
vt 0.707438 0.612411
vt 0.696841 0.593199
vt 0.704037 0.599543
vt 0.707601 0.607193
vt 0.714763 0.608057
vt 0.711919 0.602461
vt 0.712644 0.625335
vt 0.714328 0.617199
vt 0.705003 0.592509
vt 0.718071 0.622512
vt 0.724324 0.634353
vt 0.720800 0.614431
vt 0.711551 0.596031
vt 0.736872 0.639714
vt 0.719456 0.596154
vt 0.725129 0.628051
vt 0.731771 0.626892
vt 0.725063 0.621832
vt 0.737832 0.632079
vt 0.720597 0.601621
vt 0.733487 0.623328
vt 0.726872 0.602970
vt 0.711347 0.587709
vt 0.716594 0.591131
vt 0.732694 0.616729
vt 0.727014 0.597027
vt 0.741797 0.624361
vt 0.725742 0.591949
vt 0.748257 0.635869
vt 0.748442 0.631607
vt 0.743310 0.631822
vt 0.742426 0.637745
vt 0.736778 0.602095
vt 0.732954 0.609077
vt 0.745630 0.625338
vt 0.739933 0.614937
vt 0.736032 0.611874
vt 0.749339 0.625984
vt 0.745613 0.619849
vt 0.741294 0.617395
vt 0.734183 0.590818
vt 0.734696 0.596344
vt 0.742711 0.603569
vt 0.742211 0.595722
vt 0.743668 0.608779
vt 0.746261 0.613434
vt 0.750477 0.619196
vt 0.747463 0.598545
vt 0.748627 0.593016
vt 0.746263 0.605860
vt 0.784466 0.622630
vt 0.998905 0.019350
vt 0.996490 0.016704
vt 0.997121 0.021229
vt 0.740719 0.589216
vt 0.748061 0.603749
vt 0.746096 0.589197
vt 0.768477 0.574049
vt 0.949201 0.757203
vt 0.930982 0.755833
vt 0.345045 0.023526
vt 0.343336 0.024255
vt 0.345826 0.027041
vt 0.290466 0.715463
vt 0.926136 0.759944
vt 0.922479 0.755538
vt 0.927373 0.753958
vt 0.313771 0.700028
vt 0.318748 0.706952
vt 0.764391 0.565630
vt 0.759171 0.569192
vt 0.766916 0.566722
vt 0.933442 0.765573
vt 0.926509 0.765407
vt 0.920833 0.762697
vt 0.218786 0.012231
vt 0.219867 0.010820
vt 0.217733 0.011484
vt 0.762012 0.572852
vt 0.765351 0.577752
vt 0.768344 0.570072
vt 0.768170 0.581611
vt 0.771769 0.586355
vt 0.772425 0.582871
vt 0.808805 0.596106
vt 0.792025 0.633368
vt 0.787134 0.631156
vt 0.788437 0.635706
vt 0.823469 0.642823
vt 0.817280 0.635115
vt 0.814390 0.642176
vt 0.764770 0.587778
vt 0.750748 0.567259
vt 0.740175 0.567974
vt 0.855329 0.747060
vt 0.858417 0.742234
vt 0.758461 0.587256
vt 0.913727 0.767408
vt 0.811755 0.592697
vt 0.862588 0.754557
vt 0.016285 0.050322
vt 0.015302 0.051118
vt 0.016030 0.051156
vt 0.759186 0.591747
vt 0.762017 0.595151
vt 0.305024 0.720177
vt 0.851264 0.737486
vt 0.852360 0.742923
vt 0.852220 0.749292
vt 0.857537 0.752902
vt 0.865608 0.741666
vt 0.810794 0.588588
vt 0.808151 0.587344
vt 0.850543 0.745770
vt 0.691148 0.575775
vt 0.685755 0.579310
vt 0.693011 0.580119
vt 0.860521 0.757514
vt 0.684670 0.585947
vt 0.692937 0.570876
vt 0.691102 0.570304
vt 0.849416 0.750324
vt 0.851602 0.753080
vt 0.852386 0.751622
vt 0.678493 0.577221
vt 0.679826 0.581523
vt 0.854135 0.752004
vt 0.683458 0.575326
vt 0.680395 0.574129
vt 0.329739 0.717388
vt 0.815450 0.628137
vt 0.810665 0.633530
vt 0.818993 0.612874
vt 0.846938 0.741534
vt 0.818288 0.624076
vt 0.813013 0.616200
vt 0.810766 0.620969
vt 0.901596 0.058895
vt 0.900685 0.058548
vt 0.901224 0.059326
vt 0.684689 0.571836
vt 0.679896 0.586664
vt 0.848227 0.747085
vt 0.147427 0.014500
vt 0.149326 0.016347
vt 0.148907 0.015545
vt 0.994385 0.059489
vt 0.994409 0.060303
vt 0.994929 0.059812
vt 0.862783 0.032357
vt 0.862074 0.031726
vt 0.861611 0.032356
vt 0.920538 0.062955
vt 0.920637 0.064209
vt 0.921544 0.064188
vt 0.129700 0.025587
vt 0.128759 0.025223
vt 0.128669 0.026123
vt 0.677040 0.584051
vt 0.125869 0.018684
vt 0.124608 0.018283
vt 0.126544 0.019907
vt 0.846059 0.743802
vt 0.693283 0.004417
vt 0.694224 0.004639
vt 0.692651 0.003318
vt 0.673794 0.584725
vt 0.676924 0.588907
vt 0.032368 0.032486
vt 0.032010 0.033747
vt 0.032948 0.032439
vt 0.837980 0.025247
vt 0.838548 0.023210
vt 0.836901 0.025866
vt 0.357021 0.040205
vt 0.355713 0.039979
vt 0.356555 0.040771
vt 0.929679 0.014910
vt 0.930779 0.015290
vt 0.933136 0.013407
vt 0.881282 0.023263
vt 0.882085 0.022878
vt 0.880423 0.021288
vt 0.301151 0.040565
vt 0.300341 0.041336
vt 0.300845 0.041526
vt 0.080780 0.012214
vt 0.082055 0.011809
vt 0.079765 0.008927
vt 0.897124 0.551049
vt 0.894694 0.553679
vt 0.897355 0.553460
vt 0.818852 0.657077
vt 0.895948 0.549315
vt 0.893275 0.544849
vt 0.081951 0.036598
vt 0.082786 0.036351
vt 0.081917 0.035579
vt 0.137607 0.008975
vt 0.138184 0.006678
vt 0.134206 0.009638
vt 0.901748 0.545632
vt 0.898076 0.542715
vt 0.178837 0.019080
vt 0.177002 0.017923
vt 0.177885 0.018854
vt 0.051836 0.032800
vt 0.051062 0.032862
vt 0.052472 0.033872
vt 0.806152 0.608654
vt 0.653877 0.002662
vt 0.646256 0.003257
vt 0.650233 0.004032
vt 0.809954 0.638005
vt 0.805279 0.635074
vt 0.737191 0.745157
vt 0.805735 0.630301
vt 0.806292 0.616103
vt 0.809019 0.628619
vt 0.813544 0.646727
vt 0.806569 0.621690
vt 0.798972 0.595782
vt 0.788357 0.625401
vt 0.793737 0.628504
vt 0.792369 0.625308
vt 0.800939 0.615327
vt 0.813176 0.651798
vt 0.811201 0.658030
vt 0.799657 0.601578
vt 0.750491 0.609349
vt 0.800095 0.607361
vt 0.329451 0.699495
vt 0.346221 0.710437
vt 0.798346 0.610522
vt 0.800570 0.633013
vt 0.795291 0.602399
vt 0.792817 0.621749
vt 0.795798 0.635374
vt 0.798394 0.627984
vt 0.791895 0.606890
vt 0.790856 0.601294
vt 0.360829 0.716190
vt 0.372787 0.708931
vt 0.363763 0.701375
vt 0.381410 0.697466
vt 0.384916 0.710113
vt 0.344026 0.696904
vt 0.345644 0.719478
vt 0.372801 0.717069
vt 0.790718 0.639917
vt 0.793430 0.617604
vt 0.788968 0.607885
vt 0.820850 0.675114
vt 0.816559 0.686239
vt 0.404335 0.702604
vt 0.817116 0.697566
vt 0.418880 0.699343
vt 0.416459 0.708270
vt 0.694502 0.585294
vt 0.702583 0.586135
vt 0.397516 0.711452
vt 0.704877 0.580137
vt 0.707211 0.574648
vt 0.698761 0.577450
vt 0.876473 0.754413
vt 0.868248 0.757960
vt 0.878170 0.758303
vt 0.697099 0.572492
vt 0.702879 0.573161
vt 0.274322 0.017425
vt 0.273682 0.017840
vt 0.276359 0.018058
vt 0.875271 0.762740
vt 0.879221 0.762076
vt 0.872627 0.760632
vt 0.711622 0.580841
vt 0.756538 0.003475
vt 0.751547 0.004642
vt 0.755330 0.004856
vt 0.870859 0.750396
vt 0.870297 0.745636
vt 0.880006 0.753173
vt 0.874989 0.749795
vt 0.714535 0.567921
vt 0.706181 0.567787
vt 0.722540 0.586317
vt 0.715841 0.577051
vt 0.720869 0.577856
vt 0.812174 0.720873
vt 0.884693 0.751638
vt 0.886545 0.755861
vt 0.890041 0.753973
vt 0.884313 0.759716
vt 0.894599 0.759195
vt 0.889180 0.764487
vt 0.877096 0.009679
vt 0.876396 0.010278
vt 0.877934 0.010121
vt 0.885424 0.747644
vt 0.891176 0.763027
vt 0.885449 0.742772
vt 0.888957 0.746759
vt 0.724097 0.570101
vt 0.895843 0.745759
vt 0.888586 0.740019
vt 0.432168 0.702858
vt 0.895227 0.741156
vt 0.725892 0.582014
vt 0.733752 0.584246
vt 0.734437 0.577073
vt 0.740020 0.581906
vt 0.727878 0.574377
vt 0.724118 0.567386
vt 0.738153 0.573534
vt 0.731031 0.568286
vt 0.070177 0.000634
vt 0.067828 0.000824
vt 0.070865 0.003129
vt 0.898756 0.755174
vt 0.900117 0.759463
vt 0.671862 0.004087
vt 0.667640 0.003988
vt 0.670942 0.005282
vt 0.898376 0.751165
vt 0.902029 0.741363
vt 0.906407 0.745848
vt 0.907686 0.737799
vt 0.904900 0.768025
vt 0.906178 0.762227
vt 0.898076 0.765367
vt 0.015139 0.017911
vt 0.016535 0.018634
vt 0.016548 0.017580
vt 0.744072 0.583509
vt 0.906370 0.757317
vt 0.903996 0.755330
vt 0.899300 0.017148
vt 0.899924 0.017970
vt 0.900661 0.017344
vt 0.903258 0.750756
vt 0.066513 0.002438
vt 0.900691 0.746398
vt 0.908099 0.752383
vt 0.240027 0.003694
vt 0.246340 0.001067
vt 0.241737 0.002043
vt 0.909822 0.759293
vt 0.915927 0.764086
vt 0.913726 0.756147
vt 0.911758 0.748442
vt 0.916490 0.751288
vt 0.918411 0.757244
vt 0.906582 0.761903
vt 0.912425 0.745545
vt 0.759744 0.635010
vt 0.755150 0.635796
vt 0.761271 0.638531
vt 0.919109 0.747907
vt 0.754444 0.629734
vt 0.753815 0.641427
vt 0.754526 0.624747
vt 0.759319 0.621748
vt 0.765393 0.638622
vt 0.754164 0.616027
vt 0.758883 0.627952
vt 0.755687 0.609120
vt 0.761710 0.611558
vt 0.759556 0.606417
vt 0.753028 0.604784
vt 0.769916 0.640480
vt 0.774090 0.636665
vt 0.766443 0.633042
vt 0.752691 0.596553
vt 0.760448 0.599926
vt 0.777822 0.639809
vt 0.762010 0.617523
vt 0.770058 0.632509
vt 0.770917 0.623756
vt 0.763645 0.626335
vt 0.764374 0.603730
vt 0.766335 0.622306
vt 0.774961 0.631558
vt 0.767567 0.616338
vt 0.767619 0.606948
vt 0.766728 0.610247
vt 0.779098 0.613267
vt 0.774426 0.614170
vt 0.778431 0.600601
vt 0.779901 0.635110
vt 0.783612 0.635683
vt 0.783710 0.638688
vt 0.783074 0.611294
vt 0.787542 0.114239
vt 0.768545 0.119781
vt 0.775822 0.117818
vt 0.766905 0.108655
vt 0.784122 0.182222
vt 0.766978 0.190019
vt 0.782249 0.193129
vt 0.766427 0.119644
vt 0.388013 0.106065
vt 0.733765 0.127018
vt 0.736120 0.113472
vt 0.782944 0.134817
vt 0.789752 0.124580
vt 0.799770 0.118879
vt 0.793265 0.132941
vt 0.381331 0.120317
vt 0.389884 0.118136
vt 0.400958 0.116574
vt 0.400123 0.110116
vt 0.412184 0.557548
vt 0.412185 0.557501
vt 0.378005 0.102502
vt 0.393424 0.187984
vt 0.398990 0.189533
vt 0.399526 0.180987
vt 0.390281 0.176994
vt 0.389157 0.183843
vt 0.393355 0.195477
vt 0.398614 0.205482
vt 0.399043 0.198114
vt 0.379174 0.192939
vt 0.385912 0.208184
vt 0.412181 0.556539
vt 0.412180 0.556456
vt 0.381593 0.218322
vt 0.390464 0.221620
vt 0.381995 0.202338
vt 0.382128 0.187309
vt 0.378179 0.182439
vt 0.399834 0.172121
vt 0.399671 0.164598
vt 0.412182 0.556716
vt 0.412182 0.556627
vt 0.398441 0.215149
vt 0.412182 0.556818
vt 0.380521 0.172352
vt 0.792068 0.198868
vt 0.800618 0.198406
vt 0.795338 0.193545
vt 0.783195 0.199607
vt 0.378456 0.227649
vt 0.789329 0.212984
vt 0.412180 0.556347
vt 0.783147 0.205042
vt 0.393097 0.232163
vt 0.397622 0.236511
vt 0.398237 0.222944
vt 0.800509 0.203800
vt 0.793644 0.209229
vt 0.800474 0.212927
vt 0.412179 0.556260
vt 0.374877 0.218842
vt 0.375962 0.214712
vt 0.800570 0.186477
vt 0.784565 0.235629
vt 0.787530 0.242811
vt 0.788503 0.229303
vt 0.799073 0.176156
vt 0.794305 0.204456
vt 0.793580 0.222966
vt 0.792477 0.215061
vt 0.792343 0.233659
vt 0.790242 0.251748
vt 0.787105 0.252370
vt 0.789719 0.261551
vt 0.783976 0.275374
vt 0.785399 0.281054
vt 0.785401 0.268788
vt 0.788278 0.271582
vt 0.383732 0.271967
vt 0.377613 0.258658
vt 0.378257 0.266022
vt 0.384530 0.264204
vt 0.798201 0.273253
vt 0.384633 0.251383
vt 0.412179 0.555673
vt 0.412179 0.555727
vt 0.800800 0.252985
vt 0.800940 0.260574
vt 0.780815 0.259122
vt 0.786801 0.262699
vt 0.977218 0.047536
vt 0.976807 0.048584
vt 0.977931 0.048392
vt 0.377972 0.247912
vt 0.384727 0.239891
vt 0.800184 0.239547
vt 0.790771 0.245459
vt 0.396589 0.271961
vt 0.783091 0.220841
vt 0.397055 0.264046
vt 0.392773 0.260814
vt 0.800969 0.285816
vt 0.375784 0.239235
vt 0.781409 0.247100
vt 0.397376 0.249018
vt 0.381603 0.156348
vt 0.375846 0.150491
vt 0.376846 0.163583
vt 0.412180 0.556122
vt 0.412179 0.555980
vt 0.795618 0.144197
vt 0.792973 0.148580
vt 0.801041 0.147832
vt 0.799775 0.161478
vt 0.786681 0.171784
vt 0.776772 0.143335
vt 0.387328 0.132331
vt 0.379677 0.136517
vt 0.386827 0.137386
vt 0.390212 0.138269
vt 0.389865 0.142127
vt 0.779058 0.153068
vt 0.788672 0.162370
vt 0.793622 0.153604
vt 0.389531 0.163293
vt 0.393092 0.139460
vt 0.412179 0.555815
vt 0.800804 0.151642
vt 0.400385 0.148792
vt 0.399806 0.142555
vt 0.378507 0.140795
vt 0.412182 0.556902
vt 0.412183 0.556984
vt 0.392738 0.155227
vt 0.779836 0.148647
vt 0.400205 0.157130
vt 0.376687 0.132112
vt 0.412183 0.557070
vt 0.396987 0.136606
vt 0.376005 0.126103
vt 0.412184 0.557347
vt 0.412183 0.557270
vt 0.412184 0.557194
vt 0.761551 0.188811
vt 0.764345 0.182308
vt 0.412184 0.557428
vt 0.400790 0.124248
vt 0.761150 0.216774
vt 0.758181 0.210359
vt 0.755928 0.228453
vt 0.773893 0.217662
vt 0.763984 0.200978
vt 0.400645 0.137888
vt 0.769500 0.243155
vt 0.773682 0.233888
vt 0.760033 0.240229
vt 0.400179 0.131648
vt 0.758729 0.198362
vt 0.747035 0.199488
vt 0.760306 0.228725
vt 0.752208 0.170664
vt 0.728989 0.181822
vt 0.765912 0.196780
vt 0.736673 0.245885
vt 0.733715 0.222948
vt 0.771627 0.198535
vt 0.412184 0.557134
vt 0.760983 0.198011
vt 0.761068 0.206765
vt 0.777725 0.198913
vt 0.756836 0.247869
vt 0.749133 0.251509
vt 0.762271 0.182178
vt 0.275848 0.050364
vt 0.277233 0.050364
vt 0.276099 0.043302
vt 0.730116 0.260423
vt 0.777564 0.271471
vt 0.768200 0.258296
vt 0.311010 0.047064
vt 0.312020 0.040533
vt 0.311179 0.038005
vt 0.756393 0.277357
vt 0.757677 0.264949
vt 0.758100 0.254527
vt 0.734589 0.163462
vt 0.749658 0.154517
vt 0.259174 0.058642
vt 0.259103 0.044275
vt 0.258073 0.060174
vt 0.733723 0.142974
vt 0.259865 0.046727
vt 0.775532 0.166053
vt 0.764576 0.170439
vt 0.763147 0.161427
vt 0.764581 0.152677
vt 0.759760 0.166508
vt 0.764804 0.142875
vt 0.759598 0.142267
vt 0.767872 0.148446
vt 0.766242 0.133175
vt 0.762800 0.176188
vt 0.401341 0.104603
vt 0.800701 0.107413
vt 0.376459 0.113446
vt 0.879821 0.040114
vt 0.878573 0.038651
vt 0.878568 0.041224
vt 0.991680 0.681037
vt 0.992798 0.676538
vt 0.986250 0.677383
vt 0.965264 0.668020
vt 0.971605 0.664131
vt 0.965686 0.657447
vt 0.985245 0.638054
vt 0.979309 0.636430
vt 0.985708 0.644006
vt 0.989401 0.671460
vt 0.985954 0.683473
vt 0.989616 0.687209
vt 0.253708 0.631542
vt 0.249012 0.632983
vt 0.248153 0.637359
vt 0.979599 0.686676
vt 0.977066 0.674951
vt 0.983290 0.671830
vt 0.251154 0.643957
vt 0.247172 0.642640
vt 0.982249 0.691996
vt 0.993029 0.656271
vt 0.991377 0.648460
vt 0.987180 0.651597
vt 0.981292 0.701936
vt 0.981127 0.710829
vt 0.985779 0.702246
vt 0.980577 0.642583
vt 0.981231 0.650635
vt 0.905614 0.455802
vt 0.910366 0.452994
vt 0.907180 0.450798
vt 0.254972 0.625673
vt 0.251800 0.627711
vt 0.260401 0.613008
vt 0.254433 0.609855
vt 0.254074 0.617152
vt 0.254512 0.654938
vt 0.255767 0.645000
vt 0.251484 0.647835
vt 0.319983 0.023681
vt 0.320800 0.027370
vt 0.320992 0.024239
vt 0.892218 0.686426
vt 0.891850 0.694940
vt 0.896644 0.691556
vt 0.991780 0.640812
vt 0.986162 0.632734
vt 0.895177 0.706817
vt 0.903376 0.708229
vt 0.897217 0.700753
vt 0.992290 0.638131
vt 0.256613 0.634965
vt 0.886364 0.694555
vt 0.888739 0.698564
vt 0.259432 0.641346
vt 0.261023 0.648161
vt 0.980866 0.628887
vt 0.304461 0.027210
vt 0.304692 0.028570
vt 0.304985 0.025496
vt 0.982790 0.662610
vt 0.989523 0.662584
vt 0.993494 0.669034
vt 0.994635 0.662356
vt 0.891190 0.704250
vt 0.248518 0.647354
vt 0.248234 0.630044
vt 0.249367 0.629443
vt 0.984123 0.655813
vt 0.920479 0.700600
vt 0.912614 0.702596
vt 0.916156 0.707219
vt 0.997387 0.667927
vt 0.979489 0.667238
vt 0.901512 0.691786
vt 0.906773 0.702952
vt 0.906753 0.694892
vt 0.259474 0.661847
vt 0.258713 0.655176
vt 0.906282 0.686019
vt 0.915630 0.688499
vt 0.911261 0.707460
vt 0.912472 0.692785
vt 0.918229 0.692719
vt 0.987850 0.709648
vt 0.992084 0.706967
vt 0.991513 0.699986
vt 0.884593 0.689665
vt 0.906137 0.714790
vt 0.924845 0.695065
vt 0.923877 0.685427
vt 0.988798 0.694569
vt 0.921615 0.695294
vt 0.994604 0.693660
vt 0.994348 0.688986
vt 0.251940 0.662812
vt 0.250856 0.657234
vt 0.983891 0.715183
vt 0.164307 0.062645
vt 0.164825 0.062908
vt 0.165014 0.061522
vt 0.977886 0.733111
vt 0.982501 0.735000
vt 0.983057 0.728542
vt 0.990231 0.716870
vt 0.254500 0.670073
vt 0.986477 0.721320
vt 0.913903 0.471935
vt 0.911071 0.471986
vt 0.911697 0.477051
vt 0.912605 0.024155
vt 0.911599 0.023809
vt 0.913824 0.026277
vt 0.976284 0.630124
vt 0.975447 0.635620
vt 0.250006 0.652630
vt 0.251700 0.650084
vt 0.248930 0.649898
vt 0.969283 0.631163
vt 0.974241 0.638336
vt 0.980095 0.720926
vt 0.003422 0.064433
vt 0.003488 0.066162
vt 0.004351 0.064003
vt 0.250984 0.665218
vt 0.978328 0.645925
vt 0.973760 0.643824
vt 0.974590 0.647632
vt 0.042365 0.061690
vt 0.042756 0.063232
vt 0.042985 0.061946
vt 0.963704 0.640300
vt 0.964901 0.645468
vt 0.968131 0.643457
vt 0.257539 0.676684
vt 0.259188 0.669890
vt 0.957581 0.642400
vt 0.959327 0.637436
vt 0.957648 0.630234
vt 0.954750 0.630969
vt 0.976478 0.654265
vt 0.970144 0.650060
vt 0.990604 0.719903
vt 0.969268 0.635501
vt 0.985397 0.626361
vt 0.969380 0.655989
vt 0.951770 0.634918
vt 0.971833 0.630276
vt 0.970700 0.670449
vt 0.920907 0.680187
vt 0.988606 0.726186
vt 0.985727 0.732946
vt 0.964687 0.631172
vt 0.259741 0.624782
vt 0.961653 0.682741
vt 0.964948 0.688935
vt 0.973163 0.684459
vt 0.968896 0.640289
vt 0.961553 0.673363
vt 0.966386 0.675178
vt 0.965739 0.650248
vt 0.965633 0.636309
vt 0.960556 0.658791
vt 0.958954 0.647849
vt 0.962718 0.633226
vt 0.947859 0.628179
vt 0.946600 0.630584
vt 0.950918 0.630499
vt 0.952548 0.640378
vt 0.947674 0.639365
vt 0.951075 0.643861
vt 0.932825 0.684532
vt 0.942578 0.693278
vt 0.937661 0.679685
vt 0.957519 0.627191
vt 0.922119 0.053095
vt 0.922563 0.053365
vt 0.922211 0.052561
vt 0.932047 0.697699
vt 0.927981 0.699890
vt 0.919182 0.709998
vt 0.914068 0.713247
vt 0.947572 0.636015
vt 0.957755 0.652240
vt 0.957319 0.671309
vt 0.939467 0.700482
vt 0.885329 0.670555
vt 0.894723 0.662473
vt 0.886556 0.662188
vt 0.892691 0.669754
vt 0.890497 0.680063
vt 0.895896 0.681531
vt 0.929465 0.690463
vt 0.908070 0.659566
vt 0.898622 0.667026
vt 0.904319 0.673602
vt 0.901904 0.680861
vt 0.886885 0.685235
vt 0.910037 0.678721
vt 0.909067 0.667891
vt 0.909911 0.647347
vt 0.902875 0.655608
vt 0.911925 0.652239
vt 0.928755 0.705627
vt 0.924076 0.710460
vt 0.912699 0.681784
vt 0.916902 0.679317
vt 0.900286 0.675034
vt 0.922342 0.666774
vt 0.925952 0.665800
vt 0.922678 0.658078
vt 0.927892 0.661466
vt 0.898002 0.653820
vt 0.915926 0.657636
vt 0.918519 0.660630
vt 0.919132 0.672254
vt 0.871053 0.730219
vt 0.865311 0.735908
vt 0.872690 0.739143
vt 0.918211 0.650833
vt 0.866269 0.731622
vt 0.868913 0.722278
vt 0.867340 0.709410
vt 0.865906 0.713829
vt 0.873432 0.716101
vt 0.864193 0.719160
vt 0.873450 0.710666
vt 0.877882 0.732811
vt 0.927785 0.674035
vt 0.876366 0.727970
vt 0.862326 0.726459
vt 0.856308 0.731681
vt 0.882526 0.737496
vt 0.879793 0.723032
vt 0.924119 0.652019
vt 0.869480 0.704686
vt 0.890017 0.730348
vt 0.883660 0.730883
vt 0.887767 0.734888
vt 0.876963 0.715006
vt 0.881548 0.717962
vt 0.866023 0.695423
vt 0.874705 0.690423
vt 0.870128 0.687012
vt 0.880103 0.712914
vt 0.874485 0.701957
vt 0.954176 0.646841
vt 0.876221 0.697030
vt 0.879921 0.689108
vt 0.881992 0.701970
vt 0.885412 0.715245
vt 0.883539 0.710980
vt 0.892011 0.723093
vt 0.888342 0.723122
vt 0.894791 0.729176
vt 0.878832 0.682375
vt 0.888617 0.717705
vt 0.889937 0.713735
vt 0.892593 0.732222
vt 0.896313 0.712701
vt 0.888793 0.709754
vt 0.861712 0.680788
vt 0.884933 0.725450
vt 0.885765 0.706833
vt 0.893633 0.736664
vt 0.894618 0.717275
vt 0.896307 0.735217
vt 0.874545 0.682820
vt 0.898587 0.733436
vt 0.903021 0.736211
vt 0.903773 0.730904
vt 0.896050 0.724473
vt 0.905381 0.726052
vt 0.900479 0.726549
vt 0.335042 0.015921
vt 0.332509 0.015945
vt 0.333414 0.016314
vt 0.914846 0.729630
vt 0.908696 0.733373
vt 0.914479 0.734259
vt 0.900678 0.718972
vt 0.922745 0.729165
vt 0.914641 0.722486
vt 0.910307 0.723543
vt 0.925253 0.737581
vt 0.919327 0.736020
vt 0.913466 0.738691
vt 0.873215 0.612239
vt 0.867910 0.614480
vt 0.866750 0.618264
vt 0.879646 0.613400
vt 0.873705 0.621498
vt 0.866266 0.622085
vt 0.869624 0.626455
vt 0.920882 0.714554
vt 0.923215 0.720950
vt 0.870404 0.630965
vt 0.886618 0.624682
vt 0.879004 0.625494
vt 0.881146 0.628274
vt 0.879407 0.618481
vt 0.883648 0.616902
vt 0.886000 0.608273
vt 0.883156 0.606955
vt 0.880542 0.622363
vt 0.886043 0.619765
vt 0.871185 0.608222
vt 0.876310 0.605251
vt 0.873965 0.605777
vt 0.866621 0.605464
vt 0.331004 0.055420
vt 0.331448 0.055021
vt 0.330322 0.054780
vt 0.889256 0.613540
vt 0.886927 0.612549
vt 0.988791 0.771375
vt 0.989180 0.774603
vt 0.993424 0.773648
vt 0.875183 0.600731
vt 0.939702 0.009275
vt 0.937369 0.011084
vt 0.941333 0.010249
vt 0.890880 0.617942
vt 0.878527 0.609281
vt 0.886269 0.602807
vt 0.881140 0.604333
vt 0.892695 0.610098
vt 0.895428 0.614877
vt 0.865083 0.628515
vt 0.987923 0.769122
vt 0.989902 0.769642
vt 0.248031 0.055420
vt 0.247889 0.054403
vt 0.247314 0.055298
vt 0.697303 0.006865
vt 0.696885 0.007412
vt 0.698237 0.007107
vt 0.890040 0.627497
vt 0.894186 0.621743
vt 0.148147 0.006393
vt 0.148107 0.007455
vt 0.152045 0.009209
vt 0.130682 0.053341
vt 0.130632 0.052717
vt 0.130127 0.052502
vt 0.891113 0.606149
vt 0.893940 0.606612
vt 0.998300 0.773023
vt 0.997292 0.772705
vt 0.997834 0.773983
vt 0.898442 0.605000
vt 0.901692 0.601469
vt 0.895029 0.602228
vt 0.896016 0.609167
vt 0.900919 0.616553
vt 0.899693 0.615444
vt 0.893509 0.598220
vt 0.889329 0.602108
vt 0.888082 0.599565
vt 0.890340 0.597642
vt 0.893503 0.629883
vt 0.896667 0.625977
vt 0.901093 0.619779
vt 0.944418 0.632193
vt 0.939834 0.627623
vt 0.937567 0.631987
vt 0.982475 0.774032
vt 0.978652 0.771589
vt 0.976495 0.773595
vt 0.902273 0.626861
vt 0.897275 0.599110
vt 0.905248 0.616040
vt 0.341960 0.007976
vt 0.342289 0.006480
vt 0.338801 0.007150
vt 0.905419 0.611844
vt 0.906022 0.607814
vt 0.901558 0.611471
vt 0.877100 0.011365
vt 0.878269 0.012329
vt 0.878321 0.011717
vt 0.909471 0.611967
vt 0.909436 0.617271
vt 0.901270 0.607998
vt 0.898068 0.613154
vt 0.907147 0.599212
vt 0.905302 0.601067
vt 0.908644 0.603575
vt 0.910010 0.626952
vt 0.905968 0.620919
vt 0.902903 0.604792
vt 0.909478 0.609345
vt 0.974814 0.770037
vt 0.774431 0.005354
vt 0.772319 0.006701
vt 0.776350 0.005955
vt 0.897945 0.631557
vt 0.970299 0.775079
vt 0.969330 0.772001
vt 0.964825 0.772528
vt 0.912891 0.614836
vt 0.914557 0.612149
vt 0.912811 0.618038
vt 0.915864 0.623034
vt 0.920773 0.620055
vt 0.911678 0.605351
vt 0.913585 0.608548
vt 0.922606 0.616242
vt 0.925969 0.617064
vt 0.925555 0.612123
vt 0.974041 0.774163
vt 0.925487 0.621831
vt 0.926007 0.619492
vt 0.900047 0.598589
vt 0.911342 0.622476
vt 0.921992 0.610070
vt 0.919083 0.611316
vt 0.918676 0.613516
vt 0.917953 0.617008
vt 0.909511 0.598629
vt 0.912983 0.599409
vt 0.912480 0.596823
vt 0.083731 0.409905
vt 0.078358 0.406390
vt 0.080218 0.410532
vt 0.877741 0.023798
vt 0.879255 0.023785
vt 0.877966 0.023167
vt 0.956698 0.769892
vt 0.954645 0.771660
vt 0.959752 0.770618
vt 0.958334 0.774544
vt 0.951784 0.774032
vt 0.255462 0.026097
vt 0.255207 0.025494
vt 0.254150 0.025872
vt 0.812132 0.022853
vt 0.812975 0.023056
vt 0.813646 0.022431
vt 0.903101 0.599358
vt 0.917765 0.607993
vt 0.917732 0.604498
vt 0.922137 0.605967
vt 0.906285 0.630778
vt 0.913124 0.629707
vt 0.915618 0.602173
vt 0.922424 0.600985
vt 0.916947 0.598441
vt 0.915485 0.597465
vt 0.908305 0.595640
vt 0.929573 0.624564
vt 0.930446 0.621519
vt 0.971660 0.769772
vt 0.921012 0.597625
vt 0.922899 0.626067
vt 0.918220 0.629074
vt 0.928288 0.627749
vt 0.866148 0.675340
vt 0.881250 0.674795
vt 0.873039 0.670260
vt 0.522266 0.002293
vt 0.520393 0.000984
vt 0.520155 0.002028
vt 0.904576 0.596505
vt 0.873070 0.662959
vt 0.927320 0.630035
vt 0.925266 0.631885
vt 0.951698 0.771891
vt 0.139272 0.000712
vt 0.136879 0.002105
vt 0.140812 0.001796
vt 0.153300 0.011919
vt 0.153043 0.010767
vt 0.151076 0.011355
vt 0.927531 0.608581
vt 0.866878 0.639789
vt 0.864762 0.650434
vt 0.873911 0.647319
vt 0.928818 0.607083
vt 0.885745 0.651002
vt 0.881329 0.647152
vt 0.870372 0.654267
vt 0.861121 0.659139
vt 0.862273 0.632136
vt 0.879771 0.633416
vt 0.946062 0.773679
vt 0.878680 0.663030
vt 0.962008 0.774367
vt 0.874838 0.638096
vt 0.942150 0.634331
vt 0.938378 0.637706
vt 0.890078 0.655234
vt 0.887249 0.634508
vt 0.892446 0.648834
vt 0.894453 0.636534
vt 0.898080 0.639319
vt 0.898586 0.647841
vt 0.861386 0.645942
vt 0.905666 0.646881
vt 0.856298 0.663138
vt 0.856090 0.654964
vt 0.847678 0.662781
vt 0.908736 0.633644
vt 0.905831 0.635545
vt 0.901483 0.634232
vt 0.909797 0.640437
vt 0.919061 0.643202
vt 0.920111 0.639711
vt 0.903134 0.637734
vt 0.918509 0.632464
vt 0.913871 0.633283
vt 0.921843 0.647028
vt 0.914170 0.515175
vt 0.911331 0.517509
vt 0.913717 0.516874
vt 0.831019 0.708763
vt 0.833179 0.704791
vt 0.829968 0.706844
vt 0.908267 0.512196
vt 0.912721 0.507366
vt 0.908449 0.508895
vt 0.831529 0.697895
vt 0.829808 0.702216
vt 0.825880 0.684962
vt 0.826329 0.689325
vt 0.828256 0.683786
vt 0.828917 0.691456
vt 0.832479 0.713004
vt 0.833313 0.717417
vt 0.834644 0.713018
vt 0.836543 0.702496
vt 0.837263 0.697152
vt 0.833845 0.690715
vt 0.831058 0.685020
vt 0.929942 0.643873
vt 0.839528 0.710584
vt 0.922765 0.636007
vt 0.911480 0.499535
vt 0.907409 0.498356
vt 0.907055 0.504803
vt 0.839129 0.722335
vt 0.835105 0.722517
vt 0.837879 0.728102
vt 0.827169 0.693445
vt 0.830389 0.693884
vt 0.927545 0.639044
vt 0.827200 0.698362
vt 0.837528 0.691461
vt 0.842157 0.730211
vt 0.839286 0.733303
vt 0.848166 0.737797
vt 0.848474 0.732579
vt 0.841509 0.717054
vt 0.845314 0.722382
vt 0.851055 0.724128
vt 0.843691 0.726125
vt 0.848513 0.711398
vt 0.842676 0.709848
vt 0.908512 0.490490
vt 0.911090 0.494864
vt 0.911262 0.486558
vt 0.833470 0.683174
vt 0.912168 0.502088
vt 0.908714 0.523961
vt 0.908265 0.517802
vt 0.837312 0.042890
vt 0.835720 0.040246
vt 0.836281 0.041962
vt 0.101203 0.058392
vt 0.098877 0.059326
vt 0.102092 0.058958
vt 0.856429 0.735951
vt 0.926976 0.635858
vt 0.844020 0.734331
vt 0.949842 0.065087
vt 0.950730 0.067139
vt 0.950618 0.066008
vt 0.991111 0.027343
vt 0.989823 0.024330
vt 0.989204 0.025395
vt 0.145042 0.034704
vt 0.144945 0.033964
vt 0.143909 0.033620
vt 0.837457 0.684143
vt 0.856611 0.725103
vt 0.371788 0.033457
vt 0.370456 0.033683
vt 0.371551 0.034829
vt 0.841412 0.699639
vt 0.846713 0.687713
vt 0.845841 0.700759
vt 0.851602 0.697743
vt 0.850756 0.704222
vt 0.857176 0.716188
vt 0.852760 0.716917
vt 0.852640 0.678504
vt 0.854879 0.683540
vt 0.856828 0.708021
vt 0.857995 0.696415
vt 0.930136 0.740945
vt 0.932581 0.721083
vt 0.931291 0.731727
vt 0.938271 0.727160
vt 0.934237 0.735789
vt 0.940215 0.736594
vt 0.935774 0.714243
vt 0.928089 0.711658
vt 0.940747 0.740829
vt 0.926871 0.720586
vt 0.942358 0.730896
vt 0.949874 0.731743
vt 0.945805 0.735666
vt 0.953322 0.738119
vt 0.941017 0.719476
vt 0.942283 0.711979
vt 0.937610 0.707489
vt 0.951159 0.704230
vt 0.946555 0.699537
vt 0.944256 0.705041
vt 0.953731 0.715560
vt 0.947464 0.714522
vt 0.947854 0.725129
vt 0.946991 0.709998
vt 0.944001 0.727473
vt 0.950840 0.690602
vt 0.944428 0.679408
vt 0.954953 0.708952
vt 0.956046 0.733538
vt 0.958240 0.738125
vt 0.959541 0.729160
vt 0.963772 0.737068
vt 0.968859 0.726682
vt 0.953163 0.725374
vt 0.955036 0.693703
vt 0.961440 0.715319
vt 0.959097 0.699030
vt 0.969720 0.711901
vt 0.967433 0.705685
vt 0.962055 0.707436
vt 0.964268 0.720103
vt 0.967104 0.697637
vt 0.971410 0.736340
vt 0.974662 0.729456
vt 0.975312 0.722514
vt 0.974156 0.703177
vt 0.974080 0.713771
vt 0.970443 0.692943
vt 0.881549 0.033624
vt 0.881104 0.034838
vt 0.882778 0.036032
vt 0.927977 0.679219
vt 0.845465 0.623146
vt 0.851688 0.618681
vt 0.844173 0.620347
vt 0.104001 0.019111
vt 0.101887 0.013719
vt 0.102678 0.017825
vt 0.932925 0.669023
vt 0.851106 0.622631
vt 0.854955 0.618539
vt 0.941231 0.667322
vt 0.847191 0.626189
vt 0.860728 0.614291
vt 0.865398 0.611332
vt 0.860927 0.610890
vt 0.857523 0.616014
vt 0.856913 0.625589
vt 0.861721 0.024811
vt 0.861153 0.025729
vt 0.862648 0.026011
vt 0.852677 0.626740
vt 0.930776 0.630467
vt 0.928912 0.654280
vt 0.847750 0.637206
vt 0.842210 0.639298
vt 0.846654 0.643269
vt 0.852486 0.613412
vt 0.936583 0.653255
vt 0.863131 0.615000
vt 0.859257 0.617048
vt 0.935175 0.620847
vt 0.933848 0.624428
vt 0.938775 0.623062
vt 0.195710 0.019108
vt 0.196251 0.019415
vt 0.197620 0.019639
vt 0.860412 0.607545
vt 0.857469 0.608713
vt 0.928926 0.615222
vt 0.928820 0.603953
vt 0.937639 0.604646
vt 0.932777 0.601561
vt 0.935452 0.612963
vt 0.931518 0.614726
vt 0.936350 0.616010
vt 0.934608 0.630587
vt 0.930874 0.617955
vt 0.935684 0.618722
vt 0.934472 0.607894
vt 0.938532 0.608411
vt 0.171254 0.030681
vt 0.171983 0.030317
vt 0.171701 0.029136
vt 0.933346 0.647118
vt 0.936565 0.641973
vt 0.941439 0.604748
vt 0.944803 0.607480
vt 0.658421 0.003689
vt 0.657746 0.004758
vt 0.661511 0.005311
vt 0.943760 0.612848
vt 0.942868 0.615974
vt 0.940122 0.616858
vt 0.936567 0.647160
vt 0.943825 0.655371
vt 0.066476 0.409820
vt 0.066399 0.405808
vt 0.061522 0.409607
vt 0.929671 0.610765
vt 0.950735 0.626022
vt 0.945609 0.624944
vt 0.942465 0.620099
vt 0.928889 0.600084
vt 0.926229 0.599250
vt 0.133116 0.016900
vt 0.134764 0.016803
vt 0.132813 0.014002
vt 0.166441 0.008533
vt 0.166223 0.006873
vt 0.165027 0.006768
vt 0.071769 0.406297
vt 0.938741 0.770781
vt 0.938179 0.768100
vt 0.937121 0.769010
vt 0.942892 0.773402
vt 0.939524 0.773079
vt 0.060836 0.407221
vt 0.947491 0.609327
vt 0.946134 0.611344
vt 0.948724 0.619606
vt 0.947061 0.621921
vt 0.948174 0.616334
vt 0.245010 0.039466
vt 0.244470 0.039852
vt 0.244520 0.040619
vt 0.943465 0.769156
vt 0.943892 0.770461
vt 0.257933 0.004322
vt 0.257338 0.002311
vt 0.254705 0.004022
vt 0.167348 0.041748
vt 0.168233 0.040907
vt 0.167317 0.041204
vt 0.131351 0.014467
vt 0.133953 0.014917
vt 0.943920 0.605523
vt 0.849479 0.615361
vt 0.948243 0.601888
vt 0.945617 0.602217
vt 0.948288 0.607832
vt 0.949420 0.605646
vt 0.303028 0.004213
vt 0.308173 0.004955
vt 0.306159 0.003407
vt 0.942424 0.771358
vt 0.898119 0.015552
vt 0.898577 0.014043
vt 0.896249 0.015126
vt 0.951717 0.613149
vt 0.955039 0.612759
vt 0.952824 0.615853
vt 0.957089 0.617853
vt 0.255793 0.001213
vt 0.962436 0.627897
vt 0.951320 0.609762
vt 0.952468 0.607636
vt 0.970202 0.619272
vt 0.965647 0.618143
vt 0.968432 0.621754
vt 0.959407 0.615394
vt 0.953726 0.619918
vt 0.161080 0.009150
vt 0.162061 0.009504
vt 0.960920 0.613024
vt 0.959684 0.610750
vt 0.964591 0.622600
vt 0.961374 0.621843
vt 0.962347 0.624939
vt 0.899635 0.014098
vt 0.944341 0.604554
vt 0.942251 0.600401
vt 0.194198 0.003852
vt 0.190962 0.005175
vt 0.197148 0.003042
vt 0.306359 0.005127
vt 0.974504 0.625599
vt 0.957923 0.623029
vt 0.950853 0.601948
vt 0.951560 0.604522
vt 0.955401 0.603156
vt 0.145639 0.030273
vt 0.145057 0.029938
vt 0.144615 0.031455
vt 0.968948 0.626201
vt 0.957270 0.606432
vt 0.954848 0.607899
vt 0.089380 0.006823
vt 0.087309 0.006332
vt 0.086409 0.007274
vt 0.826035 0.043619
vt 0.825439 0.044021
vt 0.826339 0.044376
vt 0.040550 0.406466
vt 0.037622 0.406036
vt 0.034796 0.409796
vt 0.316875 0.011970
vt 0.318176 0.010816
vt 0.315845 0.011340
vt 0.976973 0.620793
vt 0.967252 0.613529
vt 0.912669 0.467388
vt 0.833110 0.679175
vt 0.961817 0.609098
vt 0.907678 0.479686
vt 0.907453 0.475791
vt 0.975244 0.614255
vt 0.832040 0.673916
vt 0.830539 0.667114
vt 0.829105 0.677163
vt 0.826058 0.674075
vt 0.826016 0.678590
vt 0.142296 0.037423
vt 0.141701 0.036070
vt 0.140878 0.036929
vt 0.835487 0.654684
vt 0.830585 0.656649
vt 0.829433 0.661412
vt 0.828356 0.660945
vt 0.838172 0.665506
vt 0.838862 0.659196
vt 0.834194 0.665958
vt 0.909138 0.473553
vt 0.839034 0.653838
vt 0.909774 0.467999
vt 0.912308 0.460907
vt 0.909959 0.459291
vt 0.837873 0.678217
vt 0.835406 0.670918
vt 0.224677 0.030552
vt 0.223750 0.028658
vt 0.222923 0.031971
vt 0.840815 0.646647
vt 0.836442 0.646402
vt 0.835670 0.650726
vt 0.839375 0.639499
vt 0.337907 0.041795
vt 0.338067 0.045278
vt 0.339031 0.045077
vt 0.221982 0.028195
vt 0.835408 0.676044
vt 0.838623 0.670961
vt 0.911656 0.480766
vt 0.832461 0.651054
vt 0.844078 0.677033
vt 0.907162 0.464422
vt 0.911730 0.451155
vt 0.912717 0.448328
vt 0.834702 0.645909
vt 0.076070 0.063207
vt 0.075439 0.063365
vt 0.076063 0.064765
vt 0.848673 0.673485
vt 0.853980 0.669569
vt 0.836552 0.642981
vt 0.854568 0.647914
vt 0.847464 0.649737
vt 0.847547 0.656048
vt 0.913335 0.458106
vt 0.843016 0.652694
vt 0.854349 0.653544
vt 0.910318 0.441585
vt 0.912317 0.443337
vt 0.315698 0.041363
vt 0.314891 0.038891
vt 0.314668 0.041244
vt 0.312129 0.025455
vt 0.312001 0.027052
vt 0.313667 0.026924
vt 0.844458 0.636927
vt 0.845786 0.631155
vt 0.848070 0.632435
vt 0.850396 0.632284
vt 0.855870 0.632871
vt 0.067805 0.016391
vt 0.069412 0.016788
vt 0.069162 0.015588
vt 0.844547 0.633823
vt 0.856993 0.642691
vt 0.854617 0.637342
vt 0.066352 0.015645
vt 0.069502 0.014565
vt 0.065771 0.015650
vt 0.066302 0.013538
vt 0.221474 0.045880
vt 0.220947 0.046306
vt 0.219932 0.046170
vt 0.841741 0.630728
vt 0.936268 0.600850
vt 0.940119 0.601480
vt 0.857874 0.633829
vt 0.861142 0.638625
vt 0.311853 0.035908
vt 0.312636 0.036865
vt 0.312856 0.035785
vt 0.002903 0.034675
vt 0.003306 0.033384
vt 0.002220 0.033937
vt 0.928771 0.647838
vt 0.930314 0.636725
vt 0.932883 0.640104
vt 0.955755 0.679542
vt 0.933837 0.635354
vt 0.951550 0.671495
vt 0.949389 0.648254
vt 0.950010 0.663542
vt 0.945416 0.642646
vt 0.945007 0.645763
vt 0.940686 0.644341
vt 0.952739 0.656948
vt 0.941418 0.640410
vt 0.944775 0.638630
vt 0.200563 0.014707
vt 0.200312 0.018008
vt 0.201329 0.019315
vt 0.437138 0.286555
vt 0.439624 0.281570
vt 0.435643 0.282737
vt 0.415587 0.282306
vt 0.406705 0.274534
vt 0.405011 0.282402
vt 0.413595 0.272479
vt 0.410595 0.270256
vt 0.407564 0.554955
vt 0.407560 0.553714
vt 0.407563 0.554538
vt 0.436834 0.271328
vt 0.405805 0.269580
vt 0.400441 0.270806
vt 0.247156 0.740339
vt 0.246978 0.745605
vt 0.253651 0.746919
vt 0.407564 0.554785
vt 0.407565 0.554707
vt 0.252234 0.740993
vt 0.424644 0.295281
vt 0.434662 0.291580
vt 0.420657 0.287849
vt 0.403168 0.366760
vt 0.408706 0.369691
vt 0.408080 0.365986
vt 0.415785 0.367430
vt 0.414094 0.364563
vt 0.423714 0.399943
vt 0.427131 0.395281
vt 0.419045 0.396551
vt 0.400142 0.279425
vt 0.419591 0.314923
vt 0.431888 0.314339
vt 0.424650 0.308032
vt 0.424932 0.276855
vt 0.402688 0.356814
vt 0.399646 0.362804
vt 0.399380 0.275128
vt 0.410681 0.382883
vt 0.402817 0.386353
vt 0.413043 0.390557
vt 0.405145 0.377843
vt 0.402862 0.373521
vt 0.400944 0.381155
vt 0.434365 0.308157
vt 0.436661 0.316519
vt 0.438652 0.314684
vt 0.433994 0.325283
vt 0.430681 0.319784
vt 0.427115 0.323082
vt 0.434357 0.299610
vt 0.422937 0.272528
vt 0.411437 0.358029
vt 0.420867 0.359490
vt 0.418720 0.352250
vt 0.432478 0.272611
vt 0.423752 0.368558
vt 0.419987 0.371246
vt 0.397093 0.382963
vt 0.397437 0.374949
vt 0.429941 0.401057
vt 0.434737 0.392500
vt 0.430034 0.390759
vt 0.407565 0.554607
vt 0.407565 0.554531
vt 0.438484 0.295831
vt 0.422074 0.326878
vt 0.431275 0.334651
vt 0.399007 0.285858
vt 0.434127 0.322019
vt 0.439735 0.320852
vt 0.407567 0.555651
vt 0.407566 0.555492
vt 0.407568 0.555583
vt 0.420663 0.319588
vt 0.416351 0.302248
vt 0.409457 0.290657
vt 0.437002 0.336037
vt 0.434710 0.335377
vt 0.434761 0.340238
vt 0.011149 0.402571
vt 0.007040 0.395821
vt 0.006239 0.401902
vt 0.407568 0.555699
vt 0.438821 0.306986
vt 0.404446 0.299224
vt 0.406623 0.307607
vt 0.422151 0.340349
vt 0.433995 0.344168
vt 0.435981 0.345911
vt 0.429403 0.342467
vt 0.415747 0.402182
vt 0.412494 0.396668
vt 0.407216 0.398936
vt 0.410809 0.402956
vt 0.397654 0.366355
vt 0.412837 0.317089
vt 0.418827 0.321407
vt 0.427954 0.403580
vt 0.442545 0.295241
vt 0.452159 0.285202
vt 0.436362 0.330792
vt 0.437960 0.330636
vt 0.415281 0.322108
vt 0.398522 0.304992
vt 0.414041 0.344011
vt 0.411418 0.333175
vt 0.408617 0.321737
vt 0.258949 0.765810
vt 0.255027 0.760279
vt 0.251256 0.765183
vt 0.414309 0.330340
vt 0.407567 0.555327
vt 0.407566 0.555251
vt 0.452548 0.328225
vt 0.455113 0.314081
vt 0.398744 0.297219
vt 0.403421 0.289506
vt 0.453212 0.297991
vt 0.407808 0.316140
vt 0.403774 0.325496
vt 0.437949 0.337195
vt 0.445022 0.344822
vt 0.262912 0.765400
vt 0.259819 0.758392
vt 0.266282 0.760946
vt 0.261780 0.751547
vt 0.255065 0.753864
vt 0.397462 0.335793
vt 0.400788 0.329362
vt 0.397795 0.323209
vt 0.407567 0.555374
vt 0.218317 0.036284
vt 0.219970 0.031617
vt 0.218819 0.031590
vt 0.398448 0.309175
vt 0.398103 0.316218
vt 0.404895 0.317955
vt 0.407567 0.555457
vt 0.220025 0.026344
vt 0.407566 0.555174
vt 0.407566 0.555032
vt 0.218775 0.026257
vt 0.407566 0.554948
vt 0.405661 0.340975
vt 0.404122 0.320038
vt 0.400558 0.318485
vt 0.408112 0.553714
vt 0.408070 0.553714
vt 0.401334 0.342183
vt 0.458067 0.347630
vt 0.407990 0.553714
vt 0.185919 0.457590
vt 0.185276 0.453387
vt 0.181468 0.453097
vt 0.184210 0.465482
vt 0.189892 0.468211
vt 0.188516 0.462914
vt 0.019211 0.393135
vt 0.017785 0.400523
vt 0.025789 0.393893
vt 0.407565 0.554336
vt 0.407563 0.554298
vt 0.264255 0.726329
vt 0.258223 0.724313
vt 0.262948 0.728101
vt 0.259877 0.742481
vt 0.254256 0.735687
vt 0.260495 0.735208
vt 0.184399 0.442397
vt 0.186175 0.447031
vt 0.189782 0.445035
vt 0.180816 0.470901
vt 0.188427 0.473372
vt 0.176736 0.476214
vt 0.185447 0.475384
vt 0.176989 0.469360
vt 0.258413 0.729657
vt 0.250924 0.727436
vt 0.181580 0.486298
vt 0.176539 0.482938
vt 0.177123 0.491870
vt 0.442710 0.276797
vt 0.443150 0.265482
vt 0.183997 0.448825
vt 0.436506 0.403589
vt 0.442677 0.404779
vt 0.443026 0.400143
vt 0.265140 0.731402
vt 0.267279 0.739601
vt 0.014035 0.393256
vt 0.178427 0.439326
vt 0.178909 0.437557
vt 0.178113 0.435149
vt 0.188370 0.487331
vt 0.190088 0.483737
vt 0.182603 0.480440
vt 0.407563 0.554143
vt 0.407563 0.554087
vt 0.182092 0.477550
vt 0.195496 0.482834
vt 0.195349 0.486142
vt 0.182625 0.439776
vt 0.407574 0.553720
vt 0.407565 0.553770
vt 0.011792 0.404533
vt 0.407705 0.553715
vt 0.262921 0.724059
vt 0.255509 0.726867
vt 0.182627 0.461002
vt 0.014668 0.404532
vt 0.407779 0.553715
vt 0.407562 0.553828
vt 0.177348 0.458126
vt 0.407562 0.553977
vt 0.407563 0.553886
vt 0.188649 0.492337
vt 0.018660 0.403615
vt 0.407564 0.554207
vt 0.177715 0.443918
vt 0.177956 0.447372
vt 0.194291 0.477906
vt 0.196390 0.475685
vt 0.194422 0.469005
vt 0.195109 0.492534
vt 0.177321 0.453136
vt 0.404758 0.403268
vt 0.397321 0.397744
vt 0.399525 0.402838
vt 0.401778 0.404634
vt 0.234672 0.759605
vt 0.232886 0.764918
vt 0.238420 0.765147
vt 0.402524 0.397272
vt 0.407564 0.554240
vt 0.190372 0.451836
vt 0.187980 0.439841
vt 0.242992 0.765194
vt 0.240318 0.759644
vt 0.233652 0.729993
vt 0.238723 0.736284
vt 0.238465 0.727759
vt 0.243119 0.756607
vt 0.245430 0.751847
vt 0.240925 0.753159
vt 0.407846 0.553714
vt 0.414347 0.404557
vt 0.193946 0.440085
vt 0.236496 0.752253
vt 0.240264 0.747061
vt 0.235992 0.740299
vt 0.235799 0.719710
vt 0.194840 0.455531
vt 0.190718 0.457776
vt 0.246539 0.760006
vt 0.249520 0.755858
vt 0.248921 0.749425
vt 0.244688 0.746934
vt 0.244138 0.742679
vt 0.244399 0.737662
vt 0.232349 0.734989
vt 0.242699 0.723308
vt 0.000800 0.403895
vt 0.003662 0.404084
vt 0.000778 0.400622
vt 0.242023 0.726260
vt 0.232166 0.718173
vt 0.231915 0.722513
vt 0.243106 0.730721
vt 0.002679 0.394392
vt 0.248887 0.731550
vt 0.247766 0.729216
vt 0.407941 0.553715
vt 0.236364 0.713975
vt 0.195221 0.442065
vt 0.247743 0.734092
vt 0.232338 0.741887
vt 0.242304 0.719280
vt 0.246987 0.765377
vt 0.194798 0.462075
vt 0.407905 0.553714
vt 0.244108 0.715687
vt 0.241693 0.713812
vt 0.421049 0.403539
vt 0.417441 0.404523
vt 0.250800 0.723879
vt 0.246595 0.724878
vt 0.433813 0.372439
vt 0.444262 0.368995
vt 0.434567 0.363349
vt 0.005720 0.392717
vt 0.433775 0.398711
vt 0.439995 0.357873
vt 0.456080 0.363620
vt 0.435962 0.358110
vt 0.434005 0.353165
vt 0.453165 0.385754
vt 0.450470 0.380158
vt 0.444594 0.384981
vt 0.403747 0.351247
vt 0.434419 0.377259
vt 0.438322 0.386104
vt 0.401842 0.369841
vt 0.408461 0.372691
vt 0.403999 0.392654
vt 0.417462 0.379479
vt 0.424474 0.383350
vt 0.418931 0.374164
vt 0.396938 0.372018
vt 0.445105 0.393936
vt 0.452600 0.388535
vt 0.409653 0.375987
vt 0.407565 0.554652
vt 0.397334 0.343976
vt 0.397059 0.354125
vt 0.397107 0.359505
vt 0.430176 0.357259
vt 0.430723 0.348053
vt 0.428131 0.373541
vt 0.430543 0.364670
vt 0.425656 0.365221
vt 0.426813 0.376951
vt 0.428993 0.384436
vt 0.433233 0.383711
vt 0.417869 0.388430
vt 0.429640 0.368700
vt 0.409011 0.349580
vt 0.407565 0.554839
vt 0.432761 0.404604
vt 0.398681 0.394998
vt 0.424011 0.390111
vt 0.407564 0.554473
vt 0.407564 0.554400
vt 0.189220 0.035264
vt 0.188106 0.034396
vt 0.188933 0.035656
vt 0.178581 0.423607
vt 0.179787 0.422180
vt 0.178478 0.419157
vt 0.397421 0.388188
vt 0.271821 0.757895
vt 0.580160 0.030238
vt 0.585753 0.038351
vt 0.584594 0.016939
vt 0.588240 0.024443
vt 0.658974 0.007969
vt 0.655728 0.007845
vt 0.658175 0.016869
vt 0.592957 0.015899
vt 0.669939 0.013452
vt 0.661889 0.021439
vt 0.669241 0.020288
vt 0.664361 0.008738
vt 0.613557 0.051284
vt 0.607660 0.058690
vt 0.614916 0.066147
vt 0.588084 0.010104
vt 0.584699 0.005733
vt 0.656839 0.026100
vt 0.655143 0.023287
vt 0.256113 0.044379
vt 0.255701 0.053112
vt 0.256844 0.046602
vt 0.409511 0.558691
vt 0.409607 0.558692
vt 0.670213 0.028103
vt 0.662882 0.031981
vt 0.673112 0.036153
vt 0.674254 0.031570
vt 0.658323 0.033179
vt 0.664407 0.035338
vt 0.650292 0.035773
vt 0.648841 0.050494
vt 0.653189 0.048105
vt 0.650935 0.022644
vt 0.638452 0.021122
vt 0.255772 0.061294
vt 0.256797 0.056398
vt 0.410289 0.558689
vt 0.410328 0.558689
vt 0.410221 0.558690
vt 0.650192 0.015053
vt 0.655860 0.014250
vt 0.604630 0.036703
vt 0.604064 0.041905
vt 0.611203 0.040280
vt 0.606324 0.030402
vt 0.655440 0.035680
vt 0.593223 0.005982
vt 0.649468 0.007690
vt 0.644409 0.008077
vt 0.607716 0.053318
vt 0.602449 0.056083
vt 0.607208 0.066160
vt 0.600013 0.027839
vt 0.595763 0.022666
vt 0.583913 0.080572
vt 0.593728 0.087231
vt 0.595695 0.073803
vt 0.589883 0.063783
vt 0.596571 0.065541
vt 0.621518 0.053606
vt 0.655223 0.042113
vt 0.607172 0.086785
vt 0.609485 0.068959
vt 0.601650 0.063287
vt 0.617700 0.099730
vt 0.616219 0.091874
vt 0.622367 0.078481
vt 0.670988 0.043636
vt 0.583053 0.092168
vt 0.680073 0.038853
vt 0.679881 0.043494
vt 0.576796 0.086254
vt 0.697399 0.001530
vt 0.704018 0.001789
vt 0.702529 0.000939
vt 0.019773 0.011952
vt 0.017133 0.011208
vt 0.017726 0.011964
vt 0.709118 0.002500
vt 0.685168 0.038353
vt 0.680510 0.036477
vt 0.628027 0.090914
vt 0.636811 0.072302
vt 0.624618 0.069067
vt 0.693004 0.000818
vt 0.582380 0.062961
vt 0.621403 0.067592
vt 0.634646 0.064682
vt 0.638555 0.067339
vt 0.635222 0.057656
vt 0.650702 0.071815
vt 0.644883 0.068643
vt 0.644388 0.084676
vt 0.642758 0.099356
vt 0.600492 0.039892
vt 0.593176 0.038191
vt 0.601471 0.049959
vt 0.676030 0.066978
vt 0.670073 0.072605
vt 0.669493 0.070394
vt 0.409763 0.558691
vt 0.628885 0.101932
vt 0.591930 0.048711
vt 0.603672 0.047034
vt 0.663367 0.041628
vt 0.659795 0.048241
vt 0.599236 0.057075
vt 0.676840 0.031107
vt 0.050213 0.038755
vt 0.051265 0.039597
vt 0.051601 0.036868
vt 0.678111 0.008421
vt 0.410533 0.558689
vt 0.655340 0.066457
vt 0.665083 0.066700
vt 0.652151 0.069700
vt 0.654123 0.062113
vt 0.651668 0.064557
vt 0.676181 0.026381
vt 0.604263 0.019099
vt 0.602031 0.017277
vt 0.667742 0.054032
vt 0.639732 0.049971
vt 0.605643 0.011419
vt 0.599695 0.006195
vt 0.601659 0.012148
vt 0.605294 0.024481
vt 0.636578 0.041138
vt 0.615707 0.024079
vt 0.622970 0.012635
vt 0.610587 0.022970
vt 0.409676 0.558691
vt 0.607420 0.018702
vt 0.619824 0.039098
vt 0.628703 0.042826
vt 0.628408 0.028141
vt 0.632515 0.032236
vt 0.617243 0.006889
vt 0.613242 0.007054
vt 0.409866 0.558690
vt 0.409827 0.558690
vt 0.607916 0.006634
vt 0.647490 0.058818
vt 0.640027 0.030602
vt 0.410088 0.558690
vt 0.410025 0.558690
vt 0.410159 0.558690
vt 0.631571 0.007181
vt 0.637270 0.007376
vt 0.624166 0.022359
vt 0.623211 0.006819
vt 0.652364 0.055119
vt 0.654897 0.055476
vt 0.409932 0.558690
vt 0.410446 0.558689
vt 0.410387 0.558690
vt 0.955335 0.008624
vt 0.958150 0.009106
vt 0.957824 0.007933
vt 0.670228 0.008221
vt 0.673859 0.028915
vt 0.975070 0.018111
vt 0.974179 0.017272
vt 0.973137 0.018121
vt 0.660089 0.092444
vt 0.603509 0.001638
vt 0.609609 0.001413
vt 0.610106 0.000967
vt 0.672619 0.106330
vt 0.662716 0.001331
vt 0.662541 0.002405
vt 0.671371 0.001910
vt 0.158660 0.028560
vt 0.158953 0.029053
vt 0.160655 0.028714
vt 0.446192 0.097606
vt 0.436300 0.105250
vt 0.447779 0.102303
vt 0.426067 0.103272
vt 0.434553 0.097864
vt 0.408415 0.125554
vt 0.414518 0.132038
vt 0.415188 0.123876
vt 0.403994 0.112774
vt 0.410890 0.108325
vt 0.404317 0.104788
vt 0.442775 0.163898
vt 0.440848 0.169523
vt 0.446032 0.167121
vt 0.432309 0.114747
vt 0.442109 0.113500
vt 0.413740 0.101574
vt 0.419958 0.104280
vt 0.406696 0.119226
vt 0.412485 0.117326
vt 0.409769 0.114214
vt 0.451280 0.097879
vt 0.453053 0.101294
vt 0.418021 0.113593
vt 0.449843 0.109961
vt 0.416468 0.118152
vt 0.425735 0.118645
vt 0.403872 0.119173
vt 0.403747 0.134047
vt 0.407574 0.557557
vt 0.407573 0.557403
vt 0.407573 0.557472
vt 0.453020 0.108951
vt 0.407181 0.099544
vt 0.407574 0.557676
vt 0.403303 0.143313
vt 0.407045 0.136116
vt 0.446635 0.114828
vt 0.422948 0.157380
vt 0.418183 0.148370
vt 0.414706 0.153556
vt 0.424622 0.165140
vt 0.211479 0.039841
vt 0.212472 0.047894
vt 0.213072 0.042427
vt 0.416208 0.137769
vt 0.426897 0.130779
vt 0.407573 0.557235
vt 0.407572 0.557134
vt 0.211889 0.033916
vt 0.450136 0.119802
vt 0.429262 0.158470
vt 0.433573 0.160415
vt 0.428295 0.150252
vt 0.411791 0.120342
vt 0.421325 0.142320
vt 0.440917 0.256836
vt 0.441335 0.251720
vt 0.442732 0.245821
vt 0.439870 0.242686
vt 0.411384 0.162781
vt 0.443537 0.233267
vt 0.440587 0.234759
vt 0.443176 0.241003
vt 0.444285 0.120085
vt 0.439239 0.264244
vt 0.428420 0.137303
vt 0.435728 0.140934
vt 0.443158 0.134915
vt 0.410203 0.146975
vt 0.449916 0.167735
vt 0.414232 0.168795
vt 0.424192 0.171987
vt 0.419141 0.168521
vt 0.402539 0.165867
vt 0.402924 0.157331
vt 0.407570 0.556620
vt 0.435478 0.231210
vt 0.428372 0.234910
vt 0.407572 0.556984
vt 0.407571 0.556893
vt 0.403131 0.150552
vt 0.406737 0.152082
vt 0.414397 0.269088
vt 0.409308 0.267673
vt 0.438430 0.221584
vt 0.433324 0.212696
vt 0.431104 0.219038
vt 0.430271 0.120512
vt 0.412414 0.226668
vt 0.407785 0.224786
vt 0.405470 0.235002
vt 0.422635 0.216924
vt 0.436524 0.122265
vt 0.428708 0.125417
vt 0.412962 0.242952
vt 0.400790 0.242713
vt 0.404669 0.256071
vt 0.195507 0.026794
vt 0.193778 0.029574
vt 0.195410 0.036248
vt 0.442075 0.171828
vt 0.444619 0.173268
vt 0.440082 0.121491
vt 0.445114 0.128426
vt 0.444162 0.145877
vt 0.443290 0.152934
vt 0.424619 0.245950
vt 0.410376 0.256315
vt 0.417283 0.261981
vt 0.447732 0.156442
vt 0.407571 0.556819
vt 0.434648 0.170377
vt 0.425313 0.122230
vt 0.422331 0.121318
vt 0.423734 0.269305
vt 0.429859 0.169024
vt 0.425157 0.169386
vt 0.443937 0.225074
vt 0.444317 0.218617
vt 0.443094 0.187858
vt 0.447027 0.189965
vt 0.447736 0.180699
vt 0.446110 0.197733
vt 0.445288 0.211377
vt 0.435688 0.176744
vt 0.444571 0.178550
vt 0.407570 0.556485
vt 0.407570 0.556370
vt 0.445544 0.205755
vt 0.430616 0.172092
vt 0.400735 0.224039
vt 0.401419 0.213987
vt 0.407570 0.556561
vt 0.407571 0.556638
vt 0.401568 0.196255
vt 0.404829 0.195115
vt 0.401823 0.188914
vt 0.401738 0.203736
vt 0.407569 0.556253
vt 0.408860 0.212893
vt 0.441842 0.197024
vt 0.406945 0.169213
vt 0.403082 0.171720
vt 0.408914 0.174785
vt 0.407571 0.556709
vt 0.411610 0.193708
vt 0.406484 0.183743
vt 0.410916 0.170290
vt 0.400522 0.233794
vt 0.420375 0.184971
vt 0.421401 0.199247
vt 0.427486 0.186606
vt 0.432916 0.193550
vt 0.402085 0.182099
vt 0.426423 0.205838
vt 0.407568 0.555987
vt 0.399567 0.263769
vt 0.406745 0.263827
vt 0.407569 0.555904
vt 0.407568 0.555820
vt 0.419617 0.228566
vt 0.399829 0.267957
vt 0.407569 0.556058
vt 0.399823 0.256142
vt 0.400027 0.248824
vt 0.421563 0.175448
vt 0.407569 0.556149
vt 0.407568 0.555774
vt 0.407568 0.555745
vt 0.420386 0.240220
vt 0.430900 0.259087
vt 0.428545 0.249771
vt 0.447078 0.150139
vt 0.872314 0.066268
vt 0.871509 0.065932
vt 0.871863 0.068115
vt 0.447803 0.143329
vt 0.449571 0.145802
vt 0.354173 0.067845
vt 0.355153 0.068690
vt 0.354839 0.064978
vt 0.450941 0.143902
vt 0.448013 0.136345
vt 0.194574 0.042178
vt 0.195800 0.044948
vt 0.448335 0.125793
vt 0.449617 0.131940
vt 0.451388 0.128336
vt 0.407217 0.166849
vt 0.195154 0.050335
vt 0.196015 0.053533
vt 0.407572 0.557058
vt 0.338880 0.056526
vt 0.338135 0.056856
vt 0.338405 0.057373
vt 0.409121 0.553709
vt 0.410665 0.553706
vt 0.410058 0.553707
vt 0.599574 0.367951
vt 0.584187 0.382098
vt 0.591828 0.396440
vt 0.588770 0.397754
vt 0.582579 0.398205
vt 0.197212 0.396580
vt 0.165968 0.392702
vt 0.171508 0.402961
vt 0.598399 0.398034
vt 0.684339 0.328639
vt 0.687920 0.329631
vt 0.699638 0.315029
vt 0.430698 0.692028
vt 0.447008 0.699521
vt 0.768739 0.917076
vt 0.776924 0.924430
vt 0.782835 0.917441
vt 0.776080 0.908444
vt 0.694300 0.309634
vt 0.683567 0.321714
vt 0.715734 0.295506
vt 0.723176 0.947021
vt 0.732665 0.956800
vt 0.737083 0.947914
vt 0.750588 0.944976
vt 0.747763 0.927635
vt 0.733814 0.938759
vt 0.742463 0.956208
vt 0.650482 0.697464
vt 0.650180 0.685214
vt 0.644998 0.676111
vt 0.643196 0.694669
vt 0.629048 0.688523
vt 0.627595 0.674894
vt 0.612960 0.678947
vt 0.743746 0.784372
vt 0.755215 0.795589
vt 0.754234 0.784278
vt 0.450136 0.740688
vt 0.444326 0.730025
vt 0.445384 0.741420
vt 0.648355 0.704455
vt 0.646302 0.710744
vt 0.745124 0.920816
vt 0.759926 0.913590
vt 0.741067 0.911007
vt 0.764714 0.924298
vt 0.758494 0.923587
vt 0.764149 0.902082
vt 0.779571 0.818290
vt 0.771400 0.825840
vt 0.773898 0.836414
vt 0.765891 0.820040
vt 0.768915 0.932973
vt 0.756058 0.933456
vt 0.763220 0.932993
vt 0.201308 0.401854
vt 0.200759 0.393620
vt 0.766631 0.938930
vt 0.208270 0.394160
vt 0.204701 0.396153
vt 0.207209 0.402570
vt 0.759290 0.835636
vt 0.752222 0.846245
vt 0.754586 0.859765
vt 0.772670 0.845528
vt 0.632585 0.398077
vt 0.642280 0.388333
vt 0.624735 0.397781
vt 0.752301 0.900632
vt 0.754326 0.821177
vt 0.197472 0.392187
vt 0.621513 0.381068
vt 0.450434 0.728036
vt 0.450561 0.735778
vt 0.625434 0.403306
vt 0.739190 0.840725
vt 0.742417 0.829370
vt 0.439316 0.739422
vt 0.444745 0.724114
vt 0.440524 0.723449
vt 0.601183 0.394532
vt 0.618581 0.396882
vt 0.604135 0.399166
vt 0.610374 0.397221
vt 0.771928 0.855242
vt 0.609081 0.404598
vt 0.190818 0.392428
vt 0.635594 0.403765
vt 0.630073 0.404910
vt 0.186475 0.392231
vt 0.438247 0.747642
vt 0.673703 0.341931
vt 0.697172 0.347518
vt 0.665360 0.336876
vt 0.615757 0.699094
vt 0.635408 0.705934
vt 0.741809 0.865446
vt 0.747935 0.885003
vt 0.801885 0.936546
vt 0.790352 0.933385
vt 0.795792 0.940043
vt 0.758289 0.879222
vt 0.675076 0.353075
vt 0.425007 0.732987
vt 0.419901 0.748926
vt 0.617492 0.364919
vt 0.671170 0.399196
vt 0.670539 0.393439
vt 0.656617 0.396847
vt 0.451129 0.688928
vt 0.467308 0.696536
vt 0.470242 0.684076
vt 0.596491 0.404052
vt 0.607610 0.691224
vt 0.531158 0.679382
vt 0.533862 0.692887
vt 0.547758 0.683212
vt 0.230671 0.398384
vt 0.249378 0.402751
vt 0.249259 0.391961
vt 0.778875 0.938488
vt 0.772893 0.942432
vt 0.438528 0.678922
vt 0.453189 0.680405
vt 0.779448 0.903708
vt 0.662968 0.401059
vt 0.735096 0.964328
vt 0.749553 0.962870
vt 0.785329 0.923684
vt 0.238251 0.392494
vt 0.494323 0.744308
vt 0.483567 0.744573
vt 0.499406 0.749433
vt 0.786274 0.928566
vt 0.478497 0.748716
vt 0.761546 0.957456
vt 0.777037 0.961793
vt 0.769702 0.953448
vt 0.778142 0.946397
vt 0.772776 0.948723
vt 0.776806 0.950970
vt 0.786322 0.936376
vt 0.802042 0.928070
vt 0.411155 0.553704
vt 0.764497 0.945972
vt 0.493624 0.678194
vt 0.486691 0.688618
vt 0.497073 0.687601
vt 0.499248 0.675652
vt 0.507840 0.685084
vt 0.752273 0.956406
vt 0.761406 0.951986
vt 0.591123 0.702458
vt 0.567096 0.702849
vt 0.581924 0.706974
vt 0.709101 0.299397
vt 0.706995 0.311729
vt 0.702717 0.298913
vt 0.712218 0.326082
vt 0.668534 0.372142
vt 0.507947 0.670931
vt 0.736253 0.890878
vt 0.746065 0.757424
vt 0.732810 0.760542
vt 0.514585 0.666055
vt 0.727262 0.748173
vt 0.448079 0.746880
vt 0.440988 0.757261
vt 0.444073 0.756812
vt 0.442782 0.749729
vt 0.525267 0.701798
vt 0.437044 0.755552
vt 0.419910 0.761935
vt 0.662563 0.346933
vt 0.651092 0.346109
vt 0.651193 0.353034
vt 0.445433 0.767502
vt 0.442748 0.762605
vt 0.458190 0.743353
vt 0.449849 0.759433
vt 0.448552 0.751792
vt 0.508390 0.696734
vt 0.780624 0.844741
vt 0.780023 0.853633
vt 0.441717 0.770497
vt 0.436050 0.771049
vt 0.541795 0.703392
vt 0.798664 0.819054
vt 0.791543 0.809406
vt 0.786595 0.833490
vt 0.757594 0.752348
vt 0.785789 0.965904
vt 0.804492 0.958093
vt 0.785203 0.957043
vt 0.410002 0.553707
vt 0.409922 0.553708
vt 0.410202 0.553708
vt 0.739407 0.854157
vt 0.725089 0.834638
vt 0.724072 0.851208
vt 0.776116 0.756625
vt 0.775202 0.748965
vt 0.764414 0.748063
vt 0.713591 0.286479
vt 0.725341 0.277281
vt 0.719144 0.271388
vt 0.701847 0.402832
vt 0.693813 0.394483
vt 0.685364 0.401084
vt 0.263081 0.402123
vt 0.280736 0.402239
vt 0.275200 0.393313
vt 0.709129 0.402991
vt 0.285829 0.393344
vt 0.695229 0.379330
vt 0.297172 0.393312
vt 0.722298 0.402934
vt 0.797138 0.918470
vt 0.787861 0.902393
vt 0.800984 0.897924
vt 0.803300 0.918335
vt 0.223284 0.392731
vt 0.749630 0.774739
vt 0.760771 0.778067
vt 0.763958 0.792699
vt 0.763845 0.768365
vt 0.770433 0.779832
vt 0.776482 0.766566
vt 0.780771 0.793609
vt 0.777595 0.783928
vt 0.779286 0.774337
vt 0.782970 0.894067
vt 0.774885 0.898142
vt 0.782397 0.889418
vt 0.784108 0.884813
vt 0.769087 0.883789
vt 0.772475 0.869946
vt 0.794386 0.881028
vt 0.788682 0.869126
vt 0.410126 0.553707
vt 0.447069 0.771369
vt 0.409859 0.553708
vt 0.733644 0.815799
vt 0.796331 0.837295
vt 0.796929 0.859453
vt 0.429572 0.770434
vt 0.454162 0.771530
vt 0.475081 0.737166
vt 0.464310 0.723957
vt 0.451618 0.727872
vt 0.462001 0.738181
vt 0.476694 0.744259
vt 0.803351 0.879896
vt 0.467371 0.743731
vt 0.490625 0.739721
vt 0.494223 0.725682
vt 0.236744 0.404434
vt 0.806009 0.901109
vt 0.720144 0.895655
vt 0.737430 0.901322
vt 0.554545 0.704155
vt 0.474846 0.761651
vt 0.466821 0.771910
vt 0.477434 0.772339
vt 0.460112 0.748938
vt 0.410338 0.553707
vt 0.410273 0.553707
vt 0.544675 0.764476
vt 0.410459 0.553706
vt 0.545078 0.758678
vt 0.544429 0.751626
vt 0.541792 0.757527
vt 0.541656 0.767027
vt 0.541739 0.773776
vt 0.733240 0.875583
vt 0.460733 0.771789
vt 0.613389 0.712172
vt 0.541510 0.751101
vt 0.541751 0.747704
vt 0.538425 0.764206
vt 0.812122 0.927382
vt 0.422964 0.770756
vt 0.535952 0.752617
vt 0.536780 0.747185
vt 0.545527 0.746861
vt 0.412896 0.770301
vt 0.301630 0.400198
vt 0.300486 0.393474
vt 0.728502 0.400828
vt 0.536797 0.774183
vt 0.633426 0.715463
vt 0.725275 0.404330
vt 0.728329 0.404290
vt 0.707396 0.339818
vt 0.409747 0.553708
vt 0.399837 0.754445
vt 0.627354 0.359600
vt 0.638437 0.359368
vt 0.636862 0.355978
vt 0.413014 0.742499
vt 0.748144 0.808353
vt 0.756164 0.808445
vt 0.410626 0.729505
vt 0.399767 0.741340
vt 0.632356 0.354581
vt 0.619760 0.360059
vt 0.609981 0.358613
vt 0.767766 0.967883
vt 0.775375 0.810690
vt 0.773628 0.803807
vt 0.763407 0.807159
vt 0.757209 0.968139
vt 0.725766 0.860224
vt 0.641613 0.351671
vt 0.783688 0.761905
vt 0.782731 0.749109
vt 0.783623 0.743850
vt 0.789710 0.751259
vt 0.794778 0.758327
vt 0.795320 0.769062
vt 0.804301 0.759209
vt 0.732295 0.779225
vt 0.739327 0.793845
vt 0.522480 0.731542
vt 0.523769 0.724605
vt 0.510421 0.726371
vt 0.512893 0.740610
vt 0.514582 0.745088
vt 0.527385 0.746747
vt 0.538082 0.741581
vt 0.519932 0.746573
vt 0.532160 0.734365
vt 0.539124 0.726279
vt 0.569163 0.685098
vt 0.562365 0.693587
vt 0.296002 0.404066
vt 0.585795 0.691482
vt 0.599041 0.682068
vt 0.579166 0.679189
vt 0.737634 0.805252
vt 0.726298 0.805605
vt 0.497155 0.698112
vt 0.484903 0.700051
vt 0.523446 0.763358
vt 0.517775 0.751974
vt 0.515171 0.773446
vt 0.410866 0.553706
vt 0.410735 0.553706
vt 0.503289 0.772986
vt 0.411106 0.553704
vt 0.411024 0.553704
vt 0.530003 0.773697
vt 0.763529 0.861939
vt 0.422405 0.722654
vt 0.749309 0.967283
vt 0.404456 0.770001
vt 0.605375 0.362073
vt 0.495576 0.731607
vt 0.504282 0.743531
vt 0.581972 0.368850
vt 0.778589 0.807615
vt 0.544084 0.730238
vt 0.543510 0.743047
vt 0.590919 0.362878
vt 0.592624 0.358333
vt 0.740690 0.967920
vt 0.548256 0.725513
vt 0.543846 0.723939
vt 0.787215 0.944766
vt 0.486328 0.755285
vt 0.260442 0.392787
vt 0.509280 0.746094
vt 0.723143 0.961124
vt 0.726586 0.882411
vt 0.702464 0.364449
vt 0.729807 0.912260
vt 0.730242 0.928270
vt 0.421831 0.687877
vt 0.798113 0.798956
vt 0.787983 0.797659
vt 0.796927 0.810645
vt 0.687666 0.313901
vt 0.680725 0.317430
vt 0.919726 0.025477
vt 0.920855 0.029040
vt 0.921780 0.021379
vt 0.817672 0.948802
vt 0.684326 0.359548
vt 0.674655 0.325162
vt 0.671718 0.328245
vt 0.822236 0.952177
vt 0.821815 0.950313
vt 0.818334 0.955385
vt 0.804408 0.952266
vt 0.644219 0.718203
vt 0.492073 0.772644
vt 0.505569 0.756032
vt 0.410617 0.553706
vt 0.784625 0.787877
vt 0.783793 0.775102
vt 0.789799 0.782714
vt 0.802846 0.776056
vt 0.785272 0.806213
vt 0.725798 0.790875
vt 0.409657 0.553709
vt 0.055614 0.554270
vt 0.054290 0.565835
vt 0.069242 0.564751
vt 0.026612 0.432299
vt 0.015846 0.434605
vt 0.015716 0.440028
vt 0.021895 0.499244
vt 0.021776 0.491470
vt 0.018192 0.495466
vt 0.017716 0.505477
vt 0.078604 0.550436
vt 0.065427 0.543298
vt 0.072652 0.539204
vt 0.295647 0.680258
vt 0.304377 0.687717
vt 0.303220 0.677342
vt 0.369387 0.636717
vt 0.357823 0.634517
vt 0.359308 0.651921
vt 0.033788 0.562141
vt 0.030805 0.584560
vt 0.044228 0.582512
vt 0.265935 0.663675
vt 0.264060 0.668237
vt 0.269208 0.675154
vt 0.387813 0.651435
vt 0.378626 0.660888
vt 0.402263 0.666141
vt 0.360355 0.675147
vt 0.370972 0.673731
vt 0.278676 0.673327
vt 0.275892 0.664886
vt 0.272133 0.668176
vt 0.357751 0.688260
vt 0.022304 0.440255
vt 0.280143 0.624775
vt 0.273921 0.614460
vt 0.272816 0.622493
vt 0.268806 0.628758
vt 0.279451 0.633276
vt 0.270887 0.642756
vt 0.267957 0.636858
vt 0.014940 0.492984
vt 0.018293 0.485389
vt 0.011185 0.490810
vt 0.278360 0.640114
vt 0.278100 0.646532
vt 0.270616 0.648193
vt 0.025357 0.493517
vt 0.028748 0.485090
vt 0.030657 0.503304
vt 0.022789 0.506289
vt 0.017766 0.442312
vt 0.027794 0.514378
vt 0.017218 0.520131
vt 0.033323 0.494942
vt 0.033343 0.511041
vt 0.047319 0.494551
vt 0.040733 0.487599
vt 0.036005 0.476929
vt 0.029706 0.437922
vt 0.039123 0.515195
vt 0.050654 0.505739
vt 0.303446 0.572433
vt 0.303536 0.581035
vt 0.311627 0.581145
vt 0.318702 0.576055
vt 0.320467 0.582912
vt 0.317023 0.590285
vt 0.325818 0.587481
vt 0.299139 0.586523
vt 0.337219 0.580267
vt 0.325316 0.574828
vt 0.014183 0.458829
vt 0.024208 0.452138
vt 0.015832 0.453695
vt 0.337753 0.570468
vt 0.329838 0.564918
vt 0.032011 0.422509
vt 0.019962 0.426126
vt 0.019495 0.447160
vt 0.049918 0.539106
vt 0.044088 0.549765
vt 0.056092 0.546744
vt 0.047616 0.567646
vt 0.285933 0.686036
vt 0.286908 0.672828
vt 0.063480 0.580520
vt 0.279074 0.682243
vt 0.291215 0.685464
vt 0.294694 0.668186
vt 0.289983 0.695211
vt 0.298852 0.692733
vt 0.059324 0.527328
vt 0.053398 0.519468
vt 0.044566 0.532123
vt 0.045559 0.520882
vt 0.030809 0.444329
vt 0.071641 0.528595
vt 0.038207 0.441612
vt 0.049198 0.440784
vt 0.045538 0.432278
vt 0.038054 0.431622
vt 0.036323 0.438488
vt 0.265866 0.655090
vt 0.274997 0.654503
vt 0.025599 0.456701
vt 0.010721 0.440076
vt 0.270846 0.659362
vt 0.010421 0.446566
vt 0.280205 0.662591
vt 0.005916 0.452964
vt 0.004385 0.460281
vt 0.013037 0.452716
vt 0.391343 0.690462
vt 0.408398 0.686665
vt 0.339341 0.624532
vt 0.357118 0.625190
vt 0.346606 0.613015
vt 0.035176 0.460348
vt 0.035981 0.424620
vt 0.040938 0.450754
vt 0.361580 0.605718
vt 0.372669 0.616726
vt 0.348748 0.640856
vt 0.332009 0.642332
vt 0.328032 0.631543
vt 0.367019 0.628248
vt 0.322349 0.652082
vt 0.336355 0.654268
vt 0.334012 0.661880
vt 0.320681 0.663506
vt 0.315677 0.643399
vt 0.309353 0.654627
vt 0.316753 0.672809
vt 0.311196 0.668118
vt 0.307859 0.632112
vt 0.320165 0.620880
vt 0.310726 0.619807
vt 0.303186 0.640542
vt 0.293881 0.643719
vt 0.297837 0.652733
vt 0.325948 0.675496
vt 0.337756 0.673253
vt 0.083030 0.420851
vt 0.088948 0.427145
vt 0.095122 0.420093
vt 0.098709 0.428965
vt 0.089178 0.413237
vt 0.089689 0.406801
vt 0.381302 0.642019
vt 0.314612 0.610293
vt 0.310476 0.677338
vt 0.280652 0.607806
vt 0.269125 0.604085
vt 0.373824 0.654286
vt 0.360175 0.664112
vt 0.381078 0.589921
vt 0.363296 0.588472
vt 0.373367 0.595147
vt 0.379389 0.672248
vt 0.398385 0.675815
vt 0.337997 0.594592
vt 0.331601 0.605652
vt 0.345145 0.682348
vt 0.330676 0.685540
vt 0.047856 0.458549
vt 0.047493 0.471271
vt 0.315600 0.633801
vt 0.347014 0.668363
vt 0.319708 0.598600
vt 0.304287 0.592969
vt 0.094717 0.434975
vt 0.100820 0.436438
vt 0.307744 0.601719
vt 0.319510 0.567804
vt 0.318811 0.557645
vt 0.324674 0.560182
vt 0.311436 0.565092
vt 0.331704 0.559740
vt 0.336494 0.560098
vt 0.332105 0.552867
vt 0.114882 0.036316
vt 0.115542 0.037842
vt 0.116336 0.036452
vt 0.416787 0.658674
vt 0.425240 0.669104
vt 0.385064 0.683256
vt 0.310498 0.555568
vt 0.435541 0.654691
vt 0.421621 0.647420
vt 0.302540 0.615509
vt 0.381173 0.561980
vt 0.391687 0.567623
vt 0.386938 0.560273
vt 0.011237 0.513597
vt 0.010054 0.521225
vt 0.382219 0.571655
vt 0.007704 0.532184
vt 0.015102 0.536945
vt 0.373852 0.582518
vt 0.368044 0.569254
vt 0.388063 0.582572
vt 0.019332 0.530859
vt 0.006689 0.520498
vt 0.371182 0.682590
vt 0.359783 0.576030
vt 0.370489 0.558790
vt 0.360254 0.553532
vt 0.354555 0.555104
vt 0.373575 0.555580
vt 0.024508 0.555606
vt 0.018518 0.575288
vt 0.397077 0.650881
vt 0.397581 0.641840
vt 0.030393 0.522814
vt 0.031575 0.537847
vt 0.376226 0.626711
vt 0.389971 0.628367
vt 0.386972 0.615298
vt 0.380191 0.634458
vt 0.023460 0.518797
vt 0.017737 0.547873
vt 0.074409 0.432831
vt 0.075823 0.440757
vt 0.082239 0.436291
vt 0.088147 0.437881
vt 0.080867 0.445328
vt 0.094303 0.440924
vt 0.090349 0.445896
vt 0.089677 0.459627
vt 0.097038 0.457448
vt 0.095809 0.449926
vt 0.085094 0.454070
vt 0.073860 0.456888
vt 0.424472 0.583502
vt 0.428158 0.593884
vt 0.433002 0.588346
vt 0.424581 0.607602
vt 0.414632 0.597816
vt 0.324125 0.551725
vt 0.329669 0.550988
vt 0.324583 0.549230
vt 0.410858 0.581753
vt 0.409992 0.592540
vt 0.326871 0.553280
vt 0.061654 0.462767
vt 0.062122 0.451621
vt 0.050661 0.447929
vt 0.927875 0.021147
vt 0.929196 0.020356
vt 0.929367 0.019473
vt 0.237466 0.033827
vt 0.238341 0.033291
vt 0.236630 0.032574
vt 0.095090 0.410114
vt 0.066027 0.441780
vt 0.086127 0.531697
vt 0.340761 0.556039
vt 0.345887 0.560877
vt 0.071408 0.424683
vt 0.063952 0.425571
vt 0.008027 0.480623
vt 0.005735 0.488810
vt 0.013186 0.482930
vt 0.002770 0.494647
vt 0.008184 0.496965
vt 0.004952 0.504757
vt 0.103074 0.540888
vt 0.099158 0.547852
vt 0.093780 0.562906
vt 0.058771 0.438290
vt 0.319718 0.681770
vt 0.052180 0.430604
vt 0.917594 0.004915
vt 0.917069 0.006418
vt 0.920173 0.008077
vt 0.050542 0.424972
vt 0.322289 0.692162
vt 0.987157 0.735712
vt 0.057543 0.425484
vt 0.264874 0.691488
vt 0.266033 0.695425
vt 0.272322 0.692218
vt 0.991270 0.066218
vt 0.990479 0.064053
vt 0.990531 0.066480
vt 0.268717 0.699326
vt 0.265801 0.683543
vt 0.262454 0.685069
vt 0.263046 0.677111
vt 0.270757 0.012441
vt 0.270930 0.015019
vt 0.272525 0.011674
vt 0.266216 0.646324
vt 0.262696 0.635096
vt 0.273029 0.686521
vt 0.271134 0.681738
vt 0.931579 0.024609
vt 0.932461 0.022264
vt 0.931323 0.023490
vt 0.298494 0.567522
vt 0.263144 0.619187
vt 0.293200 0.575137
vt 0.287505 0.585149
vt 0.289041 0.579863
vt 0.283509 0.591659
vt 0.295509 0.581969
vt 0.292833 0.590402
vt 0.280716 0.580543
vt 0.156930 0.037382
vt 0.155549 0.038213
vt 0.156329 0.039795
vt 0.011051 0.504390
vt 0.304841 0.564710
vt 0.287008 0.570442
vt 0.291167 0.563952
vt 0.276845 0.575225
vt 0.302922 0.556598
vt 0.298006 0.555244
vt 0.298127 0.556540
vt 0.289843 0.558828
vt 0.281017 0.563416
vt 0.272873 0.569804
vt 0.284060 0.559670
vt 0.272786 0.565438
vt 0.053812 0.016881
vt 0.052929 0.014615
vt 0.051616 0.016453
vt 0.072699 0.415958
vt 0.075217 0.413173
vt 0.070735 0.410839
vt 0.014177 0.431988
vt 0.092888 0.405796
vt 0.098447 0.408226
vt 0.275223 0.593543
vt 0.278698 0.600308
vt 0.419912 0.678608
vt 0.352272 0.569266
vt 0.101437 0.414460
vt 0.397718 0.595109
vt 0.282513 0.692429
vt 0.988593 0.631827
vt 0.260895 0.584952
vt 0.260458 0.588048
vt 0.264907 0.581702
vt 0.269634 0.587929
vt 0.261717 0.593299
vt 0.264262 0.598666
vt 0.258324 0.598490
vt 0.278972 0.035342
vt 0.279637 0.037540
vt 0.280708 0.037628
vt 0.269732 0.579684
vt 0.980487 0.618583
vt 0.986102 0.623171
vt 0.061735 0.490892
vt 0.066679 0.501975
vt 0.077521 0.497028
vt 0.275586 0.562243
vt 0.276567 0.562040
vt 0.067409 0.512392
vt 0.081394 0.511484
vt 0.260763 0.606718
vt 0.058976 0.478187
vt 0.070465 0.482813
vt 0.983970 0.617939
vt 0.408681 0.606353
vt 0.404397 0.594127
vt 0.086234 0.520160
vt 0.071645 0.519985
vt 0.059156 0.518892
vt 0.095831 0.520826
vt 0.287681 0.610029
vt 0.287712 0.600385
vt 0.281983 0.617880
vt 0.299688 0.621885
vt 0.299703 0.609426
vt 0.293383 0.610121
vt 0.289538 0.621556
vt 0.297725 0.600187
vt 0.311685 0.684929
vt 0.056804 0.010974
vt 0.053648 0.006485
vt 0.052394 0.007201
vt 0.288366 0.659344
vt 0.305784 0.063612
vt 0.304932 0.065185
vt 0.305774 0.064955
vt 0.284882 0.653888
vt 0.286087 0.642440
vt 0.067051 0.413465
vt 0.069165 0.418245
vt 0.057267 0.418373
vt 0.062099 0.414795
vt 0.050551 0.417688
vt 0.047392 0.421503
vt 0.056891 0.411079
vt 0.057051 0.406459
vt 0.055402 0.408166
vt 0.054940 0.415071
vt 0.047465 0.411294
vt 0.052596 0.409042
vt 0.049349 0.407638
vt 0.046178 0.416558
vt 0.041110 0.414762
vt 0.043850 0.408803
vt 0.100047 0.506789
vt 0.087879 0.497921
vt 0.103831 0.490822
vt 0.094016 0.477760
vt 0.091998 0.489266
vt 0.078896 0.487208
vt 0.348984 0.596085
vt 0.351883 0.585750
vt 0.353581 0.604392
vt 0.029556 0.464161
vt 0.021925 0.475713
vt 0.024934 0.470843
vt 0.023618 0.463407
vt 0.019670 0.465455
vt 0.015869 0.468766
vt 0.016189 0.475049
vt 0.015712 0.463158
vt 0.419814 0.632054
vt 0.406835 0.619973
vt 0.426997 0.623741
vt 0.398989 0.617921
vt 0.018919 0.560697
vt 0.037446 0.411386
vt 0.971571 0.610573
vt 0.967508 0.608373
vt 0.027606 0.412625
vt 0.024867 0.414241
vt 0.025770 0.417707
vt 0.962173 0.604128
vt 0.964319 0.606638
vt 0.032241 0.412253
vt 0.033138 0.414339
vt 0.986707 0.007242
vt 0.987097 0.008451
vt 0.989730 0.009704
vt 0.707101 0.004760
vt 0.705481 0.003330
vt 0.703369 0.003573
vt 0.117040 0.031912
vt 0.116104 0.032551
vt 0.115737 0.033798
vt 0.981395 0.615671
vt 0.983643 0.022818
vt 0.986391 0.025665
vt 0.984683 0.022586
vt 0.017034 0.423571
vt 0.291712 0.633873
vt 0.298477 0.629007
vt 0.074888 0.466593
vt 0.078673 0.476150
vt 0.338556 0.552227
vt 0.008703 0.473968
vt 0.006156 0.469029
vt 0.007644 0.002987
vt 0.010783 0.002892
vt 0.007160 0.001087
vt 0.070877 0.033204
vt 0.071929 0.032989
vt 0.072061 0.031898
vt 0.003499 0.482592
vt 0.000576 0.466658
vt 0.383592 0.602345
vt 0.394903 0.605697
vt 0.370588 0.603569
vt 0.031391 0.548109
vt 0.850190 0.021212
vt 0.850358 0.020360
vt 0.848462 0.021448
vt 0.844974 0.022309
vt 0.843994 0.024170
vt 0.846641 0.021870
vt 0.025503 0.423155
vt 0.991554 0.018369
vt 0.993094 0.022703
vt 0.991745 0.017160
vt 0.258319 0.590418
vt 0.400510 0.569349
vt 0.401382 0.579597
vt 0.316547 0.690351
vt 0.254316 0.605272
vt 0.416376 0.574003
vt 0.010563 0.544615
vt 0.409477 0.564710
vt 0.010591 0.551047
vt 0.014049 0.561718
vt 0.310814 0.692647
vt 0.087549 0.466579
vt 0.101584 0.469244
vt 0.398598 0.685616
vt 0.486344 0.587144
vt 0.468749 0.578313
vt 0.473347 0.596625
vt 0.450525 0.634702
vt 0.443287 0.616975
vt 0.561252 0.594480
vt 0.571258 0.578682
vt 0.547281 0.590129
vt 0.563660 0.623558
vt 0.557768 0.640736
vt 0.593307 0.644764
vt 0.594128 0.626961
vt 0.696230 0.115994
vt 0.676338 0.123743
vt 0.068966 0.735215
vt 0.071574 0.713170
vt 0.439564 0.667594
vt 0.059550 0.770155
vt 0.059266 0.749952
vt 0.047176 0.765095
vt 0.569426 0.671631
vt 0.556056 0.668995
vt 0.057633 0.735381
vt 0.046375 0.750758
vt 0.543800 0.668374
vt 0.665558 0.116161
vt 0.695334 0.160138
vt 0.704120 0.163159
vt 0.702265 0.151554
vt 0.688878 0.150578
vt 0.032362 0.594517
vt 0.020475 0.592358
vt 0.021598 0.602466
vt 0.519821 0.636912
vt 0.509625 0.636038
vt 0.508937 0.654663
vt 0.442433 0.583669
vt 0.458177 0.584759
vt 0.454658 0.574560
vt 0.523207 0.657922
vt 0.526054 0.649193
vt 0.712521 0.115558
vt 0.075018 0.694189
vt 0.074197 0.766917
vt 0.603152 0.664819
vt 0.424945 0.568019
vt 0.442483 0.574542
vt 0.649982 0.584919
vt 0.648886 0.571253
vt 0.639432 0.588303
vt 0.473187 0.660071
vt 0.453638 0.666626
vt 0.471695 0.670346
vt 0.072471 0.588525
vt 0.499581 0.596817
vt 0.512340 0.595164
vt 0.508167 0.582598
vt 0.545096 0.608163
vt 0.564043 0.609643
vt 0.528928 0.586510
vt 0.539275 0.584047
vt 0.547134 0.625623
vt 0.604146 0.578530
vt 0.608411 0.589057
vt 0.622286 0.582653
vt 0.616089 0.574589
vt 0.586369 0.609894
vt 0.444838 0.650592
vt 0.593185 0.570002
vt 0.590402 0.572565
vt 0.611104 0.566030
vt 0.017600 0.771393
vt 0.017435 0.762644
vt 0.010494 0.778786
vt 0.602148 0.568651
vt 0.626234 0.564894
vt 0.624261 0.570426
vt 0.717949 0.162820
vt 0.040978 0.738713
vt 0.579943 0.665004
vt 0.561837 0.660311
vt 0.575195 0.647949
vt 0.713813 0.167454
vt 0.725639 0.190001
vt 0.720002 0.190147
vt 0.720460 0.194108
vt 0.726481 0.206463
vt 0.221423 0.438611
vt 0.221659 0.460415
vt 0.226046 0.448914
vt 0.730244 0.206436
vt 0.714592 0.176276
vt 0.225708 0.430357
vt 0.222557 0.422740
vt 0.053374 0.713083
vt 0.456551 0.616471
vt 0.469119 0.632312
vt 0.461574 0.646373
vt 0.474410 0.647248
vt 0.637621 0.569744
vt 0.644382 0.562721
vt 0.635690 0.582042
vt 0.024155 0.618992
vt 0.030285 0.613955
vt 0.630938 0.576369
vt 0.022652 0.630157
vt 0.033460 0.627865
vt 0.041424 0.609758
vt 0.041536 0.632812
vt 0.051142 0.617405
vt 0.622059 0.655319
vt 0.637861 0.634781
vt 0.615613 0.644277
vt 0.635163 0.622457
vt 0.616661 0.634110
vt 0.619678 0.611931
vt 0.479600 0.578392
vt 0.638029 0.658106
vt 0.469362 0.612966
vt 0.481272 0.635605
vt 0.649635 0.561188
vt 0.648075 0.650102
vt 0.648798 0.623651
vt 0.722810 0.253828
vt 0.222950 0.488760
vt 0.227550 0.480846
vt 0.637805 0.106763
vt 0.063954 0.791923
vt 0.059852 0.805812
vt 0.227618 0.469664
vt 0.222046 0.506595
vt 0.226040 0.498279
vt 0.627614 0.110043
vt 0.048411 0.795183
vt 0.049330 0.806131
vt 0.037375 0.805715
vt 0.693147 0.137595
vt 0.673564 0.135165
vt 0.681897 0.139151
vt 0.484378 0.671488
vt 0.657036 0.121537
vt 0.032498 0.754173
vt 0.041289 0.760199
vt 0.034339 0.739433
vt 0.540838 0.657037
vt 0.045995 0.599982
vt 0.029490 0.772765
vt 0.730119 0.231734
vt 0.043729 0.775480
vt 0.071512 0.612320
vt 0.058270 0.694783
vt 0.724376 0.248780
vt 0.042909 0.725772
vt 0.709750 0.152069
vt 0.714422 0.141578
vt 0.708390 0.174827
vt 0.538439 0.640976
vt 0.054205 0.680215
vt 0.044286 0.661504
vt 0.042755 0.681533
vt 0.221095 0.412454
vt 0.223535 0.409213
vt 0.070302 0.661053
vt 0.066679 0.645939
vt 0.054722 0.662206
vt 0.062964 0.673642
vt 0.051870 0.592387
vt 0.046731 0.648024
vt 0.591924 0.582046
vt 0.571640 0.571196
vt 0.225780 0.419410
vt 0.058742 0.632636
vt 0.651553 0.110320
vt 0.058941 0.602985
vt 0.573159 0.593002
vt 0.041011 0.708058
vt 0.584605 0.590039
vt 0.442476 0.596382
vt 0.545892 0.575802
vt 0.530540 0.576836
vt 0.033265 0.694715
vt 0.049111 0.786932
vt 0.024260 0.696398
vt 0.021932 0.713661
vt 0.025486 0.716241
vt 0.459268 0.598942
vt 0.600854 0.600811
vt 0.596800 0.593876
vt 0.025951 0.681502
vt 0.032716 0.676506
vt 0.492432 0.638848
vt 0.499452 0.648692
vt 0.499107 0.640360
vt 0.522324 0.603509
vt 0.486561 0.619715
vt 0.728066 0.223790
vt 0.493696 0.649517
vt 0.494251 0.628260
vt 0.519630 0.584810
vt 0.508336 0.610188
vt 0.498713 0.623391
vt 0.519909 0.619286
vt 0.500349 0.612365
vt 0.490495 0.606325
vt 0.608081 0.608334
vt 0.035310 0.647208
vt 0.620373 0.597477
vt 0.031951 0.660616
vt 0.028202 0.650012
vt 0.026455 0.644386
vt 0.497188 0.585713
vt 0.501326 0.582352
vt 0.495078 0.578339
vt 0.518697 0.577343
vt 0.024921 0.662174
vt 0.487513 0.595430
vt 0.490507 0.659169
vt 0.500278 0.664267
vt 0.638470 0.605983
vt 0.648294 0.603026
vt 0.020568 0.738199
vt 0.030608 0.728522
vt 0.024751 0.722106
vt 0.015650 0.795244
vt 0.007422 0.789173
vt 0.004206 0.799053
vt 0.020345 0.788099
vt 0.018917 0.745297
vt 0.033101 0.790977
vt 0.029404 0.802308
vt 0.839495 0.423308
vt 0.848183 0.428257
vt 0.850045 0.421374
vt 0.146210 0.468739
vt 0.136423 0.462505
vt 0.135860 0.468031
vt 0.140091 0.454055
vt 0.132487 0.457180
vt 0.860584 0.403909
vt 0.848198 0.409116
vt 0.857054 0.409402
vt 0.129852 0.466531
vt 0.129515 0.473785
vt 0.135664 0.473742
vt 0.147290 0.462117
vt 0.153697 0.468530
vt 0.159126 0.458557
vt 0.150260 0.452211
vt 0.148307 0.475575
vt 0.149583 0.481148
vt 0.155381 0.472754
vt 0.130978 0.481506
vt 0.144408 0.476810
vt 0.143147 0.482818
vt 0.839020 0.400864
vt 0.828783 0.403419
vt 0.834152 0.409378
vt 0.866531 0.408556
vt 0.763816 0.439042
vt 0.764847 0.421838
vt 0.840381 0.405508
vt 0.849641 0.416209
vt 0.856937 0.418308
vt 0.159349 0.478788
vt 0.778913 0.462063
vt 0.764621 0.457052
vt 0.770415 0.464571
vt 0.777718 0.446718
vt 0.773236 0.437065
vt 0.149230 0.488322
vt 0.137446 0.487618
vt 0.133407 0.532712
vt 0.112480 0.531160
vt 0.120152 0.543798
vt 0.854669 0.426450
vt 0.858109 0.538887
vt 0.846569 0.402046
vt 0.789299 0.432767
vt 0.777163 0.422521
vt 0.830815 0.416970
vt 0.861986 0.540120
vt 0.133161 0.502817
vt 0.114914 0.508843
vt 0.131965 0.519772
vt 0.844132 0.538871
vt 0.229711 0.014054
vt 0.229240 0.016357
vt 0.231341 0.014233
vt 0.905182 0.522245
vt 0.904927 0.526154
vt 0.902824 0.536317
vt 0.895736 0.538936
vt 0.756314 0.467238
vt 0.142273 0.034912
vt 0.142091 0.033350
vt 0.141187 0.033618
vt 0.796009 0.444020
vt 0.784467 0.454404
vt 0.108126 0.519883
vt 0.792951 0.455279
vt 0.806607 0.460193
vt 0.908742 0.528954
vt 0.806730 0.452644
vt 0.139345 0.543128
vt 0.826638 0.428926
vt 0.838451 0.434015
vt 0.802973 0.433749
vt 0.901236 0.526808
vt 0.893593 0.534026
vt 0.123522 0.499189
vt 0.846458 0.008979
vt 0.843002 0.007811
vt 0.844655 0.011843
vt 0.241605 0.015767
vt 0.240324 0.010012
vt 0.239012 0.010485
vt 0.903678 0.517744
vt 0.900477 0.520013
vt 0.058880 0.024413
vt 0.057058 0.022233
vt 0.057241 0.023243
vt 0.107179 0.433348
vt 0.907456 0.533546
vt 0.887673 0.542028
vt 0.897177 0.527702
vt 0.890745 0.517989
vt 0.893975 0.521140
vt 0.894256 0.515432
vt 0.898892 0.515403
vt 0.897241 0.522056
vt 0.103741 0.441771
vt 0.113550 0.436141
vt 0.896273 0.524308
vt 0.890754 0.525788
vt 0.112640 0.440156
vt 0.894484 0.527547
vt 0.890379 0.530877
vt 0.887551 0.536988
vt 0.886651 0.518682
vt 0.843676 0.016593
vt 0.126503 0.433008
vt 0.122721 0.430672
vt 0.121013 0.435639
vt 0.103872 0.453843
vt 0.357431 0.022714
vt 0.355852 0.024904
vt 0.357868 0.025898
vt 0.110907 0.454241
vt 0.121072 0.457426
vt 0.115739 0.449444
vt 0.124407 0.426743
vt 0.118938 0.429751
vt 0.882916 0.412174
vt 0.875882 0.407221
vt 0.873802 0.411487
vt 0.797460 0.009937
vt 0.798835 0.010498
vt 0.798032 0.009321
vt 0.373750 0.012323
vt 0.370892 0.010146
vt 0.373250 0.012922
vt 0.110522 0.447424
vt 0.115340 0.444957
vt 0.905842 0.471828
vt 0.133364 0.410214
vt 0.124022 0.407656
vt 0.129659 0.412243
vt 0.882135 0.423384
vt 0.879228 0.417027
vt 0.874276 0.422748
vt 0.133594 0.407279
vt 0.158864 0.439865
vt 0.163753 0.449672
vt 0.163144 0.440045
vt 0.912888 0.018511
vt 0.914223 0.016765
vt 0.911825 0.015408
vt 0.863732 0.415252
vt 0.885758 0.417419
vt 0.872799 0.417016
vt 0.869103 0.420534
vt 0.103070 0.426811
vt 0.862373 0.403517
vt 0.163063 0.435722
vt 0.159424 0.433979
vt 0.128120 0.440765
vt 0.122982 0.445468
vt 0.128397 0.450003
vt 0.244874 0.013425
vt 0.247680 0.013252
vt 0.245218 0.010720
vt 0.889850 0.421586
vt 0.889426 0.431207
vt 0.887924 0.425780
vt 0.884620 0.430697
vt 0.867749 0.404765
vt 0.000392 0.031831
vt 0.001484 0.031545
vt 0.002000 0.030235
vt 0.106951 0.008389
vt 0.110982 0.005967
vt 0.107986 0.006870
vt 0.153391 0.024201
vt 0.151935 0.024042
vt 0.152922 0.025031
vt 0.854710 0.433915
vt 0.861153 0.431953
vt 0.157924 0.022604
vt 0.160360 0.021376
vt 0.158189 0.021470
vt 0.880903 0.431096
vt 0.873603 0.430205
vt 0.863879 0.424589
vt 0.079268 0.004577
vt 0.075087 0.001452
vt 0.078349 0.007416
vt 0.870267 0.426931
vt 0.878347 0.434402
vt 0.120962 0.441659
vt 0.129795 0.428623
vt 0.133511 0.444258
vt 0.170429 0.503795
vt 0.171955 0.494075
vt 0.170020 0.485752
vt 0.113027 0.431059
vt 0.123089 0.451757
vt 0.867635 0.434246
vt 0.825729 0.406591
vt 0.852679 0.470216
vt 0.853292 0.461400
vt 0.848877 0.464226
vt 0.801447 0.410264
vt 0.820334 0.415483
vt 0.814419 0.407018
vt 0.116838 0.425525
vt 0.109585 0.424488
vt 0.797338 0.420165
vt 0.816258 0.425860
vt 0.124742 0.562340
vt 0.130078 0.553887
vt 0.844822 0.460178
vt 0.840984 0.457161
vt 0.837695 0.466216
vt 0.835618 0.462600
vt 0.834596 0.456522
vt 0.857928 0.472809
vt 0.857761 0.466839
vt 0.859524 0.458034
vt 0.854158 0.457700
vt 0.843219 0.470325
vt 0.848297 0.475679
vt 0.862992 0.462952
vt 0.811111 0.438601
vt 0.852166 0.484827
vt 0.841649 0.480606
vt 0.846974 0.485304
vt 0.105204 0.420678
vt 0.828431 0.465165
vt 0.863381 0.523291
vt 0.855299 0.517794
vt 0.859313 0.525092
vt 0.823823 0.446367
vt 0.818828 0.455589
vt 0.857940 0.533331
vt 0.846766 0.526138
vt 0.853772 0.527268
vt 0.132471 0.434795
vt 0.840788 0.520655
vt 0.847236 0.516048
vt 0.861341 0.529868
vt 0.830964 0.438037
vt 0.835420 0.443143
vt 0.857834 0.482437
vt 0.852197 0.477460
vt 0.854710 0.491875
vt 0.863143 0.491637
vt 0.820812 0.464326
vt 0.822910 0.439208
vt 0.862122 0.481215
vt 0.831249 0.451607
vt 0.832675 0.481471
vt 0.838118 0.472363
vt 0.829778 0.456456
vt 0.832357 0.516914
vt 0.832231 0.525151
vt 0.851049 0.533537
vt 0.767284 0.531902
vt 0.839882 0.511758
vt 0.842011 0.534799
vt 0.752502 0.534039
vt 0.839041 0.527472
vt 0.742474 0.535729
vt 0.902965 0.493991
vt 0.899469 0.495256
vt 0.899862 0.500877
vt 0.904123 0.510988
vt 0.896345 0.494249
vt 0.901209 0.487548
vt 0.896175 0.488174
vt 0.903808 0.498991
vt 0.834041 0.532391
vt 0.894091 0.497437
vt 0.761293 0.520190
vt 0.902774 0.504119
vt 0.897963 0.504703
vt 0.903030 0.507557
vt 0.899595 0.509213
vt 0.970947 0.038798
vt 0.972168 0.040259
vt 0.972488 0.039360
vt 0.905873 0.486865
vt 0.894367 0.504915
vt 0.886673 0.497096
vt 0.888775 0.502306
vt 0.887932 0.488483
vt 0.890202 0.494530
vt 0.835069 0.537862
vt 0.894219 0.511011
vt 0.774827 0.476175
vt 0.896986 0.509103
vt 0.781391 0.526917
vt 0.775655 0.517876
vt 0.766115 0.508620
vt 0.789670 0.516891
vt 0.793703 0.528431
vt 0.804265 0.530141
vt 0.824246 0.533572
vt 0.820009 0.526374
vt 0.826379 0.476547
vt 0.827947 0.485261
vt 0.804211 0.513398
vt 0.821386 0.481893
vt 0.824833 0.490863
vt 0.761362 0.483839
vt 0.766784 0.489931
vt 0.819974 0.515597
vt 0.806360 0.479834
vt 0.798790 0.484894
vt 0.805395 0.486253
vt 0.811282 0.474952
vt 0.799355 0.470737
vt 0.819294 0.474447
vt 0.813747 0.483276
vt 0.818077 0.489571
vt 0.814180 0.467449
vt 0.832579 0.492380
vt 0.827922 0.497018
vt 0.808136 0.493755
vt 0.814889 0.500479
vt 0.821498 0.503578
vt 0.788727 0.477553
vt 0.807512 0.502720
vt 0.816007 0.507135
vt 0.785270 0.494708
vt 0.829752 0.504147
vt 0.823562 0.509806
vt 0.799033 0.491692
vt 0.773842 0.493147
vt 0.795953 0.500732
vt 0.833517 0.510202
vt 0.783444 0.507254
vt 0.758364 0.475274
vt 0.749158 0.479456
vt 0.726632 0.536954
vt 0.848408 0.491846
vt 0.155167 0.552193
vt 0.160207 0.559217
vt 0.151309 0.541854
vt 0.753452 0.491886
vt 0.157711 0.567009
vt 0.047337 0.042762
vt 0.047119 0.043701
vt 0.047731 0.043247
vt 0.894834 0.481070
vt 0.890895 0.481288
vt 0.891466 0.485501
vt 0.886950 0.485277
vt 0.897908 0.481715
vt 0.903974 0.481836
vt 0.899856 0.477966
vt 0.888595 0.466465
vt 0.885271 0.463288
vt 0.884506 0.468013
vt 0.903306 0.476098
vt 0.892844 0.469672
vt 0.891620 0.462931
vt 0.888534 0.474477
vt 0.891632 0.476412
vt 0.888460 0.479089
vt 0.900630 0.473117
vt 0.895588 0.474216
vt 0.902171 0.461606
vt 0.895759 0.463706
vt 0.902259 0.466057
vt 0.896480 0.468225
vt 0.896285 0.457695
vt 0.905575 0.467277
vt 0.245982 0.026968
vt 0.246402 0.029221
vt 0.248107 0.026182
vt 0.902807 0.468826
vt 0.152033 0.439273
vt 0.145734 0.445541
vt 0.154972 0.449111
vt 0.827586 0.034929
vt 0.826750 0.035436
vt 0.827036 0.036865
vt 0.151921 0.432244
vt 0.865081 0.040572
vt 0.866195 0.040489
vt 0.866054 0.039104
vt 0.159613 0.453019
vt 0.888279 0.458300
vt 0.135092 0.449156
vt 0.033920 0.015205
vt 0.031320 0.019167
vt 0.033228 0.018273
vt 0.142096 0.436476
vt 0.143067 0.425337
vt 0.142948 0.432126
vt 0.146781 0.432025
vt 0.140578 0.441790
vt 0.135549 0.430119
vt 0.902573 0.457829
vt 0.131407 0.439521
vt 0.149535 0.427219
vt 0.138872 0.424660
vt 0.867394 0.534096
vt 0.877885 0.539078
vt 0.873670 0.531913
vt 0.870736 0.538644
vt 0.872773 0.543268
vt 0.889637 0.512753
vt 0.881998 0.522502
vt 0.880763 0.518395
vt 0.888392 0.507461
vt 0.883763 0.539395
vt 0.871246 0.526603
vt 0.892527 0.025364
vt 0.890988 0.024244
vt 0.890862 0.025080
vt 0.882686 0.531267
vt 0.838848 0.628100
vt 0.840040 0.624687
vt 0.877143 0.526434
vt 0.878969 0.529655
vt 0.876944 0.519002
vt 0.886844 0.527304
vt 0.884323 0.524323
vt 0.842248 0.623563
vt 0.940909 0.040771
vt 0.941108 0.039985
vt 0.940674 0.039927
vt 0.179034 0.011719
vt 0.176376 0.011793
vt 0.177731 0.015054
vt 0.255620 0.018918
vt 0.254102 0.018560
vt 0.255401 0.019734
vt 0.099969 0.010396
vt 0.099576 0.011922
vt 0.192504 0.024170
vt 0.193398 0.023861
vt 0.191955 0.023007
vt 0.050202 0.020714
vt 0.049419 0.022240
vt 0.051460 0.023011
vt 0.050009 0.022775
vt 0.994480 0.050077
vt 0.995328 0.050537
vt 0.994876 0.049701
vt 0.891026 0.027446
vt 0.890651 0.025319
vt 0.135385 0.416316
vt 0.140361 0.420519
vt 0.142712 0.416040
vt 0.150253 0.417766
vt 0.148153 0.421772
vt 0.150125 0.420273
vt 0.177348 0.010009
vt 0.840395 0.058642
vt 0.841381 0.059326
vt 0.840994 0.058278
vt 0.814722 0.013365
vt 0.815839 0.011192
vt 0.814292 0.009841
vt 0.137811 0.408444
vt 0.854018 0.610465
vt 0.879112 0.019851
vt 0.878399 0.018558
vt 0.877557 0.019078
vt 0.843556 0.617535
vt 0.975332 0.024728
vt 0.977531 0.024145
vt 0.976801 0.022985
vt 0.861657 0.454847
vt 0.183077 0.003094
vt 0.182005 0.001454
vt 0.179825 0.001664
vt 0.316176 0.016355
vt 0.318391 0.014851
vt 0.316703 0.014719
vt 0.875446 0.453093
vt 0.868684 0.456472
vt 0.874810 0.456138
vt 0.147400 0.416217
vt 0.226439 0.009085
vt 0.223979 0.011148
vt 0.225618 0.010611
vt 0.156140 0.428237
vt 0.157220 0.426108
vt 0.156712 0.424722
vt 0.145039 0.412551
vt 0.871253 0.461528
vt 0.875222 0.462218
vt 0.077517 0.032547
vt 0.076935 0.033231
vt 0.078821 0.033398
vt 0.868003 0.450142
vt 0.842929 0.430354
vt 0.862898 0.449525
vt 0.874473 0.449688
vt 0.240386 0.060939
vt 0.239502 0.060261
vt 0.240719 0.061613
vt 0.871657 0.465819
vt 0.877033 0.466946
vt 0.867464 0.440008
vt 0.861957 0.440988
vt 0.866063 0.444795
vt 0.856340 0.444624
vt 0.857168 0.449315
vt 0.872095 0.443112
vt 0.881538 0.453834
vt 0.880521 0.459591
vt 0.884369 0.457184
vt 0.152433 0.424221
vt 0.163906 0.504344
vt 0.158377 0.496363
vt 0.153420 0.506557
vt 0.141509 0.410490
vt 0.879264 0.455409
vt 0.872427 0.438340
vt 0.874328 0.445907
vt 0.324007 0.033468
vt 0.323486 0.034150
vt 0.324561 0.034734
vt 0.881364 0.448488
vt 0.136439 0.413232
vt 0.925345 0.030903
vt 0.926584 0.031805
vt 0.925840 0.030541
vt 0.878172 0.444836
vt 0.144488 0.492378
vt 0.860397 0.436356
vt 0.142708 0.503669
vt 0.125777 0.489022
vt 0.856638 0.453074
vt 0.848472 0.453674
vt 0.844192 0.452217
vt 0.095326 0.007435
vt 0.091546 0.005035
vt 0.091763 0.006511
vt 0.838869 0.449497
vt 0.842526 0.443070
vt 0.849820 0.446153
vt 0.148511 0.519621
vt 0.846687 0.435194
vt 0.850801 0.440163
vt 0.871379 0.504688
vt 0.864335 0.511384
vt 0.871288 0.512781
vt 0.863133 0.504407
vt 0.864357 0.498822
vt 0.858622 0.501675
vt 0.875592 0.508867
vt 0.876082 0.500210
vt 0.880681 0.508307
vt 0.879004 0.502855
vt 0.883928 0.505001
vt 0.858630 0.493608
vt 0.877117 0.495823
vt 0.859566 0.515079
vt 0.866424 0.516823
vt 0.871462 0.489509
vt 0.865064 0.485675
vt 0.882076 0.514135
vt 0.876495 0.513045
vt 0.876901 0.489061
vt 0.882912 0.499767
vt 0.882716 0.489898
vt 0.856238 0.505543
vt 0.153595 0.038865
vt 0.154856 0.037222
vt 0.154654 0.036342
vt 0.882722 0.484648
vt 0.897785 0.423508
vt 0.896115 0.423032
vt 0.897743 0.428848
vt 0.884416 0.511421
vt 0.165830 0.467988
vt 0.161010 0.513907
vt 0.080322 0.019336
vt 0.082141 0.019146
vt 0.080754 0.018749
vt 0.901622 0.431416
vt 0.900923 0.428570
vt 0.166216 0.478677
vt 0.171117 0.474813
vt 0.891846 0.428519
vt 0.894701 0.431285
vt 0.143928 0.532893
vt 0.342187 0.011791
vt 0.342311 0.013331
vt 0.344533 0.011233
vt 0.056175 0.025146
vt 0.054144 0.023013
vt 0.055563 0.024249
vt 0.107896 0.011869
vt 0.108711 0.011639
vt 0.109211 0.009809
vt 0.107440 0.015013
vt 0.161628 0.523381
vt 0.163734 0.534048
vt 0.162690 0.456972
vt 0.893827 0.421916
vt 0.126802 0.415554
vt 0.125149 0.420449
vt 0.024393 0.022167
vt 0.024745 0.024394
vt 0.026254 0.023336
vt 0.131572 0.423186
vt 0.107581 0.412220
vt 0.118165 0.408314
vt 0.114613 0.408216
vt 0.121542 0.412227
vt 0.116821 0.414436
vt 0.101608 0.406794
vt 0.114507 0.420701
vt 0.884930 0.480778
vt 0.109911 0.406194
vt 0.755875 0.418072
vt 0.869235 0.523226
vt 0.107655 0.462329
vt 0.114590 0.492832
vt 0.119154 0.483314
vt 0.112086 0.483134
vt 0.774490 0.410525
vt 0.769126 0.412068
vt 0.886536 0.451367
vt 0.882420 0.442713
vt 0.886522 0.443854
vt 0.881509 0.438158
vt 0.877548 0.441598
vt 0.876003 0.436253
vt 0.891065 0.450113
vt 0.118961 0.471568
vt 0.111910 0.475922
vt 0.884705 0.435518
vt 0.125181 0.468851
vt 0.122383 0.463437
vt 0.113532 0.467530
vt 0.885651 0.439644
vt 0.030707 0.026242
vt 0.031743 0.023990
vt 0.029738 0.026257
vt 0.113901 0.458040
vt 0.867431 0.479657
vt 0.867314 0.474650
vt 0.170019 0.513654
vt 0.893936 0.442361
vt 0.862473 0.469865
vt 0.871581 0.484693
vt 0.879016 0.477827
vt 0.875923 0.479928
vt 0.877079 0.483156
vt 0.868670 0.469727
vt 0.866480 0.464453
vt 0.872831 0.478511
vt 0.883496 0.476919
vt 0.882110 0.472628
vt 0.879974 0.469726
vt 0.880461 0.463940
vt 0.874218 0.472151
vt 0.904064 0.438626
vt 0.899027 0.436032
vt 0.902608 0.443735
vt 0.898818 0.439805
vt 0.839996 0.487804
vt 0.982798 0.057651
vt 0.982666 0.058350
vt 0.983155 0.058276
vt 0.907548 0.434845
vt 0.897622 0.445932
vt 0.904023 0.447595
vt 0.086836 0.016212
vt 0.085083 0.018941
vt 0.087239 0.018187
vt 0.894194 0.446994
vt 0.896100 0.435517
vt 0.893051 0.434497
vt 0.893466 0.438432
vt 0.899177 0.455651
vt 0.994674 0.037487
vt 0.995787 0.036999
vt 0.995662 0.035871
vt 0.332832 0.048896
vt 0.332275 0.049457
vt 0.333108 0.049560
vt 0.328244 0.029053
vt 0.329538 0.025641
vt 0.327567 0.027844
vt 0.894431 0.453658
vt 0.900146 0.450709
vt 0.896268 0.451327
vt 0.327303 0.033930
vt 0.326582 0.033465
vt 0.326513 0.034917
vt 0.032848 0.015039
vt 0.088091 0.015121
vt 0.087922 0.013983
vt 0.903500 0.435384
vt 0.890975 0.455603
vt 0.851478 0.499397
vt 0.003148 0.014187
vt 0.002762 0.018553
vt 0.004529 0.016144
vt 0.844566 0.493289
vt 0.838115 0.493555
vt 0.843874 0.501090
vt 0.850991 0.508479
vt 0.845435 0.510672
vt 0.836754 0.502007
vt 0.134713 0.420353
vt 0.167341 0.524099
vt 0.784301 0.409860
vt 0.837729 0.630608
vt 0.837629 0.634745
vt 0.718249 0.907303
vt 0.723416 0.758802
vt 0.394094 0.747320
vt 0.722725 0.771517
vt 0.718058 0.803655
vt 0.725331 0.816383
vt 0.713952 0.880989
vt 0.283702 0.730555
vt 0.286064 0.726793
vt 0.279020 0.725001
vt 0.281537 0.737727
vt 0.283457 0.733288
vt 0.277561 0.731959
vt 0.279757 0.729618
vt 0.276260 0.725914
vt 0.409251 0.553710
vt 0.409381 0.553710
vt 0.035825 0.403004
vt 0.029009 0.404460
vt 0.035027 0.404735
vt 0.271779 0.725274
vt 0.035218 0.393385
vt 0.034672 0.396927
vt 0.042384 0.398460
vt 0.714352 0.790778
vt 0.269888 0.728788
vt 0.270824 0.731780
vt 0.274990 0.729543
vt 0.024913 0.400869
vt 0.272705 0.735722
vt 0.395160 0.769664
vt 0.398106 0.763326
vt 0.720410 0.867297
vt 0.387164 0.758882
vt 0.377668 0.755764
vt 0.373447 0.761665
vt 0.395243 0.736804
vt 0.393679 0.753333
vt 0.377592 0.769253
vt 0.029921 0.398811
vt 0.393171 0.763451
vt 0.409559 0.553709
vt 0.061210 0.397331
vt 0.066699 0.392793
vt 0.062201 0.392148
vt 0.703947 0.967104
vt 0.703194 0.957382
vt 0.071973 0.393713
vt 0.273661 0.744373
vt 0.025350 0.404362
vt 0.482588 0.404792
vt 0.482103 0.400167
vt 0.477599 0.403602
vt 0.709458 0.748104
vt 0.297628 0.731528
vt 0.302011 0.731071
vt 0.298831 0.728821
vt 0.052016 0.401800
vt 0.058306 0.404068
vt 0.046984 0.397437
vt 0.052624 0.394046
vt 0.974572 0.001673
vt 0.967242 0.001108
vt 0.979039 0.002818
vt 0.288068 0.730459
vt 0.292905 0.729152
vt 0.296874 0.726290
vt 0.294964 0.732595
vt 0.043413 0.392906
vt 0.485414 0.382565
vt 0.491968 0.390130
vt 0.501844 0.371885
vt 0.069356 0.404552
vt 0.304607 0.729367
vt 0.063755 0.404243
vt 0.485399 0.392957
vt 0.493049 0.399133
vt 0.513731 0.384183
vt 0.499553 0.391653
vt 0.511479 0.390445
vt 0.638958 0.536231
vt 0.618966 0.541243
vt 0.309949 0.729531
vt 0.313181 0.724936
vt 0.306936 0.727037
vt 0.376817 0.739351
vt 0.371518 0.751355
vt 0.276335 0.739843
vt 0.584353 0.543671
vt 0.606144 0.549326
vt 0.698695 0.812378
vt 0.692654 0.798641
vt 0.685826 0.803836
vt 0.366416 0.768207
vt 0.449101 0.403215
vt 0.052236 0.404454
vt 0.046253 0.403313
vt 0.480115 0.389423
vt 0.467744 0.379033
vt 0.283426 0.723712
vt 0.289595 0.724048
vt 0.302058 0.740175
vt 0.308383 0.733903
vt 0.302838 0.757734
vt 0.298392 0.750488
vt 0.295666 0.757591
vt 0.294017 0.723755
vt 0.497190 0.300162
vt 0.510401 0.318325
vt 0.505171 0.305300
vt 0.308965 0.731894
vt 0.387600 0.747037
vt 0.476841 0.396374
vt 0.409496 0.553709
vt 0.304811 0.752937
vt 0.306175 0.744976
vt 0.299717 0.746452
vt 0.460041 0.387051
vt 0.472356 0.388931
vt 0.310806 0.738738
vt 0.295090 0.743873
vt 0.290983 0.734324
vt 0.287229 0.738531
vt 0.468722 0.390598
vt 0.462746 0.389320
vt 0.457525 0.396941
vt 0.294621 0.748713
vt 0.482228 0.374184
vt 0.301891 0.724449
vt 0.312999 0.744630
vt 0.311402 0.757699
vt 0.307416 0.763242
vt 0.476234 0.367919
vt 0.408544 0.553713
vt 0.408476 0.553713
vt 0.408310 0.553712
vt 0.282233 0.756078
vt 0.289983 0.754464
vt 0.285307 0.750396
vt 0.281777 0.743588
vt 0.712840 0.869764
vt 0.386484 0.769406
vt 0.704718 0.892559
vt 0.706962 0.901260
vt 0.709574 0.885568
vt 0.287543 0.760196
vt 0.283270 0.763204
vt 0.286421 0.766503
vt 0.459769 0.402750
vt 0.463955 0.403404
vt 0.468637 0.401949
vt 0.290710 0.744189
vt 0.499269 0.314513
vt 0.505984 0.321625
vt 0.504394 0.316339
vt 0.296084 0.766767
vt 0.302138 0.766780
vt 0.307976 0.767111
vt 0.280780 0.766245
vt 0.408608 0.553712
vt 0.408371 0.553713
vt 0.470556 0.340340
vt 0.468016 0.352741
vt 0.482443 0.353488
vt 0.277915 0.754096
vt 0.702064 0.875695
vt 0.692758 0.886500
vt 0.465853 0.313292
vt 0.469050 0.300163
vt 0.276123 0.748646
vt 0.698041 0.892502
vt 0.696460 0.900153
vt 0.691279 0.881938
vt 0.699268 0.853899
vt 0.706850 0.865912
vt 0.572298 0.365258
vt 0.674911 0.544301
vt 0.709225 0.845666
vt 0.698630 0.841993
vt 0.711767 0.855024
vt 0.536046 0.567800
vt 0.545629 0.564724
vt 0.530852 0.565514
vt 0.582628 0.356491
vt 0.717897 0.839249
vt 0.713723 0.825610
vt 0.459230 0.336825
vt 0.478546 0.333271
vt 0.666378 0.961040
vt 0.681457 0.953349
vt 0.666304 0.950236
vt 0.475075 0.312640
vt 0.267431 0.751541
vt 0.270070 0.765793
vt 0.683263 0.939569
vt 0.698550 0.945194
vt 0.270931 0.748947
vt 0.692353 0.744232
vt 0.698621 0.823990
vt 0.675282 0.964884
vt 0.694400 0.961374
vt 0.275784 0.766208
vt 0.666007 0.925544
vt 0.671956 0.932565
vt 0.670022 0.915445
vt 0.571346 0.355569
vt 0.572079 0.360643
vt 0.680064 0.912939
vt 0.494554 0.349743
vt 0.690090 0.837500
vt 0.692022 0.848751
vt 0.569187 0.556763
vt 0.581189 0.555053
vt 0.487373 0.366836
vt 0.711433 0.945252
vt 0.710434 0.933197
vt 0.675453 0.760739
vt 0.720745 0.916892
vt 0.685477 0.765691
vt 0.691584 0.761206
vt 0.682308 0.755544
vt 0.719748 0.545671
vt 0.720122 0.552162
vt 0.696769 0.931337
vt 0.408258 0.553712
vt 0.408193 0.553713
vt 0.723655 0.932172
vt 0.506032 0.356028
vt 0.514330 0.370349
vt 0.518051 0.346201
vt 0.688565 0.749812
vt 0.389057 0.732635
vt 0.529676 0.360969
vt 0.395667 0.727788
vt 0.152026 0.393901
vt 0.147230 0.392614
vt 0.144210 0.401431
vt 0.152529 0.400686
vt 0.131752 0.404765
vt 0.127591 0.392762
vt 0.121978 0.404339
vt 0.387762 0.723724
vt 0.496252 0.333735
vt 0.512804 0.329562
vt 0.367654 0.739889
vt 0.374640 0.730574
vt 0.365234 0.726417
vt 0.150273 0.404782
vt 0.328070 0.736456
vt 0.336373 0.737478
vt 0.335598 0.733757
vt 0.343887 0.734500
vt 0.342802 0.731786
vt 0.524361 0.337970
vt 0.691176 0.547090
vt 0.683941 0.823424
vt 0.679147 0.841551
vt 0.696653 0.766514
vt 0.700550 0.760627
vt 0.696211 0.755184
vt 0.484028 0.320210
vt 0.490206 0.302966
vt 0.489800 0.311686
vt 0.470580 0.291633
vt 0.076448 0.401689
vt 0.529233 0.336219
vt 0.464806 0.365095
vt 0.579562 0.398329
vt 0.581866 0.394587
vt 0.694530 0.906221
vt 0.481280 0.283239
vt 0.650841 0.543453
vt 0.346006 0.727574
vt 0.350794 0.734047
vt 0.351546 0.726746
vt 0.346720 0.743357
vt 0.355256 0.739561
vt 0.347383 0.724152
vt 0.341721 0.727171
vt 0.328605 0.733444
vt 0.326907 0.727465
vt 0.321638 0.733075
vt 0.665635 0.548617
vt 0.343318 0.723424
vt 0.337792 0.730498
vt 0.101697 0.399858
vt 0.103223 0.403973
vt 0.105212 0.400253
vt 0.103173 0.393375
vt 0.108533 0.393107
vt 0.523825 0.558373
vt 0.539975 0.547113
vt 0.526686 0.542411
vt 0.343055 0.741069
vt 0.095702 0.391913
vt 0.092270 0.398844
vt 0.115174 0.399521
vt 0.359733 0.743785
vt 0.108283 0.403615
vt 0.357892 0.723155
vt 0.700961 0.918314
vt 0.711030 0.923519
vt 0.710467 0.914427
vt 0.085865 0.393228
vt 0.112470 0.392902
vt 0.514819 0.556893
vt 0.519693 0.566043
vt 0.555984 0.555949
vt 0.564151 0.393514
vt 0.577110 0.403698
vt 0.702373 0.752239
vt 0.338328 0.748621
vt 0.082408 0.397876
vt 0.084343 0.404312
vt 0.702996 0.742777
vt 0.557505 0.540226
vt 0.315153 0.729529
vt 0.320754 0.728159
vt 0.335118 0.724044
vt 0.314420 0.734198
vt 0.320054 0.736716
vt 0.318470 0.731088
vt 0.649561 0.550245
vt 0.321149 0.723978
vt 0.708752 0.757966
vt 0.543838 0.381608
vt 0.556153 0.363459
vt 0.532378 0.371131
vt 0.338517 0.722496
vt 0.564847 0.358832
vt 0.566066 0.379347
vt 0.327040 0.743576
vt 0.532193 0.343186
vt 0.539558 0.349494
vt 0.679775 0.812580
vt 0.550578 0.354603
vt 0.561100 0.352102
vt 0.409000 0.553711
vt 0.408959 0.553711
vt 0.548830 0.345575
vt 0.350215 0.759646
vt 0.343374 0.752135
vt 0.345150 0.757335
vt 0.344454 0.747144
vt 0.341933 0.761795
vt 0.344488 0.764169
vt 0.683944 0.967156
vt 0.409145 0.553710
vt 0.409058 0.553711
vt 0.335023 0.756899
vt 0.360591 0.752324
vt 0.659809 0.954438
vt 0.344242 0.768243
vt 0.340522 0.768076
vt 0.359285 0.758613
vt 0.336366 0.759863
vt 0.350177 0.767809
vt 0.357174 0.768701
vt 0.595235 0.557730
vt 0.674452 0.897700
vt 0.675349 0.884446
vt 0.548464 0.392905
vt 0.552881 0.400812
vt 0.555300 0.396116
vt 0.545370 0.395211
vt 0.679935 0.874813
vt 0.408698 0.553712
vt 0.408780 0.553712
vt 0.317143 0.750126
vt 0.672759 0.876648
vt 0.315718 0.767438
vt 0.316857 0.757655
vt 0.315739 0.763522
vt 0.408886 0.553711
vt 0.327395 0.757273
vt 0.329072 0.749596
vt 0.333028 0.767560
vt 0.571675 0.401790
vt 0.571652 0.396901
vt 0.565481 0.396973
vt 0.690190 0.774954
vt 0.697848 0.778054
vt 0.323999 0.762385
vt 0.714443 0.775735
vt 0.700900 0.784817
vt 0.691655 0.785915
vt 0.323722 0.767694
vt 0.708396 0.769119
vt 0.704830 0.774789
vt 0.156386 0.403602
vt 0.402103 0.726897
vt 0.716245 0.759401
vt 0.396566 0.724064
vt 0.700832 0.793591
vt 0.681103 0.777812
vt 0.683029 0.789734
vt 0.635243 0.548761
vt 0.391174 0.769572
vt 0.675946 0.785695
vt 0.524496 0.395534
vt 0.527718 0.398254
vt 0.532882 0.395111
vt 0.537719 0.396015
vt 0.537468 0.392669
vt 0.528361 0.390549
vt 0.520736 0.400354
vt 0.518970 0.392286
vt 0.539669 0.404294
vt 0.523126 0.324335
vt 0.513880 0.313301
vt 0.533114 0.401254
vt 0.507510 0.402483
vt 0.504288 0.392645
vt 0.522888 0.404587
vt 0.521626 0.575928
vt 0.496655 0.403553
vt 0.509561 0.392942
vt 0.705750 0.803385
vt 0.562714 0.404776
vt 0.503593 0.404606
vt 0.676365 0.801839
vt 0.618668 0.552316
vt 0.678487 0.860625
s 0
usemtl SurreyQuaysMooringFeature2_01_SurreyQuaysMooringFeature2_01_u1_v1.002
f 29/1/1 31/2/1 30/3/1
f 8/4/2 5/5/2 7/6/2
f 63/7/3 71/8/3 74/9/3
f 30/3/4 53/10/4 29/1/4
f 74/11/5 1/12/5 63/13/5
f 21/14/6 17/15/6 12/16/6
f 71/8/7 63/7/7 64/17/7
f 29/1/8 55/18/8 42/19/8
f 65/20/9 66/21/9 69/22/9
f 66/21/10 67/23/10 69/22/10
f 22/24/11 4/25/11 18/26/11
f 23/27/12 20/28/12 16/29/12
f 73/30/13 75/31/13 72/32/13
f 30/33/14 1/12/14 51/34/14
f 13/35/15 15/36/15 28/37/15
f 18/26/16 4/25/16 5/5/16
f 72/32/17 1097/38/17 74/9/17
f 7/6/18 2/39/18 19/40/18
f 1007/41/19 56/42/19 62/43/19
f 30/33/20 51/34/20 53/44/20
f 29/1/21 53/10/21 55/18/21
f 9/45/22 18/26/22 8/4/22
f 57/46/23 62/43/23 56/42/23
f 73/30/24 72/32/24 74/9/24
f 33/47/25 32/48/25 57/46/25
f 1097/49/26 1/12/26 74/11/26
f 65/50/27 1/12/27 66/51/27
f 75/31/28 73/30/28 33/47/28
f 66/51/29 1/12/29 67/52/29
f 40/53/30 42/19/30 39/54/30
f 42/19/31 37/55/31 39/54/31
f 14/56/32 9/45/32 8/4/32
f 39/54/33 41/57/33 40/53/33
f 12/16/34 16/29/34 20/28/34
f 1007/41/35 62/43/35 953/58/35
f 57/46/36 32/48/36 41/57/36
f 32/48/37 40/53/37 41/57/37
f 20/28/38 21/14/38 12/16/38
f 52/59/39 51/34/39 9/60/39
f 64/17/40 65/20/40 69/22/40
f 19/40/41 8/4/41 7/6/41
f 41/57/42 39/54/42 34/61/42
f 17/15/43 13/35/43 12/16/43
f 36/62/44 38/63/44 60/64/44
f 26/65/45 25/66/45 6/67/45
f 70/68/46 30/3/46 31/2/46
f 3/69/47 61/70/47 38/63/47
f 64/17/48 31/2/48 71/8/48
f 4/25/49 22/24/49 16/29/49
f 64/17/50 70/68/50 31/2/50
f 75/31/51 33/47/51 57/46/51
f 57/46/52 41/57/52 62/43/52
f 17/15/53 15/36/53 13/35/53
f 44/71/54 43/72/54 2/39/54
f 67/23/55 68/73/55 69/22/55
f 31/2/56 32/48/56 33/47/56
f 50/74/57 49/75/57 55/18/57
f 45/76/58 48/77/58 43/72/58
f 73/30/59 74/9/59 71/8/59
f 13/35/60 16/29/60 12/16/60
f 47/78/61 51/34/61 52/59/61
f 48/77/62 47/79/62 52/80/62
f 75/31/63 57/46/63 56/42/63
f 34/61/64 953/58/64 62/43/64
f 48/77/65 46/81/65 51/82/65
f 2/39/66 7/6/66 38/63/66
f 68/73/67 30/3/67 70/68/67
f 71/8/68 31/2/68 33/47/68
f 18/26/69 5/5/69 8/4/69
f 50/74/70 51/82/70 49/75/70
f 3/69/71 6/67/71 25/66/71
f 55/18/72 49/75/72 42/19/72
f 39/54/73 37/55/73 35/83/73
f 18/26/74 9/45/74 22/24/74
f 36/62/75 44/71/75 38/63/75
f 24/84/76 61/70/76 3/69/76
f 1/12/77 9/60/77 51/34/77
f 68/85/78 1/12/78 30/33/78
f 53/44/79 51/34/79 54/86/79
f 22/24/80 23/27/80 16/29/80
f 60/64/81 38/63/81 61/70/81
f 58/87/82 36/62/82 60/64/82
f 53/10/83 54/88/83 55/18/83
f 67/52/84 1/12/84 68/85/84
f 14/89/85 52/59/85 9/60/85
f 44/71/86 2/39/86 38/63/86
f 23/90/87 9/60/87 20/91/87
f 37/55/88 46/81/88 35/83/88
f 9/45/89 23/27/89 22/24/89
f 54/86/90 51/34/90 50/92/90
f 953/58/91 34/61/91 58/87/91
f 4/25/92 16/29/92 10/93/92
f 37/55/93 49/75/93 46/81/93
f 8/4/94 19/40/94 14/56/94
f 45/76/95 44/71/95 36/62/95
f 52/80/96 14/56/96 19/40/96
f 51/82/97 47/79/97 48/77/97
f 36/62/98 35/83/98 45/76/98
f 63/13/99 1/12/99 65/50/99
f 58/87/100 60/64/100 954/94/100
f 45/76/101 43/72/101 44/71/101
f 48/77/102 19/40/102 43/72/102
f 954/94/103 60/64/103 59/95/103
f 41/57/104 34/61/104 62/43/104
f 59/95/105 61/70/105 951/96/105
f 63/7/106 65/20/106 64/17/106
f 4/25/107 10/93/107 6/67/107
f 34/61/108 35/83/108 36/62/108
f 69/22/109 68/73/109 70/68/109
f 61/70/110 24/84/110 951/96/110
f 13/35/111 28/37/111 871/97/111
f 71/8/112 33/47/112 73/30/112
f 32/48/113 42/19/113 40/53/113
f 7/6/114 3/69/114 38/63/114
f 871/97/115 11/98/115 13/35/115
f 46/81/116 45/76/116 35/83/116
f 25/66/117 907/99/117 905/100/117
f 27/101/118 11/98/118 909/102/118
f 10/93/119 13/35/119 11/98/119
f 5/5/120 4/25/120 6/67/120
f 34/61/121 36/62/121 58/87/121
f 45/76/122 46/81/122 48/77/122
f 26/65/123 10/93/123 11/98/123
f 25/66/124 26/65/124 907/99/124
f 26/65/125 6/67/125 10/93/125
f 24/84/126 25/66/126 905/100/126
f 24/84/127 3/69/127 25/66/127
f 3/69/128 5/5/128 6/67/128
f 49/75/129 51/82/129 46/81/129
f 19/40/130 48/77/130 52/80/130
f 32/48/131 29/1/131 42/19/131
f 31/2/132 29/1/132 32/48/132
f 27/101/133 26/65/133 11/98/133
f 60/64/134 61/70/134 59/95/134
f 16/29/135 13/35/135 10/93/135
f 37/55/136 42/19/136 49/75/136
f 64/17/137 69/22/137 70/68/137
f 39/54/138 35/83/138 34/61/138
f 26/65/139 27/101/139 907/99/139
f 43/72/140 19/40/140 2/39/140
f 55/18/141 54/88/141 50/74/141
f 909/102/142 11/98/142 871/97/142
f 3/69/143 7/6/143 5/5/143
f 1/12/144 20/91/144 9/60/144
f 27/101/145 909/102/145 907/99/145
f 79/103/146 76/104/146 78/105/146
f 213/106/147 220/107/147 189/108/147
f 217/109/148 210/110/148 220/107/148
f 264/111/149 266/112/149 268/113/149
f 1830/114/150 76/104/150 79/103/150
f 1837/115/151 114/116/151 111/117/151
f 262/118/152 265/119/152 264/120/152
f 263/121/153 268/122/153 267/123/153
f 77/124/154 264/111/154 268/113/154
f 267/123/155 268/122/155 270/125/155
f 131/126/156 128/127/156 135/128/156
f 265/129/157 262/130/157 77/131/157
f 135/128/158 213/106/158 131/126/158
f 217/109/159 220/107/159 213/106/159
f 213/106/160 189/108/160 131/126/160
f 267/123/161 185/132/161 210/110/161
f 220/107/162 210/110/162 187/133/162
f 135/128/163 115/134/163 116/135/163
f 115/134/164 125/136/164 134/137/164
f 266/138/165 265/139/165 270/125/165
f 266/138/166 270/125/166 268/122/166
f 288/140/167 281/141/167 280/142/167
f 280/142/168 222/143/168 288/140/168
f 280/142/169 276/144/169 222/143/169
f 281/145/170 77/131/170 283/146/170
f 281/145/171 286/147/171 81/148/171
f 281/145/172 81/148/172 77/131/172
f 276/144/173 221/149/173 222/143/173
f 221/149/174 219/150/174 222/143/174
f 280/142/175 281/141/175 283/151/175
f 276/144/176 282/152/176 277/153/176
f 276/144/177 277/153/177 221/149/177
f 280/142/178 283/151/178 282/152/178
f 219/150/179 221/149/179 211/154/179
f 280/142/180 282/152/180 276/144/180
f 108/155/181 183/156/181 100/157/181
f 270/125/182 188/158/182 186/159/182
f 269/160/183 80/161/183 274/162/183
f 277/153/184 278/163/184 221/149/184
f 212/164/185 211/154/185 209/165/185
f 212/164/186 209/165/186 201/166/186
f 211/154/187 215/167/187 210/110/187
f 211/154/188 210/110/188 217/109/188
f 209/165/189 211/154/189 217/109/189
f 201/166/190 116/135/190 117/168/190
f 221/149/191 215/167/191 211/154/191
f 278/163/192 215/167/192 221/149/192
f 217/109/193 213/106/193 201/166/193
f 201/166/194 213/106/194 116/135/194
f 283/146/195 77/131/195 275/169/195
f 282/152/196 275/170/196 279/171/196
f 135/128/197 116/135/197 213/106/197
f 209/165/198 217/109/198 201/166/198
f 275/170/199 282/152/199 283/151/199
f 106/172/200 197/173/200 108/155/200
f 196/174/201 190/175/201 192/176/201
f 200/177/202 199/178/202 184/179/202
f 192/176/203 197/173/203 196/174/203
f 190/175/204 186/159/204 191/180/204
f 282/152/205 279/171/205 278/163/205
f 267/123/206 278/163/206 263/121/206
f 282/152/207 278/163/207 277/153/207
f 278/163/208 210/110/208 215/167/208
f 258/181/209 3012/182/209 167/183/209
f 265/129/210 80/161/210 269/160/210
f 2945/184/211 2944/185/211 161/186/211
f 210/110/212 278/163/212 267/123/212
f 77/187/213 279/171/213 275/170/213
f 273/188/214 195/189/214 198/190/214
f 200/177/215 184/179/215 182/191/215
f 183/156/216 182/191/216 184/179/216
f 270/125/217 186/159/217 185/132/217
f 279/171/218 263/121/218 278/163/218
f 270/125/219 185/132/219 267/123/219
f 265/139/220 269/192/220 271/193/220
f 187/133/221 190/175/221 220/107/221
f 1/12/222 80/161/222 76/104/222
f 264/194/223 265/139/223 266/138/223
f 187/133/224 186/159/224 190/175/224
f 265/129/225 77/131/225 80/161/225
f 272/195/226 198/190/226 188/158/226
f 265/139/227 271/193/227 270/125/227
f 188/158/228 198/190/228 191/180/228
f 269/192/229 274/196/229 271/193/229
f 198/190/230 272/195/230 273/188/230
f 159/197/231 2945/184/231 161/186/231
f 263/121/232 77/187/232 268/122/232
f 264/198/233 77/199/233 262/200/233
f 81/148/234 78/105/234 76/104/234
f 2945/184/235 159/197/235 158/201/235
f 271/193/236 274/196/236 272/195/236
f 188/158/237 271/193/237 272/195/237
f 200/177/238 195/189/238 199/178/238
f 279/171/239 77/187/239 263/121/239
f 193/202/240 198/190/240 200/177/240
f 159/197/241 180/203/241 158/201/241
f 185/132/242 186/159/242 187/133/242
f 131/126/243 103/204/243 128/127/243
f 210/110/244 185/132/244 187/133/244
f 193/202/245 192/176/245 191/180/245
f 253/205/246 254/206/246 3014/207/246
f 3012/182/247 164/208/247 167/183/247
f 158/201/248 180/203/248 165/209/248
f 200/177/249 182/191/249 192/176/249
f 131/126/250 189/108/250 103/204/250
f 271/193/251 188/158/251 270/125/251
f 165/209/252 179/210/252 170/211/252
f 191/180/253 198/190/253 193/202/253
f 179/210/254 171/212/254 169/213/254
f 168/214/255 164/208/255 179/210/255
f 164/208/256 170/211/256 179/210/256
f 166/215/257 167/183/257 168/214/257
f 86/216/258 161/186/258 2944/185/258
f 259/217/259 255/218/259 251/219/259
f 258/181/260 167/183/260 166/215/260
f 169/213/261 177/220/261 174/221/261
f 177/220/262 169/213/262 171/212/262
f 180/203/263 163/222/263 162/223/263
f 165/224/264 177/225/264 171/226/264
f 170/211/265 164/208/265 2974/227/265
f 254/206/266 253/205/266 257/228/266
f 177/220/267 165/209/267 180/203/267
f 169/213/268 166/215/268 168/214/268
f 254/229/269 256/230/269 80/161/269
f 259/217/270 258/181/270 166/215/270
f 257/228/271 256/231/271 254/206/271
f 178/232/272 180/203/272 162/223/272
f 165/209/273 170/211/273 158/201/273
f 181/233/274 259/217/274 166/215/274
f 175/234/275 173/235/275 176/236/275
f 183/156/276 89/237/276 100/157/276
f 172/238/277 181/233/277 173/235/277
f 174/221/278 173/235/278 181/233/278
f 174/221/279 177/220/279 173/235/279
f 172/238/280 252/239/280 255/218/280
f 259/217/281 257/228/281 258/181/281
f 163/222/282 89/237/282 183/156/282
f 167/183/283 164/208/283 168/214/283
f 180/203/284 176/236/284 177/220/284
f 88/240/285 89/237/285 161/186/285
f 178/232/286 194/241/286 175/234/286
f 258/181/287 257/228/287 253/205/287
f 163/222/288 160/242/288 89/237/288
f 178/232/289 175/234/289 176/236/289
f 176/236/290 180/203/290 178/232/290
f 162/223/291 163/222/291 183/156/291
f 168/214/292 179/210/292 169/213/292
f 171/212/293 179/210/293 165/209/293
f 180/203/294 160/242/294 163/222/294
f 159/197/295 161/186/295 160/242/295
f 181/233/296 255/218/296 259/217/296
f 166/215/297 169/213/297 174/221/297
f 257/228/298 259/217/298 251/219/298
f 160/242/299 161/186/299 89/237/299
f 175/234/300 172/238/300 173/235/300
f 173/235/301 177/220/301 176/236/301
f 160/242/302 180/203/302 159/197/302
f 162/223/303 183/156/303 184/179/303
f 260/243/304 252/239/304 172/238/304
f 181/233/305 166/215/305 174/221/305
f 178/232/306 162/223/306 199/178/306
f 195/189/307 175/234/307 194/241/307
f 195/189/308 172/238/308 175/234/308
f 255/218/309 181/233/309 172/238/309
f 272/195/310 172/238/310 273/188/310
f 261/244/311 272/195/311 274/196/311
f 84/245/312 93/246/312 92/247/312
f 84/245/313 85/248/313 102/249/313
f 274/162/314 80/161/314 261/250/314
f 199/178/315 162/223/315 184/179/315
f 85/248/316 90/251/316 83/252/316
f 85/248/317 87/253/317 102/249/317
f 99/254/318 100/157/318 98/255/318
f 90/251/319 85/248/319 92/247/319
f 261/244/320 260/243/320 172/238/320
f 252/239/321 251/219/321 255/218/321
f 86/216/322 82/256/322 90/251/322
f 261/250/323 80/161/323 260/257/323
f 89/237/324 93/246/324 91/258/324
f 91/258/325 93/246/325 84/245/325
f 88/240/326 86/216/326 90/251/326
f 194/259/327 178/260/327 199/261/327
f 172/238/328 272/195/328 261/244/328
f 251/219/329 256/231/329 257/228/329
f 161/186/330 86/216/330 88/240/330
f 172/238/331 195/189/331 273/188/331
f 251/262/332 80/161/332 256/230/332
f 202/263/333 203/264/333 112/265/333
f 208/266/334 203/264/334 202/263/334
f 88/240/335 92/247/335 93/246/335
f 89/237/336 88/240/336 93/246/336
f 84/267/337 98/268/337 91/269/337
f 101/270/338 98/268/338 84/267/338
f 92/247/339 85/248/339 84/245/339
f 251/219/340 252/239/340 260/243/340
f 260/257/341 80/161/341 251/262/341
f 208/266/342 201/166/342 203/264/342
f 92/247/343 88/240/343 90/251/343
f 153/271/344 202/272/344 112/273/344
f 2916/274/345 83/252/345 90/251/345
f 91/258/346 98/255/346 89/237/346
f 100/157/347 89/237/347 98/255/347
f 204/275/348 218/276/348 207/277/348
f 228/278/349 202/272/349 153/271/349
f 204/275/350 214/279/350 218/276/350
f 206/280/351 244/281/351 239/282/351
f 205/283/352 207/277/352 208/266/352
f 237/284/353 214/285/353 238/286/353
f 244/281/354 205/287/354 202/272/354
f 87/253/355 85/248/355 83/252/355
f 228/278/356 245/288/356 246/289/356
f 224/290/357 228/278/357 142/291/357
f 142/291/358 228/278/358 148/292/358
f 230/293/359 214/285/359 237/284/359
f 228/278/360 224/290/360 245/288/360
f 212/164/361 207/277/361 211/154/361
f 216/294/362 219/150/362 218/276/362
f 148/292/363 143/295/363 142/291/363
f 241/296/364 235/297/364 243/298/364
f 236/299/365 230/300/365 237/284/365
f 202/263/366 205/283/366 208/266/366
f 238/286/367 206/280/367 243/298/367
f 148/292/368 228/278/368 153/271/368
f 204/275/369 207/277/369 205/283/369
f 204/275/370 205/283/370 244/301/370
f 246/289/371 244/281/371 228/278/371
f 204/302/372 206/280/372 214/285/372
f 230/303/373 288/140/373 216/294/373
f 218/276/374 219/150/374 211/154/374
f 244/281/375 246/289/375 239/282/375
f 244/281/376 202/272/376 228/278/376
f 243/298/377 206/280/377 239/282/377
f 208/266/378 212/164/378 201/166/378
f 222/143/379 216/294/379 288/140/379
f 214/279/380 230/303/380 216/294/380
f 81/148/381 76/104/381 77/131/381
f 288/140/382 230/303/382 285/304/382
f 287/305/383 285/306/383 299/307/383
f 80/161/384 77/131/384 76/104/384
f 238/286/385 214/285/385 206/280/385
f 246/289/386 241/296/386 239/282/386
f 218/276/387 211/154/387 207/277/387
f 216/294/388 218/276/388 214/279/388
f 222/143/389 219/150/389 216/294/389
f 243/298/390 235/297/390 234/308/390
f 236/299/391 225/309/391 230/300/391
f 206/280/392 204/302/392 244/281/392
f 237/284/393 225/309/393 236/299/393
f 245/288/394 241/296/394 246/289/394
f 223/310/395 293/311/395 225/309/395
f 292/312/396 293/311/396 223/310/396
f 237/284/397 234/308/397 232/313/397
f 287/305/398 299/307/398 225/309/398
f 225/309/399 299/307/399 230/300/399
f 241/296/400 243/298/400 239/282/400
f 299/307/401 285/306/401 230/300/401
f 234/308/402 238/286/402 243/298/402
f 232/313/403 225/309/403 237/284/403
f 294/314/404 293/311/404 296/315/404
f 235/297/405 241/296/405 242/316/405
f 233/317/406 292/312/406 223/310/406
f 245/288/407 224/290/407 227/318/407
f 233/317/408 232/313/408 231/319/408
f 291/320/409 293/311/409 292/312/409
f 225/309/410 232/313/410 223/310/410
f 242/316/411 241/296/411 245/288/411
f 227/318/412 224/290/412 149/321/412
f 285/304/413 286/322/413 281/141/413
f 225/309/414 294/314/414 287/305/414
f 224/290/415 142/291/415 147/323/415
f 293/311/416 294/314/416 225/309/416
f 240/324/417 242/316/417 227/318/417
f 281/141/418 288/140/418 285/304/418
f 289/325/419 291/320/419 292/312/419
f 291/320/420 296/315/420 293/311/420
f 232/313/421 234/308/421 235/297/421
f 296/315/422 295/326/422 294/314/422
f 242/316/423 247/327/423 231/319/423
f 284/328/424 286/322/424 285/304/424
f 229/329/425 233/317/425 231/319/425
f 294/314/426 295/326/426 81/330/426
f 81/330/427 287/305/427 294/314/427
f 234/308/428 237/284/428 238/286/428
f 295/326/429 296/315/429 291/320/429
f 242/316/430 245/288/430 227/318/430
f 291/320/431 290/331/431 295/326/431
f 242/316/432 231/319/432 235/297/432
f 79/332/433 227/318/433 149/321/433
f 249/333/434 79/103/434 226/334/434
f 290/331/435 289/325/435 298/335/435
f 289/325/436 290/331/436 291/320/436
f 231/319/437 232/313/437 235/297/437
f 229/329/438 231/319/438 249/336/438
f 248/337/439 289/325/439 292/312/439
f 226/334/440 79/103/440 78/105/440
f 250/338/441 226/339/441 248/337/441
f 290/340/442 81/148/442 295/341/442
f 284/342/443 285/343/443 287/305/443
f 248/337/444 233/317/444 229/329/444
f 240/324/445 227/318/445 79/332/445
f 290/340/446 78/105/446 81/148/446
f 284/344/447 81/148/447 286/147/447
f 124/345/448 125/136/448 126/346/448
f 297/347/449 226/334/449 78/105/449
f 284/342/450 287/305/450 81/330/450
f 248/337/451 292/312/451 233/317/451
f 137/348/452 123/349/452 138/350/452
f 298/335/453 78/351/453 290/331/453
f 134/137/454 125/136/454 124/345/454
f 298/335/455 248/337/455 226/339/455
f 129/352/456 119/353/456 133/354/456
f 226/339/457 297/355/457 298/335/457
f 250/356/458 249/333/458 226/334/458
f 224/290/459 147/323/459 149/321/459
f 132/357/460 129/352/460 124/345/460
f 147/358/461 79/103/461 149/359/461
f 247/327/462 240/324/462 79/332/462
f 119/360/463 120/361/463 112/273/463
f 248/337/464 298/335/464 289/325/464
f 240/324/465 247/327/465 242/316/465
f 150/362/466 120/361/466 146/363/466
f 146/363/467 120/361/467 152/364/467
f 152/364/468 132/365/468 146/363/468
f 138/350/469 130/366/469 127/367/469
f 78/351/470 298/335/470 297/355/470
f 129/352/471 133/354/471 124/345/471
f 133/354/472 117/168/472 115/134/472
f 133/354/473 134/137/473 124/345/473
f 247/327/474 249/336/474 231/319/474
f 229/329/475 249/336/475 250/338/475
f 250/338/476 248/337/476 229/329/476
f 133/354/477 115/134/477 134/137/477
f 120/361/478 129/368/478 152/364/478
f 130/366/479 114/116/479 1837/115/479
f 140/369/480 141/370/480 139/371/480
f 144/372/481 1844/373/481 136/374/481
f 123/349/482 124/345/482 126/346/482
f 249/333/483 247/375/483 79/103/483
f 153/271/484 112/273/484 120/361/484
f 138/350/485 126/346/485 130/366/485
f 157/376/486 144/372/486 136/374/486
f 119/353/487 117/168/487 133/354/487
f 138/350/488 123/349/488 126/346/488
f 139/371/489 141/370/489 157/376/489
f 146/363/490 139/371/490 150/362/490
f 139/371/491 151/377/491 150/362/491
f 144/372/492 157/376/492 141/370/492
f 148/292/493 150/362/493 143/295/493
f 1830/114/494 136/378/494 1851/379/494
f 129/352/495 132/357/495 152/380/495
f 140/369/496 139/371/496 146/363/496
f 155/381/497 157/376/497 136/374/497
f 119/353/498 112/265/498 203/264/498
f 1847/382/499 137/383/499 138/384/499
f 132/365/500 137/383/500 146/363/500
f 155/385/501 136/378/501 1830/114/501
f 140/369/502 146/363/502 137/383/502
f 150/362/503 151/377/503 143/295/503
f 132/357/504 124/345/504 123/349/504
f 129/352/505 120/386/505 119/353/505
f 137/348/506 132/357/506 123/349/506
f 150/362/507 148/292/507 120/361/507
f 147/358/508 1830/114/508 79/103/508
f 145/387/509 154/388/509 1830/114/509
f 82/256/510 2916/274/510 90/251/510
f 223/310/511 232/313/511 233/317/511
f 84/245/512 102/249/512 101/389/512
f 140/369/513 137/383/513 141/370/513
f 83/252/514 2916/274/514 2891/390/514
f 143/295/515 145/391/515 142/291/515
f 148/292/516 153/271/516 120/361/516
f 137/383/517 1847/382/517 144/372/517
f 101/389/518 99/254/518 98/255/518
f 144/372/519 141/370/519 137/383/519
f 208/266/520 207/277/520 212/164/520
f 119/353/521 203/264/521 117/168/521
f 203/264/522 201/166/522 117/168/522
f 145/387/523 1830/114/523 147/358/523
f 94/392/524 107/393/524 96/394/524
f 154/395/525 156/396/525 155/381/525
f 154/395/526 151/377/526 156/396/526
f 155/381/527 139/371/527 157/376/527
f 95/397/528 101/389/528 105/398/528
f 156/396/529 139/371/529 155/381/529
f 95/397/530 96/394/530 101/389/530
f 97/399/531 101/389/531 102/249/531
f 155/385/532 1830/114/532 154/388/532
f 151/377/533 139/371/533 156/396/533
f 94/392/534 128/127/534 104/400/534
f 108/155/535 99/254/535 107/393/535
f 1837/115/536 111/117/536 1831/401/536
f 113/402/537 94/392/537 95/397/537
f 95/397/538 94/392/538 96/394/538
f 94/392/539 104/400/539 107/393/539
f 142/291/540 145/391/540 147/323/540
f 190/175/541 191/180/541 192/176/541
f 97/399/542 105/398/542 101/389/542
f 118/403/543 94/392/543 113/402/543
f 125/136/544 109/404/544 110/405/544
f 96/394/545 107/393/545 101/389/545
f 109/404/546 128/127/546 94/392/546
f 154/395/547 145/391/547 151/377/547
f 113/402/548 95/397/548 121/406/548
f 122/407/549 111/117/549 114/116/549
f 110/405/550 118/403/550 113/402/550
f 109/404/551 94/392/551 118/403/551
f 135/128/552 128/127/552 109/404/552
f 108/155/553 100/157/553 99/254/553
f 106/172/554 108/155/554 107/393/554
f 111/117/555 113/402/555 121/406/555
f 107/393/556 99/254/556 101/389/556
f 125/136/557 122/407/557 126/346/557
f 103/204/558 106/172/558 104/400/558
f 113/402/559 111/117/559 110/405/559
f 122/407/560 130/366/560 126/346/560
f 104/400/561 106/172/561 107/393/561
f 121/406/562 95/397/562 105/398/562
f 110/405/563 109/404/563 118/403/563
f 105/398/564 1976/408/564 121/406/564
f 198/190/565 195/189/565 200/177/565
f 128/127/566 103/204/566 104/400/566
f 115/134/567 109/404/567 125/136/567
f 151/377/568 145/391/568 143/295/568
f 115/134/569 117/168/569 116/135/569
f 188/158/570 191/180/570 186/159/570
f 220/107/571 190/175/571 189/108/571
f 196/174/572 197/173/572 106/172/572
f 122/407/573 125/136/573 110/405/573
f 1851/409/574 136/374/574 1844/373/574
f 182/191/575 183/156/575 197/173/575
f 197/173/576 192/176/576 182/191/576
f 197/173/577 183/156/577 108/155/577
f 135/128/578 109/404/578 115/134/578
f 114/116/579 130/366/579 122/407/579
f 199/178/580 195/189/580 194/241/580
f 103/204/581 189/108/581 196/174/581
f 110/405/582 111/117/582 122/407/582
f 196/174/583 106/172/583 103/204/583
f 192/176/584 193/202/584 200/177/584
f 196/174/585 189/108/585 190/175/585
f 130/366/586 1837/115/586 127/367/586
f 254/229/587 80/161/587 3014/410/587
f 301/411/588 300/412/588 314/413/588
f 302/414/589 300/412/589 301/411/589
f 325/415/590 316/416/590 315/417/590
f 378/418/591 381/419/591 3292/420/591
f 329/421/592 317/422/592 300/412/592
f 329/421/593 300/412/593 302/414/593
f 351/423/594 353/424/594 355/425/594
f 351/423/595 355/425/595 345/426/595
f 378/427/596 375/428/596 435/429/596
f 387/430/597 392/431/597 401/432/597
f 379/433/598 373/434/598 380/435/598
f 393/436/599 384/437/599 390/438/599
f 392/439/600 390/438/600 388/440/600
f 388/440/601 404/441/601 392/439/601
f 390/438/602 366/442/602 374/443/602
f 448/444/603 381/445/603 447/446/603
f 447/446/604 381/445/604 382/447/604
f 325/415/605 374/443/605 316/416/605
f 374/443/606 393/436/606 390/438/606
f 395/448/607 325/415/607 333/449/607
f 351/423/608 329/450/608 353/424/608
f 447/446/609 382/447/609 435/429/609
f 444/451/610 432/452/610 439/453/610
f 345/426/611 318/454/611 330/455/611
f 333/449/612 325/415/612 315/417/612
f 387/456/613 368/457/613 366/442/613
f 395/448/614 344/458/614 384/437/614
f 439/453/615 454/459/615 443/460/615
f 333/449/616 337/461/616 341/462/616
f 447/446/617 450/463/617 448/444/617
f 444/451/618 439/453/618 450/463/618
f 329/450/619 351/423/619 330/455/619
f 430/464/620 432/452/620 375/428/620
f 390/438/621 392/439/621 387/456/621
f 432/452/622 444/451/622 435/429/622
f 393/436/623 374/443/623 325/415/623
f 316/416/624 374/443/624 306/465/624
f 375/428/625 427/466/625 430/464/625
f 325/415/626 395/448/626 393/436/626
f 367/467/627 376/468/627 370/469/627
f 327/470/628 341/462/628 337/461/628
f 316/416/629 306/465/629 311/471/629
f 435/429/630 444/451/630 447/446/630
f 330/455/631 318/454/631 313/472/631
f 395/448/632 384/437/632 393/436/632
f 337/461/633 315/417/633 312/473/633
f 306/465/634 305/474/634 311/471/634
f 345/426/635 334/475/635 318/454/635
f 401/432/636 392/431/636 412/476/636
f 375/428/637 432/452/637 435/429/637
f 439/453/638 443/460/638 450/463/638
f 308/477/639 305/474/639 309/478/639
f 333/449/640 341/462/640 395/448/640
f 373/479/641 427/466/641 375/428/641
f 308/477/642 309/478/642 312/473/642
f 373/434/643 375/480/643 372/481/643
f 368/482/644 373/434/644 372/481/644
f 378/418/645 372/481/645 375/480/645
f 312/473/646 318/454/646 334/475/646
f 376/468/647 377/483/647 370/469/647
f 311/471/648 305/474/648 308/477/648
f 327/470/649 335/484/649 341/462/649
f 447/446/650 444/451/650 450/463/650
f 512/485/651 3299/486/651 451/487/651
f 388/440/652 384/437/652 394/488/652
f 310/489/653 309/478/653 305/474/653
f 377/483/654 383/490/654 369/491/654
f 373/434/655 368/482/655 380/435/655
f 430/464/656 439/453/656 432/452/656
f 378/427/657 435/429/657 382/447/657
f 3299/486/658 450/463/658 451/487/658
f 315/417/659 311/471/659 312/473/659
f 370/469/660 377/483/660 369/491/660
f 390/438/661 387/456/661 366/442/661
f 381/445/662 378/427/662 382/447/662
f 373/479/663 379/492/663 427/466/663
f 381/419/664 3289/493/664 3292/420/664
f 442/494/665 504/495/665 509/496/665
f 433/497/666 470/498/666 473/499/666
f 406/500/667 415/501/667 413/502/667
f 436/503/668 440/504/668 453/505/668
f 448/444/669 3289/506/669 381/445/669
f 433/497/670 431/507/670 438/508/670
f 600/509/671 599/510/671 593/511/671
f 442/512/672 509/513/672 506/514/672
f 452/515/673 506/516/673 511/517/673
f 473/499/674 470/498/674 469/518/674
f 429/519/675 431/507/675 428/520/675
f 387/430/676 405/521/676 368/482/676
f 449/522/677 445/523/677 451/524/677
f 407/525/678 437/526/678 380/527/678
f 469/518/679 437/526/679 407/525/679
f 429/519/680 430/464/680 427/466/680
f 442/494/681 449/528/681 446/529/681
f 470/498/682 438/508/682 437/526/682
f 401/432/683 405/521/683 387/430/683
f 482/530/684 504/495/684 442/494/684
f 490/531/685 434/532/685 433/497/685
f 454/459/686 439/453/686 441/533/686
f 428/520/687 431/507/687 433/497/687
f 506/516/688 452/515/688 451/524/688
f 482/530/689 442/494/689 440/504/689
f 440/504/690 442/494/690 446/529/690
f 368/482/691 405/521/691 380/435/691
f 490/531/692 487/534/692 434/532/692
f 449/528/693 443/460/693 446/529/693
f 413/535/694 405/536/694 406/537/694
f 413/535/695 407/525/695 405/536/695
f 438/508/696 431/507/696 379/492/696
f 434/532/697 453/505/697 440/504/697
f 428/520/698 440/504/698 441/533/698
f 433/497/699 438/508/699 470/498/699
f 512/485/700 451/487/700 452/538/700
f 446/529/701 441/533/701 440/504/701
f 469/518/702 470/498/702 437/526/702
f 446/529/703 454/459/703 441/533/703
f 412/476/704 406/500/704 401/432/704
f 503/539/705 512/485/705 452/538/705
f 453/505/706 487/534/706 436/503/706
f 439/453/707 428/520/707 441/533/707
f 445/523/708 506/516/708 451/524/708
f 438/508/709 379/492/709 437/526/709
f 429/519/710 428/520/710 439/453/710
f 429/519/711 439/453/711 430/464/711
f 449/528/712 451/487/712 443/460/712
f 446/529/713 443/460/713 454/459/713
f 482/530/714 440/504/714 436/503/714
f 445/540/715 449/541/715 442/542/715
f 380/527/716 437/526/716 379/492/716
f 433/497/717 434/532/717 440/504/717
f 442/494/718 506/543/718 445/544/718
f 473/499/719 475/545/719 433/497/719
f 379/492/720 431/507/720 427/466/720
f 428/520/721 433/497/721 440/504/721
f 433/497/722 475/545/722 490/531/722
f 401/432/723 406/500/723 405/521/723
f 490/531/724 475/545/724 480/546/724
f 413/535/725 473/499/725 407/525/725
f 450/463/726 443/460/726 451/487/726
f 407/525/727 473/499/727 469/518/727
f 429/519/728 427/466/728 431/507/728
f 327/470/729 343/547/729 335/484/729
f 407/548/730 380/435/730 405/521/730
f 340/549/731 323/550/731 347/551/731
f 328/552/732 339/553/732 355/425/732
f 487/534/733 453/505/733 434/532/733
f 330/455/734 351/423/734 345/426/734
f 336/554/735 332/555/735 326/556/735
f 360/557/736 346/558/736 336/554/736
f 385/559/737 391/560/737 344/458/737
f 367/467/738 307/561/738 306/465/738
f 335/484/739 395/448/739 341/462/739
f 391/560/740 394/488/740 344/458/740
f 332/555/741 323/550/741 328/552/741
f 350/562/742 340/549/742 347/551/742
f 336/554/743 338/563/743 359/564/743
f 338/565/744 326/566/744 302/414/744
f 388/440/745 390/438/745 384/437/745
f 323/550/746 340/549/746 328/552/746
f 350/562/747 402/567/747 385/559/747
f 374/443/748 367/467/748 306/465/748
f 402/567/749 410/568/749 391/560/749
f 326/556/750 332/555/750 302/569/750
f 336/554/751 331/570/751 332/555/751
f 340/549/752 350/562/752 339/553/752
f 338/563/753 336/554/753 326/556/753
f 327/470/754 342/571/754 343/547/754
f 332/555/755 331/570/755 347/551/755
f 385/559/756 335/484/756 350/562/756
f 336/554/757 359/564/757 360/557/757
f 324/572/758 343/547/758 339/553/758
f 404/573/759 386/574/759 412/476/759
f 347/551/760 331/570/760 352/575/760
f 343/547/761 355/425/761 339/553/761
f 328/552/762 355/425/762 353/424/762
f 402/567/763 350/562/763 403/576/763
f 344/458/764 395/448/764 335/484/764
f 347/551/765 323/550/765 332/555/765
f 404/441/766 391/560/766 411/577/766
f 324/572/767 339/553/767 350/562/767
f 302/569/768 332/555/768 354/578/768
f 354/578/769 353/424/769 329/450/769
f 302/569/770 354/578/770 329/450/770
f 349/579/771 348/580/771 364/581/771
f 328/552/772 354/578/772 332/555/772
f 403/576/773 350/562/773 347/551/773
f 402/567/774 391/560/774 385/559/774
f 335/484/775 324/572/775 350/562/775
f 386/574/776 404/573/776 409/582/776
f 338/565/777 302/414/777 359/583/777
f 335/484/778 343/547/778 324/572/778
f 404/441/779 394/488/779 391/560/779
f 385/559/780 344/458/780 335/484/780
f 384/437/781 344/458/781 394/488/781
f 354/578/782 328/552/782 353/424/782
f 394/488/783 404/441/783 388/440/783
f 411/577/784 409/584/784 404/441/784
f 348/580/785 349/579/785 403/576/785
f 348/580/786 403/576/786 347/551/786
f 355/425/787 342/571/787 345/426/787
f 339/553/788 328/552/788 340/549/788
f 342/571/789 355/425/789 343/547/789
f 331/570/790 336/554/790 346/558/790
f 408/585/791 414/586/791 399/587/791
f 404/573/792 412/476/792 392/431/792
f 411/577/793 391/560/793 410/568/793
f 357/588/794 360/557/794 359/564/794
f 346/558/795 361/589/795 331/570/795
f 346/558/796 358/590/796 361/589/796
f 349/579/797 416/591/797 403/576/797
f 426/592/798 421/593/798 301/411/798
f 348/580/799 347/551/799 352/575/799
f 365/594/800 362/595/800 361/589/800
f 411/577/801 414/596/801 408/597/801
f 357/598/802 359/583/802 301/411/802
f 346/558/803 356/599/803 358/590/803
f 364/581/804 348/580/804 362/595/804
f 416/591/805 410/568/805 403/576/805
f 402/567/806 403/576/806 410/568/806
f 563/600/807 1963/601/807 3337/602/807
f 358/603/808 356/604/808 301/411/808
f 417/605/809 420/606/809 399/587/809
f 369/491/810 307/561/810 370/469/810
f 364/581/811 423/607/811 416/591/811
f 346/558/812 360/557/812 356/599/812
f 362/595/813 348/580/813 352/575/813
f 330/455/814 313/472/814 317/608/814
f 561/609/815 1965/610/815 563/600/815
f 363/611/816 364/581/816 362/595/816
f 408/597/817 409/584/817 411/577/817
f 376/468/818 374/443/818 366/442/818
f 363/612/819 301/411/819 422/613/819
f 367/467/820 374/443/820 376/468/820
f 361/614/821 358/603/821 301/411/821
f 548/615/822 551/616/822 600/509/822
f 559/617/823 1970/618/823 560/619/823
f 364/581/824 422/620/824 423/607/824
f 411/577/825 416/591/825 414/596/825
f 330/455/826 317/608/826 329/450/826
f 422/620/827 421/621/827 423/607/827
f 365/622/828 361/614/828 301/411/828
f 365/622/829 301/411/829 363/612/829
f 317/422/830 313/623/830 300/412/830
f 376/624/831 368/482/831 372/481/831
f 359/583/832 302/414/832 301/411/832
f 313/623/833 314/413/833 300/412/833
f 334/475/834 342/571/834 327/470/834
f 337/461/835 333/449/835 315/417/835
f 313/472/836 318/454/836 309/478/836
f 420/606/837 417/605/837 424/625/837
f 582/626/838 560/619/838 566/627/838
f 383/628/839 3292/420/839 3267/629/839
f 337/461/840 312/473/840 334/475/840
f 357/598/841 301/411/841 356/604/841
f 318/454/842 312/473/842 309/478/842
f 327/470/843 337/461/843 334/475/843
f 370/469/844 307/561/844 367/467/844
f 599/630/845 600/631/845 592/632/845
f 310/489/846 314/633/846 309/478/846
f 334/475/847 345/426/847 342/571/847
f 551/616/848 548/615/848 532/634/848
f 569/635/849 576/636/849 578/637/849
f 569/635/850 578/637/850 567/638/850
f 581/639/851 588/640/851 583/641/851
f 588/640/852 580/642/852 583/641/852
f 598/643/853 569/635/853 591/644/853
f 598/643/854 579/645/854 569/635/854
f 583/641/855 576/646/855 581/639/855
f 572/647/856 576/646/856 583/641/856
f 569/635/857 1897/648/857 576/636/857
f 576/646/858 1896/649/858 581/639/858
f 592/650/859 601/651/859 598/643/859
f 579/645/860 598/643/860 601/651/860
f 578/652/861 576/646/861 572/647/861
f 1892/653/862 588/640/862 581/639/862
f 311/471/863 315/417/863 316/416/863
f 377/483/864 376/468/864 372/654/864
f 383/490/865 371/655/865 369/491/865
f 314/633/866 313/472/866 309/478/866
f 543/656/867 542/657/867 592/632/867
f 368/457/868 376/468/868 366/442/868
f 542/658/869 543/659/869 550/660/869
f 377/483/870 378/661/870 383/490/870
f 591/644/871 577/662/871 573/663/871
f 312/473/872 311/471/872 308/477/872
f 595/664/873 594/665/873 596/666/873
f 596/666/874 598/643/874 591/644/874
f 591/644/875 595/664/875 596/666/875
f 600/631/876 549/667/876 592/632/876
f 599/510/877 594/665/877 593/511/877
f 591/644/878 573/663/878 595/664/878
f 550/660/879 551/616/879 532/634/879
f 417/605/880 399/587/880 414/668/880
f 417/669/881 416/591/881 424/670/881
f 569/635/882 577/662/882 591/644/882
f 597/671/883 589/672/883 590/673/883
f 596/666/884 592/650/884 598/643/884
f 550/660/885 547/674/885 544/675/885
f 303/676/886 306/465/886 307/561/886
f 587/677/887 585/678/887 574/679/887
f 600/509/888 593/511/888 548/615/888
f 534/680/889 547/674/889 532/634/889
f 590/673/890 527/681/890 531/682/890
f 372/481/891 378/418/891 377/683/891
f 574/679/892 568/684/892 571/685/892
f 590/673/893 593/511/893 597/671/893
f 551/616/894 550/660/894 549/686/894
f 570/687/895 589/672/895 597/671/895
f 307/561/896 369/491/896 371/655/896
f 414/596/897 416/591/897 417/669/897
f 303/676/898 320/688/898 310/489/898
f 304/689/899 303/676/899 307/561/899
f 551/616/900 549/686/900 600/509/900
f 310/489/901 305/474/901 303/676/901
f 378/418/902 3292/420/902 383/628/902
f 548/615/903 531/682/903 532/634/903
f 573/663/904 597/671/904 595/664/904
f 547/674/905 537/690/905 546/691/905
f 542/658/906 550/660/906 544/675/906
f 593/511/907 590/673/907 548/615/907
f 569/635/908 567/638/908 577/662/908
f 574/679/909 571/685/909 587/677/909
f 310/489/910 322/692/910 314/633/910
f 546/691/911 544/675/911 547/674/911
f 578/652/912 568/684/912 567/693/912
f 547/674/913 550/660/913 532/634/913
f 570/694/914 574/679/914 584/695/914
f 383/490/915 3265/696/915 371/655/915
f 305/474/916 306/465/916 303/676/916
f 592/632/917 496/697/917 301/411/917
f 549/667/918 543/656/918 592/632/918
f 303/676/919 304/689/919 320/688/919
f 575/698/920 570/687/920 573/663/920
f 310/489/921 320/688/921 322/692/921
f 497/699/922 498/700/922 592/632/922
f 484/701/923 545/702/923 483/703/923
f 498/704/924 545/702/924 484/701/924
f 320/688/925 304/689/925 3208/705/925
f 532/634/926 531/682/926 528/706/926
f 550/660/927 543/659/927 549/686/927
f 578/652/928 572/647/928 568/684/928
f 590/673/929 531/682/929 548/615/929
f 500/707/930 498/704/930 499/708/930
f 319/709/931 320/688/931 3206/710/931
f 307/561/932 371/655/932 321/711/932
f 319/709/933 322/692/933 320/688/933
f 500/707/934 502/712/934 498/704/934
f 568/684/935 575/713/935 567/693/935
f 541/714/936 545/702/936 497/715/936
f 541/716/937 497/699/937 592/632/937
f 545/702/938 546/691/938 538/717/938
f 307/561/939 321/711/939 304/689/939
f 546/691/940 545/702/940 541/714/940
f 498/700/941 496/697/941 592/632/941
f 498/700/942 502/718/942 496/697/942
f 499/708/943 479/719/943 486/720/943
f 498/704/944 497/715/944 545/702/944
f 425/721/945 301/411/945 496/697/945
f 545/702/946 538/717/946 483/703/946
f 484/701/947 479/719/947 499/708/947
f 502/718/948 495/722/948 496/697/948
f 500/707/949 499/708/949 501/723/949
f 502/712/950 500/707/950 501/723/950
f 540/724/951 535/725/951 538/717/951
f 495/726/952 492/727/952 496/728/952
f 495/726/953 501/723/953 494/729/953
f 498/704/954 484/701/954 499/708/954
f 492/727/955 491/730/955 496/728/955
f 495/726/956 494/729/956 492/727/956
f 501/723/957 495/726/957 502/712/957
f 484/701/958 485/731/958 479/719/958
f 425/732/959 420/606/959 426/733/959
f 501/723/960 499/708/960 486/720/960
f 484/701/961 483/703/961 481/734/961
f 484/701/962 481/734/962 485/731/962
f 538/735/963 535/736/963 477/737/963
f 418/738/964 425/721/964 496/697/964
f 496/728/965 491/730/965 418/739/965
f 479/719/966 459/740/966 486/720/966
f 494/729/967 501/723/967 461/741/967
f 486/720/968 461/741/968 501/723/968
f 491/730/969 419/742/969 418/739/969
f 481/743/970 478/744/970 479/745/970
f 546/691/971 540/724/971 538/717/971
f 491/730/972 493/746/972 465/747/972
f 481/743/973 477/737/973 476/748/973
f 418/739/974 419/742/974 425/732/974
f 481/743/975 476/748/975 478/744/975
f 538/735/976 481/743/976 483/749/976
f 485/731/977 481/734/977 479/719/977
f 491/730/978 465/747/978 419/742/978
f 481/743/979 538/735/979 477/737/979
f 493/746/980 466/750/980 462/751/980
f 492/727/981 494/729/981 493/746/981
f 461/741/982 486/720/982 459/740/982
f 478/744/983 463/752/983 479/745/983
f 487/534/984 476/748/984 477/737/984
f 487/534/985 477/737/985 488/753/985
f 526/754/986 482/530/986 488/753/986
f 419/742/987 465/747/987 397/755/987
f 536/756/988 488/753/988 535/736/988
f 425/732/989 419/742/989 420/606/989
f 491/730/990 492/727/990 493/746/990
f 397/755/991 420/606/991 419/742/991
f 493/746/992 494/729/992 466/750/992
f 494/729/993 461/741/993 466/750/993
f 461/741/994 459/740/994 460/757/994
f 462/751/995 465/747/995 493/746/995
f 422/620/996 364/581/996 363/611/996
f 416/591/997 411/577/997 410/568/997
f 464/758/998 463/752/998 458/759/998
f 563/600/999 1965/610/999 1963/601/999
f 560/619/1000 582/626/1000 559/617/1000
f 560/619/1001 556/760/1001 557/761/1001
f 364/581/1002 416/591/1002 349/579/1002
f 424/625/1003 426/733/1003 420/606/1003
f 400/762/1004 408/585/1004 399/587/1004
f 421/593/1005 422/613/1005 301/411/1005
f 459/740/1006 479/719/1006 463/763/1006
f 547/674/1007 534/680/1007 539/764/1007
f 357/588/1008 356/599/1008 360/557/1008
f 464/758/1009 460/765/1009 459/766/1009
f 352/575/1010 361/589/1010 362/595/1010
f 397/755/1011 399/587/1011 420/606/1011
f 459/766/1012 463/752/1012 464/758/1012
f 361/589/1013 352/575/1013 331/570/1013
f 426/592/1014 301/411/1014 425/721/1014
f 423/607/1015 424/670/1015 416/591/1015
f 577/662/1016 575/698/1016 573/663/1016
f 365/594/1017 363/611/1017 362/595/1017
f 467/767/1018 460/765/1018 455/768/1018
f 462/751/1019 466/750/1019 460/757/1019
f 398/769/1020 462/770/1020 396/771/1020
f 424/670/1021 423/607/1021 421/621/1021
f 460/765/1022 464/758/1022 455/768/1022
f 400/772/1023 398/769/1023 386/773/1023
f 562/774/1024 557/761/1024 556/760/1024
f 466/750/1025 461/741/1025 460/757/1025
f 465/747/1026 398/775/1026 397/755/1026
f 465/747/1027 462/751/1027 398/775/1027
f 436/503/1028 488/753/1028 482/530/1028
f 571/685/1029 572/647/1029 583/641/1029
f 577/662/1030 567/638/1030 575/698/1030
f 409/582/1031 408/585/1031 400/762/1031
f 460/757/1032 467/776/1032 462/751/1032
f 583/641/1033 580/642/1033 582/626/1033
f 455/768/1034 456/777/1034 467/767/1034
f 421/621/1035 426/778/1035 424/670/1035
f 582/626/1036 580/642/1036 559/617/1036
f 467/767/1037 456/777/1037 396/771/1037
f 399/587/1038 397/755/1038 400/762/1038
f 488/753/1039 436/503/1039 487/534/1039
f 455/768/1040 464/758/1040 457/779/1040
f 476/748/1041 487/534/1041 489/780/1041
f 477/737/1042 535/736/1042 488/753/1042
f 397/755/1043 398/775/1043 400/762/1043
f 476/748/1044 489/780/1044 478/744/1044
f 568/684/1045 570/694/1045 575/713/1045
f 570/694/1046 568/684/1046 574/679/1046
f 396/771/1047 462/770/1047 467/767/1047
f 458/759/1048 478/744/1048 480/546/1048
f 487/534/1049 490/531/1049 489/780/1049
f 542/657/1050 541/716/1050 592/632/1050
f 400/762/1051 386/574/1051 409/582/1051
f 546/691/1052 541/714/1052 544/675/1052
f 398/769/1053 396/771/1053 386/773/1053
f 480/546/1054 489/780/1054 490/531/1054
f 458/759/1055 463/752/1055 478/744/1055
f 544/675/1056 541/714/1056 542/658/1056
f 458/759/1057 480/546/1057 471/781/1057
f 464/758/1058 458/759/1058 457/779/1058
f 590/673/1059 589/672/1059 527/681/1059
f 458/759/1060 471/781/1060 468/782/1060
f 478/744/1061 489/780/1061 480/546/1061
f 583/641/1062 587/677/1062 571/685/1062
f 584/695/1063 586/783/1063 570/694/1063
f 457/779/1064 458/759/1064 468/782/1064
f 468/782/1065 474/784/1065 472/785/1065
f 589/786/1066 586/783/1066 527/787/1066
f 572/647/1067 571/685/1067 568/684/1067
f 474/784/1068 473/499/1068 413/535/1068
f 389/788/1069 456/777/1069 472/785/1069
f 471/781/1070 480/546/1070 475/545/1070
f 456/777/1071 455/768/1071 468/782/1071
f 586/783/1072 589/786/1072 570/694/1072
f 455/768/1073 457/779/1073 468/782/1073
f 472/785/1074 413/535/1074 415/789/1074
f 534/680/1075 530/790/1075 539/764/1075
f 570/687/1076 597/671/1076 573/663/1076
f 389/788/1077 396/771/1077 456/777/1077
f 396/771/1078 389/788/1078 386/791/1078
f 471/781/1079 475/545/1079 473/499/1079
f 471/781/1080 474/784/1080 468/782/1080
f 471/781/1081 473/499/1081 474/784/1081
f 472/785/1082 474/784/1082 413/535/1082
f 547/674/1083 539/764/1083 537/690/1083
f 456/777/1084 468/782/1084 472/785/1084
f 389/792/1085 412/476/1085 386/574/1085
f 415/501/1086 406/500/1086 412/476/1086
f 510/793/1087 555/794/1087 515/795/1087
f 503/539/1088 515/796/1088 3327/797/1088
f 533/798/1089 536/756/1089 540/799/1089
f 518/800/1090 511/801/1090 517/802/1090
f 508/803/1091 514/804/1091 513/805/1091
f 513/805/1092 510/806/1092 508/803/1092
f 472/807/1093 415/501/1093 412/476/1093
f 515/796/1094 3329/808/1094 3327/797/1094
f 594/665/1095 595/664/1095 597/671/1095
f 511/801/1096 504/495/1096 517/802/1096
f 503/809/1097 510/810/1097 515/811/1097
f 553/812/1098 554/813/1098 555/814/1098
f 508/803/1099 503/539/1099 514/804/1099
f 511/801/1100 509/496/1100 504/495/1100
f 558/815/1101 555/794/1101 554/816/1101
f 515/795/1102 555/794/1102 558/815/1102
f 554/813/1103 552/817/1103 558/818/1103
f 562/774/1104 561/609/1104 552/817/1104
f 524/819/1105 519/820/1105 518/800/1105
f 515/796/1106 563/600/1106 3329/808/1106
f 513/805/1107 514/804/1107 518/800/1107
f 514/804/1108 503/539/1108 511/801/1108
f 552/817/1109 554/813/1109 566/627/1109
f 518/800/1110 519/820/1110 513/805/1110
f 553/812/1111 555/814/1111 510/806/1111
f 552/817/1112 566/627/1112 557/761/1112
f 505/821/1113 553/812/1113 510/806/1113
f 506/543/1114 509/496/1114 511/801/1114
f 507/822/1115 513/805/1115 519/820/1115
f 507/822/1116 505/821/1116 510/806/1116
f 554/813/1117 564/823/1117 566/627/1117
f 564/823/1118 554/813/1118 553/812/1118
f 558/818/1119 561/609/1119 563/600/1119
f 482/530/1120 517/802/1120 504/495/1120
f 557/761/1121 562/774/1121 552/817/1121
f 510/810/1122 503/809/1122 508/824/1122
f 452/538/1123 511/801/1123 503/539/1123
f 515/796/1124 558/818/1124 563/600/1124
f 552/825/1125 561/826/1125 558/815/1125
f 511/801/1126 518/800/1126 514/804/1126
f 505/821/1127 564/823/1127 553/812/1127
f 517/802/1128 524/819/1128 518/800/1128
f 519/820/1129 516/827/1129 507/822/1129
f 507/822/1130 510/806/1130 513/805/1130
f 565/828/1131 564/823/1131 505/821/1131
f 565/828/1132 516/827/1132 521/829/1132
f 520/830/1133 516/827/1133 519/820/1133
f 525/831/1134 524/819/1134 517/802/1134
f 526/754/1135 523/832/1135 525/831/1135
f 517/802/1136 482/530/1136 526/754/1136
f 525/831/1137 522/833/1137 529/834/1137
f 523/832/1138 530/835/1138 522/833/1138
f 530/835/1139 523/832/1139 536/756/1139
f 530/790/1140 533/836/1140 539/764/1140
f 557/761/1141 566/627/1141 560/619/1141
f 529/834/1142 519/820/1142 524/819/1142
f 522/833/1143 520/830/1143 529/834/1143
f 488/753/1144 523/832/1144 526/754/1144
f 585/678/1145 587/677/1145 566/627/1145
f 523/832/1146 522/833/1146 525/831/1146
f 516/827/1147 505/821/1147 507/822/1147
f 529/834/1148 524/819/1148 525/831/1148
f 529/834/1149 520/830/1149 519/820/1149
f 599/630/1150 592/632/1150 594/837/1150
f 521/829/1151 584/695/1151 565/828/1151
f 526/754/1152 525/831/1152 517/802/1152
f 522/833/1153 530/835/1153 528/838/1153
f 594/665/1154 597/671/1154 593/511/1154
f 523/832/1155 488/753/1155 536/756/1155
f 528/838/1156 520/830/1156 522/833/1156
f 521/829/1157 586/783/1157 584/695/1157
f 582/626/1158 566/627/1158 583/641/1158
f 566/627/1159 587/677/1159 583/641/1159
f 565/828/1160 585/678/1160 564/823/1160
f 540/724/1161 536/839/1161 535/725/1161
f 389/792/1162 472/807/1162 412/476/1162
f 585/678/1163 566/627/1163 564/823/1163
f 528/838/1164 530/835/1164 534/840/1164
f 592/650/1165 596/666/1165 594/665/1165
f 584/695/1166 585/678/1166 565/828/1166
f 527/787/1167 521/829/1167 520/830/1167
f 521/829/1168 527/787/1168 586/783/1168
f 565/828/1169 505/821/1169 516/827/1169
f 528/838/1170 527/787/1170 520/830/1170
f 520/830/1171 521/829/1171 516/827/1171
f 533/836/1172 540/724/1172 539/764/1172
f 574/679/1173 585/678/1173 584/695/1173
f 528/838/1174 531/841/1174 527/787/1174
f 534/680/1175 532/634/1175 528/706/1175
f 540/724/1176 537/690/1176 539/764/1176
f 546/691/1177 537/690/1177 540/724/1177
f 530/835/1178 536/756/1178 533/798/1178
f 322/842/1179 319/843/1179 314/413/1179
f 556/760/1180 560/619/1180 1970/618/1180
f 683/844/1181 684/845/1181 688/846/1181
f 636/847/1182 627/848/1182 712/849/1182
f 684/845/1183 664/850/1183 688/846/1183
f 744/851/1184 4686/852/1184 743/853/1184
f 743/853/1185 4686/852/1185 775/854/1185
f 682/855/1186 681/856/1186 685/857/1186
f 682/855/1187 685/857/1187 684/845/1187
f 683/844/1188 682/855/1188 684/845/1188
f 684/845/1189 685/857/1189 665/858/1189
f 685/857/1190 663/859/1190 660/860/1190
f 621/861/1191 704/862/1191 703/863/1191
f 4125/864/1192 857/865/1192 847/866/1192
f 617/867/1193 621/868/1193 618/869/1193
f 665/858/1194 664/850/1194 684/845/1194
f 722/870/1195 742/871/1195 4016/872/1195
f 762/873/1196 745/874/1196 743/853/1196
f 660/860/1197 665/858/1197 685/857/1197
f 683/844/1198 688/846/1198 691/875/1198
f 686/876/1199 683/844/1199 691/875/1199
f 682/855/1200 683/844/1200 686/876/1200
f 626/877/1201 619/878/1201 625/879/1201
f 757/880/1202 771/881/1202 784/882/1202
f 663/859/1203 685/857/1203 681/856/1203
f 698/883/1204 681/856/1204 682/855/1204
f 833/884/1205 845/885/1205 834/886/1205
f 757/880/1206 784/882/1206 773/887/1206
f 760/888/1207 757/880/1207 773/887/1207
f 760/888/1208 759/889/1208 757/880/1208
f 702/890/1209 705/891/1209 703/863/1209
f 822/892/1210 833/884/1210 835/893/1210
f 725/894/1211 705/891/1211 702/890/1211
f 609/895/1212 701/896/1212 702/890/1212
f 763/897/1213 776/898/1213 777/899/1213
f 704/862/1214 702/890/1214 703/863/1214
f 704/862/1215 613/900/1215 702/890/1215
f 614/901/1216 613/900/1216 704/862/1216
f 706/902/1217 705/891/1217 731/903/1217
f 618/869/1218 619/878/1218 620/904/1218
f 787/905/1219 763/897/1219 777/899/1219
f 626/877/1220 620/904/1220 619/878/1220
f 613/900/1221 609/895/1221 702/890/1221
f 726/906/1222 731/903/1222 705/891/1222
f 705/891/1223 725/894/1223 726/906/1223
f 702/890/1224 701/896/1224 725/894/1224
f 619/878/1225 621/868/1225 625/879/1225
f 4016/872/1226 697/907/1226 722/870/1226
f 625/879/1227 624/908/1227 626/877/1227
f 616/909/1228 626/877/1228 623/910/1228
f 855/911/1229 4120/912/1229 841/913/1229
f 762/873/1230 746/914/1230 745/874/1230
f 776/898/1231 763/897/1231 746/914/1231
f 619/878/1232 618/869/1232 621/868/1232
f 844/915/1233 843/916/1233 4120/912/1233
f 804/917/1234 791/918/1234 805/919/1234
f 691/875/1235 688/846/1235 687/920/1235
f 690/921/1236 688/846/1236 664/850/1236
f 830/922/1237 4774/923/1237 4795/924/1237
f 712/849/1238 737/925/1238 713/926/1238
f 712/849/1239 627/848/1239 711/927/1239
f 690/921/1240 694/928/1240 687/920/1240
f 4120/912/1241 843/916/1241 841/913/1241
f 665/858/1242 660/860/1242 666/929/1242
f 713/930/1243 737/931/1243 715/932/1243
f 714/933/1244 637/934/1244 715/932/1244
f 639/935/1245 3153/936/1245 638/937/1245
f 775/854/1246 762/873/1246 743/853/1246
f 636/847/1247 712/849/1247 713/926/1247
f 636/847/1248 713/926/1248 637/938/1248
f 715/939/1249 637/938/1249 713/926/1249
f 728/940/1250 745/874/1250 746/914/1250
f 634/941/1251 627/848/1251 636/847/1251
f 737/925/1252 712/849/1252 754/942/1252
f 649/943/1253 3178/944/1253 651/945/1253
f 674/946/1254 883/947/1254 672/948/1254
f 688/846/1255 690/921/1255 687/920/1255
f 667/949/1256 665/858/1256 666/929/1256
f 652/950/1257 649/943/1257 651/945/1257
f 829/951/1258 818/952/1258 804/917/1258
f 660/860/1259 657/953/1259 666/929/1259
f 738/954/1260 717/955/1260 755/956/1260
f 773/887/1261 774/957/1261 760/888/1261
f 773/887/1262 785/958/1262 774/957/1262
f 696/959/1263 4018/960/1263 695/961/1263
f 758/962/1264 738/954/1264 755/956/1264
f 717/955/1265 738/954/1265 739/963/1265
f 738/954/1266 758/962/1266 756/964/1266
f 768/965/1267 752/966/1267 766/967/1267
f 696/968/1268 697/907/1268 4018/969/1268
f 664/850/1269 665/858/1269 667/949/1269
f 809/970/1270 796/971/1270 807/972/1270
f 795/973/1271 794/974/1271 796/971/1271
f 693/975/1272 692/976/1272 695/961/1272
f 822/892/1273 824/977/1273 833/884/1273
f 696/959/1274 695/961/1274 692/976/1274
f 796/971/1275 794/974/1275 807/972/1275
f 612/978/1276 610/979/1276 611/980/1276
f 3074/981/1277 608/982/1277 611/980/1277
f 611/980/1278 610/979/1278 616/909/1278
f 805/919/1279 792/983/1279 803/984/1279
f 611/980/1280 608/982/1280 612/978/1280
f 616/909/1281 615/985/1281 611/980/1281
f 644/986/1282 645/987/1282 655/988/1282
f 697/907/1283 696/968/1283 692/989/1283
f 822/892/1284 825/990/1284 813/991/1284
f 812/992/1285 813/991/1285 814/993/1285
f 3178/944/1286 650/994/1286 651/945/1286
f 655/988/1287 645/987/1287 656/995/1287
f 794/974/1288 786/996/1288 807/972/1288
f 653/997/1289 654/998/1289 652/950/1289
f 654/998/1290 653/997/1290 644/986/1290
f 813/991/1291 824/977/1291 822/892/1291
f 786/996/1292 806/999/1292 807/972/1292
f 644/986/1293 640/1000/1293 641/1001/1293
f 622/1002/1294 628/1003/1294 3105/1004/1294
f 650/994/1295 639/935/1295 651/945/1295
f 654/998/1296 644/986/1296 655/988/1296
f 651/945/1297 653/997/1297 652/950/1297
f 746/914/1298 762/873/1298 776/898/1298
f 699/1005/1299 700/1006/1299 723/1007/1299
f 653/997/1300 640/1000/1300 644/986/1300
f 664/1008/1301 667/1009/1301 668/1010/1301
f 4670/1011/1302 794/974/1302 775/854/1302
f 644/986/1303 647/1012/1303 646/1013/1303
f 639/935/1304 653/997/1304 651/945/1304
f 776/898/1305 762/873/1305 794/974/1305
f 776/898/1306 794/974/1306 777/899/1306
f 4670/1011/1307 786/996/1307 794/974/1307
f 840/1014/1308 827/1015/1308 853/1016/1308
f 809/970/1309 808/1017/1309 819/1018/1309
f 763/897/1310 787/905/1310 781/1019/1310
f 820/1020/1311 842/1021/1311 819/1018/1311
f 827/1015/1312 826/1022/1312 837/1023/1312
f 775/854/1313 794/974/1313 762/873/1313
f 842/1021/1314 820/1020/1314 830/922/1314
f 819/1018/1315 842/1021/1315 841/913/1315
f 853/1016/1316 838/1024/1316 840/1014/1316
f 639/935/1317 640/1000/1317 653/997/1317
f 700/1006/1318 699/1005/1318 4758/1025/1318
f 830/922/1319 820/1020/1319 831/1026/1319
f 4774/923/1320 830/922/1320 831/1026/1320
f 4671/1027/1321 606/1028/1321 605/1029/1321
f 609/895/1322 603/1030/1322 606/1031/1322
f 602/1032/1323 605/1029/1323 606/1028/1323
f 604/1033/1324 605/1029/1324 607/1034/1324
f 795/973/1325 777/899/1325 794/974/1325
f 853/1016/1326 827/1015/1326 851/1035/1326
f 4671/1036/1327 4758/1025/1327 699/1005/1327
f 4671/1036/1328 699/1005/1328 606/1031/1328
f 727/1037/1329 726/906/1329 725/894/1329
f 603/1038/1330 612/978/1330 608/982/1330
f 740/1039/1331 717/955/1331 737/931/1331
f 632/1040/1332 635/1041/1332 646/1013/1332
f 613/1042/1333 614/1043/1333 612/978/1333
f 608/982/1334 607/1034/1334 603/1038/1334
f 602/1032/1335 607/1034/1335 605/1029/1335
f 637/1044/1336 635/1041/1336 636/1045/1336
f 637/1044/1337 643/1046/1337 635/1041/1337
f 740/1039/1338 737/931/1338 754/1047/1338
f 635/1048/1339 634/941/1339 636/847/1339
f 614/1043/1340 610/979/1340 612/978/1340
f 620/904/1341 610/979/1341 614/1043/1341
f 723/1007/1342 743/853/1342 745/874/1342
f 743/853/1343 723/1007/1343 724/1049/1343
f 617/1050/1344 620/904/1344 614/1043/1344
f 620/904/1345 617/1050/1345 618/869/1345
f 613/900/1346 603/1030/1346 609/895/1346
f 603/1030/1347 613/900/1347 612/1051/1347
f 728/940/1348 727/1037/1348 723/1007/1348
f 610/979/1349 620/904/1349 616/909/1349
f 606/1028/1350 603/1038/1350 602/1032/1350
f 740/1039/1351 755/956/1351 717/955/1351
f 617/867/1352 614/1043/1352 704/1052/1352
f 840/1014/1353 828/1053/1353 827/1015/1353
f 646/1013/1354 635/1041/1354 643/1046/1354
f 755/956/1355 740/1039/1355 770/1054/1355
f 617/1055/1356 704/862/1356 621/861/1356
f 605/1029/1357 4709/1056/1357 4988/1057/1357
f 677/1058/1358 675/1059/1358 676/1060/1358
f 656/995/1359 645/987/1359 642/1061/1359
f 657/953/1360 661/1062/1360 648/1063/1360
f 662/1064/1361 658/1065/1361 663/859/1361
f 680/1066/1362 662/1064/1362 679/1067/1362
f 745/874/1363 728/940/1363 723/1007/1363
f 656/995/1364 642/1061/1364 662/1064/1364
f 657/953/1365 658/1065/1365 659/1068/1365
f 681/856/1366 679/1067/1366 663/859/1366
f 646/1013/1367 643/1046/1367 645/987/1367
f 680/1066/1368 675/1059/1368 677/1058/1368
f 727/1037/1369 728/940/1369 726/906/1369
f 659/1068/1370 661/1062/1370 657/953/1370
f 678/1069/1371 675/1059/1371 679/1067/1371
f 724/1049/1372 723/1007/1372 700/1006/1372
f 4709/1056/1373 605/1029/1373 604/1033/1373
f 662/1064/1374 680/1066/1374 656/995/1374
f 642/1061/1375 659/1068/1375 658/1065/1375
f 893/1070/1376 678/1069/1376 679/1067/1376
f 643/1046/1377 637/1044/1377 661/1062/1377
f 660/860/1378 658/1065/1378 657/953/1378
f 662/1064/1379 663/859/1379 679/1067/1379
f 679/1067/1380 675/1059/1380 680/1066/1380
f 679/1067/1381 681/856/1381 698/883/1381
f 4670/1011/1382 775/854/1382 4686/852/1382
f 726/906/1383 730/1071/1383 731/903/1383
f 644/986/1384 646/1013/1384 645/987/1384
f 643/1046/1385 642/1061/1385 645/987/1385
f 749/1072/1386 730/1071/1386 748/1073/1386
f 642/1061/1387 658/1065/1387 662/1064/1387
f 659/1068/1388 643/1046/1388 661/1062/1388
f 642/1061/1389 643/1046/1389 659/1068/1389
f 835/893/1390 836/1074/1390 816/1075/1390
f 834/1076/1391 848/1077/1391 836/1078/1391
f 747/1079/1392 726/906/1392 728/940/1392
f 748/1073/1393 764/1080/1393 749/1072/1393
f 835/893/1394 834/886/1394 836/1081/1394
f 664/850/1395 689/1082/1395 690/921/1395
f 836/1078/1396 848/1077/1396 852/1083/1396
f 748/1073/1397 726/906/1397 747/1079/1397
f 782/1084/1398 790/1085/1398 792/983/1398
f 834/886/1399 835/893/1399 833/884/1399
f 748/1073/1400 730/1071/1400 726/906/1400
f 690/1086/1401 689/1087/1401 720/1088/1401
f 720/1088/1402 721/1089/1402 719/1090/1402
f 739/963/1403 738/954/1403 721/1089/1403
f 837/1023/1404 816/1091/1404 836/1078/1404
f 658/1065/1405 660/860/1405 663/859/1405
f 835/893/1406 816/1075/1406 822/892/1406
f 850/1092/1407 838/1024/1407 853/1016/1407
f 860/1093/1408 850/1092/1408 4129/1094/1408
f 858/1095/1409 851/1035/1409 849/1096/1409
f 852/1083/1410 837/1023/1410 836/1078/1410
f 741/1097/1411 722/870/1411 721/1089/1411
f 719/1090/1412 721/1089/1412 722/870/1412
f 858/1095/1413 850/1092/1413 853/1016/1413
f 859/1098/1414 858/1095/1414 849/1096/1414
f 607/1034/1415 602/1032/1415 603/1038/1415
f 711/927/1416 707/1099/1416 732/1100/1416
f 816/1091/1417 837/1023/1417 826/1022/1417
f 815/1101/1418 800/1102/1418 825/1103/1418
f 712/849/1419 711/927/1419 754/942/1419
f 711/927/1420 732/1100/1420 754/942/1420
f 815/1101/1421 816/1091/1421 826/1022/1421
f 707/1099/1422 731/903/1422 730/1071/1422
f 858/1095/1423 853/1016/1423 851/1035/1423
f 814/993/1424 813/991/1424 800/1104/1424
f 825/1103/1425 816/1091/1425 815/1101/1425
f 850/1092/1426 860/1093/1426 838/1024/1426
f 813/991/1427 825/990/1427 800/1104/1427
f 711/927/1428 627/848/1428 710/1105/1428
f 842/1021/1429 830/922/1429 4118/1106/1429
f 822/1107/1430 816/1091/1430 825/1103/1430
f 799/1108/1431 789/1109/1431 800/1104/1431
f 768/1110/1432 769/1111/1432 767/1112/1432
f 814/993/1433 800/1104/1433 789/1109/1433
f 769/1111/1434 770/1054/1434 767/1112/1434
f 814/993/1435 789/1109/1435 798/1113/1435
f 3066/1114/1436 607/1034/1436 608/982/1436
f 769/1111/1437 783/1115/1437 772/1116/1437
f 767/1117/1438 740/1118/1438 752/966/1438
f 770/1054/1439 769/1111/1439 772/1116/1439
f 804/917/1440 805/919/1440 829/951/1440
f 707/1099/1441 708/1119/1441 706/902/1441
f 767/1117/1442 752/966/1442 768/965/1442
f 707/1099/1443 711/927/1443 708/1119/1443
f 770/1054/1444 740/1039/1444 767/1112/1444
f 800/1102/1445 802/1120/1445 799/1121/1445
f 715/932/1446 737/931/1446 717/955/1446
f 791/918/1447 785/958/1447 773/887/1447
f 771/881/1448 770/1054/1448 772/1116/1448
f 815/1101/1449 801/1122/1449 800/1102/1449
f 784/882/1450 791/918/1450 773/887/1450
f 648/1123/1451 718/1124/1451 667/1009/1451
f 768/965/1452 766/967/1452 769/1125/1452
f 718/1124/1453 668/1010/1453 667/1009/1453
f 648/1123/1454 714/933/1454 718/1124/1454
f 616/909/1455 622/1002/1455 3113/1126/1455
f 648/1123/1456 667/1009/1456 666/1127/1456
f 717/955/1457 716/1128/1457 715/932/1457
f 718/1124/1458 721/1089/1458 720/1088/1458
f 792/983/1459 791/918/1459 784/882/1459
f 804/917/1460 793/1129/1460 791/918/1460
f 721/1089/1461 718/1124/1461 739/963/1461
f 801/1122/1462 802/1120/1462 800/1102/1462
f 716/1128/1463 739/963/1463 718/1124/1463
f 809/970/1464 810/1130/1464 797/1131/1464
f 739/963/1465 716/1128/1465 717/955/1465
f 771/881/1466 758/962/1466 770/1054/1466
f 716/1128/1467 714/933/1467 715/932/1467
f 623/910/1468 622/1002/1468 616/909/1468
f 3113/1126/1469 615/985/1469 616/909/1469
f 732/1100/1470 735/1132/1470 754/942/1470
f 810/1130/1471 832/1133/1471 821/1134/1471
f 616/909/1472 620/904/1472 626/877/1472
f 755/956/1473 770/1054/1473 758/962/1473
f 811/1135/1474 797/1131/1474 810/1130/1474
f 751/1136/1475 753/1137/1475 734/1138/1475
f 729/1139/1476 749/1072/1476 733/1140/1476
f 729/1139/1477 707/1099/1477 730/1071/1477
f 732/1100/1478 729/1139/1478 733/1140/1478
f 733/1140/1479 734/1138/1479 736/1141/1479
f 720/1088/1480 668/1010/1480 718/1124/1480
f 722/870/1481 741/1097/1481 742/871/1481
f 750/1142/1482 749/1072/1482 764/1080/1482
f 809/970/1483 832/1133/1483 810/1130/1483
f 718/1124/1484 714/933/1484 716/1128/1484
f 672/948/1485 673/1143/1485 676/1060/1485
f 609/895/1486 606/1031/1486 699/1005/1486
f 729/1139/1487 730/1071/1487 749/1072/1487
f 735/1132/1488 732/1100/1488 736/1141/1488
f 648/1063/1489 666/929/1489 657/953/1489
f 811/1135/1490 810/1130/1490 821/1134/1490
f 761/1144/1491 760/888/1491 774/957/1491
f 751/1136/1492 733/1140/1492 749/1072/1492
f 673/1143/1493 655/988/1493 680/1066/1493
f 727/1037/1494 725/894/1494 701/896/1494
f 742/871/1495 741/1097/1495 760/888/1495
f 750/1142/1496 751/1136/1496 749/1072/1496
f 756/964/1497 721/1089/1497 738/954/1497
f 791/918/1498 793/1129/1498 785/958/1498
f 673/1143/1499 654/998/1499 655/988/1499
f 734/1138/1500 733/1140/1500 751/1136/1500
f 733/1140/1501 736/1141/1501 732/1100/1501
f 732/1100/1502 707/1099/1502 729/1139/1502
f 806/999/1503 808/1017/1503 807/972/1503
f 792/983/1504 784/882/1504 782/1084/1504
f 727/1037/1505 701/896/1505 699/1005/1505
f 670/1145/1506 672/948/1506 671/1146/1506
f 650/994/1507 3178/944/1507 3150/1147/1507
f 673/1143/1508 652/950/1508 654/998/1508
f 670/1145/1509 652/950/1509 672/948/1509
f 727/1037/1510 699/1005/1510 723/1007/1510
f 742/871/1511 760/888/1511 761/1144/1511
f 863/1148/1512 672/948/1512 883/947/1512
f 803/984/1513 817/1149/1513 805/919/1513
f 742/871/1514 761/1144/1514 862/1150/1514
f 661/1151/1515 637/934/1515 714/933/1515
f 849/1096/1516 857/1152/1516 4128/1153/1516
f 673/1143/1517 672/948/1517 652/950/1517
f 656/995/1518 680/1066/1518 655/988/1518
f 701/896/1519 609/895/1519 699/1005/1519
f 812/992/1520 814/993/1520 798/1113/1520
f 747/1079/1521 763/897/1521 764/1080/1521
f 676/1060/1522 673/1143/1522 677/1058/1522
f 806/999/1523 831/1026/1523 820/1020/1523
f 788/1154/1524 798/1113/1524 789/1109/1524
f 787/905/1525 798/1113/1525 788/1154/1525
f 765/1155/1526 763/897/1526 779/1156/1526
f 780/1157/1527 766/967/1527 778/1158/1527
f 673/1143/1528 680/1066/1528 677/1058/1528
f 765/1155/1529 753/1137/1529 751/1136/1529
f 674/946/1530 672/948/1530 676/1060/1530
f 752/966/1531 753/1137/1531 766/967/1531
f 753/1137/1532 765/1155/1532 766/967/1532
f 671/1146/1533 672/948/1533 863/1148/1533
f 3153/936/1534 639/935/1534 650/994/1534
f 812/992/1535 798/1113/1535 811/1135/1535
f 638/937/1536 640/1000/1536 639/935/1536
f 851/1035/1537 827/1015/1537 852/1083/1537
f 778/1158/1538 765/1155/1538 779/1156/1538
f 765/1155/1539 778/1158/1539 766/967/1539
f 750/1142/1540 764/1080/1540 765/1155/1540
f 754/942/1541 736/1141/1541 734/1138/1541
f 740/1118/1542 754/942/1542 734/1138/1542
f 827/1015/1543 837/1023/1543 852/1083/1543
f 779/1156/1544 763/897/1544 781/1019/1544
f 851/1035/1545 852/1083/1545 849/1096/1545
f 849/1096/1546 852/1083/1546 848/1077/1546
f 4128/1153/1547 859/1098/1547 849/1096/1547
f 671/1146/1548 669/1159/1548 670/1145/1548
f 783/1160/1549 766/967/1549 780/1157/1549
f 765/1155/1550 751/1136/1550 750/1142/1550
f 834/886/1551 847/866/1551 848/1161/1551
f 838/1024/1552 860/1093/1552 861/1162/1552
f 766/967/1553 783/1160/1553 769/1125/1553
f 799/1121/1554 802/1120/1554 783/1115/1554
f 860/1093/1555 3526/1163/1555 861/1162/1555
f 772/1116/1556 783/1115/1556 782/1084/1556
f 623/910/1557 641/1001/1557 631/1164/1557
f 857/1152/1558 849/1096/1558 848/1077/1558
f 693/975/1559 694/928/1559 692/976/1559
f 624/908/1560 634/1165/1560 635/1041/1560
f 799/1108/1561 783/1160/1561 780/1157/1561
f 789/1109/1562 799/1108/1562 780/1157/1562
f 641/1001/1563 623/910/1563 633/1166/1563
f 790/1085/1564 783/1115/1564 802/1120/1564
f 646/1013/1565 647/1012/1565 632/1040/1565
f 783/1115/1566 790/1085/1566 782/1084/1566
f 635/1041/1567 632/1040/1567 624/908/1567
f 855/911/1568 841/913/1568 842/1021/1568
f 808/1017/1569 820/1020/1569 819/1018/1569
f 641/1001/1570 633/1166/1570 647/1012/1570
f 624/908/1571 633/1166/1571 623/910/1571
f 855/911/1572 842/1021/1572 4118/1106/1572
f 624/908/1573 623/910/1573 626/877/1573
f 630/1167/1574 631/1164/1574 641/1001/1574
f 640/1000/1575 630/1167/1575 641/1001/1575
f 625/1168/1576 627/848/1576 634/941/1576
f 830/922/1577 4115/1169/1577 854/1170/1577
f 640/1000/1578 638/937/1578 630/1167/1578
f 4118/1106/1579 830/922/1579 854/1170/1579
f 843/916/1580 844/915/1580 821/1134/1580
f 647/1012/1581 633/1166/1581 632/1040/1581
f 644/986/1582 641/1001/1582 647/1012/1582
f 780/1157/1583 781/1019/1583 788/1154/1583
f 780/1157/1584 788/1154/1584 789/1109/1584
f 624/908/1585 625/879/1585 634/1165/1585
f 819/1018/1586 841/913/1586 832/1133/1586
f 624/908/1587 632/1040/1587 633/1166/1587
f 824/977/1588 812/992/1588 811/1135/1588
f 823/1171/1589 833/884/1589 824/977/1589
f 832/1133/1590 843/916/1590 821/1134/1590
f 779/1156/1591 780/1157/1591 778/1158/1591
f 781/1019/1592 787/905/1592 788/1154/1592
f 780/1157/1593 779/1156/1593 781/1019/1593
f 824/977/1594 811/1135/1594 823/1171/1594
f 813/991/1595 812/992/1595 824/977/1595
f 798/1113/1596 787/905/1596 797/1131/1596
f 832/1133/1597 841/913/1597 843/916/1597
f 809/970/1598 797/1131/1598 796/971/1598
f 857/1152/1599 848/1077/1599 847/1172/1599
f 811/1135/1600 798/1113/1600 797/1131/1600
f 832/1133/1601 809/970/1601 819/1018/1601
f 828/1053/1602 817/1149/1602 827/1015/1602
f 627/848/1603 625/1168/1603 710/1105/1603
f 669/1159/1604 649/943/1604 670/1145/1604
f 797/1131/1605 787/905/1605 795/973/1605
f 826/1022/1606 827/1015/1606 817/1149/1606
f 839/1173/1607 829/951/1607 828/1053/1607
f 817/1149/1608 815/1101/1608 826/1022/1608
f 693/975/1609 687/920/1609 694/928/1609
f 817/1149/1610 801/1122/1610 815/1101/1610
f 669/1159/1611 3179/1174/1611 649/943/1611
f 707/1099/1612 706/902/1612 731/903/1612
f 777/899/1613 795/973/1613 787/905/1613
f 711/927/1614 709/1175/1614 708/1119/1614
f 690/1086/1615 722/870/1615 697/907/1615
f 801/1122/1616 817/1149/1616 803/984/1616
f 795/973/1617 796/971/1617 797/1131/1617
f 697/907/1618 692/989/1618 690/1086/1618
f 807/972/1619 808/1017/1619 809/970/1619
f 625/1168/1620 621/861/1620 710/1105/1620
f 808/1017/1621 806/999/1621 820/1020/1621
f 802/1120/1622 803/984/1622 790/1085/1622
f 817/1149/1623 828/1053/1623 805/919/1623
f 803/984/1624 792/983/1624 790/1085/1624
f 669/1159/1625 671/1146/1625 880/1176/1625
f 880/1176/1626 3179/1174/1626 669/1159/1626
f 722/870/1627 690/1086/1627 719/1090/1627
f 784/882/1628 771/881/1628 772/1116/1628
f 805/919/1629 791/918/1629 792/983/1629
f 670/1145/1630 649/943/1630 652/950/1630
f 803/984/1631 802/1120/1631 801/1122/1631
f 772/1116/1632 782/1084/1632 784/882/1632
f 828/1053/1633 840/1014/1633 839/1173/1633
f 758/962/1634 771/881/1634 757/880/1634
f 823/1171/1635 811/1135/1635 821/1134/1635
f 630/1167/1636 628/1003/1636 622/1002/1636
f 845/885/1637 833/884/1637 823/1171/1637
f 839/1173/1638 4103/1177/1638 829/951/1638
f 690/1086/1639 720/1088/1639 719/1090/1639
f 845/885/1640 823/1171/1640 821/1134/1640
f 714/933/1641 648/1123/1641 661/1178/1641
f 736/1141/1642 754/942/1642 735/1132/1642
f 752/966/1643 740/1118/1643 734/1138/1643
f 689/1087/1644 668/1010/1644 720/1088/1644
f 844/915/1645 845/885/1645 821/1134/1645
f 752/966/1646 734/1138/1646 753/1137/1646
f 709/1175/1647 710/1105/1647 621/861/1647
f 759/889/1648 741/1097/1648 756/964/1648
f 668/1010/1649 689/1087/1649 664/1008/1649
f 692/989/1650 694/1179/1650 690/1086/1650
f 829/951/1651 805/919/1651 828/1053/1651
f 741/1097/1652 721/1089/1652 756/964/1652
f 831/1026/1653 806/999/1653 4786/1180/1653
f 758/962/1654 757/880/1654 756/964/1654
f 759/889/1655 756/964/1655 757/880/1655
f 834/886/1656 846/1181/1656 856/1182/1656
f 760/888/1657 741/1097/1657 759/889/1657
f 628/1003/1658 630/1167/1658 629/1183/1658
f 4123/1184/1659 846/1181/1659 844/915/1659
f 846/1181/1660 834/886/1660 845/885/1660
f 847/866/1661 834/886/1661 856/1182/1661
f 629/1183/1662 630/1167/1662 638/937/1662
f 705/891/1663 706/902/1663 703/863/1663
f 631/1164/1664 622/1002/1664 623/910/1664
f 847/866/1665 856/1182/1665 4125/864/1665
f 856/1182/1666 846/1181/1666 4123/1184/1666
f 861/1162/1667 4103/1177/1667 838/1024/1667
f 831/1026/1668 4786/1180/1668 4774/923/1668
f 630/1167/1669 622/1002/1669 631/1164/1669
f 747/1079/1670 764/1080/1670 748/1073/1670
f 844/915/1671 846/1181/1671 845/885/1671
f 4103/1177/1672 839/1173/1672 838/1024/1672
f 746/914/1673 747/1079/1673 728/940/1673
f 765/1155/1674 764/1080/1674 763/897/1674
f 711/927/1675 710/1105/1675 709/1175/1675
f 839/1173/1676 840/1014/1676 838/1024/1676
f 621/861/1677 703/863/1677 709/1175/1677
f 709/1175/1678 706/902/1678 708/1119/1678
f 746/914/1679 763/897/1679 747/1079/1679
f 706/902/1680 709/1175/1680 703/863/1680
f 4115/1169/1681 4116/1185/1681 854/1170/1681
f 674/946/1682 676/1060/1682 675/1059/1682
f 607/1034/1683 3066/1114/1683 3046/1186/1683
f 691/875/1684 898/1187/1684 686/876/1684
f 914/1188/1685 869/1189/1685 912/1190/1685
f 1/12/1686 864/1191/1686 866/1192/1686
f 872/1193/1687 870/1194/1687 914/1188/1687
f 1121/1195/1688 1122/1196/1688 1124/1197/1688
f 1135/1198/1689 1141/1199/1689 1139/1200/1689
f 1117/1201/1690 1112/1202/1690 1109/1203/1690
f 1117/1201/1691 1109/1203/1691 1115/1204/1691
f 1030/1205/1692 1031/1206/1692 1047/1207/1692
f 869/1189/1693 914/1188/1693 870/1194/1693
f 1131/1208/1694 865/1209/1694 1132/1210/1694
f 1080/1211/1695 1139/1200/1695 1078/1212/1695
f 1046/1213/1696 1055/1214/1696 1054/1215/1696
f 1085/1216/1697 1088/1217/1697 1083/1218/1697
f 1082/1219/1698 1081/1220/1698 1086/1221/1698
f 1085/1222/1699 1083/1223/1699 1080/1211/1699
f 1084/1224/1700 1085/1222/1700 1080/1211/1700
f 877/1225/1701 878/1226/1701 876/1227/1701
f 1050/1228/1702 1053/1229/1702 1043/1230/1702
f 1049/1231/1703 1052/1232/1703 1053/1229/1703
f 1084/1224/1704 1081/1220/1704 1082/1219/1704
f 866/1233/1705 1114/1234/1705 1030/1205/1705
f 1084/1224/1706 1080/1211/1706 1078/1212/1706
f 1133/1235/1707 1132/1210/1707 865/1209/1707
f 915/1236/1708 903/1237/1708 904/1238/1708
f 1076/1239/1709 1077/1240/1709 1068/1241/1709
f 1134/1242/1710 1140/1243/1710 1136/1244/1710
f 1084/1224/1711 1087/1245/1711 1085/1222/1711
f 874/1246/1712 876/1227/1712 878/1226/1712
f 1137/1247/1713 1136/1244/1713 1135/1198/1713
f 1122/1196/1714 1119/1248/1714 1118/1249/1714
f 1134/1250/1715 868/1251/1715 865/1252/1715
f 1137/1253/1716 868/1251/1716 1134/1250/1716
f 1092/1254/1717 1091/1255/1717 1083/1223/1717
f 1074/1256/1718 1076/1239/1718 1069/1257/1718
f 875/1258/1719 877/1225/1719 876/1227/1719
f 1087/1245/1720 1088/1259/1720 1085/1222/1720
f 1138/1260/1721 1135/1198/1721 1139/1200/1721
f 1084/1224/1722 1079/1261/1722 1081/1220/1722
f 1072/1262/1723 1068/1241/1723 1079/1261/1723
f 1139/1200/1724 1141/1199/1724 1078/1212/1724
f 1077/1240/1725 1079/1261/1725 1068/1241/1725
f 874/1246/1726 875/1258/1726 876/1227/1726
f 1072/1262/1727 1131/1208/1727 1132/1210/1727
f 1078/1212/1728 1079/1261/1728 1084/1224/1728
f 1040/1263/1729 1039/1264/1729 1032/1265/1729
f 1078/1212/1730 1140/1243/1730 1079/1261/1730
f 1140/1243/1731 1141/1199/1731 1136/1244/1731
f 1134/1242/1732 1131/1208/1732 1140/1243/1732
f 1081/1220/1733 1074/1256/1733 1071/1266/1733
f 1072/1262/1734 1079/1261/1734 1140/1243/1734
f 870/1194/1735 875/1258/1735 874/1246/1735
f 1135/1198/1736 1136/1244/1736 1141/1199/1736
f 865/1209/1737 1131/1208/1737 1134/1242/1737
f 1141/1199/1738 1140/1243/1738 1078/1212/1738
f 913/1267/1739 912/1190/1739 869/1189/1739
f 1087/1245/1740 1082/1219/1740 1088/1259/1740
f 1134/1242/1741 1136/1244/1741 1137/1247/1741
f 1061/1268/1742 1068/1241/1742 1132/1210/1742
f 1068/1241/1743 1061/1268/1743 1076/1239/1743
f 1088/1259/1744 1082/1219/1744 1086/1221/1744
f 1032/1265/1745 1035/1269/1745 1034/1270/1745
f 874/1246/1746 878/1226/1746 919/1271/1746
f 1074/1256/1747 1069/1257/1747 1071/1266/1747
f 1087/1245/1748 1084/1224/1748 1082/1219/1748
f 1079/1261/1749 1077/1240/1749 1081/1220/1749
f 1132/1210/1750 1068/1241/1750 1072/1262/1750
f 924/1272/1751 918/1273/1751 919/1271/1751
f 1081/1220/1752 1077/1240/1752 1074/1256/1752
f 1035/1269/1753 1010/1274/1753 1034/1270/1753
f 918/1273/1754 874/1246/1754 919/1271/1754
f 1118/1249/1755 866/1233/1755 1122/1196/1755
f 1114/1234/1756 866/1233/1756 1113/1275/1756
f 1048/1276/1757 1038/1277/1757 1054/1215/1757
f 869/1189/1758 918/1273/1758 913/1267/1758
f 1052/1232/1759 1048/1276/1759 1054/1215/1759
f 1119/1248/1760 1121/1195/1760 1124/1197/1760
f 913/1267/1761 918/1273/1761 917/1278/1761
f 912/1190/1762 917/1278/1762 904/1238/1762
f 1130/1279/1763 1061/1268/1763 1132/1210/1763
f 912/1190/1764 913/1267/1764 917/1278/1764
f 923/1280/1765 917/1278/1765 924/1272/1765
f 1133/1281/1766 865/1252/1766 867/1282/1766
f 1129/1283/1767 1133/1235/1767 1127/1284/1767
f 1081/1220/1768 1071/1266/1768 1086/1221/1768
f 1132/1210/1769 1133/1235/1769 1129/1283/1769
f 1030/1205/1770 1116/1285/1770 1031/1206/1770
f 1053/1229/1771 1055/1214/1771 1044/1286/1771
f 1048/1276/1772 1036/1287/1772 1038/1277/1772
f 1069/1257/1773 1070/1288/1773 1073/1289/1773
f 1049/1231/1774 1053/1229/1774 1050/1228/1774
f 1030/1205/1775 1114/1234/1775 1116/1285/1775
f 869/1189/1776 870/1194/1776 874/1246/1776
f 1076/1239/1777 1070/1288/1777 1069/1257/1777
f 1003/1290/1778 1004/1291/1778 1029/1292/1778
f 1077/1240/1779 1076/1239/1779 1074/1256/1779
f 916/1293/1780 920/1294/1780 928/1295/1780
f 1105/1296/1781 1012/1297/1781 1106/1298/1781
f 920/1294/1782 924/1272/1782 919/1271/1782
f 1119/1248/1783 1124/1197/1783 1120/1299/1783
f 928/1295/1784 920/1294/1784 882/1300/1784
f 915/1236/1785 904/1238/1785 917/1278/1785
f 1104/1301/1786 1029/1292/1786 1028/1302/1786
f 874/1246/1787 918/1273/1787 869/1189/1787
f 1101/1303/1788 864/1304/1788 1108/1305/1788
f 1014/1306/1789 1022/1307/1789 1015/1308/1789
f 1012/1297/1790 1011/1309/1790 1107/1310/1790
f 1106/1298/1791 1107/1310/1791 1109/1203/1791
f 1012/1297/1792 1107/1310/1792 1106/1298/1792
f 1020/1311/1793 1028/1302/1793 1029/1292/1793
f 1093/1312/1794 1103/1313/1794 1100/1314/1794
f 1012/1297/1795 1028/1302/1795 1011/1309/1795
f 1110/1315/1796 1104/1301/1796 1105/1296/1796
f 1004/1291/1797 1008/1316/1797 1005/1317/1797
f 1105/1296/1798 1104/1301/1798 1028/1302/1798
f 923/1280/1799 915/1236/1799 917/1278/1799
f 884/1318/1800 878/1226/1800 671/1146/1800
f 1032/1265/1801 1015/1308/1801 1035/1269/1801
f 1100/1319/1802 1/12/1802 1093/1320/1802
f 882/1300/1803 921/1321/1803 878/1226/1803
f 882/1300/1804 878/1226/1804 884/1318/1804
f 920/1294/1805 921/1321/1805 882/1300/1805
f 924/1272/1806 917/1278/1806 918/1273/1806
f 1101/1303/1807 1108/1305/1807 1105/1296/1807
f 1100/1319/1808 864/1191/1808 1/12/1808
f 1028/1322/1809 1020/1323/1809 1011/1324/1809
f 1115/1204/1810 1014/1306/1810 1039/1264/1810
f 1108/1305/1811 1100/1314/1811 1099/1325/1811
f 1023/1326/1812 1020/1311/1812 1029/1292/1812
f 1103/1313/1813 1104/1301/1813 1110/1315/1813
f 1108/1305/1814 864/1304/1814 1100/1314/1814
f 1029/1292/1815 1005/1317/1815 1006/1327/1815
f 1023/1326/1816 1029/1292/1816 1006/1327/1816
f 963/1328/1817 903/1237/1817 915/1236/1817
f 1014/1306/1818 1015/1308/1818 1039/1264/1818
f 1099/1325/1819 1103/1313/1819 1110/1315/1819
f 923/1280/1820 924/1272/1820 922/1329/1820
f 1105/1296/1821 1106/1298/1821 1101/1303/1821
f 1109/1203/1822 1107/1310/1822 1115/1204/1822
f 1035/1269/1823 1015/1308/1823 1016/1330/1823
f 1023/1326/1824 1025/1331/1824 1022/1307/1824
f 1006/1327/1825 1025/1331/1825 1023/1326/1825
f 964/1332/1826 923/1280/1826 922/1329/1826
f 1035/1269/1827 1016/1330/1827 1010/1274/1827
f 1108/1305/1828 1099/1325/1828 1110/1315/1828
f 921/1321/1829 919/1271/1829 878/1226/1829
f 1109/1203/1830 1102/1333/1830 1106/1298/1830
f 920/1294/1831 922/1329/1831 924/1272/1831
f 1105/1296/1832 1028/1302/1832 1012/1297/1832
f 1016/1330/1833 1022/1307/1833 1025/1331/1833
f 950/1334/1834 903/1237/1834 963/1328/1834
f 1022/1307/1835 1014/1306/1835 1011/1309/1835
f 864/1304/1836 1101/1303/1836 1098/1335/1836
f 1100/1314/1837 1103/1313/1837 1099/1325/1837
f 1096/1336/1838 1003/1290/1838 1103/1313/1838
f 1107/1310/1839 1011/1309/1839 1014/1306/1839
f 1029/1292/1840 1004/1291/1840 1005/1317/1840
f 1024/1337/1841 1016/1330/1841 1025/1331/1841
f 1020/1311/1842 1023/1326/1842 1011/1309/1842
f 1108/1305/1843 1110/1315/1843 1105/1296/1843
f 1098/1335/1844 1112/1202/1844 1111/1338/1844
f 1093/1312/1845 1094/1339/1845 1103/1313/1845
f 864/1191/1846 1098/1340/1846 1111/1341/1846
f 921/1321/1847 920/1294/1847 919/1271/1847
f 1029/1292/1848 1104/1301/1848 1003/1290/1848
f 1098/1335/1849 1101/1303/1849 1102/1333/1849
f 963/1328/1850 915/1236/1850 925/1342/1850
f 1023/1326/1851 1022/1307/1851 1011/1309/1851
f 1102/1333/1852 1109/1203/1852 1112/1202/1852
f 948/1343/1853 950/1334/1853 955/1344/1853
f 1102/1333/1854 1101/1303/1854 1106/1298/1854
f 1003/1290/1855 1104/1301/1855 1103/1313/1855
f 1027/1345/1856 1024/1337/1856 1025/1331/1856
f 1032/1265/1857 1039/1264/1857 1015/1308/1857
f 1098/1335/1858 1102/1333/1858 1112/1202/1858
f 1022/1307/1859 1016/1330/1859 1015/1308/1859
f 1107/1310/1860 1014/1306/1860 1115/1204/1860
f 872/1193/1861 871/97/1861 28/37/1861
f 959/1346/1862 965/1347/1862 964/1332/1862
f 1018/1348/1863 959/1346/1863 961/1349/1863
f 959/1346/1864 964/1332/1864 960/1350/1864
f 963/1328/1865 965/1347/1865 962/1351/1865
f 1024/1337/1866 1018/1348/1866 1017/1352/1866
f 923/1280/1867 925/1342/1867 915/1236/1867
f 1021/1353/1868 1019/1354/1868 957/1355/1868
f 1002/1356/1869 952/1357/1869 1026/1358/1869
f 922/1329/1870 920/1294/1870 916/1293/1870
f 1024/1337/1871 1027/1345/1871 956/1359/1871
f 965/1347/1872 959/1346/1872 962/1351/1872
f 1006/1327/1873 1005/1317/1873 1026/1358/1873
f 958/1360/1874 962/1351/1874 959/1346/1874
f 925/1342/1875 923/1280/1875 965/1347/1875
f 1024/1337/1876 956/1359/1876 1018/1348/1876
f 1026/1358/1877 1008/1316/1877 1002/1356/1877
f 964/1332/1878 965/1347/1878 923/1280/1878
f 909/102/1879 871/97/1879 911/1361/1879
f 906/1362/1880 910/1363/1880 911/1361/1880
f 912/1190/1881 906/1362/1881 911/1361/1881
f 958/1360/1882 959/1346/1882 1018/1348/1882
f 950/1334/1883 963/1328/1883 955/1344/1883
f 958/1360/1884 1018/1348/1884 956/1359/1884
f 957/1355/1885 952/1357/1885 955/1344/1885
f 956/1359/1886 1021/1353/1886 957/1355/1886
f 871/97/1887 872/1193/1887 914/1188/1887
f 1025/1331/1888 1006/1327/1888 1026/1358/1888
f 905/100/1889 901/1364/1889 906/1362/1889
f 1025/1331/1890 1026/1358/1890 1027/1345/1890
f 1019/1354/1891 1027/1345/1891 1026/1358/1891
f 905/100/1892 906/1362/1892 904/1238/1892
f 901/1364/1893 907/99/1893 908/1365/1893
f 908/1365/1894 907/99/1894 909/102/1894
f 1026/1358/1895 1005/1317/1895 1008/1316/1895
f 960/1350/1896 964/1332/1896 922/1329/1896
f 1067/1366/1897 1043/1230/1897 1042/1367/1897
f 1002/1356/1898 948/1343/1898 952/1357/1898
f 916/1293/1899 960/1350/1899 922/1329/1899
f 910/1363/1900 909/102/1900 911/1361/1900
f 1016/1330/1901 1017/1352/1901 1010/1274/1901
f 1013/1368/1902 1018/1348/1902 961/1349/1902
f 1019/1354/1903 952/1357/1903 957/1355/1903
f 1010/1274/1904 1017/1352/1904 1013/1368/1904
f 1019/1354/1905 1021/1353/1905 1027/1345/1905
f 871/97/1906 914/1188/1906 911/1361/1906
f 2893/1369/1907 947/1370/1907 900/1371/1907
f 908/1365/1908 909/102/1908 910/1363/1908
f 961/1349/1909 959/1346/1909 960/1350/1909
f 955/1344/1910 952/1357/1910 948/1343/1910
f 1024/1337/1911 1017/1352/1911 1016/1330/1911
f 1026/1358/1912 952/1357/1912 1019/1354/1912
f 906/1362/1913 912/1190/1913 904/1238/1913
f 902/1372/1914 951/96/1914 905/100/1914
f 907/99/1915 901/1364/1915 905/100/1915
f 904/1238/1916 902/1372/1916 905/100/1916
f 955/1344/1917 962/1351/1917 958/1360/1917
f 957/1355/1918 955/1344/1918 958/1360/1918
f 1027/1345/1919 1021/1353/1919 956/1359/1919
f 957/1355/1920 958/1360/1920 956/1359/1920
f 900/1371/1921 899/1373/1921 2893/1369/1921
f 916/1293/1922 968/1374/1922 960/1350/1922
f 965/1347/1923 963/1328/1923 925/1342/1923
f 899/1373/1924 900/1371/1924 898/1187/1924
f 968/1374/1925 969/1375/1925 961/1349/1925
f 968/1374/1926 961/1349/1926 960/1350/1926
f 903/1237/1927 902/1372/1927 904/1238/1927
f 962/1351/1928 955/1344/1928 963/1328/1928
f 906/1362/1929 901/1364/1929 910/1363/1929
f 1013/1368/1930 961/1349/1930 969/1375/1930
f 15/36/1931 873/1376/1931 28/37/1931
f 911/1361/1932 914/1188/1932 912/1190/1932
f 954/94/1933 949/1377/1933 1002/1356/1933
f 966/1378/1934 969/1375/1934 968/1374/1934
f 970/1379/1935 973/1380/1935 966/1378/1935
f 910/1363/1936 901/1364/1936 908/1365/1936
f 976/1381/1937 970/1379/1937 929/1382/1937
f 945/1383/1938 942/1384/1938 943/1385/1938
f 948/1343/1939 1002/1356/1939 949/1377/1939
f 933/1386/1940 976/1381/1940 929/1382/1940
f 1010/1274/1941 1013/1368/1941 969/1375/1941
f 968/1374/1942 916/1293/1942 970/1379/1942
f 953/58/1943 58/87/1943 954/94/1943
f 905/100/1944 951/96/1944 24/84/1944
f 973/1380/1945 970/1379/1945 976/1381/1945
f 954/94/1946 59/95/1946 949/1377/1946
f 947/1370/1947 898/1187/1947 900/1371/1947
f 1007/41/1948 953/58/1948 999/1387/1948
f 967/1388/1949 975/1389/1949 1051/1390/1949
f 1018/1348/1950 1013/1368/1950 1017/1352/1950
f 967/1388/1951 969/1375/1951 966/1378/1951
f 1072/1262/1952 1140/1243/1952 1131/1208/1952
f 28/37/1953 873/1376/1953 872/1193/1953
f 932/1391/1954 977/1392/1954 933/1386/1954
f 947/1370/1955 941/1393/1955 898/1187/1955
f 903/1237/1956 951/96/1956 902/1372/1956
f 1051/1390/1957 1046/1213/1957 1054/1215/1957
f 971/1394/1958 973/1380/1958 974/1395/1958
f 950/1334/1959 951/96/1959 903/1237/1959
f 967/1388/1960 1010/1274/1960 969/1375/1960
f 873/1376/1961 870/1194/1961 872/1193/1961
f 977/1392/1962 971/1394/1962 976/1381/1962
f 1008/1316/1963 999/1387/1963 1001/1396/1963
f 1001/1396/1964 953/58/1964 954/94/1964
f 950/1334/1965 948/1343/1965 949/1377/1965
f 998/1397/1966 999/1387/1966 1008/1316/1966
f 1002/1356/1967 1008/1316/1967 1001/1396/1967
f 1034/1270/1968 1010/1274/1968 1038/1277/1968
f 967/1388/1969 966/1378/1969 973/1380/1969
f 1001/1396/1970 954/94/1970 1002/1356/1970
f 56/42/1971 1009/1398/1971 1095/1399/1971
f 1038/1277/1972 1010/1274/1972 967/1388/1972
f 1009/1398/1973 1007/41/1973 1000/1400/1973
f 1096/1336/1974 1000/1400/1974 1003/1290/1974
f 973/1380/1975 976/1381/1975 974/1395/1975
f 1051/1390/1976 975/1389/1976 1041/1401/1976
f 1000/1400/1977 998/1397/1977 1004/1291/1977
f 949/1377/1978 59/95/1978 951/96/1978
f 1095/1399/1979 75/31/1979 56/42/1979
f 973/1380/1980 971/1394/1980 975/1389/1980
f 970/1379/1981 966/1378/1981 968/1374/1981
f 867/1282/1982 865/1252/1982 1/12/1982
f 898/1187/1983 691/875/1983 899/1373/1983
f 1118/1402/1984 867/1282/1984 1/12/1984
f 970/1379/1985 916/1293/1985 928/1295/1985
f 1096/1336/1986 1095/1399/1986 1009/1398/1986
f 1095/1399/1987 72/32/1987 75/31/1987
f 1041/1401/1988 975/1389/1988 971/1394/1988
f 973/1380/1989 975/1389/1989 967/1388/1989
f 1057/1403/1990 1132/1210/1990 1129/1283/1990
f 892/1404/1991 698/883/1991 682/855/1991
f 1051/1390/1992 1038/1277/1992 967/1388/1992
f 1097/49/1993 1093/1320/1993 1/12/1993
f 1093/1312/1994 72/32/1994 1094/1339/1994
f 1046/1213/1995 1041/1401/1995 1044/1405/1995
f 1049/1231/1996 1123/1406/1996 1048/1276/1996
f 1046/1213/1997 1051/1390/1997 1041/1401/1997
f 1103/1313/1998 1094/1339/1998 1096/1336/1998
f 932/1391/1999 931/1407/1999 938/1408/1999
f 897/1409/2000 892/1404/2000 682/855/2000
f 1096/1336/2001 1009/1398/2001 1000/1400/2001
f 979/1410/2002 934/1411/2002 938/1408/2002
f 934/1411/2003 932/1391/2003 938/1408/2003
f 1007/41/2004 998/1397/2004 1000/1400/2004
f 885/1412/2005 887/1413/2005 889/1414/2005
f 1036/1287/2006 1048/1276/2006 1033/1415/2006
f 890/1416/2007 935/1417/2007 931/1407/2007
f 896/1418/2008 897/1409/2008 682/855/2008
f 1055/1214/2009 1053/1229/2009 1052/1232/2009
f 1094/1339/2010 1095/1399/2010 1096/1336/2010
f 1114/1234/2011 1113/1275/2011 1116/1285/2011
f 1113/1275/2012 1117/1201/2012 1116/1285/2012
f 886/1419/2013 887/1413/2013 931/1407/2013
f 887/1413/2014 890/1416/2014 931/1407/2014
f 1094/1339/2015 72/32/2015 1095/1399/2015
f 1051/1390/2016 1054/1215/2016 1038/1277/2016
f 686/876/2017 896/1418/2017 682/855/2017
f 998/1397/2018 1008/1316/2018 1004/1291/2018
f 1034/1270/2019 1037/1420/2019 1036/1287/2019
f 890/1416/2020 893/1070/2020 891/1421/2020
f 1047/1207/2021 1031/1206/2021 1033/1415/2021
f 1097/38/2022 72/32/2022 1093/1312/2022
f 1003/1290/2023 1000/1400/2023 1004/1291/2023
f 890/1416/2024 887/1413/2024 893/1070/2024
f 989/1422/2025 2919/1423/2025 990/1424/2025
f 937/1425/2026 890/1416/2026 891/1421/2026
f 937/1425/2027 891/1421/2027 895/1426/2027
f 990/1424/2028 2919/1423/2028 1090/1427/2028
f 937/1425/2029 935/1417/2029 890/1416/2029
f 979/1410/2030 932/1391/2030 934/1411/2030
f 1055/1214/2031 1046/1213/2031 1044/1286/2031
f 1040/1263/2032 1036/1287/2032 1033/1415/2032
f 990/1424/2033 1083/1223/2033 1089/1428/2033
f 1048/1276/2034 1052/1232/2034 1049/1231/2034
f 980/1429/2035 938/1408/2035 936/1430/2035
f 885/1412/2036 675/1059/2036 678/1069/2036
f 935/1417/2037 938/1408/2037 931/1407/2037
f 937/1425/2038 895/1426/2038 936/1430/2038
f 1090/1427/2039 2919/1423/2039 2946/1431/2039
f 895/1426/2040 891/1421/2040 892/1404/2040
f 936/1430/2041 935/1417/2041 937/1425/2041
f 679/1067/2042 698/883/2042 893/1070/2042
f 891/1421/2043 893/1070/2043 892/1404/2043
f 930/1432/2044 933/1386/2044 929/1382/2044
f 892/1404/2045 893/1070/2045 698/883/2045
f 990/1424/2046 1090/1427/2046 1083/1223/2046
f 938/1408/2047 935/1417/2047 936/1430/2047
f 1092/1254/2048 1083/1223/2048 1090/1427/2048
f 928/1295/2049 930/1432/2049 929/1382/2049
f 893/1070/2050 885/1412/2050 678/1069/2050
f 926/1433/2051 888/1434/2051 930/1432/2051
f 887/1413/2052 885/1412/2052 893/1070/2052
f 889/1414/2053 887/1413/2053 886/1419/2053
f 886/1419/2054 888/1434/2054 889/1414/2054
f 926/1433/2055 863/1148/2055 883/947/2055
f 942/1384/2056 945/1383/2056 989/1422/2056
f 926/1433/2057 883/947/2057 888/1434/2057
f 930/1432/2058 888/1434/2058 886/1419/2058
f 927/1435/2059 882/1300/2059 884/1318/2059
f 1120/1299/2060 1124/1197/2060 1050/1228/2060
f 888/1434/2061 885/1412/2061 889/1414/2061
f 927/1435/2062 884/1318/2062 926/1433/2062
f 886/1419/2063 931/1407/2063 930/1432/2063
f 1124/1197/2064 1123/1406/2064 1049/1231/2064
f 1111/1338/2065 1117/1201/2065 1113/1275/2065
f 927/1435/2066 928/1295/2066 882/1300/2066
f 933/1386/2067 930/1432/2067 932/1391/2067
f 1050/1228/2068 1124/1197/2068 1049/1231/2068
f 977/1392/2069 932/1391/2069 978/1436/2069
f 992/1437/2070 997/1438/2070 989/1422/2070
f 1045/1439/2071 1041/1401/2071 1062/1440/2071
f 989/1422/2072 997/1438/2072 942/1384/2072
f 930/1432/2073 927/1435/2073 926/1433/2073
f 928/1295/2074 929/1382/2074 970/1379/2074
f 972/1441/2075 971/1394/2075 977/1392/2075
f 928/1295/2076 927/1435/2076 930/1432/2076
f 1036/1287/2077 1040/1263/2077 1034/1270/2077
f 1073/1289/2078 981/1442/2078 986/1443/2078
f 1040/1263/2079 1032/1265/2079 1034/1270/2079
f 981/1442/2080 982/1444/2080 986/1443/2080
f 1123/1406/2081 1030/1205/2081 1047/1207/2081
f 932/1391/2082 930/1432/2082 931/1407/2082
f 1073/1289/2083 972/1441/2083 981/1442/2083
f 866/1233/2084 1030/1205/2084 1122/1196/2084
f 1037/1420/2085 1034/1270/2085 1038/1277/2085
f 1064/1445/2086 972/1441/2086 1073/1289/2086
f 981/1442/2087 972/1441/2087 978/1436/2087
f 982/1444/2087 981/1442/2087 978/1436/2087
f 978/1436/2088 972/1441/2088 977/1392/2088
f 1070/1288/2089 1058/1446/2089 1073/1289/2089
f 980/1429/2090 979/1410/2090 938/1408/2090
f 978/1436/2091 980/1429/2091 982/1444/2091
f 897/1409/2092 894/1447/2092 892/1404/2092
f 941/1393/2093 896/1418/2093 898/1187/2093
f 1030/1205/2094 1123/1406/2094 1124/1197/2094
f 980/1429/2095 983/1448/2095 982/1444/2095
f 1064/1445/2096 1073/1289/2096 1058/1446/2096
f 941/1393/2097 895/1426/2097 894/1447/2097
f 944/1449/2098 988/1450/2098 939/1451/2098
f 944/1449/2099 939/1451/2099 936/1430/2099
f 979/1410/2100 978/1436/2100 932/1391/2100
f 896/1418/2101 894/1447/2101 897/1409/2101
f 983/1448/2102 980/1429/2102 936/1430/2102
f 941/1393/2103 894/1447/2103 896/1418/2103
f 972/1441/2104 1064/1445/2104 1041/1401/2104
f 1007/41/2105 1009/1398/2105 56/42/2105
f 944/1449/2106 941/1393/2106 947/1370/2106
f 892/1404/2107 894/1447/2107 895/1426/2107
f 1117/1201/2108 1115/1204/2108 1116/1285/2108
f 986/1443/2109 982/1444/2109 983/1448/2109
f 943/1385/2110 944/1449/2110 947/1370/2110
f 980/1429/2111 978/1436/2111 979/1410/2111
f 1122/1196/2112 1030/1205/2112 1124/1197/2112
f 998/1397/2113 1007/41/2113 999/1387/2113
f 1047/1207/2114 1033/1415/2114 1048/1276/2114
f 944/1449/2115 936/1430/2115 895/1426/2115
f 946/1452/2116 943/1385/2116 947/1370/2116
f 933/1386/2117 977/1392/2117 976/1381/2117
f 946/1452/2118 945/1383/2118 943/1385/2118
f 974/1395/2119 976/1381/2119 971/1394/2119
f 1047/1207/2120 1048/1276/2120 1123/1406/2120
f 950/1334/2121 949/1377/2121 951/96/2121
f 895/1426/2122 941/1393/2122 944/1449/2122
f 999/1387/2123 953/58/2123 1001/1396/2123
f 1054/1215/2124 1055/1214/2124 1052/1232/2124
f 1111/1341/2125 866/1192/2125 864/1191/2125
f 989/1422/2126 1089/1428/2126 992/1437/2126
f 1089/1428/2127 989/1422/2127 990/1424/2127
f 995/1453/2128 987/1454/2128 988/1450/2128
f 1086/1221/2129 1089/1428/2129 1088/1259/2129
f 1038/1277/2130 1036/1287/2130 1037/1420/2130
f 944/1449/2131 943/1385/2131 940/1455/2131
f 1071/1266/2132 1069/1257/2132 1073/1289/2132
f 1111/1338/2133 1112/1202/2133 1117/1201/2133
f 1031/1206/2134 1116/1285/2134 1040/1263/2134
f 1031/1206/2135 1040/1263/2135 1033/1415/2135
f 1083/1223/2136 1088/1259/2136 1089/1428/2136
f 896/1418/2137 686/876/2137 898/1187/2137
f 1142/1456/2138 1091/1255/2138 2987/1457/2138
f 1039/1264/2139 1116/1285/2139 1115/1204/2139
f 996/1458/2140 987/1454/2140 995/1453/2140
f 993/1459/2141 987/1454/2141 996/1458/2141
f 1040/1263/2142 1116/1285/2142 1039/1264/2142
f 993/1459/2143 992/1437/2143 1089/1428/2143
f 1086/1221/2144 985/1460/2144 994/1461/2144
f 994/1461/2145 985/1460/2145 987/1454/2145
f 1089/1428/2146 994/1461/2146 993/1459/2146
f 985/1460/2147 1086/1221/2147 1071/1266/2147
f 1138/1260/2148 1139/1200/2148 1142/1456/2148
f 992/1462/2149 993/1463/2149 991/1464/2149
f 877/1225/2150 880/1176/2150 878/1226/2150
f 995/1453/2151 988/1450/2151 944/1449/2151
f 877/1465/2152 879/1466/2152 880/1467/2152
f 991/1468/2153 997/1438/2153 992/1437/2153
f 1089/1428/2154 1086/1221/2154 994/1461/2154
f 1067/1366/2155 1050/1228/2155 1043/1230/2155
f 1138/1260/2156 1137/1247/2156 1135/1198/2156
f 2987/1457/2157 1091/1255/2157 2949/1469/2157
f 983/1448/2158 984/1470/2158 985/1460/2158
f 1044/1286/2159 1042/1367/2159 1043/1230/2159
f 1067/1366/2160 1045/1471/2160 1060/1472/2160
f 1042/1367/2161 1045/1471/2161 1067/1366/2161
f 984/1470/2162 939/1451/2162 988/1450/2162
f 1044/1473/2163 1043/1474/2163 1053/1475/2163
f 870/1194/2164 881/1476/2164 875/1258/2164
f 993/1459/2165 996/1458/2165 991/1468/2165
f 997/1438/2166 996/1458/2166 995/1453/2166
f 987/1454/2167 985/1460/2167 984/1470/2167
f 926/1433/2168 884/1318/2168 863/1148/2168
f 997/1438/2169 940/1455/2169 942/1384/2169
f 1091/1255/2170 1080/1211/2170 1083/1223/2170
f 1129/1283/2171 1127/1284/2171 1126/1477/2171
f 993/1459/2172 994/1461/2172 987/1454/2172
f 991/1468/2173 996/1458/2173 997/1438/2173
f 942/1384/2174 940/1455/2174 943/1385/2174
f 885/1412/2175 674/946/2175 675/1059/2175
f 1/12/2176 865/1252/2176 868/1251/2176
f 1143/1478/2177 868/1251/2177 1138/1479/2177
f 1143/1480/2178 1138/1260/2178 1142/1456/2178
f 1071/1266/2179 1073/1289/2179 985/1460/2179
f 995/1453/2180 944/1449/2180 940/1455/2180
f 1073/1289/2181 986/1443/2181 985/1460/2181
f 671/1146/2182 878/1226/2182 880/1176/2182
f 983/1448/2183 939/1451/2183 984/1470/2183
f 1/12/2184 866/1192/2184 1118/1402/2184
f 1064/1445/2185 1062/1440/2185 1041/1401/2185
f 1065/1481/2186 1059/1482/2186 1066/1483/2186
f 995/1453/2187 940/1455/2187 997/1438/2187
f 987/1454/2188 984/1470/2188 988/1450/2188
f 936/1430/2189 939/1451/2189 983/1448/2189
f 1128/1484/2190 1119/1248/2190 1120/1299/2190
f 863/1148/2191 884/1318/2191 671/1146/2191
f 983/1448/2192 985/1460/2192 986/1443/2192
f 1130/1279/2193 1132/1210/2193 1057/1403/2193
f 1065/1481/2194 1057/1403/2194 1126/1477/2194
f 1062/1440/2195 1064/1445/2195 1056/1485/2195
f 888/1434/2196 883/947/2196 885/1412/2196
f 1119/1248/2197 1122/1196/2197 1121/1195/2197
f 1091/1255/2198 1142/1456/2198 1139/1200/2198
f 1061/1268/2199 1066/1483/2199 1063/1486/2199
f 1041/1401/2200 1045/1439/2200 1044/1405/2200
f 877/1225/2201 875/1258/2201 879/1487/2201
f 883/947/2202 674/946/2202 885/1412/2202
f 1044/1405/2203 1045/1439/2203 1042/1367/2203
f 1127/1488/2204 1133/1281/2204 867/1282/2204
f 1065/1481/2205 1050/1228/2205 1067/1366/2205
f 1063/1486/2206 1075/1489/2206 1061/1268/2206
f 1057/1403/2207 1066/1483/2207 1061/1268/2207
f 1076/1239/2208 1058/1446/2208 1070/1288/2208
f 1065/1481/2209 1066/1483/2209 1057/1403/2209
f 875/1258/2210 881/1476/2210 879/1487/2210
f 1056/1485/2211 1064/1445/2211 1063/1486/2211
f 1125/1490/2212 1118/1249/2212 1119/1248/2212
f 1075/1489/2213 1076/1239/2213 1061/1268/2213
f 1128/1484/2214 867/1491/2214 1119/1248/2214
f 1128/1484/2215 1065/1481/2215 1126/1477/2215
f 1138/1479/2216 868/1251/2216 1137/1253/2216
f 1130/1279/2217 1057/1403/2217 1061/1268/2217
f 1125/1492/2218 867/1282/2218 1118/1402/2218
f 1056/1485/2219 1060/1493/2219 1062/1440/2219
f 1059/1482/2220 1056/1485/2220 1066/1483/2220
f 1119/1248/2221 867/1491/2221 1125/1490/2221
f 1063/1486/2222 1064/1445/2222 1058/1446/2222
f 1056/1485/2223 1059/1482/2223 1060/1493/2223
f 1067/1494/2224 1060/1495/2224 1059/1496/2224
f 1127/1284/2225 867/1491/2225 1126/1477/2225
f 1091/1255/2226 1139/1200/2226 1080/1211/2226
f 1126/1477/2227 1057/1403/2227 1129/1283/2227
f 1058/1446/2228 1075/1489/2228 1063/1486/2228
f 1120/1299/2229 1050/1228/2229 1128/1484/2229
f 1113/1497/2230 866/1192/2230 1111/1341/2230
f 1041/1401/2231 971/1394/2231 972/1441/2231
f 1066/1483/2232 1056/1485/2232 1063/1486/2232
f 1076/1239/2233 1075/1489/2233 1058/1446/2233
f 1067/1366/2234 1059/1482/2234 1065/1481/2234
f 1128/1484/2235 1126/1477/2235 867/1491/2235
f 1050/1228/2236 1065/1481/2236 1128/1484/2236
f 1060/1498/2237 1045/1499/2237 1062/1500/2237
f 1179/1501/2238 3497/1502/2238 1205/1503/2238
f 1181/1504/2239 1179/1501/2239 1205/1503/2239
f 1609/1505/2240 1618/1506/2240 1617/1507/2240
f 1168/1508/2241 1176/1509/2241 1170/1510/2241
f 1168/1508/2242 1182/1511/2242 1176/1509/2242
f 1185/1512/2243 1183/1513/2243 1181/1504/2243
f 1173/1514/2244 1184/1515/2244 1185/1512/2244
f 1180/1516/2245 1169/1517/2245 1170/1510/2245
f 1183/1513/2246 1180/1516/2246 1170/1510/2246
f 1439/1518/2247 1617/1507/2247 1618/1506/2247
f 1823/1519/2248 1825/1520/2248 1826/1521/2248
f 1440/1522/2249 1617/1507/2249 1441/1523/2249
f 1174/1524/2250 1169/1517/2250 1180/1516/2250
f 1184/1515/2251 1183/1513/2251 1185/1512/2251
f 1184/1515/2252 1180/1516/2252 1183/1513/2252
f 1814/1525/2253 1822/1526/2253 1824/1527/2253
f 1169/1517/2254 1177/1528/2254 1172/1529/2254
f 1822/1526/2255 1819/1530/2255 1821/1531/2255
f 1169/1517/2256 1172/1529/2256 1170/1510/2256
f 1183/1513/2257 1176/1509/2257 1181/1504/2257
f 1179/1501/2258 1181/1504/2258 1176/1509/2258
f 1762/1532/2259 1822/1526/2259 1814/1525/2259
f 1605/1533/2260 1611/1534/2260 1619/1535/2260
f 1162/1536/2261 1172/1529/2261 1163/1537/2261
f 1588/1538/2262 1590/1539/2262 1589/1540/2262
f 1605/1533/2263 1619/1535/2263 1616/1541/2263
f 1153/1542/2264 1155/1543/2264 1164/1544/2264
f 1183/1513/2265 1170/1510/2265 1176/1509/2265
f 1163/1537/2266 1164/1544/2266 1167/1545/2266
f 1162/1536/2267 1168/1508/2267 1172/1529/2267
f 1166/1546/2268 1167/1545/2268 1165/1547/2268
f 1645/1548/2269 1627/1549/2269 1472/1550/2269
f 1439/1518/2270 1441/1523/2270 1617/1507/2270
f 4691/1551/2271 1182/1511/2271 1168/1508/2271
f 1820/1552/2272 1825/1553/2272 3835/1554/2272
f 1168/1508/2273 1171/1555/2273 4691/1551/2273
f 1590/1539/2274 1588/1538/2274 1594/1556/2274
f 1175/1557/2275 1177/1528/2275 1169/1517/2275
f 1163/1537/2276 1172/1529/2276 1177/1528/2276
f 1155/1543/2277 1156/1558/2277 1165/1547/2277
f 1167/1545/2278 1164/1544/2278 1155/1543/2278
f 1166/1546/2279 1171/1555/2279 1162/1536/2279
f 1630/1559/2280 1649/1560/2280 1648/1561/2280
f 1155/1543/2281 1165/1547/2281 1167/1545/2281
f 1472/1550/2282 1627/1549/2282 1635/1562/2282
f 1451/1563/2283 1479/1564/2283 1474/1565/2283
f 1171/1555/2284 1168/1508/2284 1162/1536/2284
f 1720/1566/2285 1730/1567/2285 1731/1568/2285
f 1168/1508/2286 1170/1510/2286 1172/1529/2286
f 1818/1569/2287 1762/1570/2287 1766/1571/2287
f 1818/1569/2288 1766/1571/2288 1764/1572/2288
f 1824/1527/2289 1821/1531/2289 2100/1573/2289
f 1149/1574/2290 1153/1542/2290 1164/1544/2290
f 1765/1575/2291 1763/1576/2291 1654/1577/2291
f 1163/1537/2292 1167/1545/2292 1162/1536/2292
f 1823/1578/2293 1670/1579/2293 1671/1580/2293
f 1642/1581/2294 1644/1582/2294 1647/1583/2294
f 1177/1528/2295 1160/1584/2295 1163/1537/2295
f 1827/1585/2296 1767/1586/2296 1656/1587/2296
f 1160/1584/2297 1164/1544/2297 1163/1537/2297
f 1167/1545/2298 1166/1546/2298 1162/1536/2298
f 1750/1588/2299 1755/1589/2299 1754/1590/2299
f 1744/1591/2300 1811/1592/2300 1812/1593/2300
f 1826/1594/2301 1825/1595/2301 1820/1596/2301
f 1818/1597/2302 1764/1598/2302 1767/1586/2302
f 1728/1599/2303 1750/1588/2303 1754/1590/2303
f 1651/1600/2304 1477/1601/2304 1672/1602/2304
f 1809/1603/2305 1806/1604/2305 1744/1591/2305
f 1809/1603/2306 1744/1591/2306 1812/1593/2306
f 3835/1605/2307 1817/1606/2307 1820/1607/2307
f 1821/1531/2308 1817/1606/2308 2140/1608/2308
f 1817/1606/2309 1818/1609/2309 1820/1607/2309
f 1817/1606/2310 1819/1530/2310 1818/1609/2310
f 1730/1567/2311 1750/1588/2311 1728/1599/2311
f 1757/1610/2312 1760/1611/2312 1813/1612/2312
f 1826/1613/2313 1670/1614/2313 1823/1615/2313
f 1781/1616/2314 1779/1617/2314 1689/1618/2314
f 1813/1612/2315 1814/1525/2315 1815/1619/2315
f 1824/1527/2316 1822/1526/2316 1821/1531/2316
f 1827/1585/2317 1826/1620/2317 1820/1621/2317
f 1767/1586/2318 1827/1585/2318 1820/1621/2318
f 1819/1622/2319 1762/1623/2319 1818/1624/2319
f 1815/1619/2320 1812/1593/2320 1811/1592/2320
f 1762/1623/2321 1819/1622/2321 1822/1625/2321
f 1815/1619/2322 1811/1592/2322 1813/1612/2322
f 1812/1593/2323 1815/1619/2323 1816/1626/2323
f 1817/1606/2324 1821/1531/2324 1819/1530/2324
f 1760/1627/2325 1766/1628/2325 1762/1629/2325
f 1820/1630/2326 1818/1631/2326 1767/1632/2326
f 1765/1575/2327 1654/1577/2327 1767/1586/2327
f 1767/1586/2328 1654/1577/2328 1656/1587/2328
f 1669/1633/2329 1671/1580/2329 1653/1634/2329
f 1765/1575/2330 1767/1586/2330 1764/1598/2330
f 1592/1635/2331 1593/1636/2331 1599/1637/2331
f 1814/1525/2332 1824/1527/2332 1815/1619/2332
f 2100/1573/2333 1815/1619/2333 1824/1527/2333
f 1764/1598/2334 1766/1628/2334 1761/1638/2334
f 1760/1639/2335 1761/1640/2335 1766/1641/2335
f 1752/1642/2336 1765/1575/2336 1761/1638/2336
f 1753/1643/2337 1761/1638/2337 1758/1644/2337
f 1760/1611/2338 1814/1525/2338 1813/1612/2338
f 1758/1644/2339 1760/1645/2339 1757/1646/2339
f 1763/1576/2340 1637/1647/2340 1654/1577/2340
f 1814/1648/2341 1760/1649/2341 1762/1650/2341
f 3718/1651/2342 1673/1652/2342 1672/1602/2342
f 1760/1645/2343 1758/1644/2343 1761/1638/2343
f 1752/1642/2344 1763/1576/2344 1765/1575/2344
f 1810/1653/2345 2096/1654/2345 1804/1655/2345
f 1761/1638/2346 1765/1575/2346 1764/1598/2346
f 1748/1656/2347 1753/1643/2347 1759/1657/2347
f 1809/1603/2348 1812/1593/2348 1816/1626/2348
f 1808/1658/2349 1806/1604/2349 1804/1655/2349
f 2096/1654/2350 1807/1659/2350 1804/1655/2350
f 1474/1660/2351 1477/1601/2351 1466/1661/2351
f 1589/1540/2352 1591/1662/2352 1600/1663/2352
f 1739/1664/2353 1749/1665/2353 1744/1591/2353
f 1758/1666/2354 1759/1667/2354 1753/1668/2354
f 1809/1603/2355 1829/1669/2355 1804/1655/2355
f 1752/1642/2356 1753/1643/2356 1751/1670/2356
f 1324/1671/2357 1325/1672/2357 1410/1673/2357
f 1758/1674/2358 1756/1675/2358 1743/1676/2358
f 1366/1677/2359 1368/1678/2359 1358/1679/2359
f 1804/1655/2360 1806/1604/2360 1809/1603/2360
f 1406/1680/2361 1410/1673/2361 1268/1681/2361
f 1749/1665/2362 1811/1592/2362 1744/1591/2362
f 1751/1670/2363 1753/1643/2363 1748/1656/2363
f 1739/1664/2364 1738/1682/2364 1740/1683/2364
f 1375/1684/2365 1368/1678/2365 1366/1677/2365
f 1264/1685/2366 1325/1672/2366 4175/1686/2366
f 1591/1662/2367 1590/1539/2367 1751/1670/2367
f 1751/1670/2368 1748/1656/2368 1591/1662/2368
f 1590/1539/2369 1591/1662/2369 1589/1540/2369
f 1256/1687/2370 1325/1672/2370 1264/1685/2370
f 1756/1688/2371 1749/1665/2371 1742/1689/2371
f 2096/1654/2372 1805/1690/2372 1807/1659/2372
f 1362/1691/2373 1358/1679/2373 1365/1692/2373
f 1409/1693/2374 1406/1680/2374 1408/1694/2374
f 1763/1576/2375 1590/1539/2375 1637/1647/2375
f 1365/1692/2376 1361/1695/2376 1362/1691/2376
f 1324/1671/2377 4175/1686/2377 1325/1672/2377
f 1328/1696/2378 1264/1685/2378 4175/1686/2378
f 1590/1539/2379 1763/1576/2379 1752/1642/2379
f 1761/1638/2380 1753/1643/2380 1752/1642/2380
f 1409/1693/2381 1482/1697/2381 1410/1673/2381
f 1409/1693/2382 1410/1673/2382 1406/1680/2382
f 1740/1683/2383 1742/1689/2383 1749/1665/2383
f 1405/1698/2384 1482/1697/2384 1409/1693/2384
f 1756/1699/2385 1758/1700/2385 1757/1701/2385
f 1362/1691/2386 1234/1702/2386 1358/1679/2386
f 4202/1703/2387 4173/1704/2387 1324/1671/2387
f 1232/1705/2388 1229/1706/2388 1231/1707/2388
f 2063/1708/2389 1803/1709/2389 1805/1690/2389
f 1410/1673/2390 4202/1703/2390 1324/1671/2390
f 1268/1681/2391 1410/1673/2391 1325/1672/2391
f 1483/1710/2392 4202/1703/2392 1482/1697/2392
f 1740/1683/2393 1749/1665/2393 1739/1664/2393
f 1365/1692/2394 1358/1679/2394 1368/1678/2394
f 1405/1698/2395 1484/1711/2395 1483/1710/2395
f 1268/1681/2396 1325/1672/2396 1256/1687/2396
f 1257/1712/2397 1256/1687/2397 1264/1685/2397
f 1262/1713/2398 1269/1714/2398 1261/1715/2398
f 1257/1712/2399 1259/1716/2399 1268/1681/2399
f 1261/1717/2400 1266/1718/2400 1262/1719/2400
f 1404/1720/2401 1412/1721/2401 1259/1722/2401
f 4202/1703/2402 1410/1673/2402 1482/1697/2402
f 1405/1698/2403 1483/1710/2403 1482/1697/2403
f 1255/1723/2404 1269/1724/2404 1262/1725/2404
f 1408/1694/2405 1406/1680/2405 1412/1726/2405
f 1404/1720/2406 1403/1727/2406 1400/1728/2406
f 1264/1685/2407 1328/1696/2407 1255/1729/2407
f 1255/1730/2408 1146/1731/2408 1267/1732/2408
f 1260/1733/2409 1255/1729/2409 1262/1719/2409
f 1277/1734/2410 1278/1735/2410 1276/1736/2410
f 1260/1733/2411 1264/1685/2411 1255/1729/2411
f 1327/1737/2412 1328/1696/2412 1326/1738/2412
f 1273/1739/2413 1258/1740/2413 1261/1715/2413
f 1257/1712/2414 1264/1685/2414 1260/1733/2414
f 1258/1740/2415 1273/1739/2415 1274/1741/2415
f 1277/1734/2416 1267/1732/2416 1146/1731/2416
f 1257/1742/2417 1266/1743/2417 1265/1744/2417
f 1412/1721/2418 1404/1720/2418 1400/1728/2418
f 1259/1716/2419 1257/1712/2419 1265/1745/2419
f 1260/1746/2420 1262/1747/2420 1266/1748/2420
f 1263/1749/2421 1411/1750/2421 1404/1720/2421
f 1255/1730/2422 1267/1732/2422 1269/1714/2422
f 1268/1681/2423 1256/1687/2423 1257/1712/2423
f 1261/1715/2424 1269/1714/2424 1276/1736/2424
f 1259/1722/2425 1265/1744/2425 1263/1749/2425
f 1257/1712/2426 1260/1733/2426 1266/1718/2426
f 1412/1726/2427 1268/1681/2427 1259/1716/2427
f 1263/1749/2428 1258/1740/2428 1274/1741/2428
f 1148/1751/2429 1277/1734/2429 1146/1731/2429
f 1258/1740/2430 1266/1743/2430 1261/1715/2430
f 1404/1720/2431 1259/1722/2431 1263/1749/2431
f 1406/1680/2432 1268/1681/2432 1412/1726/2432
f 1276/1736/2433 1267/1732/2433 1277/1734/2433
f 1255/1729/2434 1328/1696/2434 1327/1737/2434
f 1269/1714/2435 1267/1732/2435 1276/1736/2435
f 1273/1739/2436 1272/1752/2436 1274/1741/2436
f 1411/1750/2437 1270/1753/2437 1407/1754/2437
f 1283/1755/2438 1280/1756/2438 1275/1757/2438
f 1277/1734/2439 1148/1751/2439 1278/1735/2439
f 1272/1752/2440 1279/1758/2440 1282/1759/2440
f 1281/1760/2441 1270/1753/2441 1274/1741/2441
f 1275/1757/2442 1276/1736/2442 1278/1735/2442
f 1281/1760/2443 1274/1741/2443 1272/1752/2443
f 1274/1741/2444 1411/1750/2444 1263/1749/2444
f 1433/1761/2445 1427/1762/2445 1434/1763/2445
f 1411/1750/2446 1274/1741/2446 1270/1753/2446
f 1429/1764/2447 1427/1762/2447 1433/1761/2447
f 1226/1765/2448 1430/1766/2448 1282/1759/2448
f 1434/1763/2449 1427/1762/2449 1418/1767/2449
f 1272/1752/2450 1280/1756/2450 1279/1758/2450
f 1282/1759/2451 1430/1766/2451 1281/1760/2451
f 1282/1759/2452 1279/1758/2452 1226/1765/2452
f 1404/1720/2453 1411/1750/2453 1407/1754/2453
f 1433/1761/2454 1435/1768/2454 1345/1769/2454
f 1279/1758/2455 1280/1756/2455 1283/1755/2455
f 1407/1754/2456 1435/1768/2456 1434/1763/2456
f 1341/1770/2457 1429/1764/2457 1433/1761/2457
f 1341/1770/2458 1433/1761/2458 1345/1769/2458
f 1434/1763/2459 1403/1727/2459 1407/1754/2459
f 1272/1752/2460 1273/1739/2460 1280/1756/2460
f 1275/1757/2461 1278/1735/2461 1157/1771/2461
f 1280/1756/2462 1276/1736/2462 1275/1757/2462
f 1403/1727/2463 1404/1720/2463 1407/1754/2463
f 1281/1760/2464 1272/1752/2464 1282/1759/2464
f 1430/1766/2465 1435/1768/2465 1281/1760/2465
f 1407/1754/2466 1270/1753/2466 1435/1768/2466
f 1433/1761/2467 1434/1763/2467 1435/1768/2467
f 1226/1765/2468 1279/1758/2468 1223/1772/2468
f 1289/1773/2469 1283/1755/2469 1275/1757/2469
f 1280/1756/2470 1273/1739/2470 1276/1736/2470
f 1435/1768/2471 1270/1753/2471 1281/1760/2471
f 1147/1774/2472 1327/1737/2472 1218/1775/2472
f 1429/1764/2473 1341/1770/2473 1431/1776/2473
f 4835/1777/2474 1159/1778/2474 1144/1779/2474
f 1161/1780/2475 1159/1778/2475 4835/1777/2475
f 1326/1738/2476 1218/1775/2476 1327/1737/2476
f 1275/1757/2477 1157/1771/2477 1271/1781/2477
f 1615/1782/2478 1601/1783/2478 1616/1541/2478
f 1271/1781/2479 1289/1773/2479 1275/1757/2479
f 1152/1784/2480 1154/1785/2480 1145/1786/2480
f 1145/1787/2481 1151/1788/2481 1217/1789/2481
f 1144/1779/2482 1152/1784/2482 1145/1786/2482
f 1255/1790/2483 1147/1791/2483 1146/1731/2483
f 1218/1775/2484 4112/1792/2484 1217/1793/2484
f 1150/1794/2485 1153/1542/2485 1149/1574/2485
f 1435/1768/2486 1430/1766/2486 1345/1769/2486
f 1147/1774/2487 1218/1775/2487 1217/1793/2487
f 1217/1793/2488 1216/1795/2488 1144/1796/2488
f 1217/1793/2489 1215/1797/2489 1216/1795/2489
f 1460/1798/2490 1447/1799/2490 1455/1800/2490
f 1151/1801/2491 1146/1731/2491 1147/1791/2491
f 1152/1784/2492 1144/1779/2492 1159/1778/2492
f 1327/1737/2493 1147/1774/2493 1255/1729/2493
f 1405/1698/2494 1480/1802/2494 1484/1711/2494
f 1400/1728/2495 1403/1727/2495 1420/1803/2495
f 1152/1784/2496 1158/1804/2496 1156/1558/2496
f 1158/1804/2497 1165/1547/2497 1156/1558/2497
f 1151/1801/2498 1145/1805/2498 1154/1785/2498
f 1417/1806/2499 1400/1728/2499 1420/1803/2499
f 1480/1802/2500 1481/1807/2500 1484/1711/2500
f 4835/1777/2501 1144/1779/2501 1216/1808/2501
f 1151/1801/2502 1154/1785/2502 1150/1794/2502
f 1480/1802/2503 1405/1698/2503 1401/1809/2503
f 1151/1801/2504 1150/1794/2504 1148/1751/2504
f 1156/1558/2505 1153/1542/2505 1154/1785/2505
f 1414/1810/2506 1415/1811/2506 1516/1812/2506
f 1217/1793/2507 1144/1796/2507 1145/1813/2507
f 1480/1802/2508 1401/1809/2508 1414/1810/2508
f 1153/1542/2509 1156/1558/2509 1155/1543/2509
f 1156/1558/2510 1154/1785/2510 1152/1784/2510
f 1151/1801/2511 1147/1791/2511 1217/1814/2511
f 1149/1574/2512 1278/1735/2512 1150/1794/2512
f 1152/1784/2513 1159/1778/2513 1158/1804/2513
f 1150/1794/2514 1278/1735/2514 1148/1751/2514
f 1157/1771/2515 1278/1735/2515 1149/1574/2515
f 1146/1731/2516 1151/1801/2516 1148/1751/2516
f 1154/1785/2517 1153/1542/2517 1150/1794/2517
f 1401/1809/2518 1415/1811/2518 1414/1810/2518
f 1158/1804/2519 1159/1778/2519 1161/1780/2519
f 1516/1812/2520 1664/1815/2520 1414/1810/2520
f 1409/1693/2521 1401/1809/2521 1405/1698/2521
f 4250/1816/2522 1481/1807/2522 1480/1802/2522
f 1402/1817/2523 1408/1694/2523 1400/1818/2523
f 1634/1819/2524 1649/1560/2524 1638/1820/2524
f 1664/1815/2525 1659/1821/2525 1414/1810/2525
f 1668/1822/2526 1667/1823/2526 1666/1824/2526
f 1408/1694/2527 1412/1726/2527 1400/1825/2527
f 1659/1821/2528 4250/1816/2528 1480/1802/2528
f 1413/1826/2529 1402/1817/2529 1522/1827/2529
f 1522/1827/2530 1525/1828/2530 1528/1829/2530
f 1417/1830/2531 1524/1831/2531 1402/1832/2531
f 1524/1833/2532 1522/1834/2532 1402/1835/2532
f 1664/1815/2533 1668/1822/2533 1659/1821/2533
f 1667/1823/2534 1668/1822/2534 1664/1815/2534
f 1401/1836/2535 1402/1837/2535 1415/1838/2535
f 1413/1826/2536 1516/1812/2536 1415/1811/2536
f 1408/1694/2537 1402/1817/2537 1409/1693/2537
f 1525/1839/2538 1522/1834/2538 1524/1833/2538
f 1402/1817/2539 1401/1809/2539 1409/1693/2539
f 1258/1740/2540 1265/1744/2540 1266/1743/2540
f 1400/1840/2541 1417/1806/2541 1402/1841/2541
f 1516/1812/2542 1667/1823/2542 1664/1815/2542
f 1415/1811/2543 1402/1817/2543 1413/1826/2543
f 1518/1842/2544 1527/1843/2544 1528/1844/2544
f 1662/1845/2545 1666/1824/2545 1521/1846/2545
f 1662/1845/2546 1661/1847/2546 1660/1848/2546
f 1523/1849/2547 1524/1833/2547 1417/1806/2547
f 1528/1829/2548 1511/1850/2548 1413/1826/2548
f 1528/1844/2549 1525/1851/2549 1518/1842/2549
f 1258/1740/2550 1263/1749/2550 1265/1744/2550
f 1525/1839/2551 1524/1833/2551 1523/1849/2551
f 1261/1715/2552 1276/1736/2552 1273/1739/2552
f 1417/1806/2553 1420/1803/2553 1419/1852/2553
f 1418/1767/2554 1403/1727/2554 1434/1763/2554
f 1418/1767/2555 1419/1852/2555 1420/1803/2555
f 1522/1827/2556 1528/1829/2556 1413/1826/2556
f 1665/1853/2557 1663/1854/2557 1510/1855/2557
f 1665/1856/2558 1661/1847/2558 1663/1857/2558
f 1419/1852/2559 1428/1858/2559 1432/1859/2559
f 1428/1858/2560 1419/1852/2560 1418/1767/2560
f 1416/1860/2561 1417/1806/2561 1419/1852/2561
f 1432/1859/2562 1416/1860/2562 1419/1852/2562
f 1523/1849/2563 1417/1806/2563 1416/1860/2563
f 1525/1839/2564 1526/1861/2564 1512/1862/2564
f 1424/1863/2565 1523/1849/2565 1416/1860/2565
f 1424/1863/2566 1547/1864/2566 1526/1861/2566
f 1661/1847/2567 1658/1865/2567 1660/1848/2567
f 1526/1861/2568 1523/1849/2568 1424/1863/2568
f 1526/1861/2569 1525/1839/2569 1523/1849/2569
f 1518/1866/2570 1525/1839/2570 1512/1862/2570
f 1517/1867/2571 1512/1862/2571 1526/1861/2571
f 1551/1868/2572 1512/1862/2572 1517/1867/2572
f 1513/1869/2573 1518/1866/2573 1512/1862/2573
f 1527/1870/2574 1518/1871/2574 1513/1872/2574
f 1547/1864/2575 1517/1867/2575 1526/1861/2575
f 1540/1873/2576 1547/1864/2576 1424/1863/2576
f 1510/1874/2577 1527/1875/2577 1513/1876/2577
f 1432/1859/2578 1428/1858/2578 1425/1877/2578
f 1427/1762/2579 1429/1764/2579 1425/1877/2579
f 1513/1869/2580 1512/1862/2580 1515/1878/2580
f 1515/1878/2581 1512/1862/2581 1551/1868/2581
f 1540/1873/2582 1517/1867/2582 1547/1864/2582
f 1514/1879/2583 1513/1869/2583 1515/1878/2583
f 1538/1880/2584 1517/1867/2584 1540/1873/2584
f 1510/1881/2585 1513/1869/2585 1514/1879/2585
f 1423/1882/2586 1416/1860/2586 1432/1859/2586
f 1431/1776/2587 1425/1877/2587 1429/1764/2587
f 1425/1877/2588 1423/1882/2588 1432/1859/2588
f 1515/1878/2589 1551/1868/2589 1545/1883/2589
f 1551/1868/2590 1517/1867/2590 1538/1880/2590
f 1514/1879/2591 1539/1884/2591 1510/1881/2591
f 1665/1885/2592 1510/1881/2592 1520/1886/2592
f 1341/1770/2593 1340/1887/2593 1431/1776/2593
f 1423/1882/2594 1424/1863/2594 1416/1860/2594
f 1545/1883/2595 1514/1879/2595 1515/1878/2595
f 1545/1883/2596 1551/1868/2596 1538/1880/2596
f 1431/1776/2597 1422/1888/2597 1425/1877/2597
f 1422/1888/2598 1423/1882/2598 1425/1877/2598
f 4425/1889/2599 1666/1824/2599 1662/1845/2599
f 1663/1857/2600 1521/1846/2600 1527/1890/2600
f 1540/1873/2601 1424/1863/2601 1536/1891/2601
f 1521/1846/2602 1663/1857/2602 1662/1845/2602
f 1423/1882/2603 1536/1891/2603 1424/1863/2603
f 1511/1850/2604 1528/1829/2604 1527/1892/2604
f 1511/1850/2605 1516/1812/2605 1413/1826/2605
f 1667/1823/2606 1516/1812/2606 1511/1850/2606
f 1545/1883/2607 1560/1893/2607 1514/1879/2607
f 1554/1894/2608 1539/1884/2608 1557/1895/2608
f 1426/1896/2609 1422/1888/2609 1431/1776/2609
f 1539/1884/2610 1514/1879/2610 1560/1893/2610
f 1521/1846/2611 1667/1823/2611 1511/1850/2611
f 1663/1857/2612 1527/1890/2612 1510/1897/2612
f 1659/1821/2613 1480/1802/2613 1414/1810/2613
f 1510/1881/2614 1539/1884/2614 1554/1894/2614
f 1662/1845/2615 1663/1857/2615 1661/1847/2615
f 1540/1873/2616 1536/1891/2616 1543/1898/2616
f 1521/1846/2617 1511/1850/2617 1527/1892/2617
f 1428/1858/2618 1427/1762/2618 1425/1877/2618
f 1418/1767/2619 1427/1762/2619 1428/1858/2619
f 1550/1899/2620 1520/1886/2620 1554/1894/2620
f 1542/1900/2621 1560/1893/2621 1545/1883/2621
f 1520/1886/2622 1510/1881/2622 1554/1894/2622
f 1557/1895/2623 1539/1884/2623 1560/1893/2623
f 1535/1901/2624 1423/1882/2624 1533/1902/2624
f 4425/1889/2625 1662/1845/2625 1660/1848/2625
f 1559/1903/2626 1545/1883/2626 1543/1898/2626
f 1543/1898/2627 1531/1904/2627 1534/1905/2627
f 1535/1901/2628 1536/1891/2628 1423/1882/2628
f 1666/1824/2629 1667/1823/2629 1521/1846/2629
f 1553/1906/2630 1556/1907/2630 1552/1908/2630
f 1545/1883/2631 1559/1903/2631 1542/1900/2631
f 1531/1904/2632 1536/1891/2632 1535/1901/2632
f 1368/1678/2633 1375/1684/2633 1360/1909/2633
f 1243/1910/2634 1304/1911/2634 1303/1912/2634
f 1546/1913/2635 1535/1901/2635 1533/1902/2635
f 1190/1914/2636 1304/1911/2636 1173/1514/2636
f 1251/1915/2637 1247/1916/2637 1254/1917/2637
f 1247/1916/2638 1241/1918/2638 1243/1910/2638
f 1552/1908/2639 1560/1893/2639 1542/1900/2639
f 1533/1902/2640 1426/1896/2640 1546/1913/2640
f 1367/1919/2641 1348/1920/2641 1365/1692/2641
f 1538/1880/2642 1540/1873/2642 1543/1898/2642
f 1549/1921/2643 1552/1908/2643 1529/1922/2643
f 1542/1900/2644 1559/1903/2644 1552/1908/2644
f 1304/1911/2645 1190/1914/2645 1303/1912/2645
f 1536/1891/2646 1531/1904/2646 1543/1898/2646
f 1556/1907/2647 1560/1893/2647 1552/1908/2647
f 1375/1684/2648 1366/1677/2648 1376/1923/2648
f 1543/1898/2649 1545/1883/2649 1538/1880/2649
f 1369/1924/2650 1247/1916/2650 1246/1925/2650
f 1530/1926/2651 1529/1922/2651 1559/1903/2651
f 1534/1905/2652 1559/1903/2652 1543/1898/2652
f 1365/1692/2653 1368/1678/2653 1367/1919/2653
f 1301/1927/2654 1252/1928/2654 1299/1929/2654
f 1246/1925/2655 1247/1916/2655 1249/1930/2655
f 1529/1922/2656 1552/1908/2656 1559/1903/2656
f 1376/1923/2657 1387/1931/2657 1374/1932/2657
f 1299/1929/2658 1294/1933/2658 1301/1927/2658
f 1534/1905/2659 1530/1926/2659 1559/1903/2659
f 1254/1917/2660 1243/1910/2660 1303/1912/2660
f 1249/1930/2661 1251/1915/2661 1248/1934/2661
f 1376/1923/2662 1366/1677/2662 1246/1925/2662
f 1252/1928/2663 1248/1934/2663 1251/1915/2663
f 1303/1912/2664 1253/1935/2664 1254/1917/2664
f 1556/1907/2665 1557/1895/2665 1560/1893/2665
f 1252/1928/2666 1253/1935/2666 1299/1929/2666
f 1552/1908/2667 1549/1921/2667 1553/1906/2667
f 1254/1917/2668 1247/1916/2668 1243/1910/2668
f 1351/1936/2669 1375/1684/2669 1374/1932/2669
f 1253/1935/2670 1251/1915/2670 1254/1917/2670
f 1249/1930/2671 1390/1937/2671 1388/1938/2671
f 1247/1916/2672 1251/1915/2672 1249/1930/2672
f 1303/1912/2673 1190/1914/2673 1197/1939/2673
f 1299/1929/2674 1197/1939/2674 1302/1940/2674
f 1388/1938/2675 1392/1941/2675 1387/1931/2675
f 1387/1931/2676 1394/1942/2676 1374/1932/2676
f 1390/1937/2677 1249/1930/2677 1248/1934/2677
f 1248/1934/2678 1250/1943/2678 1296/1944/2678
f 1253/1935/2679 1303/1912/2679 1197/1939/2679
f 1393/1945/2680 1388/1938/2680 1390/1937/2680
f 1390/1937/2681 1297/1946/2681 1295/1947/2681
f 1251/1915/2682 1253/1935/2682 1252/1928/2682
f 1387/1931/2683 1376/1923/2683 1388/1938/2683
f 1311/1948/2684 1297/1946/2684 1322/1949/2684
f 1384/1950/2685 1385/1951/2685 1389/1952/2685
f 1297/1946/2686 1298/1953/2686 1322/1949/2686
f 1250/1943/2687 1248/1934/2687 1252/1928/2687
f 1296/1944/2688 1297/1946/2688 1390/1937/2688
f 1392/1941/2689 1394/1942/2689 1387/1931/2689
f 1392/1941/2690 1393/1945/2690 1389/1952/2690
f 1197/1939/2691 1193/1954/2691 1302/1940/2691
f 1298/1953/2692 1250/1943/2692 1301/1927/2692
f 1295/1947/2693 1318/1955/2693 1462/1956/2693
f 1189/1957/2694 1302/1940/2694 1193/1954/2694
f 1315/1958/2695 1298/1953/2695 1300/1959/2695
f 1297/1946/2696 1250/1943/2696 1298/1953/2696
f 1374/1932/2697 1375/1684/2697 1376/1923/2697
f 1323/1960/2698 1322/1949/2698 1298/1953/2698
f 1296/1944/2699 1250/1943/2699 1297/1946/2699
f 1391/1961/2700 1392/1941/2700 1389/1952/2700
f 1393/1945/2701 1370/1962/2701 1389/1952/2701
f 1293/1963/2702 1302/1940/2702 1189/1957/2702
f 1390/1937/2703 1248/1934/2703 1296/1944/2703
f 1301/1927/2704 1250/1943/2704 1252/1928/2704
f 1318/1955/2705 1319/1964/2705 1311/1948/2705
f 1370/1962/2706 1393/1945/2706 1390/1937/2706
f 1313/1965/2707 1300/1959/2707 1213/1966/2707
f 1393/1945/2708 1392/1941/2708 1388/1938/2708
f 1213/1966/2709 1189/1957/2709 1188/1967/2709
f 1436/1968/2710 1384/1950/2710 1389/1952/2710
f 1189/1957/2711 1213/1966/2711 1293/1963/2711
f 1299/1929/2712 1253/1935/2712 1197/1939/2712
f 1302/1940/2713 1294/1933/2713 1299/1929/2713
f 1293/1963/2714 1294/1933/2714 1302/1940/2714
f 1376/1923/2715 1246/1925/2715 1249/1930/2715
f 1313/1965/2716 1315/1958/2716 1300/1959/2716
f 1388/1938/2717 1376/1923/2717 1249/1930/2717
f 1323/1960/2718 1315/1958/2718 1312/1969/2718
f 1370/1962/2719 1390/1937/2719 1295/1947/2719
f 1308/1970/2720 1316/1971/2720 1323/1960/2720
f 1317/1972/2721 1316/1971/2721 1308/1970/2721
f 1311/1948/2722 1319/1964/2722 1297/1946/2722
f 1293/1963/2723 1213/1966/2723 1300/1959/2723
f 1436/1968/2724 1370/1962/2724 1462/1956/2724
f 1322/1949/2725 1316/1971/2725 1311/1948/2725
f 1312/1969/2726 1307/1973/2726 1308/1970/2726
f 1301/1927/2727 1294/1933/2727 1298/1953/2727
f 1300/1959/2728 1294/1933/2728 1293/1963/2728
f 1436/1968/2729 1389/1952/2729 1370/1962/2729
f 1461/1974/2730 1446/1975/2730 1462/1956/2730
f 1318/1955/2731 1295/1947/2731 1319/1964/2731
f 1323/1960/2732 1298/1953/2732 1315/1958/2732
f 1461/1974/2733 1318/1955/2733 1317/1972/2733
f 1309/1976/2734 1317/1972/2734 1308/1970/2734
f 1298/1953/2735 1294/1933/2735 1300/1959/2735
f 1316/1971/2736 1322/1949/2736 1323/1960/2736
f 1317/1972/2737 1311/1948/2737 1316/1971/2737
f 1462/1956/2738 1318/1955/2738 1461/1974/2738
f 1319/1964/2739 1295/1947/2739 1297/1946/2739
f 1209/1977/2740 1312/1969/2740 1313/1965/2740
f 1462/1956/2741 1370/1962/2741 1295/1947/2741
f 1157/1771/2742 1149/1574/2742 1164/1544/2742
f 1450/1978/2743 1459/1979/2743 1305/1980/2743
f 1223/1772/2744 1286/1981/2744 1227/1982/2744
f 1164/1544/2745 1271/1781/2745 1157/1771/2745
f 1317/1972/2746 1459/1979/2746 1461/1974/2746
f 1318/1955/2747 1311/1948/2747 1317/1972/2747
f 1437/1983/2748 1384/1950/2748 1436/1968/2748
f 1313/1965/2749 1312/1969/2749 1315/1958/2749
f 1436/1968/2750 1462/1956/2750 1446/1975/2750
f 1436/1968/2751 1458/1984/2751 1437/1983/2751
f 1223/1772/2752 1225/1985/2752 1224/1986/2752
f 1336/1987/2753 1224/1986/2753 1339/1988/2753
f 1345/1769/2754 1430/1766/2754 1336/1987/2754
f 1305/1980/2755 1459/1979/2755 1317/1972/2755
f 1290/1989/2756 1227/1982/2756 1286/1981/2756
f 1446/1975/2757 1458/1984/2757 1436/1968/2757
f 1223/1772/2758 1224/1986/2758 1226/1765/2758
f 1341/1770/2759 1345/1769/2759 1336/1987/2759
f 1209/1977/2760 1313/1965/2760 1213/1966/2760
f 1430/1766/2761 1226/1765/2761 1336/1987/2761
f 1288/1990/2762 1289/1773/2762 1271/1781/2762
f 1444/1991/2763 1458/1984/2763 1446/1975/2763
f 1426/1896/2764 1423/1882/2764 1422/1888/2764
f 1426/1896/2765 1533/1902/2765 1423/1882/2765
f 1289/1773/2766 1286/1981/2766 1279/1758/2766
f 1308/1970/2767 1323/1960/2767 1312/1969/2767
f 1160/1584/2768 1284/1992/2768 1288/1990/2768
f 1286/1981/2769 1223/1772/2769 1279/1758/2769
f 1227/1982/2770 1290/1989/2770 1287/1993/2770
f 1271/1781/2771 1160/1584/2771 1288/1990/2771
f 1288/1990/2772 1290/1989/2772 1289/1773/2772
f 1287/1993/2773 1245/1994/2773 1230/1995/2773
f 1224/1986/2774 1336/1987/2774 1226/1765/2774
f 1344/1996/2775 1336/1987/2775 1339/1988/2775
f 1223/1772/2776 1227/1982/2776 1225/1985/2776
f 1339/1988/2777 1224/1986/2777 1225/1985/2777
f 1160/1584/2778 1177/1528/2778 1284/1992/2778
f 1177/1528/2779 1178/1997/2779 1284/1992/2779
f 1286/1981/2780 1289/1773/2780 1290/1989/2780
f 1285/1998/2781 1292/1999/2781 1245/1994/2781
f 1284/1992/2782 1285/1998/2782 1288/1990/2782
f 1285/1998/2783 1290/1989/2783 1288/1990/2783
f 1420/1803/2784 1403/1727/2784 1418/1767/2784
f 1178/1997/2785 1292/1999/2785 1284/1992/2785
f 1227/1982/2786 1230/1995/2786 1233/2000/2786
f 1242/2001/2787 1230/1995/2787 1245/1994/2787
f 1227/1982/2788 1287/1993/2788 1230/1995/2788
f 1285/1998/2789 1287/1993/2789 1290/1989/2789
f 1225/1985/2790 1333/2002/2790 1339/1988/2790
f 1229/1706/2791 1225/1985/2791 1233/2000/2791
f 1233/2000/2792 1225/1985/2792 1227/1982/2792
f 1344/1996/2793 1339/1988/2793 1334/2003/2793
f 1178/1997/2794 1174/1524/2794 1292/1999/2794
f 1177/1528/2795 1175/1557/2795 1178/1997/2795
f 1361/1695/2796 1342/2004/2796 1333/2002/2796
f 1228/2005/2797 1225/1985/2797 1229/1706/2797
f 1332/2006/2798 1334/2003/2798 1339/1988/2798
f 1287/1993/2799 1285/1998/2799 1245/1994/2799
f 1284/1992/2800 1292/1999/2800 1285/1998/2800
f 1334/2003/2801 1332/2006/2801 1342/2004/2801
f 1332/2006/2802 1333/2002/2802 1342/2004/2802
f 1175/1557/2803 1174/1524/2803 1178/1997/2803
f 1174/1524/2804 1175/1557/2804 1169/1517/2804
f 1233/2000/2805 1242/2001/2805 1229/1706/2805
f 1174/1524/2806 1245/1994/2806 1292/1999/2806
f 1230/1995/2807 1242/2001/2807 1233/2000/2807
f 1228/2005/2808 1333/2002/2808 1225/1985/2808
f 1339/1988/2809 1333/2002/2809 1332/2006/2809
f 1237/2007/2810 1242/2001/2810 1236/2008/2810
f 1174/1524/2811 1236/2008/2811 1245/1994/2811
f 1239/2009/2812 1174/1524/2812 1291/2010/2812
f 1242/2001/2813 1245/1994/2813 1236/2008/2813
f 1237/2007/2814 1236/2008/2814 1238/2011/2814
f 1174/1524/2815 1180/1516/2815 1184/1515/2815
f 1232/1705/2816 1231/1707/2816 1235/2012/2816
f 1174/1524/2817 1184/1515/2817 1291/2010/2817
f 1231/1707/2818 1237/2007/2818 1235/2012/2818
f 1361/1695/2819 1333/2002/2819 1228/2005/2819
f 1240/2013/2820 1239/2009/2820 1304/1911/2820
f 1174/1524/2821 1239/2009/2821 1236/2008/2821
f 1231/1707/2822 1229/1706/2822 1242/2001/2822
f 1362/1691/2823 1361/1695/2823 1232/1705/2823
f 1240/2013/2824 1236/2008/2824 1239/2009/2824
f 1234/1702/2825 1238/2011/2825 1241/1918/2825
f 1237/2007/2826 1231/1707/2826 1242/2001/2826
f 1358/1679/2827 1234/1702/2827 1369/1924/2827
f 1173/1514/2828 1291/2010/2828 1184/1515/2828
f 1232/1705/2829 1235/2012/2829 1362/1691/2829
f 1304/1911/2830 1291/2010/2830 1173/1514/2830
f 1236/2008/2831 1244/2014/2831 1238/2011/2831
f 1234/1702/2832 1235/2012/2832 1237/2007/2832
f 1304/1911/2833 1239/2009/2833 1291/2010/2833
f 1366/1677/2834 1358/1679/2834 1369/1924/2834
f 1234/1702/2835 1237/2007/2835 1238/2011/2835
f 1369/1924/2836 1246/1925/2836 1366/1677/2836
f 1234/1702/2837 1362/1691/2837 1235/2012/2837
f 1244/2014/2838 1236/2008/2838 1240/2013/2838
f 1369/1924/2839 1234/1702/2839 1241/1918/2839
f 1179/1501/2840 1176/1509/2840 1182/1511/2840
f 1304/1911/2841 1243/1910/2841 1240/2013/2841
f 1241/1918/2842 1238/2011/2842 1240/2013/2842
f 1241/1918/2843 1240/2013/2843 1243/1910/2843
f 1173/1514/2844 1185/1512/2844 1190/1914/2844
f 1200/2015/2845 1193/1954/2845 1197/1939/2845
f 1247/1916/2846 1369/1924/2846 1241/1918/2846
f 1195/2016/2847 1204/2017/2847 1187/2018/2847
f 1238/2011/2848 1244/2014/2848 1240/2013/2848
f 1200/2015/2849 1190/1914/2849 1185/1512/2849
f 1205/1503/2850 1185/1512/2850 1181/1504/2850
f 1195/2016/2851 1193/1954/2851 1200/2015/2851
f 1200/2015/2852 1205/1503/2852 1204/2017/2852
f 1201/2019/2853 1189/1957/2853 1193/1954/2853
f 1202/2020/2854 1203/2021/2854 1186/2022/2854
f 1198/2023/2855 1204/2017/2855 1191/2024/2855
f 1782/2025/2856 1787/2026/2856 2043/2027/2856
f 1204/2017/2857 1205/1503/2857 1191/2024/2857
f 1197/1939/2858 1190/1914/2858 1200/2015/2858
f 1200/2015/2859 1185/1512/2859 1205/1503/2859
f 1673/1652/2860 1674/2028/2860 1672/1602/2860
f 1188/1967/2861 1189/1957/2861 1201/2019/2861
f 1194/2029/2862 1195/2016/2862 1187/2018/2862
f 1198/2023/2863 1187/2018/2863 1204/2017/2863
f 1200/2015/2864 1204/2017/2864 1195/2016/2864
f 1188/1967/2865 1201/2019/2865 1196/2030/2865
f 1192/2031/2866 1202/2020/2866 1194/2029/2866
f 1187/2018/2867 1192/2031/2867 1194/2029/2867
f 1192/2031/2868 1187/2018/2868 1198/2023/2868
f 1202/2020/2869 1192/2031/2869 1198/2023/2869
f 1202/2020/2870 1198/2023/2870 1203/2021/2870
f 1196/2030/2871 1214/2032/2871 1207/2033/2871
f 1202/2020/2872 1201/2019/2872 1194/2029/2872
f 1206/2034/2873 1212/2035/2873 1214/2032/2873
f 1207/2033/2874 1188/1967/2874 1196/2030/2874
f 1186/2022/2875 1206/2034/2875 1202/2020/2875
f 1207/2033/2876 1214/2032/2876 1212/2035/2876
f 1195/2016/2877 1194/2029/2877 1201/2019/2877
f 1196/2030/2878 1201/2019/2878 1202/2020/2878
f 1193/1954/2879 1195/2016/2879 1201/2019/2879
f 1196/2030/2880 1202/2020/2880 1206/2034/2880
f 1208/2036/2881 1212/2035/2881 3498/2037/2881
f 1199/2038/2882 1186/2022/2882 1203/2021/2882
f 1279/1758/2883 1283/1755/2883 1289/1773/2883
f 1206/2034/2884 1186/2022/2884 1199/2038/2884
f 1210/2039/2885 1209/1977/2885 1207/2033/2885
f 1212/2035/2886 1199/2038/2886 3498/2037/2886
f 1208/2036/2887 1210/2039/2887 1212/2035/2887
f 1421/2040/2888 1426/1896/2888 1431/1776/2888
f 1338/2041/2889 1335/2042/2889 1344/1996/2889
f 1214/2032/2890 1196/2030/2890 1206/2034/2890
f 1457/2043/2891 1459/1979/2891 1450/1978/2891
f 1206/2034/2892 1199/2038/2892 1212/2035/2892
f 1460/1798/2893 1457/2043/2893 1450/1978/2893
f 1334/2003/2894 1338/2041/2894 1344/1996/2894
f 1448/2044/2895 1460/1798/2895 1450/1978/2895
f 1457/2043/2896 1446/1975/2896 1459/1979/2896
f 1461/1974/2897 1459/1979/2897 1446/1975/2897
f 1207/2033/2898 1213/1966/2898 1188/1967/2898
f 1344/1996/2899 1340/1887/2899 1341/1770/2899
f 1222/2045/2900 1210/2039/2900 1208/2036/2900
f 1207/2033/2901 1212/2035/2901 1210/2039/2901
f 1421/2040/2902 1431/1776/2902 1337/2046/2902
f 1309/1976/2903 1305/1980/2903 1317/1972/2903
f 1344/1996/2904 1431/1776/2904 1340/1887/2904
f 1222/2045/2905 1208/2036/2905 3500/2047/2905
f 1421/2040/2906 1337/2046/2906 1343/2048/2906
f 1314/2049/2907 1312/1969/2907 1209/1977/2907
f 1229/1706/2908 1232/1705/2908 1228/2005/2908
f 1342/2004/2909 1338/2041/2909 1334/2003/2909
f 1209/1977/2910 1213/1966/2910 1207/2033/2910
f 1336/1987/2911 1344/1996/2911 1341/1770/2911
f 1337/2046/2912 1335/2042/2912 1338/2041/2912
f 1271/1781/2913 1164/1544/2913 1160/1584/2913
f 1342/2004/2914 1356/2050/2914 1338/2041/2914
f 1337/2046/2915 1338/2041/2915 1364/2051/2915
f 1564/2052/2916 1535/1901/2916 1532/2053/2916
f 1338/2041/2917 1356/2050/2917 1363/2054/2917
f 1210/2039/2918 1211/2055/2918 1209/1977/2918
f 1335/2042/2919 1431/1776/2919 1344/1996/2919
f 1564/2052/2920 1563/2056/2920 1534/1905/2920
f 1335/2042/2921 1337/2046/2921 1431/1776/2921
f 1532/2053/2922 1535/1901/2922 1546/1913/2922
f 1532/2053/2923 1565/2057/2923 1564/2052/2923
f 1563/2056/2924 1564/2052/2924 1565/2057/2924
f 1532/2053/2925 1343/2048/2925 1565/2057/2925
f 1544/2058/2926 1529/1922/2926 1561/2059/2926
f 1561/2059/2927 1529/1922/2927 1530/1926/2927
f 1564/2052/2928 1534/1905/2928 1531/1904/2928
f 1530/1926/2929 1534/1905/2929 1563/2056/2929
f 1342/2004/2930 1363/2054/2930 1356/2050/2930
f 1544/2058/2931 1553/1906/2931 1549/1921/2931
f 1562/2060/2932 1563/2056/2932 1565/2057/2932
f 1531/1904/2933 1535/1901/2933 1564/2052/2933
f 1361/1695/2934 1228/2005/2934 1232/1705/2934
f 1529/1922/2935 1544/2058/2935 1549/1921/2935
f 1532/2053/2936 1546/1913/2936 1343/2048/2936
f 1561/2059/2937 1530/1926/2937 1563/2056/2937
f 1363/2054/2938 1364/2051/2938 1338/2041/2938
f 1571/2061/2939 1574/2062/2939 1562/2060/2939
f 1491/2063/2940 1343/2048/2940 1337/2046/2940
f 1492/2064/2941 1565/2057/2941 1343/2048/2941
f 1574/2062/2942 1561/2059/2942 1562/2060/2942
f 1537/2065/2943 1544/2058/2943 1561/2059/2943
f 1491/2063/2944 1492/2064/2944 1343/2048/2944
f 1491/2063/2945 1337/2046/2945 1364/2051/2945
f 1561/2059/2946 1563/2056/2946 1562/2060/2946
f 1571/2061/2947 1562/2060/2947 1565/2057/2947
f 1353/2066/2948 1492/2064/2948 1491/2063/2948
f 1352/2067/2949 1364/2051/2949 1363/2054/2949
f 1492/2064/2950 1353/2066/2950 1500/2068/2950
f 1352/2067/2951 1363/2054/2951 1348/1920/2951
f 1571/2061/2952 1565/2057/2952 1500/2068/2952
f 1500/2068/2953 1565/2057/2953 1492/2064/2953
f 1363/2054/2954 1342/2004/2954 1361/1695/2954
f 1363/2054/2955 1365/1692/2955 1348/1920/2955
f 1574/2062/2956 1584/2069/2956 1561/2059/2956
f 1368/1678/2957 1360/1909/2957 1350/2070/2957
f 1368/1678/2958 1350/2070/2958 1367/1919/2958
f 1574/2062/2959 1573/2071/2959 1584/2069/2959
f 1354/2072/2960 1346/2073/2960 1490/2074/2960
f 1350/2070/2961 1349/2075/2961 1348/1920/2961
f 1353/2066/2962 1354/2072/2962 1490/2074/2962
f 1570/2076/2963 1574/2062/2963 1571/2061/2963
f 1363/2054/2964 1361/1695/2964 1365/1692/2964
f 1573/2071/2965 1574/2062/2965 1570/2076/2965
f 1584/2069/2966 1537/2065/2966 1561/2059/2966
f 1353/2066/2967 1491/2063/2967 1364/2051/2967
f 1353/2066/2968 1364/2051/2968 1354/2072/2968
f 1488/2077/2969 1490/2074/2969 1346/2073/2969
f 1348/1920/2970 1367/1919/2970 1350/2070/2970
f 1567/2078/2971 1571/2061/2971 1500/2068/2971
f 1352/2067/2972 1348/1920/2972 1354/2072/2972
f 1346/2073/2973 1354/2072/2973 1348/1920/2973
f 1584/2069/2974 1583/2079/2974 1537/2065/2974
f 1573/2071/2975 1582/2080/2975 1584/2069/2975
f 1488/2077/2976 1498/2081/2976 1490/2074/2976
f 1354/2072/2977 1364/2051/2977 1352/2067/2977
f 1500/2068/2978 1353/2066/2978 1490/2074/2978
f 1351/1936/2979 1360/1909/2979 1375/1684/2979
f 1567/2078/2980 1575/2082/2980 1570/2076/2980
f 1488/2077/2981 1349/2075/2981 1489/2083/2981
f 1573/2071/2982 1575/2082/2982 1566/2084/2982
f 1567/2078/2983 1500/2068/2983 1498/2081/2983
f 1359/2085/2984 1378/2086/2984 1355/2087/2984
f 1357/2088/2985 1359/2085/2985 1355/2087/2985
f 1350/2070/2986 1357/2088/2986 1349/2075/2986
f 1498/2081/2987 1500/2068/2987 1490/2074/2987
f 1573/2071/2988 1570/2076/2988 1575/2082/2988
f 1582/2080/2989 1573/2071/2989 1566/2084/2989
f 1570/2076/2990 1571/2061/2990 1567/2078/2990
f 1568/2089/2991 1567/2078/2991 1493/2090/2991
f 1489/2083/2992 1355/2087/2992 1347/2091/2992
f 1488/2077/2993 1495/2092/2993 1498/2081/2993
f 1495/2092/2994 1494/2093/2994 1498/2081/2994
f 1355/2087/2995 1372/2094/2995 1347/2091/2995
f 1346/2073/2996 1348/1920/2996 1349/2075/2996
f 1501/2095/2997 1347/2091/2997 1372/2094/2997
f 1495/2092/2998 1488/2077/2998 1499/2096/2998
f 1575/2082/2999 1577/2097/2999 1566/2084/2999
f 1355/2087/3000 1489/2083/3000 1349/2075/3000
f 1572/2098/3001 1575/2082/3001 1567/2078/3001
f 1567/2078/3002 1498/2081/3002 1493/2090/3002
f 1350/2070/3003 1360/1909/3003 1357/2088/3003
f 1572/2098/3004 1567/2078/3004 1568/2089/3004
f 1568/2089/3005 1580/2099/3005 1585/2100/3005
f 1355/2087/3006 1349/2075/3006 1357/2088/3006
f 1498/2081/3007 1494/2093/3007 1493/2090/3007
f 1357/2088/3008 1360/1909/3008 1359/2085/3008
f 1580/2099/3009 1494/2093/3009 1496/2101/3009
f 1501/2095/3010 1499/2096/3010 1489/2083/3010
f 1577/2097/3011 1572/2098/3011 1585/2100/3011
f 1489/2083/3012 1499/2096/3012 1488/2077/3012
f 1572/2098/3013 1577/2097/3013 1575/2082/3013
f 1488/2077/3014 1346/2073/3014 1349/2075/3014
f 1494/2093/3015 1495/2092/3015 1496/2101/3015
f 1499/2096/3016 1501/2095/3016 1497/2102/3016
f 1503/2103/3017 1497/2102/3017 1501/2095/3017
f 1579/2104/3018 1586/2105/3018 1585/2100/3018
f 1739/1664/3019 1806/1604/3019 1808/1658/3019
f 1580/2099/3020 1496/2101/3020 1576/2106/3020
f 1617/1507/3021 1608/2107/3021 1634/1819/3021
f 1751/1670/3022 1590/1539/3022 1752/1642/3022
f 1546/1913/3023 1426/1896/3023 1421/2040/3023
f 1673/1652/3024 1653/1634/3024 1674/2028/3024
f 1474/2108/3025 1466/2109/3025 1451/2110/3025
f 1568/2089/3026 1585/2100/3026 1572/2098/3026
f 1497/2102/3027 1496/2101/3027 1495/2092/3027
f 1546/1913/3028 1421/2040/3028 1343/2048/3028
f 1578/2111/3029 1577/2097/3029 1585/2100/3029
f 1495/2092/3030 1499/2096/3030 1497/2102/3030
f 1569/2112/3031 1580/2099/3031 1576/2106/3031
f 1585/2100/3032 1586/2105/3032 1581/2113/3032
f 1568/2089/3033 1494/2093/3033 1580/2099/3033
f 1579/2104/3034 1585/2100/3034 1569/2112/3034
f 1748/1656/3035 1759/1657/3035 1727/2114/3035
f 1807/1659/3036 1808/1658/3036 1804/1655/3036
f 1578/2111/3037 1585/2100/3037 1581/2113/3037
f 1744/1591/3038 1806/1604/3038 1739/1664/3038
f 1569/2112/3039 1585/2100/3039 1580/2099/3039
f 1757/1610/3040 1813/1612/3040 1756/2115/3040
f 1493/2090/3041 1494/2093/3041 1568/2089/3041
f 1808/1658/3042 1736/2116/3042 1739/1664/3042
f 1489/2083/3043 1347/2091/3043 1501/2095/3043
f 1671/2117/3044 1650/2118/3044 1642/2119/3044
f 1653/1634/3045 1671/1580/3045 1642/2120/3045
f 1733/2121/3046 1736/2116/3046 1729/2122/3046
f 1729/2122/3047 1732/2123/3047 1803/1709/3047
f 1487/2124/3048 1672/1602/3048 1486/2125/3048
f 1756/2115/3049 1811/1592/3049 1749/1665/3049
f 1811/1592/3050 1756/2115/3050 1813/1612/3050
f 1739/1664/3051 1736/2116/3051 1738/1682/3051
f 1740/2126/3052 1741/2127/3052 1742/2128/3052
f 1808/1658/3053 1807/1659/3053 1805/1690/3053
f 1741/2129/3054 1740/1683/3054 1737/2130/3054
f 1651/1600/3055 1672/1602/3055 1674/2028/3055
f 1737/2130/3056 1733/2121/3056 1700/2131/3056
f 1743/2132/3057 1756/2133/3057 1742/2134/3057
f 1738/1682/3058 1733/2121/3058 1737/2130/3058
f 1727/2114/3059 1734/2135/3059 1735/2136/3059
f 1727/2114/3060 1758/1644/3060 1743/2137/3060
f 1734/2135/3061 1743/2137/3061 1741/2127/3061
f 1746/2138/3062 1587/2139/3062 1747/2140/3062
f 1736/2116/3063 1732/2123/3063 1729/2122/3063
f 1728/1599/3064 1735/2136/3064 1734/2135/3064
f 1727/2114/3065 1735/2136/3065 1746/2138/3065
f 1732/2123/3066 1808/1658/3066 1805/1690/3066
f 1743/2137/3067 1734/2135/3067 1727/2114/3067
f 1759/1657/3068 1758/1644/3068 1727/2114/3068
f 1733/2121/3069 1729/2122/3069 1700/2131/3069
f 1642/1581/3070 1650/2141/3070 1644/1582/3070
f 1746/2138/3071 1747/2140/3071 1748/1656/3071
f 1746/2138/3072 1748/1656/3072 1727/2114/3072
f 1732/2123/3073 1736/2116/3073 1808/1658/3073
f 1591/1662/3074 1587/2139/3074 1600/1663/3074
f 1464/2142/3075 1475/2143/3075 1476/2144/3075
f 1803/1709/3076 1732/2123/3076 1805/1690/3076
f 1479/2145/3077 1451/2146/3077 1452/2147/3077
f 1741/2127/3078 1743/2137/3078 1742/2128/3078
f 1587/2139/3079 1746/2138/3079 1745/2148/3079
f 1642/2120/3080 1651/1600/3080 1653/1634/3080
f 1740/1683/3081 1738/1682/3081 1737/2130/3081
f 1741/2127/3082 1737/2149/3082 1730/1567/3082
f 1591/1662/3083 1748/1656/3083 1587/2139/3083
f 1736/2116/3084 1733/2121/3084 1738/1682/3084
f 1731/1568/3085 1737/2149/3085 1709/2150/3085
f 1728/1599/3086 1746/2138/3086 1735/2136/3086
f 1747/2140/3087 1587/2139/3087 1748/1656/3087
f 1775/2151/3088 1779/1617/3088 1778/2152/3088
f 1728/1599/3089 1754/1590/3089 1602/2153/3089
f 1730/1567/3090 1737/2149/3090 1731/1568/3090
f 1737/2130/3091 1700/2131/3091 1709/2154/3091
f 1486/2125/3092 1672/1602/3092 1474/1660/3092
f 1592/1635/3093 1587/2139/3093 1745/2148/3093
f 1671/2155/3094 1827/1585/3094 1650/2141/3094
f 1730/1567/3095 1734/2135/3095 1741/2127/3095
f 1728/1599/3096 1734/2135/3096 1730/1567/3096
f 1677/2156/3097 1689/1618/3097 1779/1617/3097
f 1778/2157/3098 1783/2158/3098 1775/2159/3098
f 1728/1599/3099 1602/2153/3099 1746/2138/3099
f 1754/1590/3100 1755/1589/3100 1586/2105/3100
f 1597/2160/3101 1596/2161/3101 1745/2148/3101
f 1746/2138/3102 1602/2153/3102 1745/2148/3102
f 1646/2162/3103 1477/1601/3103 1651/1600/3103
f 1993/2163/3104 1783/2164/3104 1778/2152/3104
f 1750/1588/3105 1730/1567/3105 1720/1566/3105
f 1581/2113/3106 1586/2105/3106 1755/1589/3106
f 1656/1587/3107 1650/2141/3107 1827/1585/3107
f 1775/2151/3108 1777/2165/3108 1780/2166/3108
f 1745/2148/3109 1602/2153/3109 1597/2160/3109
f 1592/1635/3110 1600/1663/3110 1587/2139/3110
f 1778/2152/3111 1781/1616/3111 2016/2167/3111
f 1597/2160/3112 1602/2153/3112 1754/1590/3112
f 1670/2168/3113 1826/2169/3113 1827/1585/3113
f 1672/1602/3114 1477/1601/3114 1474/1660/3114
f 1670/2168/3115 1827/1585/3115 1671/2155/3115
f 1783/2164/3116 1776/2170/3116 1775/2151/3116
f 1684/2171/3117 1686/2172/3117 1687/2173/3117
f 1679/2174/3118 1677/2156/3118 1780/2166/3118
f 1778/2152/3119 1779/1617/3119 1781/1616/3119
f 1775/2151/3120 1776/2170/3120 1777/2165/3120
f 1686/2172/3121 1558/2175/3121 1687/2173/3121
f 1695/2176/3122 1677/2177/3122 1684/2171/3122
f 1774/2178/3123 1681/2179/3123 1676/2180/3123
f 1774/2178/3124 1676/2180/3124 1777/2165/3124
f 1686/2172/3125 1681/2181/3125 1682/2182/3125
f 1780/2166/3126 1677/2156/3126 1779/1617/3126
f 1780/2166/3127 1777/2165/3127 1676/2183/3127
f 1679/2184/3128 1681/2181/3128 1686/2172/3128
f 1779/1617/3129 1775/2151/3129 1780/2166/3129
f 1682/2182/3130 1558/2175/3130 1686/2172/3130
f 1681/2181/3131 1679/2184/3131 1676/2185/3131
f 1479/2186/3132 1486/2125/3132 1474/1660/3132
f 1679/2184/3133 1686/2172/3133 1684/2171/3133
f 1451/2146/3134 1466/2187/3134 1465/2188/3134
f 1651/2189/3135 1642/1581/3135 1647/1583/3135
f 1677/2177/3136 1679/2184/3136 1684/2171/3136
f 1992/2190/3137 1776/2170/3137 1783/2164/3137
f 1477/2191/3138 1646/2192/3138 1633/2193/3138
f 1682/2194/3139 1680/2195/3139 1685/2196/3139
f 1558/2175/3140 1556/1907/3140 1553/1906/3140
f 1679/2184/3141 1780/2197/3141 1676/2185/3141
f 1558/2175/3142 1682/2182/3142 1555/2198/3142
f 1776/2170/3143 1774/2199/3143 1777/2165/3143
f 1771/2200/3144 1519/2201/3144 1675/2202/3144
f 1675/2203/3145 1519/2204/3145 1680/2205/3145
f 1772/2206/3146 1773/2207/3146 1768/2208/3146
f 1772/2209/3147 1675/2210/3147 1680/2211/3147
f 1681/2212/3148 1680/2213/3148 1682/2214/3148
f 1685/2215/3149 1555/2198/3149 1682/2182/3149
f 1685/2216/3150 1550/2217/3150 1555/2218/3150
f 1773/2219/3151 1776/2170/3151 1992/2190/3151
f 1558/2175/3152 1555/2198/3152 1556/1907/3152
f 1520/2220/3153 1550/2221/3153 1519/2222/3153
f 1550/1899/3154 1685/2215/3154 1680/2223/3154
f 1555/2224/3155 1554/1894/3155 1557/1895/3155
f 1773/2225/3156 1774/2226/3156 1776/2227/3156
f 1555/2198/3157 1557/1895/3157 1556/1907/3157
f 1773/2228/3158 1770/2229/3158 1768/2230/3158
f 1774/2231/3159 1772/2232/3159 1681/2233/3159
f 1772/2234/3160 1680/2235/3160 1681/2236/3160
f 1675/2237/3161 1772/2238/3161 1768/2239/3161
f 1680/2240/3154 1519/2241/3154 1550/2242/3154
f 1772/2243/3162 1774/2244/3162 1773/2245/3162
f 1769/2246/3163 1771/2247/3163 1768/2248/3163
f 1452/2147/3164 1306/2249/3164 1479/2145/3164
f 1769/2250/3165 1657/2251/3165 1658/1865/3165
f 1769/2252/3166 1768/2253/3166 1770/2254/3166
f 1550/1899/3167 1554/1894/3167 1555/2224/3167
f 1675/2255/3168 1768/2256/3168 1771/2257/3168
f 1770/2258/3169 4551/2259/3169 1769/2246/3169
f 1661/1847/3170 1665/1856/3170 1658/1865/3170
f 1519/2260/3171 1771/2261/3171 1520/2262/3171
f 1771/2263/3172 1665/2264/3172 1520/2265/3172
f 1644/1582/3173 1641/2266/3173 1647/1583/3173
f 1306/2267/3174 1452/2268/3174 1453/2269/3174
f 1456/2270/3175 1465/2188/3175 1454/2271/3175
f 1769/2250/3176 1658/1865/3176 1771/2247/3176
f 1771/2247/3177 1658/1865/3177 1665/1856/3177
f 1182/1511/3178 3496/2272/3178 1179/1501/3178
f 1440/1522/3179 1608/2107/3179 1617/1507/3179
f 4551/2259/3180 1657/2251/3180 1769/2250/3180
f 1468/2273/3181 1454/2271/3181 1465/2188/3181
f 1647/1583/3182 1646/2192/3182 1651/2189/3182
f 1646/2192/3183 1641/2266/3183 1643/2274/3183
f 1745/2148/3184 1596/2161/3184 1592/1635/3184
f 1645/1548/3185 1468/2273/3185 1469/2275/3185
f 1453/2276/3186 1447/1799/3186 1448/2044/3186
f 1646/2192/3187 1647/1583/3187 1641/2266/3187
f 1448/2044/3188 1447/1799/3188 1460/1798/3188
f 1643/2274/3189 1645/1548/3189 1629/2277/3189
f 1637/1647/3190 1655/2278/3190 1654/1577/3190
f 1470/2279/3191 1478/2280/3191 1463/2281/3191
f 1643/2274/3192 1636/2282/3192 1645/1548/3192
f 1449/2283/3193 1450/1978/3193 1310/2284/3193
f 1465/2188/3194 1456/2270/3194 1451/2146/3194
f 1655/2278/3195 1637/1647/3195 1640/2285/3195
f 1465/2188/3196 1466/2187/3196 1469/2275/3196
f 1450/1978/3197 1305/1980/3197 1310/2284/3197
f 1629/2277/3198 1469/2275/3198 1466/2187/3198
f 1673/1652/3199 1669/1633/3199 1653/1634/3199
f 1457/2043/3200 1444/1991/3200 1446/1975/3200
f 1576/2106/3201 1496/2101/3201 1595/2286/3201
f 1456/2270/3202 1447/1799/3202 1452/2147/3202
f 3718/1651/3203 1672/1602/3203 1487/2124/3203
f 1633/2193/3204 1643/2274/3204 1629/2277/3204
f 1633/2193/3205 1466/2187/3205 1477/2191/3205
f 1447/1799/3206 1453/2276/3206 1452/2147/3206
f 1466/2187/3207 1633/2193/3207 1629/2277/3207
f 1655/2278/3208 1644/1582/3208 1656/1587/3208
f 1646/2192/3209 1643/2274/3209 1633/2193/3209
f 1655/2278/3210 1640/2285/3210 1644/1582/3210
f 1468/2273/3211 1465/2188/3211 1469/2275/3211
f 1643/2274/3212 1652/2287/3212 1636/2282/3212
f 1305/1980/3213 1309/1976/3213 1308/1970/3213
f 1307/1973/3214 1305/1980/3214 1308/1970/3214
f 1472/1550/3215 1468/2273/3215 1645/1548/3215
f 1440/1522/3216 1470/2279/3216 1608/2107/3216
f 1479/2186/3217 3667/2288/3217 1486/2125/3217
f 1469/2275/3218 1629/2277/3218 1645/1548/3218
f 1479/2186/3219 1485/2289/3219 3667/2288/3219
f 1651/1600/3220 1674/2028/3220 1653/1634/3220
f 1600/1663/3221 1588/1538/3221 1589/1540/3221
f 1454/2271/3222 1455/1800/3222 1447/1799/3222
f 1652/2287/3223 1624/2290/3223 1636/2282/3223
f 1645/1548/3224 1636/2282/3224 1627/1549/3224
f 1641/2266/3225 1644/1582/3225 1640/2285/3225
f 1454/2271/3226 1447/1799/3226 1456/2270/3226
f 1467/2291/3227 1455/1800/3227 1454/2271/3227
f 1652/2287/3228 1640/2285/3228 1628/2292/3228
f 1649/1560/3229 1634/1819/3229 1625/2293/3229
f 1478/2280/3230 1445/2294/3230 1473/2295/3230
f 1632/2296/3231 1630/1559/3231 1628/2292/3231
f 1451/2146/3232 1456/2270/3232 1452/2147/3232
f 1468/2273/3233 1472/1550/3233 1473/2295/3233
f 1652/2287/3234 1628/2292/3234 1630/1559/3234
f 1644/1582/3235 1650/2141/3235 1656/1587/3235
f 1641/2266/3236 1640/2285/3236 1652/2287/3236
f 1632/2296/3237 1628/2292/3237 1631/2297/3237
f 1321/2298/3238 1331/2299/3238 1329/2300/3238
f 1330/2301/3239 1331/2299/3239 1221/2302/3239
f 1632/2296/3240 1649/1560/3240 1630/1559/3240
f 1485/2289/3241 1329/2300/3241 3620/2303/3241
f 1641/2266/3242 1652/2287/3242 1643/2274/3242
f 1485/2289/3243 1306/2304/3243 1321/2298/3243
f 1321/2298/3244 1320/2305/3244 1331/2299/3244
f 1464/2142/3245 1471/2306/3245 1445/2294/3245
f 1331/2299/3246 1320/2305/3246 1221/2302/3246
f 1485/2289/3247 1321/2298/3247 1329/2300/3247
f 1656/1587/3248 1654/1577/3248 1655/2278/3248
f 3667/2288/3249 1485/2289/3249 3620/2303/3249
f 1599/1637/3250 1600/1663/3250 1592/1635/3250
f 1626/2307/3251 1625/2293/3251 1627/1549/3251
f 1627/1549/3252 1625/2293/3252 1635/1562/3252
f 1306/2304/3253 1485/2289/3253 1479/2186/3253
f 1473/2295/3254 1463/2281/3254 1478/2280/3254
f 1635/1562/3255 1463/2281/3255 1473/2295/3255
f 1639/2308/3256 1631/2297/3256 1601/1783/3256
f 1453/2276/3257 1449/2283/3257 1306/2249/3257
f 1330/2301/3258 1329/2300/3258 1331/2299/3258
f 1637/1647/3259 1628/2292/3259 1640/2285/3259
f 1467/2291/3260 1454/2271/3260 1468/2273/3260
f 1628/2292/3261 1637/1647/3261 1631/2297/3261
f 1473/2295/3262 1445/2294/3262 1467/2291/3262
f 1632/2296/3263 1639/2308/3263 1649/1560/3263
f 1473/2295/3264 1467/2291/3264 1468/2273/3264
f 1310/2284/3265 1305/1980/3265 1306/2249/3265
f 1321/2309/3266 1307/1973/3266 1320/2310/3266
f 1307/1973/3267 1314/2049/3267 1320/2310/3267
f 1648/1561/3268 1649/1560/3268 1626/2307/3268
f 1306/2249/3269 1307/1973/3269 1321/2309/3269
f 1631/2297/3270 1594/1556/3270 1601/1783/3270
f 1639/2308/3271 1638/1820/3271 1649/1560/3271
f 1475/2143/3272 1464/2142/3272 1478/2280/3272
f 1453/2276/3273 1448/2044/3273 1449/2283/3273
f 1221/2302/3274 1219/2311/3274 1330/2301/3274
f 1636/2282/3275 1624/2290/3275 1648/1561/3275
f 1221/2312/3276 1209/1977/3276 1211/2055/3276
f 1634/1819/3277 1463/2281/3277 1625/2293/3277
f 1306/2249/3278 1449/2283/3278 1310/2284/3278
f 1449/2283/3279 1448/2044/3279 1450/1978/3279
f 1211/2055/3280 1210/2039/3280 1222/2045/3280
f 1472/1550/3281 1635/1562/3281 1473/2295/3281
f 1631/2297/3282 1637/1647/3282 1594/1556/3282
f 1648/1561/3283 1626/2307/3283 1627/1549/3283
f 1320/2310/3284 1209/1977/3284 1221/2312/3284
f 1306/2249/3285 1305/1980/3285 1307/1973/3285
f 1590/1539/3286 1594/1556/3286 1637/1647/3286
f 1636/2282/3287 1648/1561/3287 1627/1549/3287
f 1634/1819/3288 1470/2279/3288 1463/2281/3288
f 1649/1560/3289 1625/2293/3289 1626/2307/3289
f 1467/2291/3290 1445/2294/3290 1455/1800/3290
f 1314/2049/3291 1307/1973/3291 1312/1969/3291
f 1635/1562/3292 1625/2293/3292 1463/2281/3292
f 1220/2313/3293 1219/2311/3293 1222/2314/3293
f 1209/1977/3294 1320/2310/3294 1314/2049/3294
f 1632/2296/3295 1631/2297/3295 1639/2308/3295
f 1544/2058/3296 1548/2315/3296 1553/1906/3296
f 1624/2290/3297 1652/2287/3297 1630/1559/3297
f 1455/1800/3298 1445/2294/3298 1460/1798/3298
f 1671/1580/3299 1669/1633/3299 1823/1578/3299
f 1537/2065/3300 1541/2316/3300 1544/2058/3300
f 1219/2311/3301 1221/2302/3301 1211/2317/3301
f 1548/2315/3302 1558/2175/3302 1553/1906/3302
f 1541/2316/3303 1678/2318/3303 1548/2315/3303
f 1678/2318/3304 1688/2319/3304 1683/2320/3304
f 1541/2316/3305 1548/2315/3305 1544/2058/3305
f 1694/2321/3306 1695/2322/3306 1692/2323/3306
f 1583/2079/3307 1541/2316/3307 1537/2065/3307
f 1683/2320/3308 1693/2324/3308 1684/2171/3308
f 1688/2319/3309 1690/2325/3309 1683/2320/3309
f 1695/2326/3310 1684/2327/3310 1693/2328/3310
f 1694/2321/3311 1689/1618/3311 1695/2322/3311
f 1690/2329/3312 1691/2330/3312 1693/2331/3312
f 1583/2079/3313 1725/2332/3313 1541/2316/3313
f 1692/2333/3314 1695/2334/3314 1693/2335/3314
f 1689/1618/3315 1785/2336/3315 1781/1616/3315
f 1695/2322/3316 1689/1618/3316 1677/2156/3316
f 1781/1616/3317 1784/2337/3317 2016/2167/3317
f 1582/2080/3318 1583/2079/3318 1584/2069/3318
f 1781/1616/3319 1785/2336/3319 1784/2337/3319
f 1788/2338/3320 1694/2321/3320 1692/2323/3320
f 1683/2320/3321 1690/2325/3321 1693/2324/3321
f 1689/1618/3322 1694/2321/3322 1785/2336/3322
f 1789/2339/3323 1784/2337/3323 1785/2336/3323
f 1788/2338/3324 1789/2339/3324 1694/2321/3324
f 1725/2332/3325 1678/2318/3325 1541/2316/3325
f 1692/2323/3326 1693/2331/3326 1691/2330/3326
f 1690/2325/3327 1710/2340/3327 1691/2341/3327
f 1582/2080/3328 1566/2084/3328 1712/2342/3328
f 1678/2318/3329 1725/2332/3329 1688/2319/3329
f 1694/2321/3330 1789/2339/3330 1785/2336/3330
f 1789/2339/3331 1788/2338/3331 1782/2025/3331
f 1788/2338/3332 1787/2026/3332 1782/2025/3332
f 1710/2340/3333 1688/2319/3333 1704/2343/3333
f 1704/2343/3334 1725/2332/3334 1701/2344/3334
f 1789/2339/3335 1782/2025/3335 1784/2337/3335
f 1701/2344/3336 1725/2332/3336 1583/2079/3336
f 1630/1559/3337 1648/1561/3337 1624/2290/3337
f 1211/2055/3338 1222/2045/3338 1219/2345/3338
f 1712/2342/3339 1701/2344/3339 1583/2079/3339
f 1712/2342/3340 1583/2079/3340 1582/2080/3340
f 1786/2346/3341 1714/2347/3341 1795/2348/3341
f 1714/2347/3342 1786/2346/3342 1788/2338/3342
f 1692/2323/3343 1713/2349/3343 1788/2338/3343
f 1713/2349/3344 1692/2323/3344 1691/2330/3344
f 1795/2348/3345 1714/2347/3345 1724/2350/3345
f 1691/2330/3346 1710/2351/3346 1713/2349/3346
f 1794/2352/3347 1795/2353/3347 1723/2354/3347
f 1787/2026/3348 1788/2338/3348 1796/2355/3348
f 1724/2350/3349 1714/2347/3349 1710/2356/3349
f 1704/2343/3350 1688/2319/3350 1725/2332/3350
f 2023/2357/3351 1787/2026/3351 1796/2355/3351
f 1714/2347/3352 1713/2349/3352 1710/2356/3352
f 1794/2358/3353 1786/2346/3353 1795/2348/3353
f 2023/2357/3354 1796/2355/3354 1794/2358/3354
f 1786/2346/3355 1794/2358/3355 1796/2355/3355
f 1710/2340/3356 1704/2343/3356 1706/2359/3356
f 1794/2358/3357 1793/2360/3357 2022/2361/3357
f 1220/2313/3358 1222/2314/3358 3500/2362/3358
f 1713/2349/3359 1714/2347/3359 1788/2338/3359
f 1793/2360/3360 1792/2363/3360 2022/2361/3360
f 1796/2355/3361 1788/2338/3361 1786/2346/3361
f 1711/2364/3362 1701/2344/3362 1712/2342/3362
f 1717/2365/3363 1712/2342/3363 1577/2097/3363
f 1566/2084/3364 1577/2097/3364 1712/2342/3364
f 1717/2365/3365 1697/2366/3365 1711/2364/3365
f 1717/2365/3366 1715/2367/3366 1697/2366/3366
f 1701/2344/3367 1711/2364/3367 1702/2368/3367
f 1706/2359/3368 1708/2369/3368 1710/2340/3368
f 1697/2366/3369 1702/2368/3369 1711/2364/3369
f 1701/2344/3370 1702/2368/3370 1704/2343/3370
f 1702/2368/3371 1706/2359/3371 1704/2343/3371
f 1697/2366/3372 1703/2370/3372 1702/2368/3372
f 1706/2359/3373 1702/2368/3373 1705/2371/3373
f 1717/2365/3374 1711/2364/3374 1712/2342/3374
f 1702/2368/3375 1703/2370/3375 1705/2371/3375
f 1706/2359/3376 1705/2371/3376 1708/2369/3376
f 1577/2097/3377 1578/2111/3377 1717/2365/3377
f 1722/2372/3378 1724/2373/3378 1708/2374/3378
f 1721/2375/3379 1724/2350/3379 1722/2376/3379
f 1795/2348/3380 1724/2350/3380 1721/2375/3380
f 1696/2377/3381 1722/2378/3381 1708/2379/3381
f 1795/2348/3382 1721/2375/3382 1723/2380/3382
f 1828/2381/3383 1802/2382/3383 2062/2383/3383
f 1705/2384/3384 1696/2385/3384 1708/2386/3384
f 1687/2173/3385 1558/2175/3385 1548/2315/3385
f 1690/2387/3386 1688/2388/3386 1710/2389/3386
f 2022/2361/3387 2023/2357/3387 1794/2358/3387
f 1683/2320/3388 1687/2173/3388 1548/2315/3388
f 1678/2318/3389 1683/2320/3389 1548/2315/3389
f 1581/2113/3390 1755/1589/3390 1716/2390/3390
f 1716/2390/3391 1720/1566/3391 1715/2367/3391
f 1458/1984/3392 1444/1991/3392 1437/1983/3392
f 1716/2390/3393 1715/2367/3393 1578/2111/3393
f 1698/2391/3394 1719/2392/3394 1722/2376/3394
f 1698/2393/3395 1696/2394/3395 1707/2395/3395
f 1801/2396/3396 1721/2375/3396 1719/2392/3396
f 1715/2367/3397 1720/1566/3397 1731/1568/3397
f 1716/2390/3398 1578/2111/3398 1581/2113/3398
f 1715/2367/3399 1703/2370/3399 1697/2366/3399
f 1724/2373/3400 1710/2397/3400 1708/2374/3400
f 1792/2363/3401 1793/2360/3401 1790/2398/3401
f 1716/2390/3402 1755/1589/3402 1750/1588/3402
f 1716/2390/3403 1750/1588/3403 1720/1566/3403
f 1696/2385/3404 1698/2391/3404 1722/2376/3404
f 1797/2399/3405 1801/2396/3405 1698/2391/3405
f 1802/2382/3406 1801/2396/3406 1797/2399/3406
f 1683/2320/3407 1684/2171/3407 1687/2173/3407
f 1715/2367/3408 1731/1568/3408 1703/2370/3408
f 1828/2381/3409 1792/2363/3409 1790/2398/3409
f 1790/2398/3410 1723/2380/3410 1801/2396/3410
f 1719/2392/3411 1721/2375/3411 1722/2376/3411
f 1703/2370/3412 1709/2150/3412 1705/2371/3412
f 1723/2380/3413 1793/2360/3413 1794/2358/3413
f 1705/2400/3414 1726/2401/3414 1696/2402/3414
f 1707/2403/3415 1726/2404/3415 1718/2405/3415
f 1790/2398/3416 1801/2396/3416 1802/2382/3416
f 1726/2404/3417 1705/2384/3417 1709/2154/3417
f 1723/2380/3418 1721/2375/3418 1801/2396/3418
f 1802/2382/3419 1797/2399/3419 1799/2406/3419
f 1790/2398/3420 1802/2382/3420 1828/2381/3420
f 1798/2407/3421 1799/2406/3421 1718/2405/3421
f 1718/2405/3422 1700/2131/3422 1699/2408/3422
f 1700/2131/3423 1726/2404/3423 1709/2154/3423
f 1698/2391/3424 1801/2396/3424 1719/2392/3424
f 1729/2122/3425 1798/2407/3425 1699/2408/3425
f 1718/2405/3426 1699/2408/3426 1798/2407/3426
f 1726/2404/3427 1707/2403/3427 1696/2409/3427
f 1800/2410/3428 1802/2382/3428 1799/2406/3428
f 1790/2398/3429 1793/2360/3429 1723/2380/3429
f 1718/2405/3430 1726/2404/3430 1700/2131/3430
f 1698/2391/3431 1718/2405/3431 1797/2399/3431
f 1731/1568/3432 1709/2150/3432 1703/2370/3432
f 1379/2411/3433 1371/2412/3433 1380/2413/3433
f 1803/1709/3434 1791/2414/3434 1798/2407/3434
f 1371/2412/3435 1379/2411/3435 1381/2415/3435
f 1799/2406/3436 1798/2407/3436 1791/2414/3436
f 1377/2416/3437 1371/2412/3437 1359/2085/3437
f 1799/2406/3438 1797/2399/3438 1718/2405/3438
f 1729/2122/3439 1803/1709/3439 1798/2407/3439
f 1351/1936/3440 1374/1932/3440 1377/2416/3440
f 1718/2405/3441 1698/2391/3441 1707/2403/3441
f 1578/2111/3442 1715/2367/3442 1717/2365/3442
f 1799/2406/3443 1791/2414/3443 1800/2410/3443
f 1360/1909/3444 1351/1936/3444 1377/2416/3444
f 1800/2410/3445 2062/2383/3445 1802/2382/3445
f 1380/2413/3446 1377/2416/3446 1394/1942/3446
f 1700/2131/3447 1729/2122/3447 1699/2408/3447
f 1502/2417/3448 1372/2094/3448 1381/2415/3448
f 1503/2103/3449 1502/2417/3449 1504/2418/3449
f 1360/1909/3450 1377/2416/3450 1359/2085/3450
f 1371/2412/3451 1377/2416/3451 1380/2413/3451
f 1380/2413/3452 1394/1942/3452 1397/2419/3452
f 1497/2102/3453 1503/2103/3453 1508/2420/3453
f 1383/2421/3454 1502/2417/3454 1381/2415/3454
f 1505/2422/3455 1509/2423/3455 1610/2424/3455
f 1359/2085/3456 1371/2412/3456 1378/2086/3456
f 1394/1942/3457 1392/1941/3457 1391/1961/3457
f 1508/2420/3458 1595/2286/3458 1497/2102/3458
f 1355/2087/3459 1378/2086/3459 1372/2094/3459
f 1800/2410/3460 1791/2414/3460 2063/1708/3460
f 1791/2414/3461 1803/1709/3461 2063/1708/3461
f 1505/2422/3462 1508/2420/3462 1509/2423/3462
f 1598/2425/3463 1505/2422/3463 1610/2424/3463
f 1391/1961/3464 1389/1952/3464 1385/1951/3464
f 1504/2418/3465 1508/2420/3465 1503/2103/3465
f 1379/2411/3466 1383/2421/3466 1381/2415/3466
f 1386/2426/3467 1397/2419/3467 1391/1961/3467
f 1373/2427/3468 1395/2428/3468 1386/2426/3468
f 1378/2086/3469 1371/2412/3469 1381/2415/3469
f 1579/2104/3470 1603/2429/3470 1586/2105/3470
f 1379/2411/3471 1397/2419/3471 1395/2428/3471
f 1383/2421/3472 1504/2418/3472 1502/2417/3472
f 1505/2422/3473 1595/2286/3473 1508/2420/3473
f 1380/2413/3474 1397/2419/3474 1379/2411/3474
f 1604/2430/3475 1598/2425/3475 1610/2424/3475
f 1382/2431/3476 1386/2426/3476 1385/1951/3476
f 1377/2416/3477 1374/1932/3477 1394/1942/3477
f 1372/2094/3478 1378/2086/3478 1381/2415/3478
f 1598/2425/3479 1595/2286/3479 1505/2422/3479
f 1623/2432/3480 1508/2420/3480 1504/2418/3480
f 1503/2103/3481 1501/2095/3481 1372/2094/3481
f 1396/2433/3482 1395/2428/3482 1373/2427/3482
f 1496/2101/3483 1497/2102/3483 1595/2286/3483
f 1507/2434/3484 1398/2435/3484 1396/2433/3484
f 1386/2426/3485 1391/1961/3485 1385/1951/3485
f 1569/2112/3486 1576/2106/3486 1595/2286/3486
f 1603/2429/3487 1579/2104/3487 1598/2425/3487
f 1604/2430/3488 1610/2424/3488 1607/2436/3488
f 1504/2418/3489 1383/2421/3489 1398/2435/3489
f 1509/2423/3490 1508/2420/3490 1623/2432/3490
f 1382/2431/3491 1373/2427/3491 1386/2426/3491
f 1506/2437/3492 1623/2432/3492 1398/2435/3492
f 1598/2425/3493 1569/2112/3493 1595/2286/3493
f 1504/2418/3494 1398/2435/3494 1623/2432/3494
f 1379/2411/3495 1395/2428/3495 1383/2421/3495
f 1598/2425/3496 1604/2430/3496 1603/2429/3496
f 1586/2105/3497 1597/2160/3497 1754/1590/3497
f 1399/2438/3498 1396/2433/3498 1373/2427/3498
f 1386/2426/3499 1395/2428/3499 1397/2419/3499
f 1391/1961/3500 1397/2419/3500 1394/1942/3500
f 1395/2428/3501 1396/2433/3501 1398/2435/3501
f 1618/1506/3502 1609/1505/3502 1613/2439/3502
f 1604/2430/3503 1597/2160/3503 1603/2429/3503
f 1569/2112/3504 1598/2425/3504 1579/2104/3504
f 1383/2421/3505 1395/2428/3505 1398/2435/3505
f 1596/2161/3506 1597/2160/3506 1604/2430/3506
f 1611/1534/3507 1621/2440/3507 1612/2441/3507
f 1621/2440/3508 1607/2436/3508 1612/2441/3508
f 1398/2435/3509 1507/2434/3509 1506/2437/3509
f 1593/1636/3510 1605/1533/3510 1599/1637/3510
f 1605/1533/3511 1593/1636/3511 1611/1534/3511
f 1622/2442/3512 1619/1535/3512 1614/2443/3512
f 1599/1637/3513 1605/1533/3513 1606/2444/3513
f 1612/2441/3514 1614/2443/3514 1611/1534/3514
f 1618/1506/3515 1507/2434/3515 1439/1518/3515
f 1506/2437/3516 1507/2434/3516 1613/2439/3516
f 1613/2439/3517 1623/2432/3517 1506/2437/3517
f 1612/2441/3518 1607/2436/3518 1610/2424/3518
f 1612/2441/3519 1613/2439/3519 1614/2443/3519
f 1586/2105/3520 1603/2429/3520 1597/2160/3520
f 1509/2423/3521 1623/2432/3521 1613/2439/3521
f 1604/2430/3522 1607/2436/3522 1593/1636/3522
f 1607/2436/3523 1621/2440/3523 1611/1534/3523
f 1596/2161/3524 1604/2430/3524 1592/1635/3524
f 1373/2427/3525 1382/2431/3525 1442/2445/3525
f 1399/2438/3526 1373/2427/3526 1442/2445/3526
f 1618/1506/3527 1613/2439/3527 1507/2434/3527
f 1619/1535/3528 1611/1534/3528 1614/2443/3528
f 1438/2446/3529 1442/2445/3529 1443/2447/3529
f 1443/2447/3530 1476/2144/3530 1438/2446/3530
f 1614/2443/3531 1613/2439/3531 1609/1505/3531
f 1592/1635/3532 1604/2430/3532 1593/1636/3532
f 1443/2447/3533 1437/1983/3533 1444/1991/3533
f 1437/1983/3534 1385/1951/3534 1384/1950/3534
f 1438/2446/3535 1441/1523/3535 1442/2445/3535
f 1399/2438/3536 1439/1518/3536 1396/2433/3536
f 1507/2434/3537 1396/2433/3537 1439/1518/3537
f 1509/2423/3538 1612/2441/3538 1610/2424/3538
f 1611/1534/3539 1593/1636/3539 1607/2436/3539
f 1382/2431/3540 1385/1951/3540 1437/1983/3540
f 1613/2439/3541 1612/2441/3541 1509/2423/3541
f 1622/2442/3542 1609/1505/3542 1617/1507/3542
f 1441/1523/3543 1475/2143/3543 1440/1522/3543
f 1600/1663/3544 1599/1637/3544 1606/2444/3544
f 1620/2448/3545 1619/1535/3545 1622/2442/3545
f 1470/2279/3546 1475/2143/3546 1478/2280/3546
f 1439/1518/3547 1399/2438/3547 1442/2445/3547
f 1606/2444/3548 1601/1783/3548 1594/1556/3548
f 1503/2103/3549 1372/2094/3549 1502/2417/3549
f 1620/2448/3550 1615/1782/3550 1619/1535/3550
f 1437/1983/3551 1443/2447/3551 1382/2431/3551
f 1615/1782/3552 1620/2448/3552 1638/1820/3552
f 1608/2107/3553 1470/2279/3553 1634/1819/3553
f 1606/2444/3554 1594/1556/3554 1588/1538/3554
f 1442/2445/3555 1382/2431/3555 1443/2447/3555
f 1622/2442/3556 1634/1819/3556 1638/1820/3556
f 1475/2143/3557 1441/1523/3557 1438/2446/3557
f 1476/2144/3558 1475/2143/3558 1438/2446/3558
f 1617/1507/3559 1634/1819/3559 1622/2442/3559
f 1606/2444/3560 1588/1538/3560 1600/1663/3560
f 1470/2279/3561 1440/1522/3561 1475/2143/3561
f 1476/2144/3562 1443/2447/3562 1471/2306/3562
f 1464/2142/3563 1476/2144/3563 1471/2306/3563
f 1601/1783/3564 1615/1782/3564 1639/2308/3564
f 1460/1798/3565 1471/2306/3565 1444/1991/3565
f 1471/2306/3566 1443/2447/3566 1444/1991/3566
f 1615/1782/3567 1638/1820/3567 1639/2308/3567
f 1445/2294/3568 1471/2306/3568 1460/1798/3568
f 1606/2444/3569 1616/1541/3569 1601/1783/3569
f 1605/1533/3570 1616/1541/3570 1606/2444/3570
f 1464/2142/3571 1445/2294/3571 1478/2280/3571
f 1614/2443/3572 1609/1505/3572 1622/2442/3572
f 1620/2448/3573 1622/2442/3573 1638/1820/3573
f 1439/1518/3574 1442/2445/3574 1441/1523/3574
f 1460/1798/3575 1444/1991/3575 1457/2043/3575
f 1619/1535/3576 1615/1782/3576 1616/1541/3576
f 2023/2357/3577 2043/2027/3577 1787/2026/3577
f 1849/2449/3578 1837/115/3578 1831/401/3578
f 1831/401/3579 1834/2450/3579 1836/2451/3579
f 111/117/3580 121/406/3580 1835/2452/3580
f 1831/401/3581 111/117/3581 1835/2452/3581
f 1982/2453/3582 1838/2454/3582 1870/2455/3582
f 1839/2456/3583 1835/2452/3583 1976/408/3583
f 1835/2452/3584 121/406/3584 1976/408/3584
f 1847/382/3585 1842/2457/3585 1844/373/3585
f 1850/2458/3586 1976/408/3586 4111/2459/3586
f 1836/2451/3587 1834/2450/3587 1833/2460/3587
f 1831/401/3588 1835/2452/3588 1839/2456/3588
f 1849/2449/3589 1831/401/3589 1836/2451/3589
f 1832/2461/3590 1849/2449/3590 1836/2451/3590
f 1843/2462/3591 127/367/3591 1849/2449/3591
f 1831/401/3592 1839/2456/3592 1834/2450/3592
f 105/398/3593 4111/2459/3593 1976/408/3593
f 1836/2451/3594 1833/2460/3594 1832/2461/3594
f 1928/2463/3595 1843/2462/3595 1832/2461/3595
f 1842/2457/3596 1846/2464/3596 1922/2465/3596
f 1922/2465/3597 1942/2466/3597 1848/2467/3597
f 1845/2468/3598 1848/2469/3598 1830/114/3598
f 127/367/3599 1837/115/3599 1849/2449/3599
f 1842/2457/3600 1843/2470/3600 1846/2464/3600
f 1848/2467/3601 1844/373/3601 1842/2457/3601
f 1859/2471/3602 1858/2472/3602 1855/2473/3602
f 1864/2474/3603 1863/2475/3603 1855/2473/3603
f 1851/379/3604 1845/2468/3604 1830/114/3604
f 1858/2472/3605 1859/2471/3605 1860/2476/3605
f 1856/2477/3606 1857/2478/3606 1860/2476/3606
f 1860/2476/3607 1859/2471/3607 1869/2479/3607
f 1860/2476/3608 1873/2480/3608 1856/2477/3608
f 1857/2481/3609 1856/2482/3609 1830/114/3609
f 1843/2470/3610 1842/2457/3610 1847/382/3610
f 1859/2471/3611 1855/2473/3611 1863/2475/3611
f 1873/2480/3612 1882/2483/3612 1875/2484/3612
f 1869/2479/3613 1871/2485/3613 1860/2476/3613
f 301/411/3614 1830/114/3614 592/632/3614
f 1862/2486/3615 1863/2475/3615 1872/2487/3615
f 1861/2488/3616 1868/2489/3616 1864/2474/3616
f 1861/2488/3617 1864/2474/3617 1855/2473/3617
f 1862/2486/3618 1869/2479/3618 1859/2471/3618
f 1855/2490/3619 1858/2491/3619 1830/114/3619
f 1856/2477/3620 1875/2484/3620 1867/2492/3620
f 1855/2490/3621 1830/114/3621 1861/2493/3621
f 1854/2494/3622 1872/2487/3622 1864/2474/3622
f 1858/2491/3623 1857/2481/3623 1830/114/3623
f 1886/2495/3624 1862/2496/3624 1872/2497/3624
f 1886/2495/3625 1870/2455/3625 1880/2498/3625
f 1859/2471/3626 1863/2475/3626 1862/2486/3626
f 1882/2483/3627 1908/2499/3627 1875/2484/3627
f 1886/2495/3628 1880/2498/3628 1876/2500/3628
f 1856/2482/3629 1867/2501/3629 1830/114/3629
f 1858/2472/3630 1860/2476/3630 1857/2478/3630
f 1876/2500/3631 1880/2498/3631 1877/2502/3631
f 1866/2503/3632 1913/2504/3632 1865/2505/3632
f 1869/2506/3633 1874/2507/3633 1871/2508/3633
f 1865/2509/3634 1830/114/3634 1867/2501/3634
f 1863/2475/3635 1864/2474/3635 1872/2487/3635
f 1908/2499/3636 1882/2483/3636 1883/2510/3636
f 76/104/3637 1830/114/3637 301/411/3637
f 1856/2477/3638 1873/2480/3638 1875/2484/3638
f 1882/2483/3639 1871/2485/3639 1883/2511/3639
f 1982/2453/3640 1872/2497/3640 1854/2512/3640
f 1860/2476/3641 1871/2485/3641 1873/2480/3641
f 1881/2513/3642 1906/2514/3642 1890/2515/3642
f 1854/2512/3643 1884/2516/3643 1982/2453/3643
f 1869/2506/3644 1886/2495/3644 1878/2517/3644
f 1869/2506/3645 1862/2496/3645 1886/2495/3645
f 1876/2500/3646 1883/2518/3646 1887/2519/3646
f 1875/2484/3647 1866/2503/3647 1865/2505/3647
f 1867/2492/3648 1875/2484/3648 1865/2505/3648
f 1906/2514/3649 1879/2520/3649 1890/2515/3649
f 1912/2521/3650 1909/2522/3650 1891/2523/3650
f 1882/2483/3651 1873/2480/3651 1871/2485/3651
f 1892/653/3652 1895/2524/3652 1905/2525/3652
f 1889/2526/3653 1895/2524/3653 1888/2527/3653
f 1888/2527/3654 1895/2524/3654 1892/653/3654
f 579/645/3655 1898/2528/3655 569/635/3655
f 1899/2529/3656 1896/2530/3656 1902/2531/3656
f 1888/2527/3657 1892/653/3657 1899/2532/3657
f 1872/2497/3658 1982/2453/3658 1870/2455/3658
f 1876/2500/3659 1874/2507/3659 1878/2517/3659
f 1902/2531/3660 1904/2533/3660 1899/2529/3660
f 601/2534/3661 592/632/3661 1903/2535/3661
f 1907/2536/3662 1912/2521/3662 1901/2537/3662
f 588/640/3663 1892/653/3663 1905/2525/3663
f 1909/2522/3664 1894/2538/3664 1893/2539/3664
f 1872/2497/3665 1870/2455/3665 1886/2495/3665
f 1896/2530/3666 1897/648/3666 1898/2528/3666
f 1900/2540/3667 1909/2541/3667 1912/2542/3667
f 1901/2543/3668 1904/2533/3668 1907/2544/3668
f 1908/2545/3669 1900/2546/3669 1912/2521/3669
f 1891/2523/3670 1888/2527/3670 1899/2532/3670
f 579/645/3671 1902/2531/3671 1898/2528/3671
f 1903/2547/3672 1902/2531/3672 579/645/3672
f 1905/2525/3673 1895/2524/3673 588/640/3673
f 588/640/3674 1895/2524/3674 580/642/3674
f 1876/2500/3675 1957/2548/3675 1890/2515/3675
f 1911/2549/3676 1910/2550/3676 1903/2547/3676
f 601/651/3677 1903/2547/3677 579/645/3677
f 1897/2551/3678 1896/649/3678 576/646/3678
f 1907/2544/3679 1908/2499/3679 1912/2552/3679
f 1909/2522/3680 1893/2539/3680 1891/2523/3680
f 1896/2530/3681 1898/2528/3681 1902/2531/3681
f 1874/2507/3682 1876/2500/3682 1887/2519/3682
f 1957/2548/3683 1881/2513/3683 1890/2515/3683
f 1879/2520/3684 1900/2546/3684 1908/2545/3684
f 1900/2546/3685 1879/2520/3685 1906/2514/3685
f 1912/2521/3686 1891/2523/3686 1901/2537/3686
f 1909/2522/3687 1906/2514/3687 1967/2553/3687
f 1896/649/3688 1892/653/3688 581/639/3688
f 1899/2532/3689 1892/653/3689 1896/649/3689
f 1914/2554/3690 1913/2504/3690 1907/2544/3690
f 1900/2546/3691 1906/2514/3691 1909/2522/3691
f 1889/2526/3692 1888/2527/3692 1891/2523/3692
f 1918/2555/3693 1915/2556/3693 1884/2557/3693
f 1902/2531/3694 1903/2547/3694 1910/2550/3694
f 1913/2558/3695 1914/2559/3695 1830/114/3695
f 1891/2523/3696 1893/2539/3696 1889/2526/3696
f 1913/2558/3697 1830/114/3697 1865/2509/3697
f 1921/2560/3698 1920/2561/3698 1933/2562/3698
f 1914/2554/3699 1904/2533/3699 1910/2550/3699
f 1899/2532/3700 1901/2537/3700 1891/2523/3700
f 1901/2543/3701 1899/2529/3701 1904/2533/3701
f 1915/2563/3702 1919/2564/3702 1884/2516/3702
f 1921/2560/3698 1984/2565/3698 1920/2561/3698
f 1910/2550/3703 1911/2549/3703 1914/2554/3703
f 1842/2457/3704 1922/2465/3704 1848/2467/3704
f 1914/2559/3705 592/632/3705 1830/114/3705
f 1938/2566/3706 1933/2567/3706 1925/2568/3706
f 1926/2569/3707 1925/2568/3707 1932/2570/3707
f 1981/2571/3708 1916/2572/3708 1917/2573/3708
f 1907/2544/3709 1866/2503/3709 1875/2484/3709
f 1868/2489/3710 1924/2574/3710 1864/2474/3710
f 1926/2569/3711 1932/2570/3711 1927/2575/3711
f 1911/2576/3712 592/632/3712 1914/2559/3712
f 1933/2562/3713 1920/2561/3713 1936/2577/3713
f 1917/2573/3714 1936/2577/3714 1920/2561/3714
f 1928/2463/3715 1833/2460/3715 1921/2560/3715
f 1866/2503/3716 1907/2544/3716 1913/2504/3716
f 1854/2494/3717 1864/2474/3717 1924/2574/3717
f 1932/2570/3718 1929/2578/3718 1935/2579/3718
f 1925/2568/3719 1933/2567/3719 1936/2580/3719
f 1868/2581/3720 1830/114/3720 1931/2582/3720
f 1914/2554/3721 1907/2544/3721 1904/2533/3721
f 1918/2555/3722 1924/2574/3722 1923/2583/3722
f 1923/2583/3723 1936/2580/3723 1918/2555/3723
f 1920/2561/3724 1930/2584/3724 1917/2573/3724
f 1917/2573/3725 1930/2584/3725 1981/2571/3725
f 1924/2574/3726 1868/2489/3726 1923/2583/3726
f 1932/2570/3727 1925/2568/3727 1936/2580/3727
f 1917/2573/3728 1915/2563/3728 1936/2577/3728
f 1938/2566/3729 1922/2465/3729 1846/2464/3729
f 1919/2564/3730 1915/2563/3730 1916/2572/3730
f 1915/2556/3731 1918/2555/3731 1936/2580/3731
f 1919/2564/3732 1982/2453/3732 1884/2516/3732
f 1929/2578/3733 1932/2570/3733 1923/2583/3733
f 1923/2583/3734 1868/2489/3734 1931/2585/3734
f 1932/2570/3735 1936/2580/3735 1923/2583/3735
f 1931/2585/3736 1929/2578/3736 1923/2583/3736
f 1915/2563/3737 1917/2573/3737 1916/2572/3737
f 1918/2555/3738 1854/2494/3738 1924/2574/3738
f 1921/2586/3739 1938/2566/3739 1846/2464/3739
f 1929/2587/3740 1931/2582/3740 1830/114/3740
f 1934/2588/3741 1938/2566/3741 1926/2569/3741
f 1921/2586/3742 1846/2464/3742 1928/2589/3742
f 1939/2590/3743 1937/2591/3743 1830/114/3743
f 1937/2591/3744 1940/2592/3744 1830/114/3744
f 1927/2575/3745 1934/2588/3745 1926/2569/3745
f 1884/2557/3746 1854/2494/3746 1918/2555/3746
f 1938/2566/3747 1925/2568/3747 1926/2569/3747
f 1932/2570/3748 1935/2579/3748 1927/2575/3748
f 1933/2567/3749 1938/2566/3749 1921/2586/3749
f 1935/2579/3750 1934/2588/3750 1927/2575/3750
f 1861/2493/3751 1830/114/3751 1868/2581/3751
f 1950/2593/3752 1838/2454/3752 1953/2594/3752
f 1942/2595/3753 1939/2590/3753 1830/114/3753
f 1939/2596/3754 1942/2466/3754 1922/2465/3754
f 1960/2597/3755 1949/2598/3755 1941/2599/3755
f 1960/2597/3756 1956/2600/3756 1958/2601/3756
f 1942/2595/3757 1830/114/3757 1848/2469/3757
f 1940/2602/3758 1934/2588/3758 1935/2579/3758
f 1955/2603/3759 1946/2604/3759 1968/2605/3759
f 1934/2588/3760 1937/2606/3760 1938/2566/3760
f 1939/2596/3761 1938/2566/3761 1937/2606/3761
f 1954/2607/3762 1943/2608/3762 1949/2598/3762
f 1956/2600/3763 1947/2609/3763 1946/2604/3763
f 1943/2608/3764 1971/2610/3764 3965/2611/3764
f 1960/2597/3765 1941/2599/3765 1947/2609/3765
f 1939/2596/3766 1922/2465/3766 1938/2566/3766
f 1950/2593/3767 1948/2612/3767 1838/2454/3767
f 1973/2613/3768 1941/2599/3768 1944/2614/3768
f 1951/2615/3769 1838/2454/3769 1948/2612/3769
f 1881/2513/3770 1967/2553/3770 1906/2514/3770
f 1940/2592/3771 1929/2587/3771 1830/114/3771
f 1940/2592/3772 1935/2616/3772 1929/2587/3772
f 1958/2601/3773 1954/2617/3773 1945/2618/3773
f 1946/2604/3774 1957/2548/3774 1956/2600/3774
f 1948/2612/3775 1950/2593/3775 1954/2617/3775
f 1940/2602/3776 1937/2606/3776 1934/2588/3776
f 1947/2609/3777 1956/2600/3777 1960/2597/3777
f 1950/2593/3778 1943/2608/3778 1954/2607/3778
f 1954/2617/3779 1958/2601/3779 1948/2612/3779
f 1941/2599/3780 1943/2608/3780 1944/2614/3780
f 1956/2600/3781 1877/2502/3781 1958/2601/3781
f 1957/2548/3782 1946/2604/3782 1881/2513/3782
f 1880/2498/3783 1885/2619/3783 1877/2502/3783
f 1961/2620/3784 1941/2599/3784 1952/2621/3784
f 1949/2598/3785 1943/2608/3785 1941/2599/3785
f 1951/2615/3786 1885/2619/3786 1870/2455/3786
f 1958/2601/3787 1885/2619/3787 1951/2615/3787
f 1960/2597/3788 1945/2618/3788 1949/2598/3788
f 1953/2594/3789 1959/2622/3789 1950/2593/3789
f 1947/2609/3790 1968/2605/3790 1946/2604/3790
f 1948/2612/3791 1958/2601/3791 1951/2615/3791
f 1881/2513/3792 1946/2604/3792 1967/2553/3792
f 1885/2619/3793 1958/2601/3793 1877/2502/3793
f 1968/2605/3794 1947/2609/3794 1941/2599/3794
f 1838/2454/3795 1951/2615/3795 1870/2455/3795
f 1949/2623/3796 1945/2624/3796 1954/2625/3796
f 1973/2613/3797 4026/2626/3797 1963/601/3797
f 1970/618/3798 1966/2627/3798 1962/2628/3798
f 1870/2455/3799 1885/2619/3799 1880/2498/3799
f 561/2629/3800 562/2630/3800 1965/2631/3800
f 1964/2632/3801 556/760/3801 1970/618/3801
f 1877/2502/3802 1956/2600/3802 1957/2548/3802
f 1945/2618/3803 1960/2597/3803 1958/2601/3803
f 1964/2632/3804 1969/2633/3804 1965/610/3804
f 1970/618/3805 559/617/3805 1966/2627/3805
f 1889/2526/3806 1893/2539/3806 1894/2538/3806
f 1952/2621/3807 1973/2613/3807 1963/601/3807
f 1946/2604/3808 1955/2603/3808 1967/2553/3808
f 1965/610/3809 562/774/3809 1964/2632/3809
f 1968/2605/3810 1961/2620/3810 1853/2634/3810
f 559/617/3811 580/642/3811 1966/2627/3811
f 3970/2635/3812 1971/2610/3812 1972/2636/3812
f 1967/2553/3813 1955/2603/3813 1962/2628/3813
f 1894/2538/3814 1909/2522/3814 1967/2553/3814
f 1966/2627/3815 1895/2524/3815 1889/2526/3815
f 1894/2538/3816 1967/2553/3816 1962/2628/3816
f 1966/2627/3817 1894/2538/3817 1962/2628/3817
f 1964/2632/3818 562/774/3818 556/760/3818
f 1961/2620/3819 1952/2621/3819 1963/601/3819
f 1961/2620/3820 1968/2605/3820 1941/2599/3820
f 1961/2620/3821 1963/601/3821 1965/610/3821
f 1955/2603/3813 1853/2634/3813 1962/2628/3813
f 1971/2610/3822 1943/2608/3822 1950/2593/3822
f 1969/2637/3823 1961/2638/3823 1965/2639/3823
f 1972/2636/3824 1850/2458/3824 4053/2640/3824
f 1962/2628/3825 1964/2632/3825 1970/618/3825
f 1969/2633/3826 1962/2628/3826 1853/2634/3826
f 1969/2637/3827 1853/2641/3827 1961/2638/3827
f 1941/2599/3828 1973/2613/3828 1952/2621/3828
f 1911/2576/3829 1903/2535/3829 592/632/3829
f 1910/2550/3830 1904/2533/3830 1902/2531/3830
f 1841/2642/3831 1975/2643/3831 1953/2594/3831
f 1841/2642/3832 1953/2594/3832 1982/2453/3832
f 1894/2538/3833 1966/2627/3833 1889/2526/3833
f 1977/2644/3834 1980/2645/3834 1840/2646/3834
f 1950/2593/3835 1840/2646/3835 1971/2610/3835
f 1978/2647/3836 1976/408/3836 1974/2648/3836
f 1975/2643/3837 1980/2645/3837 1977/2644/3837
f 1841/2642/3838 1980/2645/3838 1975/2643/3838
f 1964/2632/3839 1962/2628/3839 1969/2633/3839
f 1974/2648/3840 1972/2636/3840 1840/2646/3840
f 1984/2565/3841 1978/2647/3841 1930/2584/3841
f 1983/2649/3842 1930/2584/3842 1978/2647/3842
f 1850/2458/3843 1972/2636/3843 1976/408/3843
f 1974/2648/3844 1980/2645/3844 1978/2647/3844
f 1984/2565/3845 1979/2650/3845 1978/2647/3845
f 1834/2450/3846 1979/2650/3846 1833/2460/3846
f 1972/2636/3847 1974/2648/3847 1976/408/3847
f 1981/2571/3848 1983/2649/3848 1980/2645/3848
f 1977/2644/3849 1840/2646/3849 1852/2651/3849
f 1983/2649/3850 1978/2647/3850 1980/2645/3850
f 1977/2644/3851 1852/2651/3851 1975/2643/3851
f 1980/2645/3852 1974/2648/3852 1840/2646/3852
f 1979/2650/3853 1976/408/3853 1978/2647/3853
f 1981/2571/3854 1841/2642/3854 1916/2572/3854
f 1982/2453/3832 1953/2594/3832 1838/2454/3832
f 1834/2450/3855 1839/2456/3855 1979/2650/3855
f 1841/2642/3856 1919/2564/3856 1916/2572/3856
f 1981/2571/3857 1930/2584/3857 1983/2649/3857
f 1984/2565/3858 1921/2560/3858 1833/2460/3858
f 1845/2652/3859 1844/373/3859 1848/2467/3859
f 1843/2462/3860 1849/2449/3860 1832/2461/3860
f 1907/2544/3861 1875/2484/3861 1908/2499/3861
f 1976/408/3862 1979/2650/3862 1839/2456/3862
f 1832/2461/3863 1833/2460/3863 1928/2463/3863
f 1982/2453/3864 1919/2564/3864 1841/2642/3864
f 138/350/3865 127/367/3865 1843/2653/3865
f 1874/2507/3866 1887/2519/3866 1871/2508/3866
f 1876/2500/3867 1877/2502/3867 1957/2548/3867
f 1841/2642/3868 1981/2571/3868 1980/2645/3868
f 1908/2545/3869 1883/2518/3869 1879/2520/3869
f 1886/2495/3870 1876/2500/3870 1878/2517/3870
f 1883/2518/3871 1871/2508/3871 1887/2519/3871
f 1833/2460/3872 1979/2650/3872 1984/2565/3872
f 1869/2506/3873 1878/2517/3873 1874/2507/3873
f 1883/2518/3874 1890/2515/3874 1879/2520/3874
f 1883/2518/3875 1876/2500/3875 1890/2515/3875
f 1844/373/3876 144/372/3876 1847/382/3876
f 1984/2565/3877 1930/2584/3877 1920/2561/3877
f 1968/2605/3878 1853/2634/3878 1955/2603/3878
f 138/384/3879 1843/2470/3879 1847/382/3879
f 580/642/3880 1895/2524/3880 1966/2627/3880
f 1959/2622/3881 1852/2651/3881 1950/2593/3881
f 1846/2464/3882 1843/2470/3882 1928/2654/3882
f 1972/2636/3883 1971/2610/3883 1840/2646/3883
f 1851/409/3884 1844/373/3884 1845/2652/3884
f 1959/2622/3885 1953/2594/3885 1852/2651/3885
f 1975/2643/3886 1852/2651/3886 1953/2594/3886
f 1852/2651/3887 1840/2646/3887 1950/2593/3887
f 1897/648/3888 569/635/3888 1898/2528/3888
f 3856/2655/3889 2411/2656/3889 2413/2657/3889
f 2230/2658/3890 2240/2659/3890 2237/2660/3890
f 2362/2661/3891 2406/2662/3891 2404/2663/3891
f 2412/2664/3892 2415/2665/3892 2409/2666/3892
f 2240/2659/3893 2247/2667/3893 2237/2660/3893
f 2245/2668/3894 2244/2669/3894 2230/2658/3894
f 2230/2658/3895 2237/2660/3895 2245/2668/3895
f 2239/2670/3896 2240/2671/3896 2230/2672/3896
f 2245/2668/3897 2237/2660/3897 2246/2673/3897
f 2223/2674/3898 2237/2660/3898 2248/2675/3898
f 2236/2676/3899 2230/2672/3899 2244/2677/3899
f 2246/2673/3900 2249/2678/3900 2245/2668/3900
f 2413/2679/3901 2411/2680/3901 2414/2681/3901
f 2414/2681/3902 2411/2680/3902 2409/2666/3902
f 2243/2682/3903 2138/2683/3903 2242/2684/3903
f 2410/2685/3904 2416/2686/3904 2409/2666/3904
f 4596/2687/3905 2273/2688/3905 4593/2689/3905
f 2239/2670/3906 2241/2690/3906 2238/2691/3906
f 3857/2692/3907 2413/2693/3907 2408/2694/3907
f 2238/2691/3908 2240/2671/3908 2239/2670/3908
f 2232/2695/3909 2235/2696/3909 2234/2697/3909
f 2408/2698/3910 2241/2699/3910 3850/2700/3910
f 2236/2676/3911 2235/2696/3911 2230/2672/3911
f 2599/2701/3912 2204/2702/3912 2622/2703/3912
f 2411/2680/3913 3861/2704/3913 2412/2664/3913
f 2421/2705/3914 2412/2664/3914 3861/2704/3914
f 2055/2706/3915 2094/2707/3915 2085/2708/3915
f 2421/2705/3916 3861/2704/3916 3862/2709/3916
f 2239/2670/3917 2230/2672/3917 3851/2710/3917
f 2204/2702/3918 2197/2711/3918 2198/2712/3918
f 3848/2713/3919 3851/2710/3919 2235/2696/3919
f 2235/2696/3920 3851/2710/3920 2230/2672/3920
f 3847/2714/3921 2235/2696/3921 2232/2695/3921
f 2421/2705/3922 2596/2715/3922 2412/2664/3922
f 2409/2716/3923 2411/2717/3923 2412/2718/3923
f 2419/2719/3924 2247/2667/3924 2407/2720/3924
f 2407/2720/3925 2238/2721/3925 2408/2722/3925
f 2236/2676/3926 2234/2697/3926 2235/2696/3926
f 2198/2712/3927 2036/2723/3927 2085/2708/3927
f 2233/2724/3928 2236/2676/3928 2244/2677/3928
f 2247/2667/3929 2419/2719/3929 2248/2675/3929
f 2247/2725/3930 2240/2671/3930 2238/2726/3930
f 2416/2686/3931 2414/2681/3931 2409/2666/3931
f 2407/2720/3932 2413/2679/3932 2414/2681/3932
f 2418/2727/3933 2419/2719/3933 2407/2720/3933
f 2238/2721/3934 2407/2720/3934 2247/2667/3934
f 2414/2681/3935 2416/2686/3935 2418/2727/3935
f 2205/2728/3936 2095/2729/3936 2086/2730/3936
f 2241/2731/3937 2408/2722/3937 2238/2721/3937
f 2419/2719/3938 2386/2732/3938 2248/2675/3938
f 2418/2727/3939 2407/2720/3939 2414/2681/3939
f 2621/2733/3940 2070/2734/3940 2601/2735/3940
f 2250/2736/3941 3845/2737/3941 2232/2695/3941
f 2237/2660/3942 2247/2667/3942 2248/2675/3942
f 2616/2738/3943 2601/2735/3943 2614/2739/3943
f 2074/2740/3944 2086/2730/3944 2095/2729/3944
f 2605/2741/3945 2615/2742/3945 2614/2739/3945
f 2134/2743/3946 2139/2744/3946 2231/2745/3946
f 2190/2746/3947 2204/2702/3947 2599/2701/3947
f 2197/2711/3948 2204/2702/3948 2190/2746/3948
f 2070/2734/3949 2094/2707/3949 2092/2747/3949
f 2602/2748/3950 2610/2749/3950 2614/2739/3950
f 2249/2678/3951 2244/2669/3951 2245/2668/3951
f 2242/2684/3952 2233/2750/3952 2243/2682/3952
f 2233/2750/3953 2244/2669/3953 2249/2678/3953
f 2615/2742/3954 2620/2751/3954 2602/2748/3954
f 2233/2750/3955 2234/2752/3955 2236/2753/3955
f 2139/2754/3956 2232/2695/3956 2231/2755/3956
f 2132/2756/3957 2134/2743/3957 2138/2683/3957
f 2139/2754/3958 2250/2736/3958 2232/2695/3958
f 2133/2757/3959 2142/2758/3959 2250/2759/3959
f 2231/2745/3960 2233/2750/3960 2242/2684/3960
f 2137/2760/3961 2135/2761/3961 2144/2762/3961
f 2132/2756/3962 2133/2763/3962 2134/2743/3962
f 2250/2736/3963 2139/2754/3963 2133/2764/3963
f 2133/2763/3964 2132/2756/3964 2130/2765/3964
f 2164/2766/3965 2166/2767/3965 2165/2768/3965
f 2131/2769/3966 2130/2770/3966 3836/2771/3966
f 2415/2665/3967 2596/2715/3967 2563/2772/3967
f 2365/2773/3968 2415/2665/3968 2563/2772/3968
f 2231/2774/3969 2234/2775/3969 2233/2776/3969
f 2231/2745/3970 2242/2684/3970 2134/2743/3970
f 2234/2775/3971 2231/2774/3971 2232/2695/3971
f 2366/2777/3972 2364/2778/3972 2365/2773/3972
f 2130/2765/3973 2136/2779/3973 2144/2762/3973
f 2233/2750/3974 2249/2678/3974 2243/2682/3974
f 2395/2780/3975 2377/2781/3975 2368/2782/3975
f 2415/2665/3976 2365/2773/3976 2364/2778/3976
f 2134/2783/3977 2133/2764/3977 2139/2754/3977
f 2415/2665/3978 2410/2685/3978 2409/2666/3978
f 2417/2784/3979 2370/2785/3979 2380/2786/3979
f 2132/2756/3980 2136/2779/3980 2130/2765/3980
f 2364/2787/3981 2417/2788/3981 2410/2789/3981
f 2410/2685/3982 2417/2784/3982 2416/2686/3982
f 2387/2790/3983 2359/2791/3983 2360/2792/3983
f 2131/2793/3984 2142/2794/3984 2133/2764/3984
f 2389/2795/3985 2359/2791/3985 2387/2790/3985
f 2418/2727/3986 2416/2686/3986 2419/2719/3986
f 2367/2796/3987 2395/2797/3987 2383/2798/3987
f 2134/2743/3988 2242/2684/3988 2138/2683/3988
f 2420/2799/3989 2380/2786/3989 2378/2800/3989
f 2386/2732/3990 2419/2719/3990 2420/2799/3990
f 2417/2784/3991 2380/2786/3991 2416/2686/3991
f 2131/2801/3992 2133/2763/3992 2130/2765/3992
f 2372/2802/3993 2364/2778/3993 2366/2777/3993
f 3867/2803/3994 2596/2715/3994 2421/2705/3994
f 2248/2675/3995 2386/2732/3995 2223/2674/3995
f 2420/2799/3996 2378/2800/3996 2373/2804/3996
f 2367/2796/3997 2369/2805/3997 2389/2795/3997
f 2358/2806/3998 2365/2773/3998 2563/2772/3998
f 2226/2807/3999 2386/2732/3999 2406/2662/3999
f 2621/2733/4000 2601/2735/4000 2616/2738/4000
f 2603/2808/4001 2614/2739/4001 2610/2749/4001
f 2360/2792/4002 2378/2800/4002 2380/2786/4002
f 2380/2786/4003 2420/2799/4003 2416/2686/4003
f 3836/2809/4004 2130/2765/4004 2144/2762/4004
f 2420/2799/4005 2373/2804/4005 2406/2662/4005
f 2415/2665/4006 2412/2664/4006 2596/2715/4006
f 2144/2762/4007 2135/2761/4007 3836/2810/4007
f 2372/2802/4008 2366/2777/4008 2375/2811/4008
f 2241/2690/4009 2239/2670/4009 3850/2812/4009
f 2366/2777/4010 2365/2773/4010 2358/2806/4010
f 2228/2813/4011 2224/2814/4011 2222/2815/4011
f 2370/2785/4012 2371/2816/4012 2360/2792/4012
f 2362/2661/4013 2215/2817/4013 2229/2818/4013
f 2370/2785/4014 2372/2802/4014 2371/2816/4014
f 2364/2778/4015 2372/2802/4015 2370/2785/4015
f 2406/2662/4016 2386/2732/4016 2420/2799/4016
f 2360/2792/4017 2380/2786/4017 2370/2785/4017
f 2360/2792/4018 2376/2819/4018 2378/2800/4018
f 2222/2815/4019 2229/2818/4019 2228/2813/4019
f 2237/2660/4020 2223/2674/4020 2246/2673/4020
f 2367/2796/4021 2374/2820/4021 2395/2797/4021
f 2410/2685/4022 2415/2665/4022 2364/2778/4022
f 2404/2663/4023 2381/2821/4023 2362/2661/4023
f 2408/2722/4024 2413/2679/4024 2407/2720/4024
f 2376/2819/4025 2360/2792/4025 2359/2791/4025
f 2417/2784/4026 2364/2778/4026 2370/2785/4026
f 2387/2790/4027 2367/2796/4027 2389/2795/4027
f 2372/2802/4028 2374/2820/4028 2371/2816/4028
f 2382/2822/4029 2376/2819/4029 2389/2795/4029
f 2389/2795/4030 2376/2819/4030 2359/2791/4030
f 2226/2807/4031 2229/2818/4031 2223/2674/4031
f 2416/2686/4032 2420/2799/4032 2419/2719/4032
f 2375/2811/4033 2377/2823/4033 2372/2802/4033
f 2405/2824/4034 2400/2825/4034 2363/2826/4034
f 2215/2817/4035 2228/2813/4035 2229/2818/4035
f 2361/2827/4036 2393/2828/4036 2390/2829/4036
f 2404/2663/4037 2373/2804/4037 2376/2819/4037
f 2369/2805/4038 2363/2826/4038 2400/2825/4038
f 2374/2820/4039 2372/2802/4039 2377/2823/4039
f 2377/2823/4040 2395/2797/4040 2374/2820/4040
f 2406/2662/4041 2373/2804/4041 2404/2663/4041
f 2207/2830/4042 2227/2831/4042 2206/2832/4042
f 2375/2811/4043 2368/2833/4043 2377/2823/4043
f 2387/2790/4044 2374/2820/4044 2367/2796/4044
f 2360/2792/4045 2374/2820/4045 2387/2790/4045
f 2360/2834/4046 2371/2835/4046 2374/2836/4046
f 2208/2837/4047 2602/2748/4047 2611/2838/4047
f 2086/2730/4048 2083/2839/4048 2205/2728/4048
f 2083/2839/4049 2086/2730/4049 2093/2840/4049
f 2074/2740/4050 2093/2840/4050 2086/2730/4050
f 2399/2841/4051 2369/2805/4051 2400/2825/4051
f 2381/2821/4052 2404/2663/4052 2379/2842/4052
f 2381/2821/4053 2214/2843/4053 2362/2661/4053
f 2208/2837/4054 2209/2844/4054 2227/2831/4054
f 2196/2845/4055 2301/2846/4055 2304/2847/4055
f 2362/2661/4056 2214/2843/4056 2215/2817/4056
f 2196/2845/4057 2195/2848/4057 2301/2846/4057
f 2614/2739/4058 2601/2735/4058 2605/2741/4058
f 2085/2708/4059 2204/2702/4059 2198/2712/4059
f 2094/2707/4060 2070/2734/4060 2085/2708/4060
f 2200/2849/4061 2599/2701/4061 2598/2850/4061
f 2605/2741/4062 2601/2735/4062 2205/2728/4062
f 2607/2851/4063 2602/2748/4063 2208/2837/4063
f 2205/2728/4064 2620/2751/4064 2615/2742/4064
f 2074/2740/4065 2095/2729/4065 2070/2734/4065
f 2622/2703/4066 2204/2702/4066 2085/2708/4066
f 2607/2851/4067 2227/2831/4067 2207/2830/4067
f 2325/2852/4068 2597/2853/4068 2618/2854/4068
f 2085/2708/4069 2070/2734/4069 2621/2733/4069
f 2621/2733/4070 2616/2738/4070 2619/2855/4070
f 2196/2845/4071 2191/2856/4071 2200/2849/4071
f 2195/2848/4072 2200/2849/4072 2598/2850/4072
f 2205/2728/4073 2615/2742/4073 2605/2741/4073
f 2601/2735/4074 2095/2729/4074 2205/2728/4074
f 2606/2857/4075 2623/2858/4075 2618/2854/4075
f 2329/2859/4076 2333/2860/4076 2332/2861/4076
f 2082/2862/4077 2205/2728/4077 2083/2839/4077
f 2076/2863/4078 2082/2862/4078 2083/2839/4078
f 2325/2852/4079 2332/2861/4079 2333/2860/4079
f 2598/2850/4080 2599/2701/4080 2622/2703/4080
f 2191/2856/4081 2190/2746/4081 2599/2701/4081
f 2614/2739/4082 2603/2808/4082 2612/2864/4082
f 2095/2729/4083 2601/2735/4083 2070/2734/4083
f 2612/2864/4084 2603/2808/4084 2609/2865/4084
f 2205/2728/4085 2602/2748/4085 2620/2751/4085
f 2200/2849/4086 2191/2856/4086 2599/2701/4086
f 2036/2723/4087 2055/2706/4087 2085/2708/4087
f 2611/2838/4088 2205/2728/4088 2082/2862/4088
f 2621/2733/4089 2598/2850/4089 2622/2703/4089
f 2614/2739/4090 2615/2742/4090 2602/2748/4090
f 2195/2848/4091 2196/2845/4091 2200/2849/4091
f 2606/2857/4092 2619/2855/4092 2616/2738/4092
f 2612/2864/4093 2609/2865/4093 2606/2857/4093
f 2619/2855/4094 2606/2857/4094 2618/2854/4094
f 2610/2749/4095 2607/2851/4095 2207/2830/4095
f 2600/2866/4096 2619/2855/4096 2618/2854/4096
f 2607/2851/4097 2610/2749/4097 2602/2748/4097
f 2604/2867/4098 2624/2868/4098 2357/2869/4098
f 2623/2858/4099 2606/2857/4099 2609/2865/4099
f 2195/2848/4100 2600/2866/4100 2597/2853/4100
f 2621/2733/4101 2622/2703/4101 2085/2708/4101
f 2600/2866/4102 2598/2850/4102 2619/2855/4102
f 2195/2848/4103 2598/2850/4103 2600/2866/4103
f 2301/2846/4104 2325/2852/4104 2333/2860/4104
f 2624/2868/4105 2346/2870/4105 2357/2869/4105
f 2307/2871/4106 2301/2846/4106 2333/2860/4106
f 2208/2837/4107 2611/2838/4107 2082/2862/4107
f 2611/2838/4108 2602/2748/4108 2205/2728/4108
f 2623/2858/4109 2325/2852/4109 2618/2854/4109
f 2621/2733/4110 2619/2855/4110 2598/2850/4110
f 2614/2739/4111 2612/2864/4111 2616/2738/4111
f 2357/2869/4112 2328/2872/4112 2331/2873/4112
f 2604/2867/4113 2357/2869/4113 2331/2873/4113
f 2597/2853/4114 2301/2846/4114 2195/2848/4114
f 2623/2858/4115 2328/2872/4115 2325/2852/4115
f 2617/2874/4116 2604/2867/4116 2623/2858/4116
f 2597/2853/4117 2600/2866/4117 2618/2854/4117
f 2607/2851/4118 2208/2837/4118 2227/2831/4118
f 2034/2875/4119 2015/2876/4119 2030/2877/4119
f 2030/2877/4120 2016/2167/4120 1784/2337/4120
f 2606/2857/4121 2616/2738/4121 2612/2864/4121
f 2341/2878/4122 2328/2872/4122 2357/2869/4122
f 2017/2879/4123 2034/2875/4123 2039/2880/4123
f 2328/2872/4124 2332/2861/4124 2325/2852/4124
f 2325/2852/4125 2301/2846/4125 2597/2853/4125
f 2037/2881/4126 2029/2882/4126 2056/2883/4126
f 2623/2858/4127 2604/2867/4127 2331/2873/4127
f 2019/2884/4128 2039/2880/4128 2029/2882/4128
f 2331/2873/4129 2328/2872/4129 2623/2858/4129
f 2050/2885/4130 2037/2881/4130 2056/2883/4130
f 2034/2875/4131 2043/2027/4131 2038/2886/4131
f 2613/2887/4132 2604/2867/4132 2617/2874/4132
f 2613/2887/4133 2617/2874/4133 2603/2808/4133
f 2617/2874/4134 2609/2865/4134 2603/2808/4134
f 2039/2880/4135 2034/2875/4135 2040/2888/4135
f 2015/2876/4136 2035/2889/4136 1986/2890/4136
f 1782/2025/4137 2030/2877/4137 1784/2337/4137
f 2034/2875/4138 2030/2877/4138 2043/2027/4138
f 2623/2858/4139 2609/2865/4139 2617/2874/4139
f 2034/2875/4140 2017/2879/4140 2015/2876/4140
f 2043/2027/4141 2023/2357/4141 2025/2891/4141
f 2056/2883/4142 2039/2880/4142 2042/2892/4142
f 2341/2878/4143 2357/2869/4143 2352/2893/4143
f 2016/2167/4144 2030/2877/4144 2015/2876/4144
f 2037/2881/4145 2050/2885/4145 2041/2894/4145
f 2043/2027/4146 2030/2877/4146 1782/2025/4146
f 2328/2872/4147 2341/2878/4147 2332/2861/4147
f 2034/2875/4148 2038/2886/4148 2040/2888/4148
f 2025/2891/4149 2023/2357/4149 2022/2361/4149
f 2024/2895/4150 2027/2896/4150 2028/2897/4150
f 2056/2883/4151 2052/2898/4151 2050/2885/4151
f 2039/2880/4152 2056/2883/4152 2029/2882/4152
f 2027/2896/4153 2025/2891/4153 2028/2897/4153
f 2056/2883/4154 2014/2899/4154 2052/2898/4154
f 2186/2900/4155 2202/2901/4155 2185/2902/4155
f 2040/2888/4156 2042/2892/4156 2039/2880/4156
f 2042/2892/4157 2014/2899/4157 2056/2883/4157
f 2025/2891/4158 2038/2886/4158 2043/2027/4158
f 2050/2885/4159 2054/2903/4159 2044/2904/4159
f 2027/2896/4160 2042/2892/4160 2040/2888/4160
f 2382/2822/4161 2403/2905/4161 2379/2842/4161
f 2193/2906/4162 2188/2907/4162 2202/2901/4162
f 2045/2908/4163 2193/2906/4163 2044/2904/4163
f 2044/2904/4164 2186/2900/4164 2041/2894/4164
f 2027/2896/4165 2040/2888/4165 2038/2886/4165
f 2028/2897/4166 2025/2891/4166 2022/2361/4166
f 2041/2894/4167 2050/2885/4167 2044/2904/4167
f 2054/2903/4168 2014/2899/4168 2018/2909/4168
f 2054/2903/4169 2033/2910/4169 2044/2904/4169
f 2186/2900/4170 2193/2906/4170 2202/2901/4170
f 2031/2911/4171 2051/2912/4171 2024/2895/4171
f 2188/2907/4172 2193/2906/4172 2197/2711/4172
f 2046/2913/4173 2031/2911/4173 2024/2895/4173
f 2027/2896/4174 2038/2886/4174 2025/2891/4174
f 2052/2898/4175 2014/2899/4175 2054/2903/4175
f 2197/2711/4176 2190/2746/4176 2188/2907/4176
f 2191/2856/4177 2189/2914/4177 2190/2746/4177
f 2044/2904/4178 2193/2906/4178 2186/2900/4178
f 2018/2909/4179 2053/2915/4179 2057/2916/4179
f 2024/2895/4180 2049/2917/4180 2046/2913/4180
f 2190/2746/4181 2189/2914/4181 2188/2907/4181
f 2057/2916/4182 2058/2918/4182 2032/2919/4182
f 2022/2361/4183 1792/2363/4183 2028/2897/4183
f 2050/2885/4184 2052/2898/4184 2054/2903/4184
f 2197/2711/4185 2045/2908/4185 2198/2712/4185
f 2185/2902/4186 2192/2920/4186 2186/2900/4186
f 2026/2921/4187 2024/2895/4187 2051/2912/4187
f 2042/2892/4188 2026/2921/4188 2014/2899/4188
f 2032/2919/4189 2048/2922/4189 2033/2910/4189
f 2021/2923/4190 2049/2917/4190 2028/2897/4190
f 2021/2923/4191 2028/2897/4191 1792/2363/4191
f 2026/2921/4192 2027/2896/4192 2024/2895/4192
f 2053/2915/4193 2031/2911/4193 2059/2924/4193
f 2045/2908/4194 2044/2904/4194 2048/2922/4194
f 2053/2915/4195 2051/2912/4195 2031/2911/4195
f 1792/2363/4196 2020/2925/4196 2021/2923/4196
f 2032/2919/4197 2018/2909/4197 2057/2916/4197
f 2184/2926/4198 2202/2901/4198 2188/2907/4198
f 2048/2922/4199 2198/2712/4199 2045/2908/4199
f 2028/2897/4200 2049/2917/4200 2024/2895/4200
f 2184/2926/4201 2188/2907/4201 2189/2914/4201
f 2057/2916/4202 2059/2924/4202 2058/2918/4202
f 2044/2904/4203 2033/2910/4203 2048/2922/4203
f 2185/2902/4204 2202/2901/4204 2184/2926/4204
f 2051/2912/4205 2014/2899/4205 2026/2921/4205
f 2021/2923/4206 2020/2925/4206 2049/2917/4206
f 2032/2919/4207 2058/2918/4207 2055/2706/4207
f 2036/2723/4208 2048/2922/4208 2032/2919/4208
f 2080/2927/4209 2020/2925/4209 2060/2928/4209
f 2051/2912/4210 2018/2909/4210 2014/2899/4210
f 2060/2928/4211 2090/2929/4211 2080/2927/4211
f 2018/2909/4212 2032/2919/4212 2033/2910/4212
f 2033/2910/4213 2054/2903/4213 2018/2909/4213
f 2031/2911/4214 2046/2913/4214 2047/2930/4214
f 2031/2911/4215 2047/2930/4215 2059/2924/4215
f 2020/2925/4216 1792/2363/4216 1828/2381/4216
f 2090/2929/4217 2069/2931/4217 2091/2932/4217
f 2080/2933/4218 2049/2934/4218 2020/2935/4218
f 2053/2915/4219 2018/2909/4219 2051/2912/4219
f 2059/2924/4220 2057/2916/4220 2053/2915/4220
f 2055/2706/4221 2036/2723/4221 2032/2919/4221
f 2046/2913/4222 2080/2927/4222 2091/2932/4222
f 2079/2936/4223 2069/2931/4223 2075/2937/4223
f 2079/2936/4224 2075/2937/4224 2077/2938/4224
f 2084/2939/4225 2058/2918/4225 2059/2924/4225
f 2197/2711/4226 2193/2906/4226 2045/2908/4226
f 2094/2707/4227 2058/2918/4227 2084/2939/4227
f 2079/2936/4228 2081/2940/4228 2088/2941/4228
f 2094/2707/4229 2055/2706/4229 2058/2918/4229
f 2073/2942/4230 2069/2931/4230 2079/2936/4230
f 2080/2927/4231 2090/2929/4231 2091/2932/4231
f 2064/2943/4232 2066/2944/4232 2063/1708/4232
f 2094/2707/4233 2084/2939/4233 2092/2747/4233
f 1828/2381/4234 2060/2928/4234 2020/2925/4234
f 2092/2747/4235 2084/2939/4235 2069/2931/4235
f 2084/2939/4236 2047/2930/4236 2091/2932/4236
f 2091/2932/4237 2047/2930/4237 2046/2913/4237
f 2077/2938/4238 2066/2944/4238 2079/2936/4238
f 1800/2410/4239 2061/2945/4239 2062/2383/4239
f 2435/2946/4240 2475/2947/4240 2429/2948/4240
f 2429/2948/4241 2447/2949/4241 2435/2946/4241
f 2073/2942/4242 2092/2747/4242 2069/2931/4242
f 2084/2939/4243 2059/2924/4243 2047/2930/4243
f 2075/2937/4244 2062/2383/4244 2061/2945/4244
f 2088/2941/4245 2073/2942/4245 2079/2936/4245
f 2433/2950/4246 2467/2951/4246 2432/2952/4246
f 2061/2945/4247 2077/2938/4247 2075/2937/4247
f 2071/2953/4248 2088/2941/4248 2087/2954/4248
f 2433/2950/4249 2432/2952/4249 2305/2955/4249
f 2075/2937/4250 2069/2931/4250 2090/2929/4250
f 2444/2956/4251 2445/2957/4251 2312/2958/4251
f 2073/2942/4252 2088/2941/4252 2092/2747/4252
f 2061/2945/4253 1800/2410/4253 2063/1708/4253
f 2093/2840/4254 2088/2941/4254 2071/2953/4254
f 2447/2949/4255 2434/2959/4255 2438/2960/4255
f 2433/2950/4256 2305/2955/4256 2445/2957/4256
f 1828/2381/4257 2062/2383/4257 2060/2928/4257
f 2061/2945/4258 2066/2944/4258 2077/2938/4258
f 2074/2740/4259 2070/2734/4259 2092/2747/4259
f 2083/2839/4260 2071/2953/4260 2076/2863/4260
f 2440/2961/4261 2455/2962/4261 2447/2949/4261
f 2061/2945/4262 2063/1708/4262 2066/2944/4262
f 2438/2960/4263 2437/2963/4263 2446/2964/4263
f 2434/2959/4264 2437/2963/4264 2438/2960/4264
f 2476/2965/4265 2435/2946/4265 2473/2966/4265
f 2081/2940/4266 2087/2954/4266 2088/2941/4266
f 2449/2967/4267 2470/2968/4267 2476/2965/4267
f 2429/2948/4268 2433/2950/4268 2434/2959/4268
f 2438/2969/4269 2446/2970/4269 2441/2971/4269
f 2438/2960/4270 2441/2972/4270 2452/2973/4270
f 2429/2948/4271 2434/2959/4271 2447/2949/4271
f 2093/2840/4272 2074/2740/4272 2092/2747/4272
f 2448/2974/4273 2453/2975/4273 2454/2976/4273
f 2449/2967/4274 4637/2977/4274 2470/2968/4274
f 2088/2941/4275 2093/2840/4275 2092/2747/4275
f 2454/2978/4276 2473/2979/4276 2448/2980/4276
f 2441/2972/4277 2446/2964/4277 2458/2981/4277
f 2079/2936/4278 2066/2944/4278 2081/2940/4278
f 2435/2946/4279 2447/2949/4279 2436/2982/4279
f 2071/2953/4280 2083/2839/4280 2093/2840/4280
f 2443/2983/4281 2439/2984/4281 2455/2962/4281
f 2456/2985/4282 2441/2972/4282 2464/2986/4282
f 2433/2950/4283 2445/2957/4283 2437/2963/4283
f 2476/2965/4284 2475/2947/4284 2435/2946/4284
f 2467/2951/4285 2431/2987/4285 2432/2952/4285
f 2443/2988/4286 2448/2974/4286 2439/2989/4286
f 2452/2990/4287 2441/2991/4287 2456/2992/4287
f 2473/2993/4288 2449/2994/4288 2476/2995/4288
f 2444/2956/4289 2310/2996/4289 2461/2997/4289
f 2436/2982/4290 2473/2966/4290 2435/2946/4290
f 2437/2963/4291 2445/2957/4291 2444/2956/4291
f 2446/2964/4292 2444/2956/4292 2458/2981/4292
f 2436/2982/4293 2447/2949/4293 2455/2962/4293
f 2439/2998/4294 2448/2999/4294 2473/3000/4294
f 2473/2966/4295 2436/2982/4295 2455/2962/4295
f 2469/3001/4296 2478/3002/4296 2442/3003/4296
f 2027/2896/4297 2026/2921/4297 2042/2892/4297
f 2444/2956/4298 2461/2997/4298 2458/2981/4298
f 2450/3004/4299 2456/2985/4299 2459/3005/4299
f 2080/2927/4300 2046/2913/4300 2049/2917/4300
f 2449/3006/4301 2473/3007/4301 4637/3008/4301
f 2452/2973/4302 2456/2985/4302 2450/3004/4302
f 2477/3009/4303 2471/3010/4303 2451/3011/4303
f 2441/2972/4304 2458/2981/4304 2464/2986/4304
f 2452/2973/4305 2447/2949/4305 2438/2960/4305
f 2457/3012/4306 2456/2985/4306 2464/2986/4306
f 2461/2997/4307 2466/3013/4307 2465/3014/4307
f 2452/2973/4308 2450/3004/4308 2440/2961/4308
f 2479/3015/4309 2443/3016/4309 2451/3011/4309
f 2448/3017/4310 2479/3015/4310 2442/3018/4310
f 2311/3019/4311 2462/3020/4311 2310/2996/4311
f 2461/2997/4312 2462/3020/4312 2468/3021/4312
f 2401/3022/4313 2590/3023/4313 2336/3024/4313
f 2461/2997/4314 2464/2986/4314 2458/2981/4314
f 2444/2956/4315 2446/2964/4315 2437/2963/4315
f 2456/2985/4316 2457/3012/4316 2459/3005/4316
f 2477/3009/4317 2459/3005/4317 2457/3012/4317
f 2442/3025/4318 2479/3026/4318 2469/3027/4318
f 2462/3020/4319 2303/3028/4319 2468/3021/4319
f 2451/3011/4320 2471/3010/4320 2460/3029/4320
f 2502/3030/4321 2466/3013/4321 2468/3021/4321
f 2452/2973/4322 2440/2961/4322 2447/2949/4322
f 2448/3031/4323 2443/3032/4323 2479/3033/4323
f 2496/3034/4324 2486/3035/4324 2494/3036/4324
f 2443/3016/4325 2450/3004/4325 2451/3011/4325
f 2552/3037/4326 2486/3038/4326 2496/3039/4326
f 2466/3013/4327 2461/2997/4327 2468/3021/4327
f 2552/3040/4328 2502/3030/4328 2503/3041/4328
f 2453/2975/4329 2448/2974/4329 2442/3025/4329
f 2440/2961/4330 2450/3004/4330 2455/2962/4330
f 2451/3011/4331 2460/3029/4331 2479/3015/4331
f 2494/3036/4332 2486/3035/4332 2474/3042/4332
f 2464/2986/4333 2461/2997/4333 2465/3014/4333
f 2457/3012/4334 2464/2986/4334 2463/3043/4334
f 2450/3004/4335 2443/3016/4335 2455/2962/4335
f 2497/3044/4336 2509/3045/4336 2505/3046/4336
f 2457/3012/4337 2463/3043/4337 2494/3036/4337
f 2459/3005/4338 2451/3011/4338 2450/3004/4338
f 2459/3005/4339 2477/3009/4339 2451/3011/4339
f 2303/3028/4340 2315/3047/4340 2539/3048/4340
f 2474/3042/4341 2486/3035/4341 2508/3049/4341
f 2504/3050/4342 2486/3035/4342 2552/3040/4342
f 2469/3027/4343 2479/3026/4343 2460/3051/4343
f 2513/3052/4344 2493/3053/4344 2497/3054/4344
f 2303/3028/4345 2462/3020/4345 2293/3055/4345
f 2495/3056/4346 2513/3057/4346 2498/3058/4346
f 2461/2997/4347 2310/2996/4347 2462/3020/4347
f 2539/3048/4348 2468/3021/4348 2303/3028/4348
f 2515/3059/4349 2528/3060/4349 2552/3040/4349
f 2508/3049/4350 2477/3009/4350 2474/3042/4350
f 2534/3061/4351 2550/3062/4351 2531/3063/4351
f 2509/3045/4352 2508/3049/4352 2505/3046/4352
f 2507/3064/4353 2504/3050/4353 2551/3065/4353
f 2538/3066/4354 2540/3067/4354 2492/3068/4354
f 2486/3035/4355 2505/3046/4355 2508/3049/4355
f 2471/3010/4356 2477/3009/4356 2508/3049/4356
f 2503/3041/4357 2515/3059/4357 2552/3040/4357
f 2478/3069/4358 2460/3051/4358 2513/3057/4358
f 2496/3034/4359 2494/3036/4359 2465/3014/4359
f 2463/3043/4360 2465/3014/4360 2494/3036/4360
f 2531/3063/4361 2546/3070/4361 2544/3071/4361
f 2502/3030/4362 2539/3048/4362 2503/3041/4362
f 2502/3030/4363 2468/3021/4363 2539/3048/4363
f 2513/3057/4364 2495/3056/4364 2478/3069/4364
f 2493/3072/4365 2460/3029/4365 2471/3010/4365
f 2519/3073/4366 2550/3062/4366 2534/3061/4366
f 2464/2986/4367 2465/3014/4367 2463/3043/4367
f 2502/3030/4368 2552/3040/4368 2496/3034/4368
f 2457/3012/4369 2494/3036/4369 2474/3042/4369
f 2531/3063/4370 2544/3071/4370 2538/3066/4370
f 2525/3074/4371 2523/3075/4371 2533/3076/4371
f 2481/3077/4372 2538/3066/4372 2533/3076/4372
f 2533/3076/4373 2515/3059/4373 2481/3077/4373
f 2497/3078/4374 2511/3079/4374 2510/3080/4374
f 2515/3059/4375 2503/3041/4375 2534/3061/4375
f 3892/3081/4376 2532/3082/4376 3891/3083/4376
f 2486/3035/4377 2507/3064/4377 2505/3046/4377
f 2540/3084/4378 2538/3085/4378 2544/3086/4378
f 2503/3041/4379 2539/3048/4379 2519/3073/4379
f 2519/3073/4380 2539/3048/4380 2315/3047/4380
f 2478/3069/4381 2469/3027/4381 2460/3051/4381
f 2512/3087/4382 2480/3088/4382 2510/3089/4382
f 2477/3009/4383 2457/3012/4383 2474/3042/4383
f 2496/3034/4384 2465/3014/4384 2466/3013/4384
f 2515/3059/4385 2533/3076/4385 2528/3060/4385
f 2496/3034/4386 2466/3013/4386 2502/3030/4386
f 3892/3090/4387 2480/3088/4387 2532/3091/4387
f 2493/3092/4388 2509/3093/4388 2497/3094/4388
f 2520/3095/4389 2480/3096/4389 2512/3097/4389
f 2551/3065/4390 2552/3040/4390 2528/3060/4390
f 2471/3010/4391 2509/3045/4391 2493/3098/4391
f 2534/3061/4392 2503/3041/4392 2519/3073/4392
f 2551/3065/4393 2524/3099/4393 2527/3100/4393
f 2487/3101/4394 2527/3100/4394 2524/3099/4394
f 2552/3040/4395 2551/3065/4395 2504/3050/4395
f 2471/3010/4396 2508/3049/4396 2509/3045/4396
f 2315/3047/4397 2319/3102/4397 2327/3103/4397
f 2376/2819/4398 2373/2804/4398 2378/2800/4398
f 2526/3104/4399 2521/3105/4399 2512/3106/4399
f 2519/3073/4400 2315/3047/4400 2550/3062/4400
f 2510/3080/4401 2511/3079/4401 2512/3107/4401
f 2538/3066/4402 2481/3077/4402 2531/3063/4402
f 2510/3080/4403 2498/3108/4403 2497/3078/4403
f 2521/3105/4404 2527/3100/4404 2487/3101/4404
f 2486/3035/4405 2504/3050/4405 2507/3064/4405
f 2482/3109/4406 2483/3110/4406 2546/3070/4406
f 2497/3078/4407 2505/3046/4407 2511/3079/4407
f 2515/3059/4408 2534/3061/4408 2481/3077/4408
f 2511/3079/4409 2507/3064/4409 2526/3104/4409
f 2513/3057/4410 2460/3051/4410 2493/3111/4410
f 2523/3075/4411 2524/3099/4411 2528/3060/4411
f 2551/3065/4412 2528/3060/4412 2524/3099/4412
f 2520/3112/4413 2512/3106/4413 2521/3105/4413
f 2542/3113/4414 2550/3062/4414 2489/3114/4414
f 2542/3113/4415 2490/3115/4415 2546/3070/4415
f 2533/3076/4416 2523/3075/4416 2528/3060/4416
f 2198/2712/4417 2048/2922/4417 2036/2723/4417
f 2505/3046/4418 2507/3064/4418 2511/3079/4418
f 2521/3105/4419 2526/3104/4419 2527/3100/4419
f 2534/3061/4420 2531/3063/4420 2481/3077/4420
f 2527/3100/4421 2526/3104/4421 2507/3064/4421
f 2527/3100/4422 2507/3064/4422 2551/3065/4422
f 2185/2902/4423 2184/2926/4423 2187/3116/4423
f 2327/3103/4424 2489/3114/4424 2315/3047/4424
f 2189/2914/4425 2203/3117/4425 2199/3118/4425
f 2510/3119/4426 2506/3120/4426 2498/3121/4426
f 2498/3108/4427 2513/3122/4427 2497/3044/4427
f 2492/3068/4428 2525/3074/4428 2538/3066/4428
f 2524/3099/4429 2523/3075/4429 2525/3074/4429
f 2531/3063/4430 2550/3062/4430 2542/3113/4430
f 2194/3123/4431 2187/3116/4431 2199/3118/4431
f 2315/3047/4432 2489/3114/4432 2550/3062/4432
f 2531/3063/4433 2542/3113/4433 2546/3070/4433
f 2511/3079/4434 2526/3104/4434 2512/3106/4434
f 2524/3099/4435 2525/3074/4435 2487/3101/4435
f 2334/3124/4436 2489/3114/4436 2314/3125/4436
f 2532/3091/4437 2480/3088/4437 2520/3126/4437
f 2521/3127/4438 2536/3128/4438 2520/3129/4438
f 2536/3130/4439 2499/3131/4439 2520/3132/4439
f 2542/3113/4440 2489/3114/4440 2334/3124/4440
f 2554/3133/4441 2487/3101/4441 2525/3074/4441
f 2203/3117/4442 2191/2856/4442 2196/2845/4442
f 2199/3118/4443 2187/3116/4443 2184/2926/4443
f 2299/3134/4444 2309/3135/4444 2295/3136/4444
f 2521/3105/4445 2487/3101/4445 2543/3137/4445
f 2294/3138/4446 2306/3139/4446 2295/3136/4446
f 2292/3140/4447 2278/3141/4447 2194/3123/4447
f 2554/3133/4448 2543/3137/4448 2487/3101/4448
f 2305/2955/4449 2258/3142/4449 2299/3134/4449
f 2492/3068/4450 2554/3133/4450 2525/3074/4450
f 2533/3076/4451 2538/3066/4451 2525/3074/4451
f 2445/2957/4452 2305/2955/4452 2313/3143/4452
f 2189/2914/4453 2191/2856/4453 2203/3117/4453
f 2499/3144/4454 2532/3091/4454 2520/3126/4454
f 2199/3118/4455 2203/3117/4455 2201/3145/4455
f 2199/3118/4456 2184/2926/4456 2189/2914/4456
f 2506/3146/4457 2510/3089/4457 2480/3088/4457
f 2305/2955/4458 2299/3134/4458 2296/3147/4458
f 2292/3140/4459 2194/3123/4459 2201/3145/4459
f 2385/3148/4460 2336/3024/4460 2349/3149/4460
f 2480/3088/4461 3892/3090/4461 2506/3146/4461
f 2296/3147/4462 2313/3143/4462 2305/2955/4462
f 2294/3138/4463 2304/2847/4463 2308/3150/4463
f 2308/3150/4464 2301/2846/4464 2307/2871/4464
f 2304/2847/4465 2301/2846/4465 2308/3150/4465
f 2084/2939/4466 2091/2932/4466 2069/2931/4466
f 2313/3143/4467 2306/3139/4467 2297/3151/4467
f 2308/3150/4468 2300/3152/4468 2294/3138/4468
f 2201/3145/4469 2194/3123/4469 2199/3118/4469
f 2304/2847/4470 2294/3138/4470 2201/3145/4470
f 2295/3136/4471 2296/3147/4471 2299/3134/4471
f 2295/3136/4472 2292/3140/4472 2201/3145/4472
f 2075/2937/4473 2090/2929/4473 2060/2928/4473
f 2300/3152/4474 2291/3153/4474 2297/3151/4474
f 2300/3152/4475 2298/3154/4475 2291/3153/4475
f 2295/3136/4476 2201/3145/4476 2294/3138/4476
f 2306/3139/4477 2294/3138/4477 2297/3151/4477
f 2295/3136/4478 2306/3139/4478 2296/3147/4478
f 2310/2996/4479 2297/3151/4479 2311/3019/4479
f 2313/3143/4480 2312/2958/4480 2445/2957/4480
f 2060/2928/4481 2062/2383/4481 2075/2937/4481
f 2310/2996/4482 2444/2956/4482 2297/3151/4482
f 2300/3152/4483 2307/2871/4483 2302/3155/4483
f 2201/3145/4484 2203/3117/4484 2196/2845/4484
f 2313/3143/4485 2296/3147/4485 2306/3139/4485
f 2299/3134/4486 2283/3156/4486 2309/3135/4486
f 2309/3135/4487 2292/3140/4487 2295/3136/4487
f 2329/2859/4488 2324/3157/4488 2333/2860/4488
f 2178/3158/4489 2282/3159/4489 2251/3160/4489
f 2307/2871/4490 2300/3152/4490 2308/3150/4490
f 2473/2966/4491 2455/2962/4491 2439/2984/4491
f 2432/2952/4492 2431/2987/4492 2305/2955/4492
f 2433/2950/4493 2437/2963/4493 2434/2959/4493
f 2297/3151/4494 2312/2958/4494 2313/3143/4494
f 2196/2845/4495 2304/2847/4495 2201/3145/4495
f 2319/3102/4496 2315/3047/4496 2303/3028/4496
f 2311/3019/4497 2291/3153/4497 2293/3055/4497
f 2319/3102/4498 2323/3161/4498 2327/3103/4498
f 2300/3152/4499 2302/3155/4499 2298/3154/4499
f 2300/3152/4500 2297/3151/4500 2294/3138/4500
f 2322/3162/4501 2319/3102/4501 2320/3163/4501
f 2326/3164/4502 2335/3165/4502 2318/3166/4502
f 2320/3163/4503 2319/3102/4503 2303/3028/4503
f 2311/3019/4504 2297/3151/4504 2291/3153/4504
f 2386/2732/4505 2226/2807/4505 2223/2674/4505
f 2444/2956/4506 2312/2958/4506 2297/3151/4506
f 2324/3157/4507 2321/3167/4507 2302/3155/4507
f 2350/3168/4508 2489/3114/4508 2330/3169/4508
f 2293/3055/4509 2462/3020/4509 2311/3019/4509
f 2348/3170/4510 2335/3165/4510 2341/2878/4510
f 2002/3171/4511 2005/3172/4511 2006/3173/4511
f 2298/3154/4512 2302/3155/4512 2321/3167/4512
f 2350/3168/4513 2330/3169/4513 2318/3166/4513
f 2246/2673/4514 2223/2674/4514 2222/2815/4514
f 2320/3163/4515 2321/3167/4515 2322/3162/4515
f 2293/3055/4516 2291/3153/4516 2298/3154/4516
f 2330/3169/4517 2323/3161/4517 2326/3164/4517
f 2005/3174/4518 2002/3175/4518 2182/3176/4518
f 2324/3157/4519 2307/2871/4519 2333/2860/4519
f 2321/3167/4520 2320/3163/4520 2298/3154/4520
f 2001/3177/4521 2182/3178/4521 4561/3179/4521
f 2002/3175/4522 2155/3180/4522 2182/3181/4522
f 2341/2878/4523 2352/2893/4523 2348/3170/4523
f 2318/3166/4524 2330/3169/4524 2326/3164/4524
f 2321/3167/4525 2324/3157/4525 2326/3164/4525
f 2324/3157/4526 2329/2859/4526 2326/3164/4526
f 2335/3165/4527 2348/3170/4527 2318/3166/4527
f 2182/3178/4528 2001/3177/4528 2005/3172/4528
f 2341/2878/4529 2329/2859/4529 2332/2861/4529
f 2154/3182/4530 2159/3183/4530 2153/3184/4530
f 2146/3185/4531 2153/3184/4531 2159/3183/4531
f 2005/3186/4532 2004/3187/4532 2006/3188/4532
f 2324/3157/4533 2302/3155/4533 2307/2871/4533
f 2007/3189/4534 2158/3190/4534 2155/3180/4534
f 2327/3103/4535 2330/3169/4535 2489/3114/4535
f 2146/3185/4536 2147/3191/4536 2162/3192/4536
f 2344/3193/4537 2318/3166/4537 2348/3170/4537
f 2002/3175/4538 2003/3194/4538 2007/3189/4538
f 2318/3166/4539 2351/3195/4539 2350/3168/4539
f 2341/2878/4540 2326/3164/4540 2329/2859/4540
f 2322/3162/4541 2321/3167/4541 2326/3164/4541
f 2320/3163/4542 2293/3055/4542 2298/3154/4542
f 2293/3055/4543 2320/3163/4543 2303/3028/4543
f 2155/3180/4544 2002/3175/4544 2007/3189/4544
f 2162/3192/4545 2153/3184/4545 2146/3185/4545
f 2179/3196/4546 4565/3197/4546 2160/3198/4546
f 2351/3195/4547 2314/3125/4547 2350/3168/4547
f 1996/3199/4548 4550/3200/4548 1989/3201/4548
f 2179/3202/4549 2155/3180/4549 2146/3203/4549
f 2354/3204/4550 2351/3195/4550 2318/3166/4550
f 2335/3165/4551 2326/3164/4551 2341/2878/4551
f 2155/3180/4552 2179/3202/4552 2182/3205/4552
f 2314/3125/4553 2489/3114/4553 2350/3168/4553
f 2147/3191/4554 2155/3180/4554 2158/3190/4554
f 2327/3103/4555 2323/3161/4555 2330/3169/4555
f 2006/3188/4556 2003/3194/4556 2002/3175/4556
f 2158/3190/4557 2156/3206/4557 2147/3191/4557
f 1990/3207/4558 1989/3201/4558 1988/3208/4558
f 1995/3209/4559 1993/2163/4559 1994/3210/4559
f 2003/3194/4560 2006/3188/4560 1999/3211/4560
f 1996/3199/4561 1999/3211/4561 2006/3188/4561
f 2000/3212/4562 1999/3211/4562 1996/3199/4562
f 1994/3210/4563 1998/3213/4563 1987/3214/4563
f 2010/3215/4564 1999/3211/4564 2000/3212/4564
f 2000/3212/4565 1987/3214/4565 1998/3213/4565
f 2003/3194/4566 1999/3211/4566 2008/3216/4566
f 2004/3187/4567 4550/3200/4567 1996/3199/4567
f 2010/3215/4568 2008/3216/4568 1999/3211/4568
f 4569/3217/4569 2159/3218/4569 2154/3219/4569
f 1990/3207/4570 1996/3199/4570 1989/3201/4570
f 2147/3191/4571 2152/3220/4571 2162/3192/4571
f 2006/3188/4572 2004/3187/4572 1996/3199/4572
f 2179/3221/4573 2160/3198/4573 2182/3178/4573
f 2004/3222/4574 2005/3172/4574 4564/3223/4574
f 2146/3224/4575 2159/3225/4575 2179/3226/4575
f 1991/3227/4576 1992/3228/4576 1995/3229/4576
f 1997/3230/4577 1994/3210/4577 1993/2163/4577
f 2000/3212/4578 1998/3213/4578 2010/3215/4578
f 2353/3231/4579 2314/3125/4579 2351/3195/4579
f 2354/3204/4580 2353/3231/4580 2351/3195/4580
f 1990/3207/4581 1991/3232/4581 1994/3210/4581
f 2146/3233/4582 2155/3234/4582 2147/3235/4582
f 1991/3236/4583 1990/3237/4583 1988/3238/4583
f 1783/3239/4584 1993/3240/4584 1995/3241/4584
f 2161/3242/4585 2147/3191/4585 2156/3206/4585
f 1992/2190/4586 1783/2164/4586 1995/3209/4586
f 1990/3207/4587 1987/3214/4587 1996/3199/4587
f 1994/3210/4588 1986/2890/4588 1985/3243/4588
f 1991/3232/4589 1995/3209/4589 1994/3210/4589
f 2016/2167/4590 2015/2876/4590 1997/3230/4590
f 2147/3191/4591 2161/3242/4591 2152/3220/4591
f 2000/3244/4592 1996/3245/4592 1987/3246/4592
f 2157/3247/4593 2156/3206/4593 2158/3190/4593
f 2170/3248/4594 2180/3249/4594 2183/3250/4594
f 2008/3216/4595 2007/3189/4595 2003/3194/4595
f 1997/3230/4596 1778/2152/4596 2016/2167/4596
f 1994/3210/4597 1987/3214/4597 1990/3207/4597
f 2180/3249/4598 2009/3251/4598 2183/3250/4598
f 1994/3210/4599 1997/3230/4599 1986/2890/4599
f 2010/3215/4600 2013/3252/4600 2009/3251/4600
f 1998/3213/4601 1994/3210/4601 1985/3243/4601
f 2015/2876/4602 1986/2890/4602 1997/3230/4602
f 2010/3215/4603 1998/3213/4603 2011/3253/4603
f 2157/3247/4604 2158/3190/4604 2007/3189/4604
f 2172/3254/4605 2170/3248/4605 2173/3255/4605
f 2170/3248/4606 2156/3206/4606 2180/3249/4606
f 2017/2879/4607 2035/2889/4607 2015/2876/4607
f 1986/2890/4608 2035/2889/4608 1985/3243/4608
f 2010/3215/4609 2180/3249/4609 2008/3216/4609
f 1993/2163/4610 1778/2152/4610 1997/3230/4610
f 2156/3206/4611 2170/3248/4611 2161/3242/4611
f 2157/3247/4612 2007/3189/4612 2008/3216/4612
f 2157/3247/4613 2180/3249/4613 2156/3206/4613
f 2180/3249/4614 2157/3247/4614 2008/3216/4614
f 2012/3256/4615 2183/3250/4615 2009/3251/4615
f 4565/3197/4616 2179/3196/4616 2159/3218/4616
f 2183/3250/4617 2175/3257/4617 2170/3248/4617
f 2013/3252/4618 2019/2884/4618 2029/2882/4618
f 2013/3252/4619 2029/2882/4619 2012/3256/4619
f 2012/3256/4620 2037/2881/4620 2186/2900/4620
f 2175/3257/4621 2012/3256/4621 2186/2900/4621
f 2064/2943/4622 2063/1708/4622 2078/3258/4622
f 2035/2889/4623 2013/3252/4623 1985/3243/4623
f 2011/3253/4624 2013/3252/4624 2010/3215/4624
f 2012/3256/4625 2175/3257/4625 2183/3250/4625
f 2186/2900/4626 2037/2881/4626 2041/2894/4626
f 2013/3252/4627 2011/3253/4627 1985/3243/4627
f 2068/3259/4628 2067/3260/4628 2122/3261/4628
f 1998/3213/4629 1985/3243/4629 2011/3253/4629
f 1810/1653/4630 2124/3262/4630 2078/3258/4630
f 2012/3256/4631 2029/2882/4631 2037/2881/4631
f 2035/2889/4632 2039/2880/4632 2019/2884/4632
f 2175/3257/4633 2192/2920/4633 2173/3255/4633
f 2067/3260/4634 2066/2944/4634 2064/2943/4634
f 2081/2940/4635 2066/2944/4635 2067/3260/4635
f 2013/3252/4636 2035/2889/4636 2019/2884/4636
f 2039/2880/4637 2035/2889/4637 2017/2879/4637
f 2175/3257/4638 2173/3255/4638 2170/3248/4638
f 2124/3262/4639 1810/1653/4639 2106/3263/4639
f 2072/3264/4640 2089/3265/4640 2068/3259/4640
f 2124/3262/4641 2064/2943/4641 2078/3258/4641
f 2067/3260/4642 2064/2943/4642 2124/3262/4642
f 2319/3102/4643 2322/3162/4643 2323/3161/4643
f 1805/1690/4644 2096/1654/4644 2078/3258/4644
f 2076/2863/4645 2071/2953/4645 2089/3265/4645
f 2186/2900/4646 2192/2920/4646 2175/3257/4646
f 1829/1669/4647 2106/3263/4647 2123/3266/4647
f 2087/2954/4648 2089/3265/4648 2071/2953/4648
f 2078/3258/4649 2096/1654/4649 1810/1653/4649
f 2209/2844/4650 2208/2837/4650 2082/2862/4650
f 2089/3265/4651 2082/2862/4651 2076/2863/4651
f 2065/3267/4652 2087/2954/4652 2081/2940/4652
f 2065/3267/4653 2067/3260/4653 2068/3259/4653
f 2322/3162/4654 2326/3164/4654 2323/3161/4654
f 1810/1653/4655 1804/1655/4655 2123/3266/4655
f 2067/3260/4656 2065/3267/4656 2081/2940/4656
f 2123/3266/4657 1804/1655/4657 1829/1669/4657
f 2089/3265/4658 2087/2954/4658 2065/3267/4658
f 2067/3260/4659 2124/3262/4659 2129/3268/4659
f 2106/3263/4660 2129/3268/4660 2124/3262/4660
f 2123/3266/4661 2106/3263/4661 1810/1653/4661
f 2065/3267/4662 2068/3259/4662 2089/3265/4662
f 2127/3269/4663 2107/3270/4663 2128/3271/4663
f 2122/3261/4664 2120/3272/4664 2068/3259/4664
f 2128/3271/4665 1829/1669/4665 1816/1626/4665
f 2104/3273/4666 2116/3274/4666 2072/3264/4666
f 2122/3261/4667 2067/3260/4667 2129/3268/4667
f 2113/3275/4668 2212/3276/4668 2112/3277/4668
f 2103/3278/4669 2110/3279/4669 2118/3280/4669
f 2068/3259/4670 2120/3272/4670 2072/3264/4670
f 2112/3277/4671 2116/3274/4671 2101/3281/4671
f 2009/3251/4672 2013/3252/4672 2012/3256/4672
f 2107/3270/4673 2129/3268/4673 2106/3263/4673
f 2129/3268/4674 2126/3282/4674 2122/3261/4674
f 2209/2844/4675 2212/3276/4675 2227/2831/4675
f 2072/3264/4676 2082/2862/4676 2089/3265/4676
f 2226/2807/4677 2406/2662/4677 2362/2661/4677
f 2116/3274/4678 2112/3277/4678 2209/2844/4678
f 2101/3281/4679 2104/3273/4679 2110/3279/4679
f 2118/3280/4680 2126/3282/4680 2127/3269/4680
f 1829/1669/4681 2107/3270/4681 2106/3263/4681
f 2225/3283/4682 2219/3284/4682 2206/2832/4682
f 2227/2831/4683 2212/3276/4683 2225/3283/4683
f 1829/1669/4684 1809/1603/4684 1816/1626/4684
f 2128/3271/4685 2107/3270/4685 1829/1669/4685
f 2115/3285/4686 2113/3275/4686 2101/3281/4686
f 2121/3286/4687 2108/3287/4687 2125/3288/4687
f 2118/3280/4688 2122/3261/4688 2126/3282/4688
f 2118/3280/4689 2120/3272/4689 2122/3261/4689
f 2116/3274/4690 2104/3273/4690 2101/3281/4690
f 2120/3272/4691 2118/3280/4691 2110/3279/4691
f 2072/3264/4692 2120/3272/4692 2104/3273/4692
f 2105/3289/4693 2097/3290/4693 2125/3288/4693
f 2127/3269/4694 2111/3291/4694 2118/3280/4694
f 2110/3279/4695 2104/3273/4695 2120/3272/4695
f 2220/3292/4696 2225/3283/4696 2212/3276/4696
f 2129/3268/4697 2107/3270/4697 2127/3269/4697
f 2103/3278/4698 2115/3285/4698 2101/3281/4698
f 2112/3277/4699 2212/3276/4699 2209/2844/4699
f 2127/3269/4700 2121/3286/4700 2111/3291/4700
f 2126/3282/4701 2129/3268/4701 2127/3269/4701
f 2110/3279/4702 2103/3278/4702 2101/3281/4702
f 2118/3280/4703 2111/3291/4703 2103/3278/4703
f 2099/3293/4704 2115/3285/4704 2103/3278/4704
f 2211/3294/4705 2220/3292/4705 2113/3275/4705
f 2102/3295/4706 2114/3296/4706 2117/3297/4706
f 2112/3277/4707 2101/3281/4707 2113/3275/4707
f 2119/3298/4708 2125/3288/4708 2097/3290/4708
f 2105/3289/4709 2125/3288/4709 2108/3287/4709
f 2099/3293/4710 2103/3278/4710 2111/3291/4710
f 2121/3286/4711 2127/3269/4711 2128/3271/4711
f 3835/1605/4712 2140/1608/4712 1817/1606/4712
f 2117/3297/4713 2115/3285/4713 2099/3293/4713
f 2111/3291/4714 2125/3288/4714 2099/3293/4714
f 2213/3299/4715 2224/2814/4715 2211/3294/4715
f 2211/3294/4716 2113/3275/4716 2115/3285/4716
f 2121/3286/4717 2125/3288/4717 2111/3291/4717
f 2206/2832/4718 2227/2831/4718 2225/3283/4718
f 2211/3294/4719 2117/3297/4719 2213/3299/4719
f 2099/3293/4720 2125/3288/4720 2119/3298/4720
f 2113/3275/4721 2220/3292/4721 2212/3276/4721
f 2140/1608/4722 2109/3300/4722 1821/1531/4722
f 2117/3297/4723 2099/3293/4723 2102/3295/4723
f 2211/3294/4724 2115/3285/4724 2117/3297/4724
f 2105/3289/4725 2100/1573/4725 2109/3300/4725
f 2117/3297/4726 2114/3296/4726 2213/3299/4726
f 2144/2762/4727 2098/3301/4727 2137/2760/4727
f 2136/2779/4728 2143/3302/4728 2144/2762/4728
f 2228/2813/4729 2225/3283/4729 2220/3292/4729
f 2224/2814/4730 2228/2813/4730 2220/3292/4730
f 2098/3301/4731 2105/3289/4731 2109/3300/4731
f 2138/2683/4732 2143/3302/4732 2132/2756/4732
f 2102/3295/4733 2099/3293/4733 2119/3298/4733
f 2213/3299/4734 2114/3296/4734 2218/3303/4734
f 2220/3292/4735 2211/3294/4735 2224/2814/4735
f 1821/1531/4736 2109/3300/4736 2100/1573/4736
f 2102/3295/4737 2097/3290/4737 2143/3302/4737
f 2144/2762/4738 2143/3302/4738 2098/3301/4738
f 2141/3304/4739 2218/3303/4739 2102/3295/4739
f 2137/2760/4740 2140/1608/4740 2135/2761/4740
f 2243/2682/4741 2141/3304/4741 2138/2683/4741
f 2132/2756/4742 2143/3302/4742 2136/2779/4742
f 2249/2678/4743 2221/3305/4743 2243/2682/4743
f 2137/3306/4744 2109/3307/4744 2140/3308/4744
f 2098/3301/4745 2097/3290/4745 2105/3289/4745
f 2143/3302/4746 2141/3304/4746 2102/3295/4746
f 2098/3301/4747 2109/3300/4747 2137/2760/4747
f 2102/3295/4748 2119/3298/4748 2097/3290/4748
f 2224/2814/4749 2221/3305/4749 2222/2815/4749
f 2221/3305/4750 2213/3299/4750 2218/3303/4750
f 2613/2887/4751 2608/3309/4751 2206/2832/4751
f 2098/3301/4752 2143/3302/4752 2097/3290/4752
f 2180/3249/4753 2010/3215/4753 2009/3251/4753
f 2221/3305/4754 2224/2814/4754 2213/3299/4754
f 2422/3310/4755 2425/3311/4755 4622/3312/4755
f 2608/3309/4756 2603/2808/4756 2610/2749/4756
f 2424/3313/4757 2425/3314/4757 2422/3315/4757
f 2221/3305/4758 2246/2673/4758 2222/2815/4758
f 2613/2887/4759 2624/2868/4759 2604/2867/4759
f 2209/2844/4760 2082/2862/4760 2116/3274/4760
f 2207/2830/4761 2608/3309/4761 2610/2749/4761
f 2210/3316/4762 2624/2868/4762 2613/2887/4762
f 2072/3264/4763 2116/3274/4763 2082/2862/4763
f 2425/3311/4764 2424/3317/4764 2423/3318/4764
f 2218/3303/4765 2141/3304/4765 2243/2682/4765
f 2337/3319/4766 2210/3316/4766 2206/2832/4766
f 2262/3320/4767 2424/3317/4767 2422/3310/4767
f 2426/3321/4768 2472/3322/4768 2430/3323/4768
f 2428/3324/4769 2426/3321/4769 2430/3323/4769
f 2207/2830/4770 2206/2832/4770 2608/3309/4770
f 2264/3325/4771 2258/3142/4771 2431/2987/4771
f 2613/2887/4772 2603/2808/4772 2608/3309/4772
f 2102/3295/4773 2218/3303/4773 2114/3296/4773
f 2337/3319/4774 2206/2832/4774 2219/3284/4774
f 2264/3325/4775 2431/2987/4775 2467/2951/4775
f 2472/3322/4776 2476/2965/4776 2470/2968/4776
f 2426/3326/4777 2428/3327/4777 2423/3328/4777
f 2261/3329/4778 2424/3317/4778 2262/3320/4778
f 2467/2951/4779 2429/2948/4779 2264/3325/4779
f 2317/3330/4780 2482/3109/4780 2490/3115/4780
f 2346/2870/4781 2210/3316/4781 2337/3319/4781
f 2345/3331/4782 2357/2869/4782 2346/2870/4782
f 2221/3305/4783 2249/2678/4783 2246/2673/4783
f 2259/3332/4784 2281/3333/4784 2265/3334/4784
f 2423/3318/4785 2424/3317/4785 2261/3329/4785
f 2243/2682/4786 2221/3305/4786 2218/3303/4786
f 4613/3335/4787 2423/3318/4787 2428/3324/4787
f 2483/3110/4788 2544/3071/4788 2546/3070/4788
f 2346/2870/4789 2624/2868/4789 2210/3316/4789
f 2470/2968/4790 2430/3323/4790 2472/3322/4790
f 2337/3319/4791 2338/3336/4791 2346/2870/4791
f 2427/3337/4792 2426/3338/4792 2264/3325/4792
f 2613/2887/4793 2206/2832/4793 2210/3316/4793
f 2541/3339/4794 2491/3340/4794 2559/3341/4794
f 2491/3340/4795 2541/3339/4795 2483/3110/4795
f 2423/3318/4796 4613/3335/4796 2425/3311/4796
f 2541/3342/4797 2535/3343/4797 2537/3344/4797
f 2625/3345/4798 4626/3346/4798 2430/3323/4798
f 2492/3068/4799 2540/3067/4799 2529/3347/4799
f 2429/2948/4800 2427/3337/4800 2264/3325/4800
f 2518/3348/4801 2517/3349/4801 2488/3350/4801
f 2427/3337/4802 2475/2947/4802 2472/3322/4802
f 2334/3124/4803 2490/3115/4803 2542/3113/4803
f 2484/3351/4804 2530/3352/4804 2485/3353/4804
f 2491/3340/4805 2482/3109/4805 2316/3354/4805
f 2491/3340/4806 2336/3024/4806 2590/3023/4806
f 2485/3353/4807 2537/3355/4807 2535/3356/4807
f 2537/3355/4808 2483/3110/4808 2541/3339/4808
f 2517/3349/4809 2548/3357/4809 2522/3358/4809
f 2472/3359/4810 2426/3360/4810 2427/3361/4810
f 2590/3023/4811 2559/3341/4811 2491/3340/4811
f 2108/3287/4812 1815/1619/4812 2105/3289/4812
f 2344/3193/4813 2356/3362/4813 2342/3363/4813
f 2472/3322/4814 2475/2947/4814 2476/2965/4814
f 2423/3318/4815 2261/3329/4815 2264/3325/4815
f 2593/3364/4816 2522/3358/4816 2579/3365/4816
f 2428/3366/4817 2430/3367/4817 4613/3368/4817
f 2529/3347/4818 2537/3355/4818 2530/3352/4818
f 2522/3358/4819 2548/3357/4819 2547/3369/4819
f 2594/3370/4820 2484/3351/4820 2553/3371/4820
f 2547/3369/4821 2548/3357/4821 2484/3351/4821
f 2593/3364/4822 2517/3349/4822 2522/3358/4822
f 2340/3372/4823 2338/3336/4823 2394/3373/4823
f 3873/3374/4824 2500/3375/4824 3875/3376/4824
f 2105/3289/4825 1815/1619/4825 2100/1573/4825
f 2554/3133/4826 2492/3068/4826 2545/3377/4826
f 2423/3318/4827 2264/3325/4827 2426/3338/4827
f 2405/2824/4828 2591/3378/4828 2592/3379/4828
f 2400/2825/4829 2405/2824/4829 2592/3379/4829
f 2518/3348/4830 2521/3105/4830 2543/3137/4830
f 2485/3353/4831 2560/3380/4831 2553/3371/4831
f 2516/3381/4832 2536/3382/4832 2518/3348/4832
f 2536/3382/4833 2521/3105/4833 2518/3348/4833
f 2427/3337/4834 2429/2948/4834 2475/2947/4834
f 2514/3383/4835 2549/3384/4835 2500/3385/4835
f 2516/3381/4836 2518/3348/4836 2488/3350/4836
f 1816/1626/4837 2108/3287/4837 2128/3271/4837
f 2559/3341/4838 2590/3023/4838 2560/3380/4838
f 2108/3287/4839 1816/1626/4839 1815/1619/4839
f 2543/3137/4840 2554/3133/4840 2545/3377/4840
f 2429/2948/4841 2467/2951/4841 2433/2950/4841
f 2482/3109/4842 2491/3340/4842 2483/3110/4842
f 2484/3351/4843 2548/3357/4843 2545/3377/4843
f 2578/3386/4844 2579/3387/4844 2580/3388/4844
f 2500/3375/4845 3873/3374/4845 2499/3389/4845
f 2488/3390/4846 2517/3391/4846 2514/3392/4846
f 2121/3286/4847 2128/3271/4847 2108/3287/4847
f 2536/3393/4848 2500/3394/4848 2499/3144/4848
f 2485/3353/4849 2535/3356/4849 2560/3380/4849
f 3875/3376/4850 2500/3375/4850 2501/3395/4850
f 2580/3396/4851 2579/3365/4851 2583/3397/4851
f 2595/3398/4852 2569/3399/4852 2591/3378/4852
f 2594/3370/4853 2577/3400/4853 2547/3369/4853
f 2316/3354/4854 2336/3024/4854 2491/3340/4854
f 2485/3353/4855 2553/3371/4855 2484/3351/4855
f 2594/3401/4856 2553/3402/4856 2560/3403/4856
f 2483/3110/4857 2529/3347/4857 2544/3071/4857
f 2516/3404/4858 2488/3390/4858 2536/3405/4858
f 2485/3353/4859 2530/3352/4859 2537/3355/4859
f 2544/3071/4860 2529/3347/4860 2540/3067/4860
f 2546/3070/4861 2490/3115/4861 2482/3109/4861
f 2535/3356/4862 2541/3339/4862 2559/3341/4862
f 2501/3406/4863 2549/3407/4863 2576/3408/4863
f 2530/3409/4864 2545/3410/4864 2529/3411/4864
f 2500/3385/4865 2488/3412/4865 2514/3383/4865
f 2492/3068/4866 2529/3347/4866 2545/3377/4866
f 2594/3370/4867 2560/3380/4867 2569/3399/4867
f 2560/3380/4868 2590/3023/4868 2592/3379/4868
f 2577/3400/4869 2594/3370/4869 2569/3399/4869
f 2569/3399/4870 2595/3398/4870 2577/3400/4870
f 2535/3356/4871 2559/3341/4871 2560/3380/4871
f 2500/3385/4872 2549/3384/4872 2501/3413/4872
f 2578/3414/4873 2593/3364/4873 2579/3365/4873
f 2483/3110/4874 2537/3355/4874 2529/3347/4874
f 2569/3399/4875 2560/3380/4875 2592/3379/4875
f 4622/3312/4876 2425/3311/4876 4619/3415/4876
f 3878/3416/4877 2570/3417/4877 2580/3418/4877
f 3878/3416/4878 2580/3418/4878 2571/3419/4878
f 2576/3420/4879 3878/3421/4879 3876/3422/4879
f 2543/3137/4880 2545/3377/4880 2548/3357/4880
f 2488/3390/4881 2500/3394/4881 2536/3423/4881
f 2579/3424/4882 2547/3425/4882 2583/3426/4882
f 2545/3377/4883 2530/3352/4883 2484/3351/4883
f 2577/3400/4884 2555/3427/4884 2583/3397/4884
f 2585/3428/4885 2586/3429/4885 2561/3430/4885
f 2517/3349/4886 2518/3348/4886 2548/3357/4886
f 2555/3427/4887 2577/3400/4887 2586/3429/4887
f 2543/3137/4888 2548/3357/4888 2518/3348/4888
f 2555/3427/4889 2580/3396/4889 2583/3397/4889
f 2569/3399/4890 2592/3379/4890 2591/3378/4890
f 2576/3408/4891 2549/3407/4891 2593/3431/4891
f 2366/2777/4892 2568/3432/4892 2375/2811/4892
f 2363/2826/4893 2591/3378/4893 2405/2824/4893
f 2580/3418/4894 2555/3433/4894 2581/3434/4894
f 2555/3433/4895 2585/3428/4895 2581/3434/4895
f 2395/2797/4896 2368/2833/4896 2383/2798/4896
f 2590/3023/4897 2400/2825/4897 2592/3379/4897
f 2564/3435/4898 2573/3436/4898 2556/3437/4898
f 2558/3438/4899 2585/3428/4899 2561/3430/4899
f 2562/3439/4900 2595/3398/4900 2591/3378/4900
f 2580/3388/4901 2581/3440/4901 2571/3441/4901
f 2567/3442/4902 2584/3443/4902 2558/3438/4902
f 2575/3444/4903 2588/3445/4903 2557/3446/4903
f 2522/3447/4904 2547/3425/4904 2579/3424/4904
f 2578/3448/4905 2576/3449/4905 2593/3364/4905
f 2581/3450/4906 2582/3451/4906 2571/3452/4906
f 2547/3369/4907 2577/3400/4907 2583/3397/4907
f 2576/3449/4908 2578/3448/4908 2570/3417/4908
f 2585/3428/4909 2555/3427/4909 2586/3429/4909
f 2573/3436/4910 2575/3444/4910 2556/3437/4910
f 3878/3421/4911 2576/3420/4911 2570/3453/4911
f 2591/3378/4912 2383/2798/4912 2368/2833/4912
f 2556/3437/4913 2566/3454/4913 2564/3435/4913
f 2562/3439/4914 2591/3378/4914 2368/2833/4914
f 2584/3443/4915 2585/3428/4915 2558/3438/4915
f 2588/3445/4916 2561/3430/4916 2574/3455/4916
f 3878/3456/4917 2571/3457/4917 3880/3458/4917
f 2566/3454/4918 2563/2772/4918 2596/2715/4918
f 2586/3459/4919 2577/3460/4919 2595/3461/4919
f 2358/2806/4920 2587/3462/4920 2366/2777/4920
f 2584/3443/4921 2582/3463/4921 2581/3464/4921
f 2582/3465/4922 2584/3466/4922 2589/3467/4922
f 2570/3417/4923 2578/3448/4923 2580/3418/4923
f 2562/3439/4924 2561/3430/4924 2586/3429/4924
f 2368/3468/4925 2568/3469/4925 2574/3470/4925
f 2582/3471/4926 2589/3472/4926 3885/3473/4926
f 3880/3474/4927 2571/3475/4927 2582/3476/4927
f 2565/3477/4928 2564/3435/4928 2566/3454/4928
f 2572/3478/4929 2573/3436/4929 2564/3435/4929
f 2556/3437/4930 2587/3462/4930 2566/3454/4930
f 2561/3430/4931 2588/3445/4931 2558/3438/4931
f 2562/3439/4932 2368/2833/4932 2574/3455/4932
f 2557/3446/4933 2574/3455/4933 2568/3432/4933
f 2595/3398/4934 2562/3439/4934 2586/3429/4934
f 2366/2777/4935 2557/3446/4935 2568/3432/4935
f 2575/3444/4936 2557/3446/4936 2587/3462/4936
f 2375/2811/4937 2568/3432/4937 2368/2833/4937
f 2166/2767/4938 2164/2766/4938 2269/3479/4938
f 2587/3462/4939 2358/2806/4939 2566/3454/4939
f 2162/3192/4940 2152/3220/4940 2148/3480/4940
f 2584/3443/4941 2567/3442/4941 2572/3478/4941
f 2584/3443/4942 2572/3478/4942 2589/3481/4942
f 2176/3482/4943 2165/2768/4943 4586/3483/4943
f 2573/3436/4944 2558/3438/4944 2575/3444/4944
f 2558/3438/4945 2588/3445/4945 2575/3444/4945
f 2572/3478/4946 2565/3477/4946 3866/3484/4946
f 2564/3435/4947 2565/3477/4947 2572/3478/4947
f 2561/3430/4948 2562/3439/4948 2574/3455/4948
f 2567/3442/4949 2558/3438/4949 2573/3436/4949
f 2588/3445/4950 2574/3455/4950 2557/3446/4950
f 2584/3443/4951 2581/3464/4951 2585/3428/4951
f 2149/3485/4952 2164/3486/4952 2163/3487/4952
f 2567/3442/4953 2573/3436/4953 2572/3478/4953
f 2556/3437/4954 2575/3444/4954 2587/3462/4954
f 2163/3487/4955 2165/3488/4955 2154/3489/4955
f 2557/3446/4956 2366/2777/4956 2587/3462/4956
f 2276/3490/4957 2273/3491/4957 2270/3492/4957
f 2276/3493/4958 2270/3494/4958 2269/3495/4958
f 2163/3487/4959 2148/3480/4959 2149/3485/4959
f 2270/3494/4960 2181/3496/4960 2269/3495/4960
f 2169/3497/4961 2271/3498/4961 2168/3499/4961
f 2566/3454/4962 2358/2806/4962 2563/2772/4962
f 2165/2768/4963 2166/3500/4963 4586/3483/4963
f 2168/3499/4964 2271/3498/4964 2276/3493/4964
f 2276/3493/4965 2271/3498/4965 2274/3501/4965
f 2565/3477/4966 2566/3454/4966 2596/2715/4966
f 2181/3502/4967 2270/3503/4967 2275/3504/4967
f 2165/3488/4968 2163/3487/4968 2164/3486/4968
f 2150/3505/4969 2148/3480/4969 2152/3220/4969
f 2149/3485/4970 2167/3506/4970 2164/3486/4970
f 2162/3507/4971 2163/3508/4971 2153/3509/4971
f 2280/3510/4972 2279/3511/4972 2277/3512/4972
f 2279/3511/4973 2280/3510/4973 2268/3513/4973
f 2167/3514/4974 2149/3515/4974 2151/3516/4974
f 2163/3508/4975 2154/3517/4975 2153/3509/4975
f 2151/3518/4976 2145/3519/4976 2167/3506/4976
f 2176/3482/4977 2154/3219/4977 2165/3520/4977
f 2273/3521/4978 2276/3493/4978 2277/3512/4978
f 2150/3505/4979 2152/3220/4979 2161/3242/4979
f 2269/3479/4980 2181/3502/4980 2166/2767/4980
f 2172/3254/4981 2171/3522/4981 2170/3248/4981
f 2277/3512/4982 2274/3501/4982 2280/3510/4982
f 2181/3502/4983 2275/3504/4983 4599/3523/4983
f 2151/3518/4984 2148/3480/4984 2150/3505/4984
f 2273/2688/4985 2279/3524/4985 4593/2689/4985
f 2279/3524/4986 2272/3525/4986 4593/2689/4986
f 2148/3480/4987 2163/3487/4987 2162/3192/4987
f 2277/3512/4988 2279/3526/4988 2273/3521/4988
f 2275/3504/4989 2273/2688/4989 4596/2687/4989
f 2145/3519/4990 2251/3160/4990 2169/3497/4990
f 2168/3527/4991 2164/3528/4991 2167/3529/4991
f 2164/3486/4992 2168/3499/4992 2269/3495/4992
f 2174/3530/4993 2177/3531/4993 2251/3160/4993
f 2178/3158/4994 2251/3160/4994 2177/3531/4994
f 2151/3518/4995 2149/3485/4995 2148/3480/4995
f 2279/3511/4996 2268/3513/4996 2272/3532/4996
f 2143/3302/4997 2138/2683/4997 2141/3304/4997
f 2174/3530/4998 2171/3522/4998 2172/3254/4998
f 2150/3505/4999 2145/3519/4999 2151/3518/4999
f 2284/3533/5000 2286/3534/5000 2289/3535/5000
f 2145/3519/5001 2174/3530/5001 2251/3160/5001
f 2280/3510/5002 2265/3334/5002 2281/3333/5002
f 2171/3522/5003 2145/3519/5003 2150/3505/5003
f 2275/3504/5004 2270/3503/5004 2273/3536/5004
f 2274/3501/5005 2290/3537/5005 2280/3510/5005
f 2171/3522/5006 2161/3242/5006 2170/3248/5006
f 2171/3522/5007 2150/3505/5007 2161/3242/5007
f 2251/3160/5008 2282/3159/5008 2288/3538/5008
f 2285/3539/5009 2272/3525/5009 2268/3540/5009
f 2145/3519/5010 2168/3499/5010 2167/3506/5010
f 2169/3497/5011 2168/3499/5011 2145/3519/5011
f 2168/3541/5012 2276/3542/5012 2269/3543/5012
f 2288/3538/5013 2284/3533/5013 2289/3535/5013
f 2177/3531/5014 2174/3530/5014 2172/3254/5014
f 2271/3498/5015 2289/3535/5015 2290/3537/5015
f 2277/3544/5016 2276/3545/5016 2274/3546/5016
f 2259/3332/5017 2257/3547/5017 2281/3333/5017
f 2271/3498/5018 2290/3537/5018 2274/3501/5018
f 2286/3534/5019 2290/3537/5019 2289/3535/5019
f 2262/3320/5020 2260/3548/5020 2254/3549/5020
f 2261/3329/5021 2256/3550/5021 2263/3551/5021
f 2145/3519/5022 2171/3522/5022 2174/3530/5022
f 2268/3552/5023 2281/3553/5023 2257/3554/5023
f 2271/3498/5024 2251/3160/5024 2289/3535/5024
f 2253/3555/5025 2268/3513/5025 2257/3547/5025
f 2265/3334/5026 2286/3534/5026 2287/3556/5026
f 2280/3510/5027 2290/3537/5027 2286/3534/5027
f 2286/3534/5028 2265/3334/5028 2280/3510/5028
f 2251/3160/5029 2271/3498/5029 2169/3497/5029
f 2256/3550/5030 2262/3320/5030 2254/3549/5030
f 2266/3557/5031 2265/3334/5031 2287/3556/5031
f 2268/3558/5032 2253/3559/5032 2285/3560/5032
f 2253/3559/5033 2252/3561/5033 2285/3560/5033
f 2253/3562/5034 2254/3563/5034 2260/3564/5034
f 2266/3557/5035 2259/3332/5035 2265/3334/5035
f 2253/3555/5036 2260/3548/5036 2252/3565/5036
f 2286/3534/5037 2284/3533/5037 2287/3556/5037
f 2262/3320/5038 2252/3565/5038 2260/3548/5038
f 2262/3320/5039 2256/3550/5039 2261/3329/5039
f 2256/3550/5040 2254/3549/5040 2259/3332/5040
f 2266/3557/5041 2263/3551/5041 2256/3550/5041
f 2547/3369/5042 2484/3351/5042 2594/3370/5042
f 2178/3158/5043 2278/3141/5043 2282/3159/5043
f 2172/3254/5044 2192/2920/5044 2177/3531/5044
f 2514/3566/5045 2517/3349/5045 2549/3567/5045
f 2173/3255/5046 2192/2920/5046 2172/3254/5046
f 2282/3159/5047 2283/3156/5047 2284/3533/5047
f 2422/3310/5048 2252/3565/5048 2262/3320/5048
f 2255/3568/5049 2266/3557/5049 2267/3569/5049
f 2278/3141/5050 2309/3135/5050 2282/3159/5050
f 2263/3570/5051 2266/3571/5051 2255/3572/5051
f 2287/3556/5052 2284/3533/5052 2283/3156/5052
f 2549/3573/5053 2517/3574/5053 2593/3575/5053
f 2258/3142/5054 2255/3568/5054 2267/3569/5054
f 2177/3531/5055 2187/3116/5055 2278/3141/5055
f 2254/3549/5056 2257/3547/5056 2259/3332/5056
f 2177/3531/5057 2192/2920/5057 2187/3116/5057
f 2256/3550/5058 2259/3332/5058 2266/3557/5058
f 2187/3116/5059 2192/2920/5059 2185/2902/5059
f 2280/3510/5060 2281/3333/5060 2268/3513/5060
f 2254/3549/5061 2253/3555/5061 2257/3547/5061
f 2255/3568/5062 2258/3142/5062 2263/3551/5062
f 2282/3159/5063 2309/3135/5063 2283/3156/5063
f 2267/3569/5064 2287/3556/5064 2283/3156/5064
f 2263/3551/5065 2258/3142/5065 2264/3325/5065
f 2344/3193/5066 2348/3170/5066 2343/3576/5066
f 2338/3336/5067 2356/3362/5067 2343/3576/5067
f 2187/3116/5068 2194/3123/5068 2278/3141/5068
f 2347/3577/5069 2314/3125/5069 2353/3231/5069
f 2338/3336/5070 2345/3331/5070 2346/2870/5070
f 2343/3576/5071 2348/3170/5071 2352/2893/5071
f 2267/3569/5072 2266/3557/5072 2287/3556/5072
f 2340/3372/5073 2356/3362/5073 2338/3336/5073
f 2355/3578/5074 2347/3577/5074 2354/3204/5074
f 2317/3330/5075 2334/3124/5075 2314/3125/5075
f 2316/3354/5076 2349/3149/5076 2336/3024/5076
f 2225/3283/5077 2216/3579/5077 2219/3284/5077
f 2278/3141/5078 2178/3158/5078 2177/3531/5078
f 2292/3140/5079 2309/3135/5079 2278/3141/5079
f 2347/3577/5080 2353/3231/5080 2354/3204/5080
f 2316/3354/5081 2339/3580/5081 2349/3149/5081
f 2317/3330/5082 2316/3354/5082 2482/3109/5082
f 2288/3538/5083 2282/3159/5083 2284/3533/5083
f 2251/3160/5084 2288/3538/5084 2289/3535/5084
f 2339/3580/5085 2347/3577/5085 2355/3578/5085
f 2216/3579/5086 2217/3581/5086 2219/3284/5086
f 2267/3569/5087 2283/3156/5087 2299/3134/5087
f 2314/3125/5088 2347/3577/5088 2317/3330/5088
f 2355/3578/5089 2354/3204/5089 2344/3193/5089
f 2356/3362/5090 2340/3372/5090 2342/3363/5090
f 2338/3336/5091 2343/3576/5091 2345/3331/5091
f 2317/3330/5092 2347/3577/5092 2339/3580/5092
f 2258/3142/5093 2267/3569/5093 2299/3134/5093
f 2264/3325/5094 2261/3329/5094 2263/3551/5094
f 2258/3142/5095 2305/2955/5095 2431/2987/5095
f 2357/2869/5096 2345/3331/5096 2352/2893/5096
f 2316/3354/5097 2317/3330/5097 2339/3580/5097
f 2390/2829/5098 2388/3582/5098 2379/2842/5098
f 2403/2905/5099 2390/2829/5099 2379/2842/5099
f 2355/3578/5100 2342/3363/5100 2339/3580/5100
f 2355/3578/5101 2344/3193/5101 2342/3363/5101
f 2403/2905/5102 2361/2827/5102 2390/2829/5102
f 2394/3373/5103 2337/3319/5103 2402/3583/5103
f 2361/2827/5104 2403/2905/5104 2389/2795/5104
f 2390/2829/5105 2397/3584/5105 2388/3582/5105
f 2392/3585/5106 2394/3373/5106 2388/3582/5106
f 2339/3580/5107 2342/3363/5107 2349/3149/5107
f 2393/2828/5108 2397/3584/5108 2390/2829/5108
f 2343/3576/5109 2352/2893/5109 2345/3331/5109
f 2396/3586/5110 2342/3363/5110 2340/3372/5110
f 2216/3579/5111 2225/3283/5111 2228/2813/5111
f 2379/2842/5112 2388/3582/5112 2384/3587/5112
f 2343/3576/5113 2356/3362/5113 2344/3193/5113
f 2354/3204/5114 2318/3166/5114 2344/3193/5114
f 2399/2841/5115 2401/3022/5115 2385/3148/5115
f 2217/3581/5116 2216/3579/5116 2214/2843/5116
f 2394/3373/5117 2402/3583/5117 2384/3587/5117
f 2216/3579/5118 2228/2813/5118 2215/2817/5118
f 2337/3319/5119 2394/3373/5119 2338/3336/5119
f 2215/2817/5120 2214/2843/5120 2216/3579/5120
f 2337/3319/5121 2219/3284/5121 2217/3581/5121
f 2391/3588/5122 2396/3586/5122 2397/3584/5122
f 2317/3330/5123 2490/3115/5123 2334/3124/5123
f 2590/3023/5124 2401/3022/5124 2400/2825/5124
f 2391/3588/5125 2385/3148/5125 2349/3149/5125
f 2392/3585/5126 2396/3586/5126 2340/3372/5126
f 2394/3373/5127 2392/3585/5127 2340/3372/5127
f 2396/3586/5128 2392/3585/5128 2397/3584/5128
f 2217/3581/5129 2402/3583/5129 2337/3319/5129
f 2388/3582/5130 2397/3584/5130 2392/3585/5130
f 2384/3587/5131 2388/3582/5131 2394/3373/5131
f 2214/2843/5132 2402/3583/5132 2217/3581/5132
f 2385/3148/5133 2391/3588/5133 2398/3589/5133
f 2391/3588/5134 2342/3363/5134 2396/3586/5134
f 2398/3589/5135 2391/3588/5135 2397/3584/5135
f 2342/3363/5136 2391/3588/5136 2349/3149/5136
f 2399/2841/5137 2400/2825/5137 2401/3022/5137
f 2385/3148/5138 2398/3589/5138 2399/2841/5138
f 2382/2822/5139 2379/2842/5139 2404/2663/5139
f 2393/2828/5140 2399/2841/5140 2398/3589/5140
f 2363/2826/5141 2369/2805/5141 2383/2798/5141
f 2389/2795/5142 2369/2805/5142 2361/2827/5142
f 2399/2841/5143 2393/2828/5143 2361/2827/5143
f 2591/3378/5144 2363/2826/5144 2383/2798/5144
f 2367/2796/5145 2383/2798/5145 2369/2805/5145
f 2382/2822/5146 2404/2663/5146 2376/2819/5146
f 2399/2841/5147 2361/2827/5147 2369/2805/5147
f 2223/2674/5148 2229/2818/5148 2222/2815/5148
f 2226/2807/5149 2362/2661/5149 2229/2818/5149
f 2214/2843/5150 2381/2821/5150 2384/3587/5150
f 2402/3583/5151 2214/2843/5151 2384/3587/5151
f 2381/2821/5152 2379/2842/5152 2384/3587/5152
f 2382/2822/5153 2389/2795/5153 2403/2905/5153
f 2398/3589/5154 2397/3584/5154 2393/2828/5154
f 2401/3022/5155 2336/3024/5155 2385/3148/5155
f 2063/1708/5156 1805/1690/5156 2078/3258/5156
f 2408/2694/5157 3850/2812/5157 3857/2692/5157
f 2422/3590/5158 4611/3591/5158 2252/3592/5158
f 2647/3593/5159 2873/3594/5159 2649/3595/5159
f 2632/3596/5160 2652/3597/5160 2665/3598/5160
f 2662/3599/5161 3031/3600/5161 2652/3597/5161
f 2650/3601/5162 2627/3602/5162 2659/3603/5162
f 2640/3604/5163 2649/3595/5163 2873/3594/5163
f 2652/3597/5164 2630/3605/5164 3027/3606/5164
f 2699/3607/5165 2724/3608/5165 2635/3609/5165
f 2663/3610/5166 2650/3601/5166 2706/3611/5166
f 2674/3612/5167 2699/3607/5167 2635/3609/5167
f 2667/3613/5168 2646/3614/5168 2675/3615/5168
f 2691/3616/5169 2653/3617/5169 2626/3618/5169
f 2700/3619/5170 2656/3620/5170 2626/3618/5170
f 2634/3621/5171 2672/3622/5171 2670/3623/5171
f 2679/3624/5172 2665/3598/5172 2652/3597/5172
f 2721/3625/5173 2692/3626/5173 2694/3627/5173
f 2632/3596/5174 2675/3615/5174 2669/3628/5174
f 2669/3628/5175 2675/3615/5175 2649/3595/5175
f 2626/3618/5176 2671/3629/5176 2631/3630/5176
f 2679/3624/5177 2652/3597/5177 2682/3631/5177
f 2649/3595/5178 2646/3614/5178 2647/3593/5178
f 2649/3595/5179 2675/3615/5179 2646/3614/5179
f 2628/3632/5180 2862/3633/5180 2664/3634/5180
f 2652/3597/5181 2632/3596/5181 2662/3599/5181
f 2686/3635/5182 2711/3636/5182 2860/3637/5182
f 2676/3638/5183 2702/3639/5183 2720/3640/5183
f 2669/3628/5184 2662/3599/5184 2632/3596/5184
f 2683/3641/5185 2688/3642/5185 2717/3643/5185
f 2716/3644/5186 2694/3627/5186 2676/3638/5186
f 3035/3645/5187 2662/3599/5187 2669/3628/5187
f 2645/3646/5188 2644/3647/5188 2871/3648/5188
f 3035/3645/5189 2669/3628/5189 2657/3649/5189
f 2667/3613/5190 2716/3644/5190 2646/3614/5190
f 2872/3650/5191 2700/3619/5191 2684/3651/5191
f 2640/3604/5192 2657/3649/5192 2649/3595/5192
f 2703/3652/5193 2860/3637/5193 2693/3653/5193
f 2837/3654/5194 2651/3655/5194 2655/3656/5194
f 2693/3657/5195 2659/3603/5195 2703/3658/5195
f 2694/3627/5196 2716/3644/5196 2667/3613/5196
f 2704/3659/5197 2646/3614/5197 2716/3644/5197
f 2669/3628/5198 2649/3595/5198 2657/3649/5198
f 2715/3660/5199 2712/3661/5199 2683/3641/5199
f 2679/3624/5200 2685/3662/5200 2665/3598/5200
f 2680/3663/5201 2683/3641/5201 2737/3664/5201
f 2679/3665/5202 2660/3666/5202 2685/3667/5202
f 2692/3626/5203 2727/3668/5203 2688/3642/5203
f 2717/3643/5204 2688/3642/5204 2727/3668/5204
f 2691/3616/5205 2626/3618/5205 2631/3630/5205
f 2694/3627/5206 2667/3613/5206 2730/3669/5206
f 2665/3598/5207 2718/3670/5207 2632/3596/5207
f 2652/3597/5208 3027/3606/5208 2682/3631/5208
f 2713/3671/5209 2707/3672/5209 2705/3673/5209
f 2801/3674/5210 2629/3675/5210 2722/3676/5210
f 2707/3672/5211 2712/3661/5211 2705/3673/5211
f 2682/3677/5212 2660/3666/5212 2679/3665/5212
f 2675/3615/5213 2730/3669/5213 2667/3613/5213
f 2716/3644/5214 2740/3678/5214 2704/3659/5214
f 2744/3679/5215 2742/3680/5215 2730/3669/5215
f 2688/3642/5216 2702/3639/5216 2692/3626/5216
f 2692/3626/5217 2702/3639/5217 2676/3638/5217
f 2711/3636/5218 2693/3653/5218 2860/3637/5218
f 2715/3660/5219 2758/3681/5219 2712/3661/5219
f 2721/3625/5220 2727/3668/5220 2692/3626/5220
f 2710/3682/5221 2749/3683/5221 2705/3673/5221
f 2740/3678/5222 2716/3644/5222 2676/3638/5222
f 2705/3673/5223 2712/3661/5223 2698/3684/5223
f 2696/3685/5224 2677/3686/5224 2719/3687/5224
f 2834/3688/5225 2696/3685/5225 2719/3687/5225
f 2631/3630/5226 2706/3689/5226 2691/3616/5226
f 2725/3690/5227 2727/3668/5227 2721/3625/5227
f 2702/3639/5228 2688/3642/5228 2680/3663/5228
f 2680/3663/5229 2688/3642/5229 2683/3641/5229
f 2727/3668/5230 2748/3691/5230 2717/3643/5230
f 2842/3692/5231 2672/3622/5231 2634/3621/5231
f 2650/3601/5232 2660/3666/5232 2627/3602/5232
f 2702/3639/5233 2737/3664/5233 2720/3640/5233
f 2873/3594/5234 2704/3659/5234 2732/3693/5234
f 2732/3693/5235 2736/3694/5235 2873/3594/5235
f 2681/3695/5236 2731/3696/5236 2683/3641/5236
f 2734/3697/5237 2727/3668/5237 2725/3690/5237
f 2692/3626/5238 2676/3638/5238 2694/3627/5238
f 2744/3679/5239 2741/3698/5239 2742/3680/5239
f 2754/3699/5240 2758/3681/5240 2729/3700/5240
f 2715/3660/5241 2683/3641/5241 2717/3643/5241
f 2760/3701/5242 2734/3697/5242 2725/3690/5242
f 2683/3641/5243 2712/3661/5243 2681/3695/5243
f 2738/3702/5244 2746/3703/5244 2843/3704/5244
f 2715/3660/5245 2726/3705/5245 2758/3681/5245
f 2714/3706/5246 2660/3666/5246 2642/3707/5246
f 2715/3660/5247 2717/3643/5247 2748/3691/5247
f 2720/3640/5248 4651/3708/5248 4783/3709/5248
f 2704/3659/5249 2740/3678/5249 2732/3693/5249
f 2710/3682/5250 2705/3673/5250 2698/3684/5250
f 2685/3662/5251 2728/3710/5251 2733/3711/5251
f 2689/3712/5252 2720/3640/5252 4783/3709/5252
f 2741/3698/5253 2744/3679/5253 2728/3710/5253
f 2725/3690/5254 2721/3625/5254 2730/3669/5254
f 2730/3669/5255 2718/3670/5255 2744/3679/5255
f 2739/3713/5256 2725/3690/5256 2742/3680/5256
f 2732/3693/5257 2689/3712/5257 2736/3694/5257
f 2761/3714/5258 2729/3700/5258 2726/3705/5258
f 2683/3641/5259 2731/3696/5259 2737/3664/5259
f 2705/3673/5260 2749/3683/5260 2752/3715/5260
f 2752/3715/5261 2855/3716/5261 2731/3696/5261
f 2707/3672/5262 2681/3695/5262 2712/3661/5262
f 2751/3717/5263 2743/3718/5263 2746/3703/5263
f 2675/3615/5264 2632/3596/5264 2718/3670/5264
f 2720/3640/5265 2732/3693/5265 2740/3678/5265
f 2727/3668/5266 2734/3697/5266 2748/3691/5266
f 2760/3701/5267 2761/3714/5267 2726/3705/5267
f 2747/3719/5268 2792/3720/5268 2759/3721/5268
f 2755/3722/5269 2636/3723/5269 2756/3724/5269
f 2749/3683/5270 2855/3716/5270 2752/3715/5270
f 2714/3706/5271 2741/3725/5271 2660/3666/5271
f 2705/3726/5272 2752/3727/5272 2713/3728/5272
f 2714/3729/5273 2642/3730/5273 2739/3713/5273
f 2733/3711/5274 2665/3598/5274 2685/3662/5274
f 2739/3713/5275 2760/3701/5275 2725/3690/5275
f 2739/3713/5276 2642/3730/5276 2753/3731/5276
f 2698/3684/5277 2712/3661/5277 2758/3681/5277
f 2685/3667/5278 2660/3666/5278 2728/3732/5278
f 2713/3728/5279 2752/3727/5279 2731/3733/5279
f 2746/3703/5280 2738/3702/5280 2751/3717/5280
f 2681/3695/5281 2707/3672/5281 2713/3671/5281
f 2636/3723/5282 2761/3714/5282 2756/3724/5282
f 2756/3734/5283 2650/3601/5283 2755/3735/5283
f 2760/3701/5284 2726/3705/5284 2734/3697/5284
f 2737/3664/5285 2731/3696/5285 4651/3708/5285
f 2713/3728/5286 2731/3733/5286 2681/3736/5286
f 2755/3735/5287 2650/3601/5287 2637/3737/5287
f 2761/3714/5288 2861/3738/5288 2729/3700/5288
f 2726/3705/5289 2715/3660/5289 2734/3697/5289
f 2702/3639/5290 2680/3663/5290 2737/3664/5290
f 2743/3718/5291 2751/3717/5291 2747/3719/5291
f 2718/3670/5292 2730/3669/5292 2675/3615/5292
f 2756/3724/5293 2761/3714/5293 2757/3739/5293
f 2757/3739/5294 2745/3740/5294 2756/3724/5294
f 2689/3712/5295 2732/3693/5295 2720/3640/5295
f 2751/3741/5296 2738/3742/5296 2627/3602/5296
f 2642/3707/5297 2660/3666/5297 2650/3601/5297
f 2646/3614/5298 2704/3659/5298 2647/3593/5298
f 2743/3718/5299 2747/3719/5299 2759/3721/5299
f 2748/3691/5300 2734/3697/5300 2715/3660/5300
f 2676/3638/5301 2720/3640/5301 2740/3678/5301
f 2758/3681/5302 2726/3705/5302 2729/3700/5302
f 2737/3664/5303 4651/3708/5303 2720/3640/5303
f 2744/3679/5304 2718/3670/5304 2733/3711/5304
f 2647/3593/5305 2704/3659/5305 2873/3594/5305
f 2636/3723/5306 2755/3722/5306 2641/3743/5306
f 2636/3723/5307 2641/3743/5307 2861/3738/5307
f 2718/3670/5308 2665/3598/5308 2733/3711/5308
f 2728/3732/5309 2660/3666/5309 2741/3725/5309
f 2855/3716/5310 4871/3744/5310 2731/3696/5310
f 2642/3730/5311 2756/3724/5311 2745/3740/5311
f 2745/3740/5312 2753/3731/5312 2642/3730/5312
f 2738/3742/5313 2843/3745/5313 2627/3602/5313
f 2731/3696/5314 4871/3744/5314 4651/3708/5314
f 2771/3746/5315 2776/3747/5315 2790/3748/5315
f 2789/3749/5316 2829/3750/5316 2787/3751/5316
f 2723/3752/5317 2785/3753/5317 4683/3754/5317
f 2874/3755/5318 2627/3602/5318 2774/3756/5318
f 2768/3757/5319 2802/3758/5319 2765/3759/5319
f 2674/3612/5320 2762/3760/5320 2772/3761/5320
f 2762/3760/5321 2763/3762/5321 2772/3761/5321
f 2797/3763/5322 2777/3764/5322 2841/3765/5322
f 2794/3766/5323 2803/3767/5323 2789/3749/5323
f 2780/3768/5324 2775/3769/5324 2779/3770/5324
f 2772/3761/5325 2781/3771/5325 2846/3772/5325
f 2779/3770/5326 2775/3769/5326 2794/3766/5326
f 2778/3773/5327 2784/3774/5327 2750/3775/5327
f 2658/3776/5328 3043/3777/5328 2640/3604/5328
f 2800/3778/5329 2777/3764/5329 2797/3763/5329
f 2809/3779/5330 2785/3780/5330 2723/3781/5330
f 2766/3782/5331 2765/3759/5331 2781/3771/5331
f 2762/3760/5332 4698/3783/5332 2763/3762/5332
f 2746/3703/5333 2743/3718/5333 2759/3721/5333
f 2762/3760/5334 2635/3609/5334 2792/3720/5334
f 2785/3753/5335 2809/3784/5335 2629/3675/5335
f 2774/3785/5336 2795/3786/5336 2874/3787/5336
f 2810/3788/5337 2798/3789/5337 2788/3790/5337
f 2807/3791/5338 2627/3602/5338 2773/3792/5338
f 2803/3767/5339 2775/3769/5339 2798/3789/5339
f 2775/3769/5340 2770/3793/5340 2798/3789/5340
f 2798/3789/5341 2770/3793/5341 2788/3790/5341
f 2799/3794/5342 2798/3789/5342 2783/3795/5342
f 2774/3785/5343 2797/3763/5343 2795/3796/5343
f 2750/3797/5344 2791/3798/5344 2627/3602/5344
f 2810/3788/5345 2788/3790/5345 2778/3773/5345
f 2803/3767/5346 2794/3766/5346 2775/3769/5346
f 2801/3674/5347 2722/3676/5347 2769/3799/5347
f 2750/3797/5348 2627/3602/5348 2796/3800/5348
f 2768/3757/5349 2767/3801/5349 2802/3758/5349
f 2635/3609/5350 2759/3721/5350 2792/3720/5350
f 2846/3772/5351 2781/3771/5351 2769/3802/5351
f 2789/3749/5352 2787/3751/5352 2782/3803/5352
f 2801/3674/5353 2769/3799/5353 2802/3804/5353
f 2829/3750/5354 2789/3749/5354 2803/3767/5354
f 2796/3800/5355 2627/3602/5355 2805/3805/5355
f 2770/3793/5356 2780/3768/5356 2784/3774/5356
f 2801/3674/5357 2785/3753/5357 2629/3675/5357
f 2771/3746/5358 2782/3803/5358 2787/3751/5358
f 2635/3609/5359 2762/3760/5359 2674/3612/5359
f 2791/3798/5360 2750/3797/5360 2784/3806/5360
f 2789/3749/5361 2773/3807/5361 2779/3770/5361
f 2725/3690/5362 2730/3669/5362 2742/3680/5362
f 2779/3808/5363 2627/3602/5363 2780/3809/5363
f 2762/3760/5364 2792/3720/5364 4698/3783/5364
f 2794/3766/5365 2789/3749/5365 2779/3770/5365
f 2778/3773/5366 2750/3775/5366 2796/3810/5366
f 2778/3773/5367 2788/3790/5367 2784/3774/5367
f 2771/3746/5368 2790/3748/5368 2782/3803/5368
f 2784/3806/5369 2780/3809/5369 2627/3602/5369
f 2756/3734/5370 2642/3707/5370 2650/3601/5370
f 2802/3804/5371 2767/3811/5371 2801/3674/5371
f 2763/3762/5372 2781/3771/5372 2772/3761/5372
f 2790/3748/5373 2773/3807/5373 2782/3803/5373
f 2806/3812/5374 2627/3602/5374 2807/3791/5374
f 2801/3674/5375 2767/3811/5375 2785/3753/5375
f 2797/3763/5376 2811/3813/5376 2806/3814/5376
f 2804/3815/5377 2799/3816/5377 2820/3817/5377
f 2784/3774/5378 2788/3790/5378 2770/3793/5378
f 2796/3810/5379 2805/3818/5379 2810/3788/5379
f 2773/3807/5380 2790/3748/5380 2807/3819/5380
f 2796/3810/5381 2810/3788/5381 2778/3773/5381
f 2783/3795/5382 2798/3789/5382 2805/3818/5382
f 2798/3789/5383 2810/3788/5383 2805/3818/5383
f 2806/3814/5384 2790/3748/5384 2800/3778/5384
f 2786/3820/5385 2874/3821/5385 2795/3822/5385
f 2765/3759/5386 2769/3802/5386 2781/3771/5386
f 2786/3820/5387 2795/3822/5387 2797/3823/5387
f 2773/3792/5388 2627/3602/5388 2779/3808/5388
f 2783/3824/5389 2805/3825/5389 2812/3826/5389
f 2790/3748/5390 2806/3814/5390 2807/3819/5390
f 2784/3806/5391 2627/3602/5391 2791/3798/5391
f 2786/3820/5392 2876/3827/5392 2874/3821/5392
f 2797/3763/5393 2806/3814/5393 2800/3778/5393
f 2781/3771/5394 2763/3762/5394 2766/3782/5394
f 2811/3828/5395 2627/3602/5395 2806/3812/5395
f 2769/3802/5396 2765/3759/5396 2802/3758/5396
f 2800/3778/5397 2793/3829/5397 2777/3764/5397
f 2776/3747/5398 2793/3829/5398 2800/3778/5398
f 2799/3794/5399 2804/3815/5399 2798/3789/5399
f 2770/3793/5400 2775/3769/5400 2780/3768/5400
f 2774/3756/5401 2627/3602/5401 2811/3828/5401
f 2797/3763/5402 2774/3785/5402 2811/3813/5402
f 2841/3765/5403 2786/3830/5403 2797/3763/5403
f 2773/3807/5404 2789/3749/5404 2782/3803/5404
f 2816/3831/5405 2817/3832/5405 2812/3826/5405
f 2815/3833/5406 2822/3834/5406 2839/3835/5406
f 2786/3820/5407 2719/3687/5407 2876/3827/5407
f 2776/3747/5408 2800/3778/5408 2790/3748/5408
f 2823/3836/5409 2828/3837/5409 2824/3838/5409
f 2805/3805/5410 2627/3602/5410 2812/3839/5410
f 2838/3840/5411 2696/3685/5411 2834/3688/5411
f 2834/3841/5412 2786/3830/5412 2841/3765/5412
f 2804/3815/5413 2803/3767/5413 2798/3789/5413
f 2799/3842/5414 2827/3843/5414 2813/3844/5414
f 2844/3845/5415 2815/3833/5415 2839/3835/5415
f 2815/3846/5416 2793/3829/5416 2831/3847/5416
f 2816/3831/5417 2818/3848/5417 2823/3836/5417
f 2828/3837/5418 2764/3849/5418 2687/3850/5418
f 2776/3747/5419 2771/3746/5419 2793/3829/5419
f 2764/3849/5420 2746/3703/5420 2759/3721/5420
f 2783/3824/5421 2817/3832/5421 2799/3842/5421
f 2687/3850/5422 2724/3608/5422 2825/3851/5422
f 2724/3608/5423 2699/3607/5423 2819/3852/5423
f 2824/3838/5424 2828/3837/5424 2827/3843/5424
f 2828/3837/5425 2823/3836/5425 2818/3848/5425
f 2822/3834/5426 2819/3852/5426 2826/3853/5426
f 2815/3833/5427 2814/3854/5427 2822/3834/5427
f 2824/3838/5428 2827/3843/5428 2799/3842/5428
f 2696/3685/5429 2670/3623/5429 2677/3686/5429
f 2816/3831/5430 2823/3836/5430 2817/3832/5430
f 2786/3820/5431 2834/3688/5431 2719/3687/5431
f 2844/3845/5432 2839/3835/5432 2808/3855/5432
f 2808/3856/5433 2840/3857/5433 2835/3858/5433
f 2839/3835/5434 2833/3859/5434 2808/3855/5434
f 2844/3845/5435 2841/3860/5435 2793/3861/5435
f 2813/3844/5436 2827/3843/5436 2822/3834/5436
f 2845/3862/5437 2833/3859/5437 2839/3835/5437
f 2746/3703/5438 2764/3849/5438 2843/3704/5438
f 2839/3835/5439 2822/3834/5439 2826/3853/5439
f 2818/3848/5440 2843/3704/5440 2764/3849/5440
f 2722/3676/5441 2842/3863/5441 2835/3858/5441
f 2847/3864/5442 2846/3772/5442 2821/3865/5442
f 2830/3866/5443 2627/3602/5443 2843/3745/5443
f 2818/3848/5444 2764/3849/5444 2828/3837/5444
f 2844/3845/5445 2838/3867/5445 2841/3860/5445
f 2845/3862/5446 2839/3835/5446 2826/3853/5446
f 2841/3765/5447 2838/3868/5447 2834/3841/5447
f 2793/3829/5448 2841/3765/5448 2777/3764/5448
f 2845/3862/5449 2826/3853/5449 2832/3869/5449
f 2787/3751/5450 2831/3847/5450 2771/3746/5450
f 2819/3852/5451 2822/3834/5451 2827/3843/5451
f 2814/3854/5452 2813/3844/5452 2822/3834/5452
f 2820/3870/5453 2813/3844/5453 2814/3854/5453
f 2817/3832/5454 2824/3838/5454 2799/3842/5454
f 2825/3851/5455 2828/3837/5455 2687/3850/5455
f 2808/3855/5456 2835/3871/5456 2844/3845/5456
f 2825/3851/5457 2827/3843/5457 2828/3837/5457
f 2830/3872/5458 2843/3704/5458 2818/3848/5458
f 2829/3750/5459 2820/3817/5459 2787/3751/5459
f 2814/3873/5460 2831/3847/5460 2787/3751/5460
f 2844/3845/5461 2835/3871/5461 2838/3867/5461
f 2830/3866/5462 2816/3874/5462 2627/3602/5462
f 2816/3874/5463 2812/3839/5463 2627/3602/5463
f 2835/3871/5464 2842/3875/5464 2836/3876/5464
f 2833/3859/5465 2845/3862/5465 2821/3865/5465
f 2819/3852/5466 2825/3851/5466 2724/3608/5466
f 2819/3852/5467 2827/3843/5467 2825/3851/5467
f 2842/3863/5468 2722/3676/5468 2629/3675/5468
f 2814/3873/5469 2815/3846/5469 2831/3847/5469
f 2831/3847/5470 2793/3829/5470 2771/3746/5470
f 2835/3858/5471 2840/3857/5471 2722/3676/5471
f 2836/3877/5472 2696/3685/5472 2838/3878/5472
f 2699/3607/5473 2832/3869/5473 2826/3853/5473
f 2820/3817/5474 2814/3873/5474 2787/3751/5474
f 2699/3607/5475 2674/3612/5475 2772/3761/5475
f 2722/3879/5476 2846/3772/5476 2769/3802/5476
f 2823/3836/5477 2824/3838/5477 2817/3832/5477
f 2830/3872/5478 2818/3848/5478 2816/3831/5478
f 2670/3623/5479 2696/3685/5479 2836/3877/5479
f 2812/3826/5480 2817/3832/5480 2783/3824/5480
f 2832/3869/5481 2772/3761/5481 2847/3864/5481
f 2815/3833/5482 2844/3845/5482 2793/3861/5482
f 2836/3877/5483 2842/3692/5483 2634/3621/5483
f 2821/3865/5484 2845/3862/5484 2832/3869/5484
f 2722/3879/5485 2840/3880/5485 2846/3772/5485
f 2826/3853/5486 2819/3852/5486 2699/3607/5486
f 2857/3881/5487 2849/3882/5487 2854/3883/5487
f 2842/3863/5488 2629/3675/5488 2837/3884/5488
f 2721/3625/5489 2694/3627/5489 2730/3669/5489
f 2723/3781/5490 2673/3885/5490 2809/3779/5490
f 2699/3607/5491 2772/3761/5491 2832/3869/5491
f 2729/3700/5492 2861/3738/5492 2754/3699/5492
f 2670/3623/5493 2836/3877/5493 2634/3621/5493
f 2855/3716/5494 2853/3886/5494 4744/3887/5494
f 2853/3886/5495 2850/3888/5495 2854/3883/5495
f 2856/3889/5496 2853/3886/5496 2749/3683/5496
f 2858/3890/5497 2859/3891/5497 2848/3892/5497
f 2832/3869/5498 2847/3864/5498 2821/3865/5498
f 2706/3611/5499 2650/3601/5499 2659/3603/5499
f 2744/3679/5500 2733/3711/5500 2728/3710/5500
f 2671/3629/5501 2645/3646/5501 2654/3893/5501
f 2820/3817/5502 2803/3767/5502 2804/3815/5502
f 2749/3683/5503 2853/3886/5503 2855/3716/5503
f 2687/3850/5504 2764/3849/5504 2759/3721/5504
f 2852/3894/5505 2639/3895/5505 2859/3891/5505
f 2857/3881/5506 2859/3891/5506 2849/3882/5506
f 2854/3883/5507 2849/3882/5507 2853/3886/5507
f 2639/3895/5508 2848/3892/5508 2859/3891/5508
f 2635/3609/5509 2687/3850/5509 2759/3721/5509
f 2695/3896/5510 2711/3636/5510 2678/3897/5510
f 2719/3687/5511 2677/3686/5511 2690/3898/5511
f 2741/3698/5512 2714/3729/5512 2742/3680/5512
f 2739/3713/5513 2742/3680/5513 2714/3729/5513
f 2648/3899/5514 2708/3900/5514 2668/3901/5514
f 2803/3767/5515 2820/3817/5515 2829/3750/5515
f 2846/3772/5516 2847/3864/5516 2772/3761/5516
f 2856/3889/5517 2850/3888/5517 2853/3886/5517
f 2635/3609/5518 2724/3608/5518 2687/3850/5518
f 2745/3740/5519 2757/3739/5519 2753/3731/5519
f 2808/3855/5520 2833/3859/5520 2840/3880/5520
f 2739/3713/5521 2753/3731/5521 2760/3701/5521
f 2686/3635/5522 2860/3637/5522 2862/3633/5522
f 2853/3886/5523 2849/3882/5523 4744/3887/5523
f 2813/3844/5524 2820/3870/5524 2799/3842/5524
f 2695/3896/5525 2701/3902/5525 2711/3636/5525
f 2700/3619/5526 2872/3650/5526 2644/3647/5526
f 2851/3903/5527 2697/3904/5527 2848/3892/5527
f 2857/3881/5528 2852/3894/5528 2859/3891/5528
f 2686/3635/5529 2666/3905/5529 2711/3636/5529
f 2719/3687/5530 2690/3898/5530 2876/3827/5530
f 2701/3906/5531 2659/3603/5531 2693/3657/5531
f 2654/3893/5532 2637/3907/5532 2866/3908/5532
f 2821/3865/5533 2840/3880/5533 2833/3859/5533
f 2663/3909/5534 2671/3629/5534 2866/3908/5534
f 2700/3619/5535 2626/3618/5535 2653/3617/5535
f 2760/3701/5536 2753/3731/5536 2757/3739/5536
f 2637/3907/5537 2641/3743/5537 2755/3722/5537
f 2835/3871/5538 2836/3876/5538 2838/3867/5538
f 2864/3910/5539 2758/3681/5539 2871/3648/5539
f 2863/3911/5540 2749/3683/5540 2710/3682/5540
f 2761/3714/5541 2760/3701/5541 2757/3739/5541
f 2821/3865/5542 2846/3772/5542 2840/3880/5542
f 2656/3620/5543 2644/3647/5543 2645/3646/5543
f 2654/3893/5544 2641/3743/5544 2637/3907/5544
f 2865/3912/5545 2872/3650/5545 2684/3651/5545
f 2633/3913/5546 2864/3910/5546 2643/3914/5546
f 2653/3617/5547 2691/3616/5547 2695/3896/5547
f 2690/3898/5548 2664/3634/5548 2862/3633/5548
f 2636/3723/5549 2861/3738/5549 2761/3714/5549
f 2643/3914/5550 2644/3647/5550 2872/3650/5550
f 2868/3915/5551 2870/3916/5551 2869/3917/5551
f 2648/3899/5552 2628/3632/5552 2638/3918/5552
f 2758/3681/5553 2863/3911/5553 2698/3684/5553
f 2864/3910/5554 2854/3883/5554 2850/3888/5554
f 2867/3919/5555 2643/3914/5555 2872/3650/5555
f 2655/3656/5556 2870/3916/5556 2708/3900/5556
f 2633/3913/5557 2867/3919/5557 2854/3883/5557
f 2870/3916/5558 2655/3656/5558 2869/3917/5558
f 2645/3646/5559 2871/3648/5559 2709/3920/5559
f 2872/3650/5560 2865/3912/5560 2867/3919/5560
f 2866/3921/5561 2650/3601/5561 2663/3610/5561
f 2664/3634/5562 2670/3623/5562 2638/3918/5562
f 2837/3654/5563 2673/3885/5563 2651/3655/5563
f 2708/3900/5564 2870/3916/5564 2868/3915/5564
f 2861/3738/5565 2709/3920/5565 2754/3699/5565
f 2637/3737/5566 2650/3601/5566 2866/3921/5566
f 2629/3922/5567 2809/3779/5567 2673/3885/5567
f 2658/3776/5568 2873/3594/5568 2736/3694/5568
f 2856/3889/5569 2864/3910/5569 2850/3888/5569
f 2640/3604/5570 2873/3594/5570 2658/3776/5570
f 2677/3686/5571 2670/3623/5571 2664/3634/5571
f 2863/3911/5572 2856/3889/5572 2749/3683/5572
f 2875/3923/5573 2874/3821/5573 2876/3827/5573
f 2666/3905/5574 2648/3899/5574 2668/3901/5574
f 2865/3912/5575 2852/3894/5575 2857/3881/5575
f 2684/3651/5576 2668/3901/5576 2868/3915/5576
f 2837/3654/5577 2629/3922/5577 2673/3885/5577
f 2633/3913/5578 2643/3914/5578 2867/3919/5578
f 2661/3924/5579 2655/3656/5579 2708/3900/5579
f 2868/3915/5580 2668/3901/5580 2708/3900/5580
f 2871/3648/5581 2644/3647/5581 2864/3910/5581
f 2863/3911/5582 2710/3682/5582 2698/3684/5582
f 2863/3911/5583 2864/3910/5583 2856/3889/5583
f 2869/3917/5584 2639/3895/5584 2852/3894/5584
f 2735/3925/5585 2659/3603/5585 2875/3926/5585
f 2754/3699/5586 2871/3648/5586 2758/3681/5586
f 2645/3646/5587 2671/3629/5587 2626/3618/5587
f 2862/3633/5588 2860/3637/5588 2703/3652/5588
f 2653/3617/5589 2668/3901/5589 2684/3651/5589
f 2644/3647/5590 2643/3914/5590 2864/3910/5590
f 2851/3903/5591 2639/3895/5591 2651/3655/5591
f 2864/3910/5592 2863/3911/5592 2758/3681/5592
f 2631/3927/5593 2663/3928/5593 2706/3929/5593
f 2661/3924/5594 2638/3918/5594 2670/3623/5594
f 2655/3656/5595 2661/3924/5595 2672/3622/5595
f 2735/3930/5596 2862/3931/5596 2703/3932/5596
f 2875/3926/5597 2659/3603/5597 2874/3755/5597
f 2854/3883/5598 2867/3919/5598 2857/3881/5598
f 2684/3651/5599 2868/3915/5599 2865/3912/5599
f 2736/3694/5600 4709/1056/5600 2658/3776/5600
f 2690/3898/5601 2677/3686/5601 2664/3634/5601
f 2865/3912/5602 2857/3881/5602 2867/3919/5602
f 2866/3908/5603 2671/3629/5603 2654/3893/5603
f 2864/3910/5604 2633/3913/5604 2854/3883/5604
f 2670/3623/5605 2672/3622/5605 2661/3924/5605
f 2709/3920/5606 2641/3743/5606 2654/3893/5606
f 2861/3738/5607 2641/3743/5607 2709/3920/5607
f 2655/3656/5608 2651/3655/5608 2869/3917/5608
f 2651/3655/5609 2639/3895/5609 2869/3917/5609
f 2876/3827/5610 2690/3898/5610 2875/3923/5610
f 2703/3658/5611 2659/3603/5611 2735/3925/5611
f 2664/3634/5552 2638/3918/5552 2628/3632/5552
f 2628/3632/5612 2686/3635/5612 2862/3633/5612
f 2678/3897/5613 2666/3905/5613 2653/3617/5613
f 2654/3893/5614 2645/3646/5614 2709/3920/5614
f 2868/3915/5615 2852/3894/5615 2865/3912/5615
f 2648/3899/5616 2666/3905/5616 2628/3632/5616
f 2868/3915/5617 2869/3917/5617 2852/3894/5617
f 2875/3923/5618 2690/3898/5618 2735/3933/5618
f 2842/3692/5619 2837/3654/5619 2672/3622/5619
f 2653/3617/5620 2666/3905/5620 2668/3901/5620
f 2874/3755/5621 2659/3603/5621 2627/3602/5621
f 2723/3781/5622 2651/3655/5622 2673/3885/5622
f 2851/3903/5623 2651/3655/5623 2723/3781/5623
f 2672/3622/5624 2837/3654/5624 2655/3656/5624
f 2706/3689/5625 2695/3896/5625 2691/3616/5625
f 2656/3620/5626 2645/3646/5626 2626/3618/5626
f 2690/3898/1013 2862/3633/1013 2735/3933/1013
f 2666/3905/5627 2686/3635/5627 2628/3632/5627
f 2639/3895/5628 2851/3903/5628 2848/3892/5628
f 2661/3924/5629 2708/3900/5629 2648/3899/5629
f 2644/3647/5630 2656/3620/5630 2700/3619/5630
f 2631/3630/5631 2671/3629/5631 2663/3909/5631
f 2700/3619/5632 2653/3617/5632 2684/3651/5632
f 2701/3902/5633 2693/3653/5633 2711/3636/5633
f 2709/3920/5634 2871/3648/5634 2754/3699/5634
f 2706/3689/5635 2701/3902/5635 2695/3896/5635
f 2706/3611/5636 2659/3603/5636 2701/3906/5636
f 2648/3899/5637 2638/3918/5637 2661/3924/5637
f 2695/3896/5638 2678/3897/5638 2653/3617/5638
f 2666/3905/5639 2678/3897/5639 2711/3636/5639
f 2747/3719/5640 4801/3934/5640 2792/3720/5640
f 1/12/5641 76/104/5641 2627/3602/5641
f 2948/3935/5642 2946/1431/5642 2918/3936/5642
f 2985/3937/5643 2949/1469/5643 2947/3938/5643
f 2947/3938/5644 2949/1469/5644 2948/3935/5644
f 1092/1254/5645 2948/3935/5645 2949/1469/5645
f 2878/3939/5646 3006/3940/5646 3005/3941/5646
f 1143/1480/5647 1142/1456/5647 2987/1457/5647
f 2986/3942/5648 2985/3937/5648 2947/3938/5648
f 3010/3943/5649 2965/3944/5649 3011/3945/5649
f 3010/3943/5650 3009/3946/5650 2965/3944/5650
f 2930/3947/5651 2897/3948/5651 2901/3949/5651
f 2985/3937/5652 2986/3942/5652 2984/3950/5652
f 2987/1457/5653 2984/3950/5653 1143/1480/5653
f 2984/3950/5654 2988/3951/5654 1143/1480/5654
f 2972/3952/5655 3005/3941/5655 3008/3953/5655
f 3007/3954/5656 3008/3955/5656 3005/3956/5656
f 2988/3957/5657 868/1251/5657 1143/1478/5657
f 2991/3958/5658 868/1251/5658 2988/3957/5658
f 2973/3959/5659 2965/3944/5659 2966/3960/5659
f 2972/3952/5660 2966/3960/5660 2965/3944/5660
f 2966/3960/5661 2982/3961/5661 2973/3959/5661
f 2973/3959/5662 2982/3961/5662 2983/3962/5662
f 2971/3963/5663 2970/3964/5663 2966/3960/5663
f 2982/3961/5664 2966/3960/5664 2970/3964/5664
f 2984/3950/5665 2987/1457/5665 2985/3937/5665
f 2960/3965/5666 2934/3966/5666 2941/3967/5666
f 2967/3968/5667 2963/3969/5667 2960/3965/5667
f 2965/3944/5668 3005/3941/5668 2972/3952/5668
f 3008/3955/5669 2969/3970/5669 2972/3971/5669
f 3006/3972/5670 2878/3973/5670 3004/3974/5670
f 3006/3940/5671 3003/3975/5671 3007/3976/5671
f 2971/3963/5672 2966/3960/5672 2972/3952/5672
f 2949/1469/5673 2985/3937/5673 2987/1457/5673
f 2955/3977/5674 2923/3978/5674 2958/3979/5674
f 2956/3980/5675 2955/3977/5675 2958/3979/5675
f 1092/1254/5676 1090/1427/5676 2946/1431/5676
f 3008/3953/5677 2960/3965/5677 2969/3981/5677
f 2991/3982/5678 2988/3951/5678 2984/3950/5678
f 3007/3976/5679 3003/3975/5679 3008/3953/5679
f 3004/3983/5680 3002/3984/5680 3003/3975/5680
f 3006/3940/5681 3004/3983/5681 3003/3975/5681
f 2958/3979/5682 2923/3978/5682 2925/3985/5682
f 2897/3948/5683 2926/3986/5683 2898/3987/5683
f 2947/3938/5684 2950/3988/5684 2951/3989/5684
f 2879/3990/5685 2882/3991/5685 2894/3992/5685
f 2892/3993/5686 946/1452/5686 2896/3994/5686
f 2947/3938/5687 2948/3935/5687 2918/3936/5687
f 2949/1469/5688 1091/1255/5688 1092/1254/5688
f 2930/3947/5689 2931/3995/5689 2958/3979/5689
f 2960/3965/5690 2941/3967/5690 2968/3996/5690
f 2894/3992/5691 2882/3991/5691 2883/3997/5691
f 2896/3994/5692 2894/3992/5692 2902/3998/5692
f 2899/3999/5693 2896/3994/5693 2902/3998/5693
f 2967/3968/5694 2960/3965/5694 3008/3953/5694
f 946/1452/5695 2894/3992/5695 2896/3994/5695
f 2885/4000/5696 2886/4001/5696 695/961/5696
f 2883/3997/5697 695/961/5697 2886/4001/5697
f 3003/3975/5698 2967/3968/5698 3008/3953/5698
f 2883/3997/5699 2886/4001/5699 2904/4002/5699
f 2977/4003/5700 2944/185/5700 2945/184/5700
f 2902/3998/5701 2894/3992/5701 2883/3997/5701
f 2882/3991/5702 2881/4004/5702 693/975/5702
f 695/961/5703 2882/3991/5703 693/975/5703
f 2883/3997/5704 2882/3991/5704 695/961/5704
f 2978/4005/5705 2982/3961/5705 2943/4006/5705
f 899/1373/5706 2880/4007/5706 2893/1369/5706
f 2902/3998/5707 2883/3997/5707 2904/4002/5707
f 2901/4008/5708 2898/4009/5708 2902/4010/5708
f 2978/4011/5709 2975/4012/5709 2980/4013/5709
f 2899/4014/5710 2902/4010/5710 2898/4009/5710
f 946/1452/5711 947/1370/5711 2893/1369/5711
f 2975/4015/5712 2978/4005/5712 2943/4006/5712
f 2879/3990/5713 2881/4004/5713 2882/3991/5713
f 2943/4006/5714 2945/184/5714 158/201/5714
f 2977/4003/5715 2945/184/5715 2943/4006/5715
f 946/1452/5716 2893/1369/5716 2879/3990/5716
f 2943/4006/5717 158/201/5717 2975/4015/5717
f 2980/4016/5718 2982/3961/5718 2978/4005/5718
f 2974/227/5719 2980/4016/5719 2975/4015/5719
f 2904/4002/5720 2884/4017/5720 2888/4018/5720
f 2903/4019/5721 2904/4002/5721 2888/4018/5721
f 2975/4015/5722 158/201/5722 170/211/5722
f 2901/4008/5723 2902/4010/5723 2900/4020/5723
f 2895/4021/5724 945/1383/5724 946/1452/5724
f 2900/4022/5725 2902/3998/5725 2903/4019/5725
f 2894/3992/5726 946/1452/5726 2879/3990/5726
f 2880/4007/5727 2879/3990/5727 2893/1369/5727
f 2879/3990/5728 2880/4007/5728 2881/4004/5728
f 2908/4023/5729 2900/4022/5729 2903/4019/5729
f 2905/4024/5730 2935/4025/5730 2908/4023/5730
f 2892/3993/5731 2895/4021/5731 946/1452/5731
f 2888/4018/5732 2905/4024/5732 2903/4019/5732
f 2906/4026/5733 2907/4027/5733 2888/4018/5733
f 2890/4028/5734 2884/4017/5734 3993/4029/5734
f 2905/4024/5735 2908/4023/5735 2903/4019/5735
f 2881/4004/5736 899/1373/5736 691/875/5736
f 2952/4030/5737 2922/4031/5737 2924/4032/5737
f 2881/4004/5738 691/875/5738 687/920/5738
f 2904/4002/5739 2886/4001/5739 2884/4017/5739
f 2952/4030/5740 2955/3977/5740 2950/3988/5740
f 2917/4033/5741 82/256/5741 86/216/5741
f 2881/4004/5742 2880/4007/5742 899/1373/5742
f 2904/4002/5743 2903/4019/5743 2902/3998/5743
f 2890/4028/5744 2888/4018/5744 2884/4017/5744
f 687/920/5745 693/975/5745 2881/4004/5745
f 82/256/5746 2909/4034/5746 2916/274/5746
f 2944/185/5747 2917/4033/5747 86/216/5747
f 2914/4035/5748 2909/4034/5748 82/256/5748
f 2905/4024/5749 2888/4018/5749 2907/4027/5749
f 1/12/5750 868/1251/5750 2877/4036/5750
f 2888/4018/5751 2890/4028/5751 2906/4026/5751
f 2919/1423/5752 989/1422/5752 945/1383/5752
f 82/256/5753 2917/4033/5753 2914/4035/5753
f 2886/4001/5754 2885/4000/5754 2884/4017/5754
f 2955/3977/5755 2952/4030/5755 2923/3978/5755
f 2884/4017/5756 2885/4000/5756 2887/4037/5756
f 2924/4032/5757 2922/4031/5757 2920/4038/5757
f 2887/4037/5758 3993/4029/5758 2884/4017/5758
f 2927/4039/5759 2924/4032/5759 2925/3985/5759
f 2977/4003/5760 2937/4040/5760 2940/4041/5760
f 2918/3936/692 2919/1423/692 2920/4038/692
f 2919/1423/5761 945/1383/5761 2895/4021/5761
f 2920/4038/5762 2919/1423/5762 2895/4021/5762
f 2921/4042/5763 2896/3994/5763 2899/3999/5763
f 164/208/5764 2979/4043/5764 2974/227/5764
f 2930/3947/5765 2958/3979/5765 2925/3985/5765
f 2926/3986/5766 2925/3985/5766 2924/4032/5766
f 2920/4038/5767 2892/3993/5767 2921/4042/5767
f 2920/4038/5768 2895/4021/5768 2892/3993/5768
f 2923/3978/5769 2927/4039/5769 2925/3985/5769
f 2983/3962/5770 2982/3961/5770 2979/4043/5770
f 2980/4016/5771 2979/4043/5771 2982/3961/5771
f 2924/4032/5772 2920/4038/5772 2921/4042/5772
f 2976/4044/5773 2979/4045/5773 2981/4046/5773
f 3012/182/5774 258/181/5774 253/205/5774
f 2919/1423/5775 2918/3936/5775 2946/1431/5775
f 3013/4047/5776 3010/3943/5776 3012/182/5776
f 3013/4048/5777 3014/410/5777 2878/3973/5777
f 3010/3943/5778 3011/3945/5778 3012/182/5778
f 3014/207/5779 3012/182/5779 253/205/5779
f 2948/3935/5780 1092/1254/5780 2946/1431/5780
f 2922/4031/5781 2947/3938/5781 2918/3936/5781
f 2911/4049/5782 2914/4035/5782 2912/4050/5782
f 2914/4035/5783 2911/4049/5783 2913/4051/5783
f 2910/4052/5784 2915/4053/5784 2911/4049/5784
f 2974/227/5785 2979/4043/5785 2980/4016/5785
f 3012/182/5786 2981/4054/5786 2979/4043/5786
f 3013/4047/5787 3012/182/5787 3014/207/5787
f 2950/3988/5788 2996/4055/5788 2992/4056/5788
f 2977/4003/5789 2982/3961/5789 2970/3964/5789
f 2977/4003/5790 2939/4057/5790 2944/185/5790
f 2956/3980/5791 2950/3988/5791 2955/3977/5791
f 2981/4054/5792 3012/182/5792 3011/3945/5792
f 2933/4058/5793 2934/3966/5793 2960/3965/5793
f 164/208/5794 3012/182/5794 2979/4043/5794
f 2995/4059/5795 2989/4060/5795 2990/4061/5795
f 2950/3988/5796 2953/4062/5796 2996/4055/5796
f 2953/4062/5797 2950/3988/5797 2956/3980/5797
f 2960/3965/5798 2936/4063/5798 2933/4058/5798
f 2995/4059/5799 2990/4061/5799 2992/4056/5799
f 2986/3942/5800 2991/3982/5800 2984/3950/5800
f 2959/4064/5801 2997/4065/5801 2954/4066/5801
f 2954/4066/5802 2958/3979/5802 2959/4064/5802
f 2989/4067/5803 2877/4036/5803 2991/3958/5803
f 2995/4059/5804 2996/4055/5804 2993/4068/5804
f 80/161/5805 1/12/5805 2878/3973/5805
f 2928/4069/5806 2929/4070/5806 2961/4071/5806
f 2962/4072/5807 2929/4070/5807 2936/4063/5807
f 2992/4056/5808 2990/4061/5808 2986/3942/5808
f 2931/3995/5809 2901/3949/5809 2900/4022/5809
f 2997/4065/5810 2999/4073/5810 2994/4074/5810
f 2930/3947/5811 2901/3949/5811 2931/3995/5811
f 2999/4075/5812 2877/4036/5812 2994/4076/5812
f 2991/3958/5813 2877/4036/5813 868/1251/5813
f 2995/4059/5814 2993/4068/5814 2877/4077/5814
f 2994/4074/5815 2993/4068/5815 2954/4066/5815
f 2877/4077/5816 2989/4060/5816 2995/4059/5816
f 2932/4078/5817 2935/4025/5817 2907/4027/5817
f 2935/4025/5818 2905/4024/5818 2907/4027/5818
f 2929/4070/5819 2928/4069/5819 2931/3995/5819
f 2989/4060/5820 2991/3982/5820 2990/4061/5820
f 2954/4066/5821 2956/3980/5821 2958/3979/5821
f 2964/4079/5822 2936/4063/5822 2960/3965/5822
f 2933/4058/5823 2935/4025/5823 2932/4078/5823
f 2935/4025/5824 2933/4058/5824 2929/4070/5824
f 2958/3979/5825 2931/3995/5825 2928/4069/5825
f 2994/4074/5826 2877/4077/5826 2993/4068/5826
f 2994/4074/5827 2954/4066/5827 2997/4065/5827
f 2936/4063/5828 2929/4070/5828 2933/4058/5828
f 3002/3984/5829 2963/3969/5829 3003/3975/5829
f 2931/3995/5830 2935/4025/5830 2929/4070/5830
f 2925/3985/5831 2897/3948/5831 2930/3947/5831
f 3001/4080/5832 2878/3973/5832 3000/4081/5832
f 2927/4039/5833 2952/4030/5833 2924/4032/5833
f 2924/4032/5834 2921/4042/5834 2926/3986/5834
f 2878/3973/5835 1/12/5835 2877/4036/5835
f 3002/4082/5836 3004/3974/5836 2878/3973/5836
f 2900/4022/5837 2935/4025/5837 2931/3995/5837
f 2926/3986/5838 2897/3948/5838 2925/3985/5838
f 2935/4025/5839 2900/4022/5839 2908/4023/5839
f 2898/3987/5840 2901/3949/5840 2897/3948/5840
f 3000/4083/5841 2963/3969/5841 3001/4084/5841
f 2923/3978/5842 2952/4030/5842 2927/4039/5842
f 3000/4083/5843 2997/4065/5843 2957/4085/5843
f 2922/4031/5844 2918/3936/5844 2920/4038/5844
f 2963/3969/5845 2962/4072/5845 2964/4079/5845
f 2963/3969/5846 2964/4079/5846 2960/3965/5846
f 2998/4086/5847 2997/4065/5847 3000/4083/5847
f 2961/4071/5848 2963/3969/5848 2957/4085/5848
f 2967/3968/5849 3003/3975/5849 2963/3969/5849
f 2929/4070/5850 2962/4072/5850 2961/4071/5850
f 2941/3967/5851 2938/4087/5851 2942/4088/5851
f 2926/3986/5852 2899/3999/5852 2898/3987/5852
f 2964/4079/5853 2962/4072/5853 2936/4063/5853
f 2899/3999/5854 2926/3986/5854 2921/4042/5854
f 2961/4071/5855 2962/4072/5855 2963/3969/5855
f 2997/4065/5856 2998/4086/5856 2999/4073/5856
f 3002/3984/5857 3001/4084/5857 2963/3969/5857
f 2998/4089/5858 2877/4036/5858 2999/4075/5858
f 2957/4085/5859 2997/4065/5859 2959/4064/5859
f 3000/4083/5860 2957/4085/5860 2963/3969/5860
f 2970/3964/5861 2968/3996/5861 2937/4040/5861
f 2998/4089/5862 3000/4081/5862 2877/4036/5862
f 3015/4090/5863 3013/4048/5863 2878/3973/5863
f 2977/4003/5864 2943/4006/5864 2982/3961/5864
f 3002/4082/5865 2878/3973/5865 3001/4080/5865
f 3000/4081/5866 2878/3973/5866 2877/4036/5866
f 2921/4042/5867 2892/3993/5867 2896/3994/5867
f 3009/4091/5868 3015/4090/5868 2878/3973/5868
f 3011/3945/5869 2973/3959/5869 2981/4054/5869
f 2915/4053/5870 2910/4052/5870 2938/4087/5870
f 2983/4092/5871 2979/4093/5871 2976/4094/5871
f 2996/4055/5872 2995/4059/5872 2992/4056/5872
f 2996/4055/5873 2953/4062/5873 2993/4068/5873
f 2932/4078/5874 2915/4053/5874 2938/4087/5874
f 2961/4071/5875 2957/4085/5875 2928/4069/5875
f 2953/4062/5876 2954/4066/5876 2993/4068/5876
f 2928/4069/5877 2957/4085/5877 2959/4064/5877
f 3013/4047/5878 3015/4095/5878 3010/3943/5878
f 3006/3940/5879 3007/3976/5879 3005/3941/5879
f 2954/4066/5880 2953/4062/5880 2956/3980/5880
f 2992/4056/5881 2951/3989/5881 2950/3988/5881
f 2973/3959/5882 2983/3962/5882 2976/4096/5882
f 2965/3944/5883 3009/3946/5883 3005/3941/5883
f 2973/4097/5884 2976/4098/5884 2981/4099/5884
f 3015/4095/5885 3009/3946/5885 3010/3943/5885
f 2950/3988/5886 2922/4031/5886 2952/4030/5886
f 2910/4052/5887 2912/4050/5887 2940/4041/5887
f 2991/3982/5888 2986/3942/5888 2990/4061/5888
f 2986/3942/5889 2947/3938/5889 2951/3989/5889
f 2889/4100/5890 2906/4026/5890 2890/4028/5890
f 2965/3944/5891 2973/3959/5891 3011/3945/5891
f 2972/3952/5892 2969/3981/5892 2971/3963/5892
f 2932/4078/5893 2907/4027/5893 2915/4053/5893
f 2890/4028/5894 3993/4029/5894 2889/4100/5894
f 2922/4031/5895 2950/3988/5895 2947/3938/5895
f 2986/3942/5896 2951/3989/5896 2992/4056/5896
f 2959/4064/5897 2958/3979/5897 2928/4069/5897
f 2878/3939/5898 3005/3941/5898 3009/3946/5898
f 2932/4078/5899 2938/4087/5899 2934/3966/5899
f 2911/4049/5900 2912/4050/5900 2910/4052/5900
f 2907/4027/5901 2906/4026/5901 2913/4051/5901
f 2917/4033/5902 2912/4050/5902 2914/4035/5902
f 2915/4053/5903 2913/4051/5903 2911/4049/5903
f 2968/3996/5904 2941/3967/5904 2942/4088/5904
f 2939/4057/5905 2940/4041/5905 2912/4050/5905
f 2889/4100/5906 2916/274/5906 2906/4026/5906
f 2938/4087/5907 2910/4052/5907 2942/4088/5907
f 2914/4101/5908 2913/4102/5908 2906/4103/5908
f 2906/4026/5909 2916/274/5909 2909/4034/5909
f 2891/390/5910 2889/4100/5910 3919/4104/5910
f 2915/4053/5911 2907/4027/5911 2913/4051/5911
f 2889/4100/5912 2891/390/5912 2916/274/5912
f 2944/185/5913 2912/4050/5913 2917/4033/5913
f 2940/4041/5914 2939/4057/5914 2977/4003/5914
f 2909/4105/5915 2914/4106/5915 2906/4107/5915
f 2912/4050/5916 2944/185/5916 2939/4057/5916
f 2968/3996/5917 2942/4088/5917 2940/4041/5917
f 2937/4040/5918 2968/3996/5918 2940/4041/5918
f 2970/3964/5919 2969/3981/5919 2968/3996/5919
f 2971/3963/5920 2969/3981/5920 2970/3964/5920
f 2938/4087/5921 2941/3967/5921 2934/3966/5921
f 2940/4041/5922 2942/4088/5922 2910/4052/5922
f 2932/4078/5923 2934/3966/5923 2933/4058/5923
f 2937/4040/5924 2977/4003/5924 2970/3964/5924
f 2969/3981/5925 2960/3965/5925 2968/3996/5925
f 3014/410/5926 80/161/5926 2878/3973/5926
f 2974/4108/5927 2975/4109/5927 170/4110/5927
f 3172/4111/5928 3170/4112/5928 3173/4113/5928
f 3172/4111/5929 870/1194/5929 873/1376/5929
f 3168/4114/5930 3167/4115/5930 873/1376/5930
f 3121/4116/5931 3123/4117/5931 3120/4118/5931
f 3168/4114/5932 873/1376/5932 15/36/5932
f 3172/4111/5933 873/1376/5933 3170/4112/5933
f 3158/4119/5934 3165/4120/5934 3159/4121/5934
f 3093/4122/5935 3111/4123/5935 3098/4124/5935
f 3170/4112/5936 873/1376/5936 3167/4115/5936
f 3170/4112/5937 3166/4125/5937 3171/4126/5937
f 3160/4127/5938 3162/4128/5938 15/36/5938
f 3122/4129/5939 3124/4130/5939 3161/4131/5939
f 879/1487/5940 3174/4132/5940 3176/4133/5940
f 3162/4128/5941 3164/4134/5941 3168/4114/5941
f 3168/4114/5942 15/36/5942 3162/4128/5942
f 881/1476/5943 3174/4132/5943 879/1487/5943
f 3170/4112/5944 3168/4114/5944 3166/4125/5944
f 3162/4128/5945 3160/4127/5945 3165/4120/5945
f 3164/4134/5946 3166/4125/5946 3168/4114/5946
f 3176/4133/5947 3174/4132/5947 3175/4135/5947
f 3164/4134/5948 3127/4136/5948 3128/4137/5948
f 3127/4136/5949 3164/4134/5949 3124/4130/5949
f 17/15/5950 3160/4127/5950 15/36/5950
f 3121/4116/5951 3017/4138/5951 3117/4139/5951
f 3159/4140/5952 3017/4141/5952 3158/4142/5952
f 3179/1174/5953 3169/4143/5953 3178/944/5953
f 3162/4128/5954 3165/4120/5954 3164/4134/5954
f 3178/944/5955 649/943/5955 3179/1174/5955
f 3172/4111/5956 3173/4113/5956 3174/4132/5956
f 21/14/5957 3163/4144/5957 17/15/5957
f 870/1194/5958 3172/4111/5958 881/1476/5958
f 3165/4120/5959 3161/4131/5959 3164/4134/5959
f 3167/4115/5960 3168/4114/5960 3170/4112/5960
f 3163/4144/5957 3160/4127/5957 17/15/5957
f 881/1476/5961 3172/4111/5961 3174/4132/5961
f 3159/4121/5962 3163/4144/5962 21/14/5962
f 21/4145/5963 20/91/5963 3159/4140/5963
f 3117/4139/5964 3119/4146/5964 3118/4147/5964
f 3173/4113/5965 3171/4126/5965 3177/4148/5965
f 3081/4149/5966 3154/4150/5966 3133/4151/5966
f 3093/4122/5967 3079/4152/5967 3111/4123/5967
f 3176/4153/5968 3169/4154/5968 3179/4155/5968
f 3175/4135/5969 3169/4143/5969 3176/4133/5969
f 3123/4117/5970 3126/4156/5970 3137/4157/5970
f 3117/4158/5971 3017/4141/5971 3119/4159/5971
f 880/4160/5972 3176/4153/5972 3179/4155/5972
f 3163/4144/5973 3165/4120/5973 3160/4127/5973
f 3159/4140/5974 20/91/5974 3017/4141/5974
f 3165/4120/5975 3163/4144/5975 3159/4121/5975
f 879/1466/5976 3176/4153/5976 880/4160/5976
f 3165/4120/5977 3158/4119/5977 3161/4131/5977
f 3175/4135/5978 3178/944/5978 3169/4143/5978
f 3175/4135/5979 3148/4161/5979 3178/944/5979
f 3175/4135/5980 3174/4132/5980 3173/4113/5980
f 3095/4162/5981 3079/4152/5981 3115/4163/5981
f 3081/4149/5982 3155/4164/5982 3154/4150/5982
f 3122/4129/5983 3121/4116/5983 3116/4165/5983
f 3046/1186/5984 604/1033/5984 607/1034/5984
f 3126/4156/5985 3154/4150/5985 3129/4166/5985
f 3122/4129/5986 3116/4165/5986 3124/4130/5986
f 3045/4167/5987 3046/1186/5987 3044/4168/5987
f 3048/4169/5988 3042/4170/5988 3044/4168/5988
f 3087/4171/5989 3081/4149/5989 3133/4151/5989
f 3068/4172/5990 3047/4173/5990 3049/4174/5990
f 3173/4113/5991 3177/4148/5991 3175/4135/5991
f 3171/4126/5992 3173/4113/5992 3170/4112/5992
f 3068/4172/5993 3049/4174/5993 3066/1114/5993
f 3161/4131/5994 3017/4138/5994 3122/4129/5994
f 3148/4161/5995 3177/4148/5995 3144/4175/5995
f 3043/3777/5996 3039/4176/5996 2640/3604/5996
f 3048/4169/5997 3044/4168/5997 3046/1186/5997
f 3043/3777/5998 3046/1186/5998 3039/4176/5998
f 3048/4169/5999 3046/1186/5999 3049/4174/5999
f 3066/1114/6000 3049/4174/6000 3046/1186/6000
f 3043/3777/6001 4709/1056/6001 604/1033/6001
f 3043/3777/6002 604/1033/6002 3046/1186/6002
f 3047/4173/6003 3042/4170/6003 3049/4174/6003
f 3046/1186/6004 3045/4167/6004 3039/4176/6004
f 3042/4170/6005 3048/4169/6005 3049/4174/6005
f 2658/3776/6006 4709/1056/6006 3043/3777/6006
f 3117/4139/6007 3118/4147/6007 3123/4117/6007
f 3139/4177/6008 3157/4178/6008 3145/4179/6008
f 3118/4147/6009 3130/4180/6009 3126/4156/6009
f 3017/4138/6010 3161/4131/6010 3158/4119/6010
f 3017/4138/6011 3121/4116/6011 3122/4129/6011
f 3105/1004/6012 628/1003/6012 3104/4181/6012
f 3091/4182/6013 3097/4183/6013 3080/4184/6013
f 3083/4185/6014 3087/4171/6014 3082/4186/6014
f 2627/3602/6015 3016/4187/6015 1/12/6015
f 2627/3602/6016 2660/3666/6016 3016/4187/6016
f 3067/4188/6017 3040/4189/6017 3042/4170/6017
f 3082/4190/6018 3017/4141/6018 3083/4191/6018
f 3042/4170/6019 3047/4173/6019 3067/4188/6019
f 3130/4180/6020 3132/4192/6020 3131/4193/6020
f 3031/3600/6021 2662/3599/6021 3018/4194/6021
f 2662/3599/6022 3035/3645/6022 3018/4194/6022
f 3018/4194/6023 3034/4195/6023 3031/3600/6023
f 1/12/6024 3017/4141/6024 20/91/6024
f 3072/4196/6025 3059/4197/6025 3069/4198/6025
f 3146/4199/6026 3166/4125/6026 3128/4137/6026
f 3055/4200/6027 3051/4201/6027 3022/4202/6027
f 3069/4198/6028 3059/4197/6028 3070/4203/6028
f 3140/4204/6029 3146/4199/6029 3136/4205/6029
f 3144/4175/6030 3171/4126/6030 3166/4125/6030
f 3072/4196/6031 3069/4198/6031 3067/4188/6031
f 3166/4125/6032 3146/4199/6032 3140/4204/6032
f 3055/4200/6033 3022/4202/6033 3025/4206/6033
f 3023/4207/6034 3028/4208/6034 3025/4206/6034
f 3178/4209/6035 3148/4210/6035 3150/4211/6035
f 3098/4124/6036 3099/4212/6036 3106/4213/6036
f 3143/4214/6037 3140/4204/6037 3141/4215/6037
f 3139/4177/6038 3136/4205/6038 3137/4157/6038
f 3138/4216/6039 3157/4178/6039 3156/4217/6039
f 3123/4117/6040 3121/4116/6040 3117/4139/6040
f 3026/4218/6041 3024/4219/6041 3033/4220/6041
f 3104/4181/6042 3096/4221/6042 3098/4124/6042
f 3083/4191/6043 3017/4141/6043 3078/4222/6043
f 3025/4206/6044 3022/4202/6044 3023/4207/6044
f 3079/4152/6045 3114/4223/6045 3111/4123/6045
f 3140/4204/6046 3139/4177/6046 3145/4179/6046
f 3166/4125/6047 3140/4204/6047 3143/4214/6047
f 3135/4224/6048 3128/4137/6048 3125/4225/6048
f 3166/4125/6049 3143/4214/6049 3144/4175/6049
f 3099/4212/6050 3098/4124/6050 3111/4123/6050
f 3164/4134/6051 3128/4137/6051 3166/4125/6051
f 3131/4193/6052 3087/4171/6052 3133/4151/6052
f 3129/4166/6053 3157/4178/6053 3139/4177/6053
f 3155/4164/6054 3095/4162/6054 3156/4217/6054
f 3140/4204/6055 3136/4205/6055 3139/4177/6055
f 3115/4163/6056 3156/4217/6056 3095/4162/6056
f 3135/4224/6057 3136/4205/6057 3146/4199/6057
f 3140/4204/6058 3145/4179/6058 3141/4215/6058
f 3079/4152/6059 3087/4171/6059 3080/4184/6059
f 3135/4224/6060 3146/4199/6060 3128/4137/6060
f 3098/4124/6061 3096/4221/6061 3093/4122/6061
f 3036/4226/6062 3039/4176/6062 3033/4220/6062
f 3079/4152/6063 3112/4227/6063 3114/4223/6063
f 3116/4165/6064 3125/4225/6064 3128/4137/6064
f 3112/4227/6065 3079/4152/6065 3092/4228/6065
f 3135/4224/6066 3123/4117/6066 3137/4157/6066
f 3129/4166/6067 3154/4150/6067 3155/4164/6067
f 3161/4131/6068 3124/4130/6068 3164/4134/6068
f 3156/4217/6069 3157/4178/6069 3155/4164/6069
f 3137/4157/6070 3129/4166/6070 3139/4177/6070
f 3104/4181/6071 3106/4213/6071 3105/1004/6071
f 3073/4229/6072 3074/981/6072 3075/4230/6072
f 3127/4136/6073 3116/4165/6073 3128/4137/6073
f 3130/4180/6074 3154/4150/6074 3126/4156/6074
f 3126/4156/6075 3129/4166/6075 3137/4157/6075
f 3107/4231/6076 3110/4232/6076 3108/4233/6076
f 3073/4229/6077 3066/1114/6077 3074/981/6077
f 3124/4130/6078 3116/4165/6078 3127/4136/6078
f 3066/1114/6079 608/982/6079 3074/981/6079
f 3068/4172/6080 3073/4229/6080 3047/4173/6080
f 3110/4232/6081 3064/4234/6081 3113/1126/6081
f 3075/4230/6082 3074/981/6082 3076/4235/6082
f 3106/4213/6083 3109/4236/6083 3102/4237/6083
f 3130/4180/6084 3133/4151/6084 3154/4150/6084
f 3050/4238/6085 3016/4187/6085 3054/4239/6085
f 3072/4196/6086 3067/4188/6086 3073/4229/6086
f 615/985/6087 3113/1126/6087 3064/4234/6087
f 3116/4165/6088 3121/4116/6088 3120/4118/6088
f 3063/4240/6089 3075/4230/6089 3076/4235/6089
f 3097/4183/6090 3103/4241/6090 3112/4227/6090
f 3112/4227/6091 3092/4228/6091 3097/4183/6091
f 3052/4242/6092 3051/4201/6092 3054/4243/6092
f 3056/4244/6093 3077/4245/6093 3016/4187/6093
f 3108/4233/6094 3105/1004/6094 3106/4213/6094
f 3076/4235/6095 3074/981/6095 3063/4240/6095
f 3079/4152/6096 3081/4149/6096 3087/4171/6096
f 3116/4165/6097 3120/4118/6097 3125/4225/6097
f 3110/4232/6098 3113/1126/6098 3108/4233/6098
f 3072/4196/6099 3073/4229/6099 3075/4230/6099
f 3056/4246/6100 3057/4247/6100 3077/4248/6100
f 3050/4249/6101 3057/4247/6101 3056/4246/6101
f 3052/4250/6102 3054/4239/6102 3016/4187/6102
f 3081/4149/6103 3095/4162/6103 3155/4164/6103
f 3050/4249/6104 3053/4251/6104 3057/4247/6104
f 3051/4201/6105 3053/4251/6105 3054/4243/6105
f 3068/4172/6106 3066/1114/6106 3073/4229/6106
f 3123/4117/6107 3135/4224/6107 3120/4118/6107
f 3107/4231/6108 3061/4252/6108 3110/4232/6108
f 3091/4182/6109 3080/4184/6109 3087/4171/6109
f 3078/4222/6110 3017/4141/6110 3016/4187/6110
f 3090/4253/6111 3078/4254/6111 3089/4255/6111
f 611/980/6112 615/985/6112 3074/981/6112
f 3085/4256/6113 3016/4187/6113 3077/4245/6113
f 3053/4251/6114 3058/4257/6114 3057/4247/6114
f 3063/4240/6115 3064/4234/6115 3061/4252/6115
f 3102/4237/6116 3107/4231/6116 3108/4233/6116
f 3077/4248/6117 3057/4247/6117 3084/4258/6117
f 3098/4124/6118 3106/4213/6118 3104/4181/6118
f 3093/4122/6119 3115/4163/6119 3079/4152/6119
f 3118/4147/6120 3126/4156/6120 3123/4117/6120
f 3102/4237/6121 3108/4233/6121 3106/4213/6121
f 3135/4224/6122 3137/4157/6122 3136/4205/6122
f 3080/4184/6123 3097/4183/6123 3092/4228/6123
f 3050/4249/6124 3054/4243/6124 3053/4251/6124
f 3157/4178/6125 3129/4166/6125 3155/4164/6125
f 3089/4255/6126 3091/4182/6126 3086/4259/6126
f 3016/4187/6127 3017/4141/6127 1/12/6127
f 3108/4233/6128 3113/1126/6128 3105/1004/6128
f 3063/4240/6129 3074/981/6129 615/985/6129
f 3052/4242/6130 3020/4260/6130 3051/4201/6130
f 3113/1126/6131 622/1002/6131 3105/1004/6131
f 3125/4225/6132 3120/4118/6132 3135/4224/6132
f 3064/4234/6133 3063/4240/6133 615/985/6133
f 3079/4152/6134 3095/4162/6134 3081/4149/6134
f 3084/4258/6135 3058/4257/6135 3100/4261/6135
f 3061/4252/6136 3064/4234/6136 3110/4232/6136
f 3055/4200/6137 3053/4251/6137 3051/4201/6137
f 3079/4152/6138 3080/4184/6138 3092/4228/6138
f 3056/4244/6139 3016/4187/6139 3050/4238/6139
f 3089/4255/6140 3084/4258/6140 3100/4261/6140
f 3060/4262/6141 3100/4261/6141 3058/4257/6141
f 3078/4222/6142 3016/4187/6142 3085/4256/6142
f 3101/4263/6143 3060/4262/6143 3065/4264/6143
f 3058/4257/6144 3084/4258/6144 3057/4247/6144
f 3084/4258/6145 3078/4254/6145 3085/4265/6145
f 3070/4203/6146 3040/4189/6146 3069/4198/6146
f 3060/4262/6147 3053/4251/6147 3071/4266/6147
f 3077/4248/6148 3084/4258/6148 3085/4265/6148
f 3021/4267/6149 3016/4187/6149 2660/3666/6149
f 3029/4268/6150 3032/4269/6150 3028/4208/6150
f 3114/4223/6151 3109/4236/6151 3099/4212/6151
f 3030/4270/6152 2660/3666/6152 3029/4271/6152
f 3070/4203/6153 3062/4272/6153 3040/4189/6153
f 3019/4273/6154 3027/3606/6154 2630/3605/6154
f 3023/4207/6155 3022/4202/6155 3020/4260/6155
f 3086/4259/6156 3090/4253/6156 3089/4255/6156
f 3089/4255/6157 3078/4254/6157 3084/4258/6157
f 3020/4260/6158 3022/4202/6158 3051/4201/6158
f 3109/4236/6159 3107/4231/6159 3102/4237/6159
f 3023/4274/6160 3016/4187/6160 3021/4267/6160
f 3040/4189/6161 3067/4188/6161 3069/4198/6161
f 3029/4268/6162 3028/4208/6162 3030/4275/6162
f 3030/4275/6163 3028/4208/6163 3021/4276/6163
f 3071/4266/6164 3053/4251/6164 3070/4203/6164
f 3111/4123/6165 3114/4223/6165 3099/4212/6165
f 3099/4212/6166 3109/4236/6166 3106/4213/6166
f 3059/4197/6167 3063/4240/6167 3061/4252/6167
f 3109/4236/6168 3101/4263/6168 3065/4264/6168
f 3032/4269/6169 3019/4273/6169 2630/3605/6169
f 3097/4183/6170 3091/4182/6170 3094/4277/6170
f 3021/4276/6171 3028/4208/6171 3023/4207/6171
f 3034/4195/6172 3032/4269/6172 2630/3605/6172
f 3103/4241/6173 3094/4277/6173 3109/4236/6173
f 3028/4208/6174 3032/4269/6174 3024/4219/6174
f 3060/4262/6175 3058/4257/6175 3053/4251/6175
f 3091/4182/6176 3089/4255/6176 3094/4277/6176
f 3107/4231/6177 3109/4236/6177 3065/4264/6177
f 3032/4269/6178 3034/4195/6178 3033/4220/6178
f 3033/4220/6179 3034/4195/6179 3018/4194/6179
f 3020/4278/6180 3052/4250/6180 3016/4187/6180
f 3024/4219/6181 3032/4269/6181 3033/4220/6181
f 3029/4268/6182 3019/4273/6182 3032/4269/6182
f 3103/4241/6183 3097/4183/6183 3094/4277/6183
f 3055/4200/6184 3070/4203/6184 3053/4251/6184
f 3089/4255/6185 3100/4261/6185 3094/4277/6185
f 3019/4279/6186 2660/3666/6186 3027/4280/6186
f 3065/4264/6187 3060/4262/6187 3071/4266/6187
f 3033/4220/6188 3018/4194/6188 3036/4226/6188
f 3109/4236/6189 3094/4277/6189 3100/4261/6189
f 3035/3645/6190 3036/4226/6190 3018/4194/6190
f 3109/4236/6191 3100/4261/6191 3101/4263/6191
f 3070/4203/6192 3059/4197/6192 3071/4266/6192
f 3070/4203/6193 3055/4200/6193 3062/4272/6193
f 3072/4196/6194 3075/4230/6194 3059/4197/6194
f 3112/4227/6195 3103/4241/6195 3114/4223/6195
f 3047/4173/6196 3073/4229/6196 3067/4188/6196
f 3029/4271/6197 2660/3666/6197 3019/4279/6197
f 3060/4262/6198 3101/4263/6198 3100/4261/6198
f 3034/4195/6199 2630/3605/6199 3031/3600/6199
f 3075/4230/6200 3063/4240/6200 3059/4197/6200
f 3061/4252/6201 3107/4231/6201 3065/4264/6201
f 3021/4267/6202 2660/3666/6202 3030/4270/6202
f 3020/4278/6203 3016/4187/6203 3023/4274/6203
f 3114/4223/6204 3103/4241/6204 3109/4236/6204
f 3025/4206/6205 3041/4281/6205 3055/4200/6205
f 3041/4281/6206 3040/4189/6206 3062/4272/6206
f 3061/4252/6207 3071/4266/6207 3059/4197/6207
f 3033/4220/6208 3039/4176/6208 3037/4282/6208
f 3039/4176/6209 3045/4167/6209 3037/4282/6209
f 3037/4282/6210 3038/4283/6210 3033/4220/6210
f 3156/4217/6211 3134/4284/6211 3138/4216/6211
f 628/1003/6212 629/1183/6212 3104/4181/6212
f 3096/4221/6213 3104/4181/6213 629/1183/6213
f 3142/4285/6214 3147/4286/6214 3134/4287/6214
f 3138/4216/6215 3134/4284/6215 3147/4288/6215
f 3096/4221/6216 3142/4289/6216 3134/4284/6216
f 3096/4290/6217 629/4291/6217 3142/4292/6217
f 3145/4179/6218 3138/4216/6218 3147/4288/6218
f 629/1183/6219 638/937/6219 3142/4293/6219
f 3145/4179/6220 3147/4288/6220 3152/4294/6220
f 3145/4179/6221 3157/4178/6221 3138/4216/6221
f 3145/4179/6222 3152/4294/6222 3141/4215/6222
f 3150/4211/6223 3151/4295/6223 3153/4296/6223
f 3143/4214/6224 3149/4297/6224 3144/4175/6224
f 3151/4298/6225 3141/4215/6225 3152/4294/6225
f 3153/936/6226 3142/4293/6226 638/937/6226
f 3151/4298/6227 3152/4294/6227 3153/936/6227
f 3141/4215/6228 3149/4297/6228 3143/4214/6228
f 3141/4215/6229 3151/4298/6229 3149/4297/6229
f 3171/4126/6230 3144/4175/6230 3177/4148/6230
f 3151/4298/6231 3150/4299/6231 3149/4297/6231
f 3088/4300/6232 3086/4259/6232 3091/4182/6232
f 3148/4161/6233 3144/4175/6233 3149/4297/6233
f 3177/4148/6234 3148/4161/6234 3175/4135/6234
f 3093/4122/6235 3096/4221/6235 3156/4217/6235
f 3026/4218/6236 3040/4189/6236 3041/4281/6236
f 3071/4266/6237 3061/4252/6237 3065/4264/6237
f 3038/4283/6238 3042/4170/6238 3026/4218/6238
f 3091/4182/6239 3087/4171/6239 3088/4300/6239
f 3088/4300/6240 3078/4254/6240 3090/4253/6240
f 3035/3645/6241 2657/3649/6241 3036/4226/6241
f 3088/4300/6242 3083/4185/6242 3078/4254/6242
f 3150/1147/6243 3153/936/6243 650/994/6243
f 3152/4294/6244 3147/4288/6244 3153/936/6244
f 2640/3604/6245 3039/4176/6245 2657/3649/6245
f 3147/4301/6246 3142/4302/6246 3153/4296/6246
f 3038/4283/6247 3026/4218/6247 3033/4220/6247
f 3028/4208/6248 3024/4219/6248 3025/4206/6248
f 3083/4185/6249 3088/4300/6249 3087/4171/6249
f 3025/4206/6250 3026/4218/6250 3041/4281/6250
f 3024/4219/6251 3026/4218/6251 3025/4206/6251
f 3148/4161/6252 3149/4297/6252 3150/4299/6252
f 3134/4284/6253 3156/4217/6253 3096/4221/6253
f 3062/4272/6254 3055/4200/6254 3041/4281/6254
f 3130/4180/6255 3118/4147/6255 3119/4146/6255
f 3087/4171/6256 3131/4193/6256 3082/4186/6256
f 3132/4303/6257 3017/4141/6257 3082/4190/6257
f 3130/4180/6258 3131/4193/6258 3133/4151/6258
f 3045/4167/6259 3044/4168/6259 3042/4170/6259
f 3156/4217/6260 3115/4163/6260 3093/4122/6260
f 3132/4303/6261 3119/4159/6261 3017/4141/6261
f 3040/4189/6262 3026/4218/6262 3042/4170/6262
f 3132/4192/6263 3082/4186/6263 3131/4193/6263
f 3119/4146/6264 3132/4192/6264 3130/4180/6264
f 3037/4282/6265 3045/4167/6265 3042/4170/6265
f 3036/4226/6266 2657/3649/6266 3039/4176/6266
f 3037/4282/6267 3042/4170/6267 3038/4283/6267
f 3088/4304/6268 3090/4305/6268 3086/4306/6268
f 3031/3600/6269 2630/3605/6269 2652/3597/6269
f 3027/4280/6270 2660/3666/6270 2682/3677/6270
f 3180/4307/6271 3181/4308/6271 3186/4309/6271
f 3294/4310/6272 3293/4311/6272 3268/4312/6272
f 3268/4312/6273 4727/4313/6273 4864/4314/6273
f 3274/4315/6274 4864/4316/6274 3246/4317/6274
f 3268/4312/6275 4864/4314/6275 3269/4318/6275
f 3331/4319/6276 3326/4320/6276 3330/4321/6276
f 3501/4322/6277 3500/2362/6277 3494/4323/6277
f 3393/4324/6278 3371/4325/6278 3394/4326/6278
f 3394/4326/6279 3391/4327/6279 3393/4324/6279
f 3331/4319/6280 3330/4321/6280 3332/4328/6280
f 3331/4319/6281 3332/4328/6281 3324/4329/6281
f 3338/4330/6282 3337/602/6282 1963/601/6282
f 4889/4331/6283 3340/4332/6283 3343/4333/6283
f 3342/4334/6284 3363/4335/6284 3345/4336/6284
f 3342/4334/6285 3343/4333/6285 3341/4337/6285
f 3335/4338/6286 3940/4339/6286 3362/4340/6286
f 3343/4333/6287 3345/4336/6287 4889/4331/6287
f 3334/4341/6288 3362/4340/6288 3385/4342/6288
f 3343/4333/6289 3342/4334/6289 3345/4336/6289
f 3989/4343/6290 3384/4344/6290 3385/4342/6290
f 3343/4333/6291 3340/4332/6291 3341/4337/6291
f 3362/4340/6292 3334/4341/6292 3335/4338/6292
f 3471/4345/6293 3459/4346/6293 3456/4347/6293
f 3250/4348/6294 3253/4349/6294 3213/4350/6294
f 3335/4351/6295 3334/4341/6295 3332/4352/6295
f 3366/4353/6296 3389/4354/6296 3386/4355/6296
f 3369/4356/6297 3389/4354/6297 3370/4357/6297
f 3388/4358/6298 3393/4324/6298 3391/4327/6298
f 3393/4324/6299 3388/4358/6299 3389/4354/6299
f 3449/4359/6300 3435/4360/6300 3437/4361/6300
f 3435/4360/6301 3449/4359/6301 3434/4362/6301
f 3371/4325/6302 3369/4356/6302 3367/4363/6302
f 3389/4354/6303 3366/4353/6303 3370/4357/6303
f 3369/4356/6304 3365/4364/6304 3368/4365/6304
f 3369/4356/6305 3368/4365/6305 3367/4363/6305
f 3248/4366/6306 3273/4367/6306 3274/4315/6306
f 3371/4325/6307 3393/4324/6307 3369/4356/6307
f 3393/4324/6308 3389/4354/6308 3369/4356/6308
f 3370/4357/6309 3363/4335/6309 3365/4364/6309
f 3368/4365/6310 3373/4368/6310 3367/4363/6310
f 3277/4369/6311 3279/4370/6311 3251/4371/6311
f 3370/4357/6312 3366/4353/6312 3363/4335/6312
f 3437/4361/6313 3435/4360/6313 3426/4372/6313
f 3422/4373/6314 3425/4374/6314 3426/4372/6314
f 3437/4361/6315 3426/4372/6315 3430/4375/6315
f 3278/4376/6316 3296/4377/6316 3275/4378/6316
f 3390/4379/6317 3386/4355/6317 3389/4354/6317
f 3435/4360/6318 3434/4362/6318 3426/4372/6318
f 3426/4372/6319 3434/4362/6319 3444/4380/6319
f 3275/4381/6320 3274/4315/6320 3273/4367/6320
f 3296/4377/6321 3295/4382/6321 3275/4378/6321
f 3251/4383/6322 3253/4349/6322 3249/4384/6322
f 3278/4376/6323 3275/4378/6323 3273/4385/6323
f 3369/4356/6324 3370/4357/6324 3365/4364/6324
f 3421/4386/6325 3426/4372/6325 3433/4387/6325
f 3253/4349/6326 3250/4348/6326 3249/4384/6326
f 3247/4388/6327 3248/4389/6327 3274/4390/6327
f 3295/4382/6328 3270/4391/6328 3272/4392/6328
f 3421/4386/6329 3422/4373/6329 3426/4372/6329
f 3271/4393/6330 3272/4392/6330 3276/4394/6330
f 3251/4371/6331 3279/4370/6331 3248/4366/6331
f 3430/4375/6332 3426/4372/6332 3427/4395/6332
f 3274/4396/6333 3271/4393/6333 3269/4318/6333
f 3275/4381/6334 3272/4397/6334 3274/4315/6334
f 3426/4372/6335 3444/4380/6335 3433/4387/6335
f 3295/4382/6336 3294/4310/6336 3270/4391/6336
f 3247/4388/6337 3253/4349/6337 3248/4389/6337
f 3273/4385/6338 3277/4398/6338 3278/4376/6338
f 3279/4399/6339 3277/4398/6339 3273/4385/6339
f 3247/4388/6340 3213/4350/6340 3253/4349/6340
f 3272/4392/6341 3270/4391/6341 3276/4394/6341
f 3272/4397/6342 3271/4400/6342 3274/4315/6342
f 3215/4401/6343 3213/4350/6343 3247/4388/6343
f 3275/4378/6344 3295/4382/6344 3272/4392/6344
f 3326/4320/6345 3321/4402/6345 3323/4403/6345
f 3276/4394/6346 3269/4318/6346 3271/4393/6346
f 3331/4319/6347 3319/4404/6347 3321/4402/6347
f 3385/4342/6348 3382/4405/6348 3361/4406/6348
f 3414/4407/6349 3402/4408/6349 3425/4374/6349
f 3356/4409/6350 3378/4410/6350 3376/4411/6350
f 3404/4412/6351 3425/4374/6351 3402/4408/6351
f 3361/4406/6352 3334/4341/6352 3385/4342/6352
f 3322/4413/6353 3323/4403/6353 3321/4402/6353
f 3268/4312/6354 3269/4318/6354 3270/4391/6354
f 3334/4341/6355 3361/4406/6355 3332/4352/6355
f 3245/4414/6356 3209/4415/6356 3247/4388/6356
f 3294/4310/6357 3295/4382/6357 3306/4416/6357
f 3331/4319/6358 3321/4402/6358 3326/4320/6358
f 3269/4318/6359 3276/4394/6359 3270/4391/6359
f 3283/4417/6360 3297/4418/6360 3280/4419/6360
f 3495/4420/6361 3481/4421/6361 3468/4422/6361
f 3274/4390/6362 3245/4414/6362 3247/4388/6362
f 3270/4391/6363 3294/4310/6363 3268/4312/6363
f 3274/4423/6364 3269/4318/6364 4864/4314/6364
f 3382/4405/6365 3385/4342/6365 3383/4424/6365
f 3440/4425/6366 3438/4426/6366 3924/4427/6366
f 3481/4421/6367 3495/4420/6367 3494/4323/6367
f 3282/4428/6368 3257/4429/6368 3283/4430/6368
f 3372/4431/6369 3367/4363/6369 3355/4432/6369
f 3909/4433/6370 3495/4420/6370 3482/4434/6370
f 3392/4435/6371 3391/4327/6371 3394/4326/6371
f 3281/4436/6372 3283/4417/6372 3280/4419/6372
f 3305/4437/6373 3315/4438/6373 3341/4337/6373
f 3355/4432/6374 3367/4363/6374 3373/4368/6374
f 3394/4326/6375 3371/4325/6375 3374/4439/6375
f 3281/4440/6376 3282/4428/6376 3283/4430/6376
f 3279/4370/6377 3273/4367/6377 3248/4366/6377
f 3224/4441/6378 3225/4442/6378 3226/4443/6378
f 3482/4434/6379 3495/4420/6379 3468/4422/6379
f 3374/4439/6380 3371/4325/6380 3375/4444/6380
f 3248/4389/6381 3253/4349/6381 3251/4383/6381
f 3221/4445/6382 3226/4443/6382 3225/4442/6382
f 3316/4446/6383 3352/4447/6383 3348/4448/6383
f 3354/4449/6384 3355/4432/6384 3350/4450/6384
f 3350/4450/6385 3349/4451/6385 3354/4449/6385
f 3363/4335/6386 3342/4334/6386 3365/4364/6386
f 3375/4444/6387 3371/4325/6387 3377/4452/6387
f 3375/4444/6388 3378/4410/6388 3380/4453/6388
f 3377/4452/6389 3378/4410/6389 3375/4444/6389
f 301/411/6390 3205/4454/6390 3181/4308/6390
f 301/411/6391 3181/4308/6391 3180/4307/6391
f 3350/4450/6392 3355/4432/6392 3373/4368/6392
f 3377/4452/6393 3371/4325/6393 3372/4431/6393
f 3350/4450/6394 3373/4368/6394 3346/4455/6394
f 3350/4450/6395 3346/4455/6395 3348/4448/6395
f 3350/4450/6396 3348/4448/6396 3349/4451/6396
f 3453/4456/6397 3465/4457/6397 3451/4458/6397
f 3974/4459/6398 3451/4458/6398 3454/4460/6398
f 3371/4325/6399 3367/4363/6399 3372/4431/6399
f 3368/4365/6400 3365/4364/6400 3373/4368/6400
f 3373/4368/6401 3365/4364/6401 3346/4455/6401
f 3344/4461/6402 3316/4446/6402 3347/4462/6402
f 3468/4422/6403 3481/4421/6403 3465/4457/6403
f 3398/4463/6404 3410/4464/6404 3409/4465/6404
f 3365/4364/6405 3342/4334/6405 3346/4455/6405
f 3338/4330/6406 3336/4466/6406 3333/4467/6406
f 3347/4462/6407 3346/4455/6407 3342/4334/6407
f 3336/4466/6408 3335/4468/6408 3330/4321/6408
f 3330/4321/6409 3333/4467/6409 3336/4466/6409
f 3328/4469/6410 3333/4467/6410 3326/4320/6410
f 3280/4419/6411 3297/4418/6411 3310/4470/6411
f 3328/4469/6412 3338/4330/6412 3333/4467/6412
f 3329/808/6413 3328/4469/6413 3327/797/6413
f 503/539/6414 3327/797/6414 512/485/6414
f 4101/4471/6415 3438/4426/6415 3440/4425/6415
f 3402/4408/6416 3401/4472/6416 3390/4379/6416
f 3329/808/6417 3338/4330/6417 3328/4469/6417
f 3348/4448/6418 3346/4455/6418 3347/4462/6418
f 4101/4471/6419 3454/4460/6419 3438/4426/6419
f 3487/4473/6420 3496/2272/6420 3483/4474/6420
f 3937/4475/6421 4101/4471/6421 3440/4425/6421
f 3484/4476/6422 3496/2272/6422 1182/1511/6422
f 3487/4473/6423 3497/1502/6423 3496/2272/6423
f 3214/4477/6424 3250/4348/6424 3213/4350/6424
f 3212/4478/6425 3211/4479/6425 3216/4480/6425
f 3438/4426/6426 3454/4460/6426 3439/4481/6426
f 3189/4482/6427 3209/4415/6427 3184/4483/6427
f 3318/4484/6428 3320/4485/6428 3317/4486/6428
f 3215/4401/6429 3209/4415/6429 3189/4482/6429
f 3192/4487/6430 3211/4479/6430 3190/4488/6430
f 3318/4484/6431 3321/4402/6431 3319/4404/6431
f 3214/4477/6432 3218/4489/6432 3250/4348/6432
f 3211/4479/6433 3220/4490/6433 3219/4491/6433
f 3452/4492/6434 3439/4481/6434 3454/4460/6434
f 3211/4479/6435 3219/4491/6435 3214/4477/6435
f 3428/4493/6436 3430/4375/6436 3429/4494/6436
f 3186/4495/6437 3189/4482/6437 3187/4496/6437
f 3438/4426/6438 3439/4481/6438 3431/4497/6438
f 3211/4479/6439 3212/4478/6439 3190/4488/6439
f 3189/4482/6440 3186/4495/6440 3212/4478/6440
f 3452/4498/6441 3467/4499/6441 3436/4500/6441
f 3486/4501/6442 3497/1502/6442 3487/4473/6442
f 3320/4502/6443 3319/4503/6443 3351/4504/6443
f 3211/4479/6444 3214/4477/6444 3216/4480/6444
f 3187/4505/6445 3188/4506/6445 3180/4307/6445
f 3437/4361/6446 3430/4375/6446 3428/4493/6446
f 3193/4507/6447 3186/4309/6447 3181/4308/6447
f 3216/4480/6448 3215/4401/6448 3189/4482/6448
f 3497/1502/6449 1179/1501/6449 3496/2272/6449
f 3317/4486/6450 3321/4402/6450 3318/4484/6450
f 3187/4505/6451 3180/4307/6451 3186/4309/6451
f 3424/4508/6452 3432/4509/6452 4831/4510/6452
f 3489/4511/6453 3488/4512/6453 3485/4513/6453
f 3467/4499/6454 3449/4359/6454 3436/4500/6454
f 3421/4386/6455 3424/4508/6455 3422/4373/6455
f 3336/4466/6456 3338/4330/6456 3335/4514/6456
f 3339/4515/6457 3335/4514/6457 3338/4330/6457
f 563/600/6458 3337/602/6458 3329/808/6458
f 1963/601/6459 3339/4515/6459 3338/4330/6459
f 3339/4515/6460 3940/4516/6460 3335/4514/6460
f 3285/4517/6461 3300/4518/6461 3284/4519/6461
f 3259/4520/6462 3263/4521/6462 3285/4522/6462
f 3300/4518/6463 3285/4517/6463 3286/4523/6463
f 3286/4524/6464 3285/4522/6464 3263/4521/6464
f 3300/4518/6465 3299/486/6465 3298/4525/6465
f 3286/4524/6466 3263/4521/6466 3287/4526/6466
f 3286/4523/6467 3287/4527/6467 3300/4518/6467
f 450/463/6468 3299/486/6468 3300/4518/6468
f 3287/4527/6469 450/463/6469 3300/4518/6469
f 3396/4528/6470 3395/4529/6470 3394/4326/6470
f 3380/4453/6471 3378/4410/6471 3356/4409/6471
f 3396/4528/6472 3374/4439/6472 3375/4444/6472
f 3396/4528/6473 3375/4444/6473 3380/4453/6473
f 3409/4530/6474 3395/4529/6474 3396/4528/6474
f 3379/4531/6475 3396/4528/6475 3380/4453/6475
f 3379/4531/6476 3409/4530/6476 3396/4528/6476
f 3281/4440/6477 3280/4532/6477 3282/4428/6477
f 3456/4347/6478 3469/4533/6478 3471/4345/6478
f 3473/4534/6479 3469/4533/6479 3456/4347/6479
f 3458/4535/6480 3456/4347/6480 3459/4346/6480
f 3458/4535/6481 3473/4534/6481 3456/4347/6481
f 3473/4534/6482 3472/4536/6482 3469/4533/6482
f 3474/4537/6483 3473/4534/6483 3458/4535/6483
f 3472/4536/6484 3473/4534/6484 3474/4537/6484
f 3475/4538/6485 3472/4536/6485 3474/4537/6485
f 3458/4535/6486 3463/4539/6486 3474/4537/6486
f 3463/4539/6487 3477/4540/6487 3474/4537/6487
f 3475/4538/6488 3489/4511/6488 3472/4536/6488
f 3476/4541/6489 3475/4538/6489 3474/4537/6489
f 3476/4541/6490 3474/4537/6490 3477/4540/6490
f 3395/4529/6491 3392/4435/6491 3394/4326/6491
f 3408/4542/6492 3405/4543/6492 3392/4435/6492
f 3392/4435/6493 3395/4529/6493 3408/4542/6493
f 3408/4542/6494 3407/4544/6494 3405/4543/6494
f 3407/4544/6495 3406/4545/6495 3405/4543/6495
f 3403/4546/6496 3405/4543/6496 3406/4545/6496
f 3406/4545/6497 3418/4547/6497 3403/4546/6497
f 3407/4544/6498 3408/4542/6498 3406/4545/6498
f 3419/4548/6499 3406/4545/6499 3408/4542/6499
f 3419/4548/6500 3417/4549/6500 3406/4545/6500
f 3190/4488/6501 3212/4478/6501 3186/4495/6501
f 3192/4487/6502 3220/4490/6502 3211/4479/6502
f 3215/4401/6503 3216/4480/6503 3213/4350/6503
f 3191/4550/6504 3186/4309/6504 3193/4507/6504
f 3191/4551/6505 3220/4490/6505 3192/4487/6505
f 3188/4506/6506 3182/4552/6506 3180/4307/6506
f 3436/4500/6507 3437/4361/6507 3428/4493/6507
f 3432/4509/6508 3433/4387/6508 3442/4553/6508
f 3472/4536/6509 3485/4513/6509 3486/4501/6509
f 3439/4554/6510 3436/4500/6510 3431/4555/6510
f 3187/4496/6511 3189/4482/6511 3188/4556/6511
f 3437/4361/6512 3436/4500/6512 3449/4359/6512
f 3419/4548/6513 3408/4542/6513 3395/4529/6513
f 3191/4551/6514 3193/4557/6514 3220/4490/6514
f 3489/4511/6515 3485/4513/6515 3472/4536/6515
f 3191/4551/6516 3192/4487/6516 3186/4495/6516
f 3214/4477/6517 3213/4350/6517 3216/4480/6517
f 3216/4480/6518 3189/4482/6518 3212/4478/6518
f 3254/4558/6519 3282/4559/6519 3251/4560/6519
f 3186/4495/6520 3192/4487/6520 3190/4488/6520
f 3215/4401/6521 3247/4388/6521 3209/4415/6521
f 3250/4348/6522 3218/4489/6522 3252/4561/6522
f 3184/4483/6523 3188/4556/6523 3189/4482/6523
f 3488/4512/6524 1203/2021/6524 3485/4513/6524
f 3421/4386/6525 3432/4509/6525 3424/4508/6525
f 3335/4468/6526 3332/4328/6526 3330/4321/6526
f 3252/4561/6527 3249/4384/6527 3250/4348/6527
f 3333/4467/6528 3330/4321/6528 3326/4320/6528
f 3252/4561/6529 3251/4383/6529 3249/4384/6529
f 3222/4562/6530 3224/4441/6530 3254/4558/6530
f 3439/4554/6531 3452/4498/6531 3436/4500/6531
f 3410/4563/6532 3419/4548/6532 3409/4530/6532
f 3433/4387/6533 3432/4509/6533 3421/4386/6533
f 3222/4562/6534 3225/4442/6534 3224/4441/6534
f 3222/4562/6535 3252/4561/6535 3223/4564/6535
f 3342/4334/6536 3344/4461/6536 3347/4462/6536
f 3251/4383/6537 3252/4561/6537 3254/4558/6537
f 3280/4419/6538 3296/4377/6538 3278/4376/6538
f 3222/4562/6539 3254/4558/6539 3252/4561/6539
f 3282/4428/6540 3277/4369/6540 3251/4371/6540
f 3280/4419/6541 3310/4470/6541 3296/4377/6541
f 3223/4564/6542 3252/4561/6542 3218/4489/6542
f 3280/4419/6543 3278/4376/6543 3277/4398/6543
f 3419/4548/6544 3395/4529/6544 3409/4530/6544
f 3254/4558/6545 3256/4565/6545 3257/4566/6545
f 3254/4567/6546 3257/4429/6546 3282/4428/6546
f 3409/4530/6547 3379/4531/6547 3398/4568/6547
f 3348/4448/6548 3347/4462/6548 3316/4446/6548
f 3282/4428/6549 3280/4532/6549 3277/4369/6549
f 3417/4549/6550 3436/4500/6550 3428/4493/6550
f 3427/4395/6551 3418/4547/6551 3417/4549/6551
f 3419/4548/6552 3431/4555/6552 3417/4549/6552
f 4649/4569/6553 3400/4570/6553 3401/4472/6553
f 3410/4563/6554 3431/4555/6554 3419/4548/6554
f 3431/4571/6555 3410/4464/6555 3438/4426/6555
f 3406/4545/6556 3417/4549/6556 3418/4547/6556
f 3196/4572/6557 3195/4573/6557 3197/4574/6557
f 3436/4500/6558 3417/4549/6558 3431/4555/6558
f 3217/4575/6559 3214/4477/6559 3219/4491/6559
f 3195/4576/6560 3194/4577/6560 3181/4308/6560
f 3208/705/6561 3207/4578/6561 3206/710/6561
f 3181/4308/6562 3197/4579/6562 3195/4576/6562
f 3240/4580/6563 3244/4581/6563 3236/4582/6563
f 3417/4549/6564 3428/4493/6564 3429/4494/6564
f 3221/4445/6565 3225/4442/6565 3222/4562/6565
f 3207/4578/6566 3203/4583/6566 3205/4584/6566
f 3414/4407/6567 3413/4585/6567 3402/4408/6567
f 3195/4573/6568 3220/4490/6568 3194/4586/6568
f 320/688/6569 3208/705/6569 3206/710/6569
f 3398/4463/6570 3381/4587/6570 3382/4405/6570
f 3239/4588/6571 3244/4581/6571 3243/4589/6571
f 3207/4578/6572 3236/4582/6572 3204/4590/6572
f 3207/4578/6573 3208/705/6573 3240/4580/6573
f 3208/705/6574 321/711/6574 3240/4580/6574
f 3429/4494/6575 3427/4395/6575 3417/4549/6575
f 3398/4568/6576 3379/4531/6576 3381/4591/6576
f 3380/4453/6577 3356/4409/6577 3379/4531/6577
f 3182/4592/6578 3188/4556/6578 3184/4483/6578
f 3237/4593/6579 3243/4589/6579 3233/4594/6579
f 3243/4589/6580 3244/4581/6580 3242/4595/6580
f 3344/4461/6581 3342/4334/6581 3341/4337/6581
f 321/711/6582 3242/4595/6582 3244/4581/6582
f 3183/4596/6583 3182/4592/6583 3184/4483/6583
f 3290/4597/6584 3289/493/6584 3291/4598/6584
f 3203/4583/6585 3207/4578/6585 3204/4590/6585
f 3289/506/6586 448/444/6586 3288/4599/6586
f 3237/4593/6587 3204/4590/6587 3239/4588/6587
f 3236/4582/6588 3239/4588/6588 3204/4590/6588
f 3287/4527/6589 3288/4599/6589 450/463/6589
f 3201/4600/6590 3205/4584/6590 3203/4583/6590
f 3217/4575/6591 3221/4445/6591 3223/4564/6591
f 3381/4587/6592 3359/4601/6592 3382/4405/6592
f 3223/4564/6593 3218/4489/6593 3217/4575/6593
f 3288/4599/6594 3291/4602/6594 3289/4603/6594
f 3328/4469/6595 3325/4604/6595 3327/797/6595
f 3290/4597/6596 3292/420/6596 3289/493/6596
f 3206/710/6597 3207/4578/6597 3205/4584/6597
f 3291/4602/6598 3288/4599/6598 3287/4527/6598
f 3222/4562/6599 3223/4564/6599 3221/4445/6599
f 3323/4403/6600 3325/4604/6600 3328/4469/6600
f 3182/4552/6601 3183/4605/6601 3180/4307/6601
f 3206/710/6602 3205/4584/6602 319/709/6602
f 3244/4581/6603 3240/4580/6603 321/711/6603
f 3379/4531/6604 3356/4409/6604 3381/4591/6604
f 3209/4415/6605 4652/4606/6605 3184/4483/6605
f 3244/4581/6606 3239/4588/6606 3236/4582/6606
f 3308/4607/6607 3311/4608/6607 3309/4609/6607
f 3243/4589/6608 3237/4593/6608 3239/4588/6608
f 304/689/6609 321/711/6609 3208/705/6609
f 3240/4580/6610 3236/4582/6610 3207/4578/6610
f 3209/4415/6611 3245/4414/6611 3210/4610/6611
f 3291/4598/6612 3287/4526/6612 3290/4597/6612
f 3459/4346/6613 3441/4611/6613 3446/4612/6613
f 3246/4613/6614 4654/4614/6614 3210/4610/6614
f 3352/4615/6615 3308/4607/6615 3309/4609/6615
f 1191/2024/6616 3485/4513/6616 1198/2023/6616
f 3307/4616/6617 3303/4617/6617 3306/4416/6617
f 1191/2024/6618 1205/1503/6618 3497/1502/6618
f 3352/4447/6619 3316/4446/6619 3308/4618/6619
f 3449/4359/6620 3448/4619/6620 3434/4362/6620
f 3310/4470/6621 3311/4608/6621 3295/4382/6621
f 3319/4404/6622 3320/4485/6622 3318/4484/6622
f 3310/4470/6623 3295/4382/6623 3296/4377/6623
f 3444/4380/6624 3446/4612/6624 3441/4611/6624
f 3448/4619/6625 3460/4620/6625 3445/4621/6625
f 3245/4414/6626 3246/4613/6626 3210/4610/6626
f 3308/4618/6627 3316/4446/6627 3307/4622/6627
f 3485/4513/6628 1203/2021/6628 1198/2023/6628
f 3317/4486/6629 3320/4485/6629 3309/4609/6629
f 3446/4612/6630 3444/4380/6630 3434/4362/6630
f 3424/4508/6631 4831/4510/6631 3423/4623/6631
f 3423/4623/6632 3413/4585/6632 3414/4407/6632
f 3317/4486/6633 3309/4609/6633 3311/4608/6633
f 3422/4373/6634 3424/4508/6634 3425/4374/6634
f 3402/4408/6635 3390/4379/6635 3404/4412/6635
f 3309/4609/6636 3320/4485/6636 3352/4624/6636
f 3388/4358/6637 3390/4379/6637 3389/4354/6637
f 3390/4379/6638 3388/4358/6638 3403/4546/6638
f 3404/4412/6639 3390/4379/6639 3403/4546/6639
f 3490/4625/6640 3489/4511/6640 3475/4538/6640
f 3321/4402/6641 3317/4486/6641 3311/4608/6641
f 3491/4626/6642 3488/4512/6642 3489/4511/6642
f 3405/4543/6643 3388/4358/6643 3391/4327/6643
f 3311/4608/6644 3310/4470/6644 3321/4402/6644
f 3392/4435/6645 3405/4543/6645 3391/4327/6645
f 3491/4626/6646 3499/4627/6646 3488/4512/6646
f 3490/4625/6647 3491/4626/6647 3489/4511/6647
f 3498/2037/6648 3499/4627/6648 3491/4626/6648
f 1199/2038/6649 3499/4627/6649 3498/2037/6649
f 3403/4546/6650 3388/4358/6650 3405/4543/6650
f 3499/4627/6651 1203/2021/6651 3488/4512/6651
f 1208/2036/6652 3498/2037/6652 3493/4628/6652
f 3288/4599/6653 448/444/6653 450/463/6653
f 3490/4625/6654 3492/4629/6654 3493/4628/6654
f 3493/4628/6655 3491/4626/6655 3490/4625/6655
f 3493/4628/6656 3498/2037/6656 3491/4626/6656
f 3492/4629/6657 3478/4630/6657 3494/4631/6657
f 3493/4628/6658 3492/4629/6658 1208/2036/6658
f 3470/4632/6659 3471/4345/6659 3469/4533/6659
f 3471/4345/6660 3470/4632/6660 3455/4633/6660
f 3492/4629/6661 3500/2047/6661 1208/2036/6661
f 3500/2047/6662 3492/4629/6662 3494/4631/6662
f 3483/4474/6663 3469/4533/6663 3487/4473/6663
f 3258/4634/6664 3263/4635/6664 3259/4636/6664
f 3469/4533/6665 3483/4474/6665 3470/4632/6665
f 3260/4637/6666 3230/4638/6666 3235/4639/6666
f 3235/4639/6667 3262/4640/6667 3260/4637/6667
f 3472/4536/6668 3487/4473/6668 3469/4533/6668
f 3238/4641/6669 3235/4639/6669 3230/4638/6669
f 3258/4634/6670 3260/4637/6670 3261/4642/6670
f 3260/4637/6671 3262/4640/6671 3261/4642/6671
f 3258/4634/6672 3261/4642/6672 3263/4635/6672
f 3264/4643/6673 3263/4635/6673 3261/4642/6673
f 3341/4337/6674 3340/4332/6674 3305/4437/6674
f 3262/4640/6675 3264/4643/6675 3261/4642/6675
f 3262/4640/6676 3235/4639/6676 3233/4594/6676
f 3320/4502/6677 3351/4504/6677 3352/4447/6677
f 3194/4577/6678 3193/4507/6678 3181/4308/6678
f 3411/4644/6679 3420/4645/6679 3410/4464/6679
f 3264/4646/6680 3287/4526/6680 3263/4521/6680
f 3397/4647/6681 3399/4648/6681 3412/4649/6681
f 3412/4649/6682 3411/4644/6682 3397/4647/6682
f 3442/4553/6683 3433/4387/6683 3444/4380/6683
f 3441/4611/6684 3442/4553/6684 3444/4380/6684
f 3441/4611/6685 3443/4650/6685 3442/4553/6685
f 3442/4553/6686 3443/4650/6686 3457/4651/6686
f 3459/4346/6687 3443/4650/6687 3441/4611/6687
f 3457/4651/6688 3443/4650/6688 3455/4633/6688
f 3451/4458/6689 3450/4652/6689 3452/4492/6689
f 3455/4633/6690 3443/4650/6690 3459/4346/6690
f 3471/4345/6691 3455/4633/6691 3459/4346/6691
f 3465/4457/6692 3466/4653/6692 3450/4652/6692
f 3465/4457/6693 3481/4421/6693 3466/4653/6693
f 3229/4654/6694 3234/4655/6694 3199/4656/6694
f 3465/4457/6695 3450/4652/6695 3451/4458/6695
f 3451/4458/6696 3452/4492/6696 3454/4460/6696
f 3181/4308/6697 3199/4657/6697 3200/4658/6697
f 3200/4659/6698 3199/4656/6698 3234/4655/6698
f 3201/4660/6699 3202/4661/6699 3205/4454/6699
f 3205/4454/6700 3199/4657/6700 3181/4308/6700
f 3205/4454/6701 3202/4661/6701 3199/4657/6701
f 3201/4600/6702 3204/4590/6702 3202/4662/6702
f 3201/4600/6703 3203/4583/6703 3204/4590/6703
f 3202/4662/6704 3204/4590/6704 3229/4654/6704
f 3235/4639/6705 3238/4641/6705 3234/4655/6705
f 3237/4593/6706 3234/4655/6706 3229/4654/6706
f 3233/4594/6707 3235/4639/6707 3237/4593/6707
f 3204/4590/6708 3237/4593/6708 3229/4654/6708
f 3237/4593/6709 3235/4639/6709 3234/4655/6709
f 3404/4412/6710 3416/4663/6710 3425/4374/6710
f 3426/4372/6711 3416/4663/6711 3427/4395/6711
f 3427/4395/6712 3416/4663/6712 3418/4547/6712
f 3429/4494/6713 3430/4375/6713 3427/4395/6713
f 3329/808/6714 3337/602/6714 3338/4330/6714
f 3438/4426/6715 3410/4464/6715 3420/4645/6715
f 3420/4645/6716 3924/4427/6716 3438/4426/6716
f 3390/4379/6717 3400/4570/6717 3386/4355/6717
f 3246/4613/6718 3245/4414/6718 3274/4664/6718
f 3303/4665/6719 3307/4622/6719 3315/4438/6719
f 3221/4445/6720 3217/4575/6720 3196/4572/6720
f 3307/4622/6721 3316/4446/6721 3315/4438/6721
f 3308/4607/6722 3307/4616/6722 3306/4416/6722
f 3486/4501/6723 3487/4473/6723 3472/4536/6723
f 3184/4483/6724 4652/4606/6724 3185/4666/6724
f 3184/4483/6725 3185/4666/6725 3183/4596/6725
f 3924/4427/6726 3420/4645/6726 3411/4644/6726
f 3295/4382/6727 3311/4608/6727 3308/4607/6727
f 3210/4610/6728 4652/4606/6728 3209/4415/6728
f 3434/4362/6729 3445/4621/6729 3446/4612/6729
f 3448/4619/6730 3445/4621/6730 3434/4362/6730
f 3446/4612/6731 3458/4535/6731 3459/4346/6731
f 3458/4535/6732 3446/4612/6732 3445/4621/6732
f 3306/4416/6733 3295/4382/6733 3308/4607/6733
f 3306/4416/6734 3302/4667/6734 3294/4310/6734
f 3255/4668/6735 3257/4566/6735 3256/4565/6735
f 3228/4669/6736 3224/4441/6736 3226/4443/6736
f 3304/4670/6737 3293/4311/6737 3294/4310/6737
f 3463/4539/6738 3458/4535/6738 3460/4620/6738
f 3256/4565/6739 3260/4637/6739 3255/4668/6739
f 3447/4671/6740 3460/4620/6740 3448/4619/6740
f 3460/4620/6741 3458/4535/6741 3445/4621/6741
f 3224/4441/6742 3256/4565/6742 3254/4558/6742
f 3262/4640/6743 3265/696/6743 3266/4672/6743
f 3259/4636/6744 3260/4637/6744 3258/4634/6744
f 3306/4416/6745 3303/4617/6745 3302/4667/6745
f 3243/4589/6746 3241/4673/6746 3233/4594/6746
f 3301/4674/6747 3304/4670/6747 3294/4310/6747
f 3241/4673/6748 3262/4640/6748 3233/4594/6748
f 3259/4636/6749 3257/4566/6749 3255/4668/6749
f 3305/4675/6750 3301/4674/6750 3302/4667/6750
f 3302/4676/6751 3303/4665/6751 3305/4437/6751
f 321/711/6752 371/655/6752 3242/4595/6752
f 3294/4310/6753 3302/4667/6753 3301/4674/6753
f 3228/4669/6754 3256/4565/6754 3224/4441/6754
f 3265/696/6755 383/490/6755 3267/4677/6755
f 3265/696/6756 3267/4677/6756 3266/4672/6756
f 512/485/6757 3327/797/6757 3323/4403/6757
f 3243/4589/6758 3242/4595/6758 3241/4673/6758
f 371/655/6759 3265/696/6759 3242/4595/6759
f 3228/4669/6760 3260/4637/6760 3256/4565/6760
f 3290/4678/6761 3264/4643/6761 3266/4672/6761
f 3349/4451/6762 3351/4504/6762 3353/4679/6762
f 3292/420/6763 3290/4597/6763 3267/629/6763
f 3196/4572/6764 3227/4680/6764 3221/4445/6764
f 3290/4597/6765 3287/4526/6765 3264/4646/6765
f 3194/4586/6766 3220/4490/6766 3193/4557/6766
f 3266/4672/6767 3267/4677/6767 3290/4678/6767
f 3220/4490/6768 3196/4572/6768 3217/4575/6768
f 3284/4681/6769 3257/4429/6769 3259/4520/6769
f 3220/4490/6770 3195/4573/6770 3196/4572/6770
f 3264/4643/6771 3262/4640/6771 3266/4672/6771
f 3327/797/6772 3325/4604/6772 3323/4403/6772
f 3232/4682/6773 3230/4638/6773 3228/4669/6773
f 3265/696/6774 3241/4673/6774 3242/4595/6774
f 3265/696/6775 3262/4640/6775 3241/4673/6775
f 3396/4528/6776 3394/4326/6776 3374/4439/6776
f 3340/4332/6777 3314/4683/6777 3305/4437/6777
f 3214/4477/6778 3217/4575/6778 3218/4489/6778
f 3260/4637/6779 3228/4669/6779 3230/4638/6779
f 3425/4374/6780 3424/4508/6780 3414/4407/6780
f 3300/4518/6781 3298/4525/6781 3297/4418/6781
f 3413/4585/6782 3415/4684/6782 3402/4408/6782
f 3220/4490/6783 3217/4575/6783 3219/4491/6783
f 3297/4418/6784 3298/4525/6784 3310/4470/6784
f 3313/4685/6785 512/485/6785 3323/4403/6785
f 3424/4508/6631 3423/4623/6631 3414/4407/6631
f 3499/4627/6786 1199/2038/6786 1203/2021/6786
f 3351/4504/6787 3349/4451/6787 3352/4447/6787
f 3284/4519/6788 3300/4518/6788 3283/4417/6788
f 3300/4518/6789 3297/4418/6789 3283/4417/6789
f 3386/4355/6790 3387/4686/6790 3364/4687/6790
f 3402/4408/6791 3415/4684/6791 3401/4472/6791
f 3364/4687/6792 3366/4353/6792 3386/4355/6792
f 3503/4688/6793 3501/4322/6793 3909/4433/6793
f 3363/4335/6794 3364/4687/6794 3345/4336/6794
f 3323/4403/6795 3328/4469/6795 3326/4320/6795
f 3400/4570/6796 3390/4379/6796 3401/4472/6796
f 3501/4322/6797 3495/4420/6797 3909/4433/6797
f 3466/4689/6798 3464/4690/6798 3467/4499/6798
f 3366/4353/6799 3364/4687/6799 3363/4335/6799
f 3450/4691/6800 3466/4689/6800 3467/4499/6800
f 3358/4692/6801 3360/4693/6801 3324/4329/6801
f 3284/4681/6802 3259/4520/6802 3285/4522/6802
f 3478/4694/6803 3481/4695/6803 3494/4696/6803
f 3400/4570/6804 3387/4686/6804 3386/4355/6804
f 3359/4697/6805 3381/4591/6805 3356/4409/6805
f 3303/4665/6806 3315/4438/6806 3305/4437/6806
f 3332/4328/6807 3358/4692/6807 3324/4329/6807
f 3283/4430/6808 3257/4429/6808 3284/4681/6808
f 3315/4438/6809 3344/4461/6809 3341/4337/6809
f 3397/4647/6810 3410/4464/6810 3398/4463/6810
f 3344/4461/6811 3315/4438/6811 3316/4446/6811
f 3397/4647/6812 3411/4644/6812 3410/4464/6812
f 3494/4323/6813 3495/4420/6813 3501/4322/6813
f 3313/4685/6814 3312/4698/6814 3310/4470/6814
f 3313/4685/6815 3323/4403/6815 3322/4413/6815
f 3382/4405/6816 3359/4601/6816 3361/4406/6816
f 3331/4319/6817 3357/4699/6817 3319/4700/6817
f 3310/4470/6818 3298/4525/6818 3313/4685/6818
f 3382/4405/6819 3383/4424/6819 3398/4463/6819
f 3331/4319/6820 3360/4693/6820 3357/4699/6820
f 3324/4329/6821 3360/4693/6821 3331/4319/6821
f 3486/4501/6822 1191/2024/6822 3497/1502/6822
f 3358/4701/6823 3359/4702/6823 3360/4703/6823
f 3357/4704/6824 3360/4703/6824 3356/4409/6824
f 3361/4406/6825 3359/4601/6825 3358/4705/6825
f 3321/4402/6826 3310/4470/6826 3322/4413/6826
f 3486/4501/6827 3485/4513/6827 1191/2024/6827
f 3385/4342/6828 3384/4344/6828 3383/4424/6828
f 3383/4424/6829 3397/4647/6829 3398/4463/6829
f 3360/4703/6830 3359/4697/6830 3356/4409/6830
f 3361/4406/6831 3358/4705/6831 3332/4352/6831
f 3299/486/6832 3313/4685/6832 3298/4525/6832
f 3384/4344/6833 3399/4648/6833 3383/4424/6833
f 3313/4685/6834 3322/4413/6834 3312/4698/6834
f 3348/4448/6835 3352/4447/6835 3349/4451/6835
f 3312/4698/6836 3322/4413/6836 3310/4470/6836
f 3202/4662/6837 3229/4654/6837 3199/4656/6837
f 3238/4641/6838 3232/4682/6838 3234/4655/6838
f 3426/4372/6839 3425/4374/6839 3416/4663/6839
f 3232/4682/6840 3238/4641/6840 3230/4638/6840
f 3403/4546/6841 3418/4547/6841 3404/4412/6841
f 3354/4449/6842 3349/4451/6842 3353/4679/6842
f 3397/4647/6843 3383/4424/6843 3399/4648/6843
f 3313/4685/6844 3299/486/6844 512/485/6844
f 3418/4547/6845 3416/4663/6845 3404/4412/6845
f 3357/4704/6846 3356/4409/6846 3376/4411/6846
f 3377/4452/6847 3372/4431/6847 3353/4679/6847
f 3357/4704/6848 3376/4411/6848 3353/4679/6848
f 3351/4504/6849 3319/4503/6849 3353/4679/6849
f 3353/4679/6850 3372/4431/6850 3354/4449/6850
f 3227/4680/6851 3198/4706/6851 3231/4707/6851
f 3255/4668/6852 3260/4637/6852 3259/4636/6852
f 3372/4431/6853 3355/4432/6853 3354/4449/6853
f 3198/4706/6854 3227/4680/6854 3196/4572/6854
f 3198/4708/6855 3197/4579/6855 3181/4308/6855
f 3376/4411/6856 3377/4452/6856 3353/4679/6856
f 3376/4411/6857 3378/4410/6857 3377/4452/6857
f 3198/4706/6858 3196/4572/6858 3197/4574/6858
f 3357/4704/6859 3353/4679/6859 3319/4503/6859
f 3231/4707/6860 3226/4443/6860 3227/4680/6860
f 3231/4707/6861 3198/4706/6861 3234/4655/6861
f 3198/4706/6862 3200/4659/6862 3234/4655/6862
f 3226/4443/6863 3221/4445/6863 3227/4680/6863
f 3462/4709/6864 3477/4540/6864 3463/4539/6864
f 3478/4630/6865 3492/4629/6865 3490/4625/6865
f 3480/4710/6866 3490/4625/6866 3475/4538/6866
f 3478/4630/6867 3490/4625/6867 3480/4710/6867
f 3232/4682/6868 3228/4669/6868 3226/4443/6868
f 3226/4443/6869 3231/4707/6869 3234/4655/6869
f 3226/4443/6870 3234/4655/6870 3232/4682/6870
f 3480/4710/6871 3477/4540/6871 3462/4709/6871
f 3480/4710/6872 3476/4541/6872 3477/4540/6872
f 3479/4711/6873 3480/4710/6873 3462/4709/6873
f 3479/4711/6874 3464/4690/6874 3481/4712/6874
f 3449/4359/6875 3447/4671/6875 3448/4619/6875
f 3480/4710/6876 3479/4711/6876 3478/4630/6876
f 3481/4712/6877 3464/4690/6877 3466/4689/6877
f 3475/4538/6878 3476/4541/6878 3480/4710/6878
f 3464/4690/6879 3479/4711/6879 3462/4709/6879
f 3481/4712/6880 3478/4630/6880 3479/4711/6880
f 3449/4359/6881 3461/4713/6881 3447/4671/6881
f 3452/4498/6882 3450/4691/6882 3467/4499/6882
f 3462/4709/6883 3463/4539/6883 3464/4690/6883
f 3447/4671/6884 3463/4539/6884 3460/4620/6884
f 3464/4690/6885 3461/4713/6885 3467/4499/6885
f 3461/4713/6886 3449/4359/6886 3467/4499/6886
f 3464/4690/6887 3447/4671/6887 3461/4713/6887
f 3464/4690/6888 3463/4539/6888 3447/4671/6888
f 3200/4658/6889 3198/4708/6889 3181/4308/6889
f 3470/4632/6890 3502/4714/6890 3455/4633/6890
f 319/843/6891 3205/4454/6891 314/413/6891
f 3183/4605/6892 3185/4715/6892 3180/4307/6892
f 301/411/6893 314/413/6893 3205/4454/6893
f 3549/4716/6894 3527/4717/6894 3525/4718/6894
f 3803/4719/6895 3806/4720/6895 3807/4721/6895
f 3645/4722/6896 3648/4723/6896 3651/4724/6896
f 3651/4724/6897 3613/4725/6897 3645/4722/6897
f 3549/4716/6898 3546/4726/6898 3548/4727/6898
f 3575/4728/6899 3548/4727/6899 3546/4726/6899
f 3720/4729/6900 3717/4730/6900 3719/4731/6900
f 3559/4732/6901 3594/4733/6901 3592/4734/6901
f 3519/4735/6902 3520/4736/6902 4047/4737/6902
f 3840/4738/6903 3839/4739/6903 3838/4740/6903
f 3534/4741/6904 3553/4742/6904 3532/4743/6904
f 3553/4742/6905 3590/4744/6905 3591/4745/6905
f 3773/4746/6906 3772/4747/6906 3774/4748/6906
f 3588/4749/6907 3620/2303/6907 1329/2300/6907
f 3807/4721/6908 3812/4750/6908 3803/4719/6908
f 3784/4751/6909 3791/4752/6909 3855/4753/6909
f 3854/4754/6910 3783/4755/6910 3784/4751/6910
f 3849/4756/6911 3783/4755/6911 3853/4757/6911
f 3784/4751/6912 3855/4753/6912 3854/4754/6912
f 3649/4758/6913 3650/4759/6913 3634/4760/6913
f 3787/4761/6914 3849/4756/6914 3782/4762/6914
f 3783/4755/6915 3854/4754/6915 3853/4757/6915
f 3650/4759/6916 3649/4758/6916 3648/4723/6916
f 3649/4758/6917 3651/4724/6917 3648/4723/6917
f 3849/4756/6918 3781/4763/6918 3782/4762/6918
f 3787/4761/6919 3783/4755/6919 3849/4756/6919
f 3648/4723/6920 3644/4764/6920 3698/4765/6920
f 3644/4764/6921 3645/4722/6921 3610/4766/6921
f 3613/4725/6922 3611/4767/6922 3645/4722/6922
f 3698/4765/6923 3650/4759/6923 3648/4723/6923
f 3812/4750/6924 3807/4721/6924 3808/4768/6924
f 3645/4722/6925 3611/4767/6925 3610/4766/6925
f 3648/4723/6926 3645/4722/6926 3644/4764/6926
f 3613/4725/6927 3609/4769/6927 3611/4767/6927
f 3611/4767/6928 3609/4769/6928 3610/4766/6928
f 3613/4725/6929 3612/4770/6929 3609/4769/6929
f 3646/4771/6930 3644/4764/6930 3610/4766/6930
f 3610/4766/6931 3609/4769/6931 3608/4772/6931
f 3644/4764/6932 3646/4771/6932 3698/4765/6932
f 3610/4766/6933 3661/4773/6933 3646/4771/6933
f 3646/4771/6934 3662/4774/6934 3698/4765/6934
f 3698/4765/6935 3662/4774/6935 3702/4775/6935
f 3661/4773/6936 3662/4774/6936 3646/4771/6936
f 3812/4750/6937 3829/4776/6937 3803/4719/6937
f 3661/4773/6938 3610/4766/6938 3607/4777/6938
f 3661/4773/6939 3607/4777/6939 3618/4778/6939
f 3610/4766/6940 3608/4772/6940 3607/4777/6940
f 3742/4779/6941 3738/4780/6941 3688/4781/6941
f 3687/4782/6942 3688/4781/6942 3689/4783/6942
f 3689/4783/6943 3684/4784/6943 3683/4785/6943
f 3688/4781/6944 3738/4780/6944 3734/4786/6944
f 3632/4787/6945 3686/4788/6945 3683/4785/6945
f 3686/4788/6946 3689/4783/6946 3683/4785/6946
f 3687/4782/6947 3689/4783/6947 3686/4788/6947
f 3688/4781/6948 3684/4784/6948 3689/4783/6948
f 3744/4789/6949 3758/4790/6949 3743/4791/6949
f 3686/4788/6950 3631/4792/6950 3638/4793/6950
f 3803/4719/6951 3889/4794/6951 3809/4795/6951
f 3686/4788/6952 3632/4787/6952 3631/4792/6952
f 3808/4768/6953 3747/4796/6953 3812/4750/6953
f 3550/4797/6954 3551/4798/6954 3549/4716/6954
f 3550/4797/6955 3549/4716/6955 3547/4799/6955
f 3518/4800/6956 3549/4716/6956 3551/4798/6956
f 3549/4716/6957 3518/4800/6957 3527/4717/6957
f 3548/4727/6958 3547/4799/6958 3549/4716/6958
f 3525/4718/6959 3546/4726/6959 3549/4716/6959
f 3773/4746/6960 3771/4801/6960 3777/4802/6960
f 3527/4717/6961 3524/4803/6961 3525/4718/6961
f 3743/4791/6962 3758/4790/6962 3747/4796/6962
f 3771/4801/6963 3773/4746/6963 3775/4804/6963
f 3767/4805/6964 3720/4729/6964 3777/4802/6964
f 3722/4806/6965 3720/4729/6965 3719/4731/6965
f 3771/4801/6966 3767/4805/6966 3777/4802/6966
f 3768/4807/6967 3716/4808/6967 3767/4805/6967
f 3716/4808/6968 3717/4730/6968 3720/4729/6968
f 3720/4729/6969 3767/4805/6969 3716/4808/6969
f 3577/4809/6970 3580/4810/6970 3578/4811/6970
f 3580/4810/6971 3579/4812/6971 3578/4811/6971
f 3580/4810/6972 3607/4777/6972 3579/4812/6972
f 3758/4790/6973 3754/4813/6973 3812/4750/6973
f 3578/4811/6974 3550/4797/6974 3577/4809/6974
f 3717/4730/6975 3716/4808/6975 3718/1651/6975
f 3548/4727/6976 3550/4797/6976 3547/4799/6976
f 3754/4813/6977 3829/4776/6977 3812/4750/6977
f 3548/4727/6978 3576/4814/6978 3577/4809/6978
f 3755/4815/6979 3828/4816/6979 3825/4817/6979
f 3830/4818/6980 3829/4776/6980 3831/4819/6980
f 3578/4811/6981 3551/4798/6981 3550/4797/6981
f 3781/4763/6982 3843/4820/6982 3778/4821/6982
f 3548/4727/6983 3577/4809/6983 3550/4797/6983
f 3754/4813/6984 3758/4790/6984 3756/4822/6984
f 3810/4823/6985 3807/4721/6985 3806/4720/6985
f 3575/4728/6986 3576/4814/6986 3548/4727/6986
f 3844/4824/6987 3774/4748/6987 3772/4747/6987
f 3778/4821/6988 3844/4824/6988 3772/4747/6988
f 3808/4768/6989 3745/4825/6989 3747/4796/6989
f 3781/4763/6990 3778/4821/6990 3782/4762/6990
f 3778/4821/6991 3772/4747/6991 3776/4826/6991
f 3745/4825/6992 3808/4768/6992 3807/4721/6992
f 3748/4827/6993 3690/4828/6993 3746/4829/6993
f 3743/4791/6994 3746/4829/6994 3744/4789/6994
f 3831/4819/6995 3754/4813/6995 3755/4815/6995
f 3743/4791/6996 3747/4796/6996 3746/4829/6996
f 3810/4823/6997 3745/4825/6997 3807/4721/6997
f 3529/4830/6998 1219/2311/6998 3504/4831/6998
f 3626/4832/6999 3597/4833/6999 3628/4834/6999
f 3745/4825/7000 3748/4827/7000 3746/4829/7000
f 3745/4825/7001 3746/4829/7001 3747/4796/7001
f 3757/4835/7002 3754/4813/7002 3756/4822/7002
f 3801/4836/7003 3803/4719/7003 3830/4818/7003
f 3830/4818/7004 3803/4719/7004 3829/4776/7004
f 3889/4794/7005 3803/4719/7005 3801/4836/7005
f 3757/4835/7006 3753/4837/7006 3755/4815/7006
f 3599/4838/7007 3597/4833/7007 3561/4839/7007
f 3596/4840/7008 3626/4832/7008 3625/4841/7008
f 3825/4817/7009 3831/4819/7009 3755/4815/7009
f 3754/4813/7010 3757/4835/7010 3755/4815/7010
f 3677/4842/7011 3625/4841/7011 3626/4832/7011
f 3594/4733/7012 3597/4833/7012 3596/4840/7012
f 3594/4733/7013 3595/4843/7013 3597/4833/7013
f 3829/4776/7014 3754/4813/7014 3831/4819/7014
f 3561/4839/7015 3597/4833/7015 3595/4843/7015
f 3596/4840/7016 3597/4833/7016 3626/4832/7016
f 3812/4750/7017 3747/4796/7017 3758/4790/7017
f 3559/4732/7018 3595/4843/7018 3594/4733/7018
f 3594/4733/7019 3596/4840/7019 3592/4734/7019
f 3830/4818/7020 3831/4819/7020 3825/4817/7020
f 3625/4841/7021 3675/4844/7021 3624/4845/7021
f 3674/4846/7022 3675/4844/7022 3672/4847/7022
f 3675/4844/7023 3678/4848/7023 3723/4849/7023
f 3669/4850/7024 3672/4847/7024 3673/4851/7024
f 3723/4849/7025 3673/4851/7025 3672/4847/7025
f 3726/4852/7026 3676/4853/7026 3681/4854/7026
f 3678/4848/7027 3727/4855/7027 3723/4849/7027
f 3828/4816/7028 3755/4815/7028 3753/4837/7028
f 3724/4856/7029 3721/4857/7029 3727/4855/7029
f 3675/4844/7030 3723/4849/7030 3672/4847/7030
f 3624/4845/7031 3675/4844/7031 3674/4846/7031
f 3678/4848/7032 3675/4844/7032 3625/4841/7032
f 3672/4847/7033 3671/4858/7033 3674/4846/7033
f 3671/4858/7034 3622/4859/7034 3674/4846/7034
f 3894/4860/7035 3819/4861/7035 3820/4862/7035
f 3669/4850/7036 3671/4858/7036 3672/4847/7036
f 3818/4863/7037 3820/4862/7037 3819/4861/7037
f 3893/4864/7038 2506/4865/7038 3892/3081/7038
f 3555/4866/7039 3553/4742/7039 3534/4741/7039
f 3676/4853/7040 3680/4867/7040 3681/4854/7040
f 3673/4851/7041 3670/4868/7041 3669/4850/7041
f 3626/4832/7042 3676/4853/7042 3677/4842/7042
f 3790/4869/7043 3864/4870/7043 3791/4752/7043
f 3593/4871/7044 3589/4872/7044 3553/4742/7044
f 3593/4871/7045 3553/4742/7045 3555/4866/7045
f 3592/4734/7046 3589/4872/7046 3593/4871/7046
f 3590/4744/7047 3553/4742/7047 3589/4872/7047
f 3565/4873/7048 3600/4874/7048 3564/4875/7048
f 3552/4876/7049 3531/4877/7049 3532/4743/7049
f 3630/4878/7050 3683/4785/7050 3627/4879/7050
f 3553/4742/7051 3591/4745/7051 3552/4876/7051
f 3621/4880/7052 3671/4858/7052 3619/4881/7052
f 3697/4882/7053 3702/4775/7053 3715/4883/7053
f 3553/4742/7054 3552/4876/7054 3532/4743/7054
f 3679/4884/7055 3676/4853/7055 3726/4852/7055
f 3622/4859/7056 3621/4880/7056 3623/4885/7056
f 3627/4879/7057 3683/4785/7057 3685/4886/7057
f 3619/4881/7058 3620/2303/7058 3621/4880/7058
f 3623/4885/7059 3621/4880/7059 3590/4744/7059
f 3688/4781/7060 3735/4887/7060 3684/4784/7060
f 3688/4781/7061 3734/4786/7061 3735/4887/7061
f 3684/4784/7062 3685/4886/7062 3683/4785/7062
f 3676/4853/7063 3626/4832/7063 3627/4879/7063
f 3679/4884/7064 3677/4842/7064 3676/4853/7064
f 3813/4888/7065 3814/4889/7065 3818/4863/7065
f 3590/4744/7066 3621/4880/7066 3588/4749/7066
f 3685/4886/7067 3684/4784/7067 3682/4890/7067
f 3680/4867/7068 3685/4886/7068 3682/4890/7068
f 3683/4785/7069 3630/4878/7069 3632/4787/7069
f 3686/4788/7070 3638/4793/7070 3695/4891/7070
f 3696/4892/7071 3695/4891/7071 3693/4893/7071
f 3750/4894/7072 3695/4891/7072 3696/4892/7072
f 3638/4793/7073 3639/4895/7073 3693/4893/7073
f 3684/4784/7074 3735/4887/7074 3682/4890/7074
f 3640/4896/7075 3641/4897/7075 3639/4895/7075
f 3638/4793/7076 3693/4893/7076 3695/4891/7076
f 3638/4898/7077 3640/4899/7077 3639/4900/7077
f 3507/4901/7078 3532/4743/7078 3505/4902/7078
f 3685/4886/7079 3680/4867/7079 3627/4879/7079
f 3688/4781/7080 3750/4894/7080 3742/4779/7080
f 1330/2301/7081 3529/4830/7081 3528/4903/7081
f 3750/4894/7082 3696/4892/7082 3690/4904/7082
f 3680/4867/7083 3676/4853/7083 3627/4879/7083
f 3507/4901/7084 4107/4905/7084 3917/4906/7084
f 3695/4891/7085 3687/4782/7085 3686/4788/7085
f 3727/4855/7086 3678/4848/7086 3726/4852/7086
f 3680/4867/7087 3728/4907/7087 3681/4854/7087
f 3532/4743/7088 3531/4877/7088 3505/4902/7088
f 3688/4781/7089 3687/4782/7089 3750/4894/7089
f 3695/4891/7090 3750/4894/7090 3687/4782/7090
f 3571/4908/7091 3541/4909/7091 3573/4910/7091
f 3603/4911/7092 3569/4912/7092 3612/4770/7092
f 3571/4908/7093 3566/4913/7093 3541/4909/7093
f 3569/4912/7094 3571/4914/7094 3573/4915/7094
f 3567/4916/7095 3566/4913/7095 3606/4917/7095
f 3613/4725/7096 3603/4911/7096 3612/4770/7096
f 3571/4908/7097 3606/4917/7097 3566/4913/7097
f 3566/4913/7098 3568/4918/7098 3541/4909/7098
f 3572/4919/7099 3612/4770/7099 3573/4915/7099
f 3603/4911/7100 3570/4920/7100 3569/4912/7100
f 3552/4876/7101 3528/4903/7101 3531/4877/7101
f 3554/4921/7102 1329/2300/7102 1330/2301/7102
f 3612/4770/7103 3569/4912/7103 3573/4915/7103
f 3554/4921/7104 1330/2301/7104 3528/4903/7104
f 3602/4922/7105 3567/4916/7105 3606/4917/7105
f 3606/4917/7106 3571/4908/7106 3570/4923/7106
f 1329/2300/7107 3554/4921/7107 3588/4749/7107
f 3565/4873/7108 3568/4918/7108 3567/4916/7108
f 3570/4923/7109 3603/4924/7109 3604/4925/7109
f 3571/4908/7110 3569/4926/7110 3570/4923/7110
f 3567/4916/7111 3568/4918/7111 3566/4913/7111
f 3588/4749/7112 3554/4921/7112 3590/4744/7112
f 3520/4736/7113 3544/4927/7113 3521/4928/7113
f 3567/4916/7114 3600/4874/7114 3565/4873/7114
f 3534/4741/7115 3533/4929/7115 3535/4930/7115
f 3528/4903/7116 3552/4876/7116 3554/4921/7116
f 3596/4840/7117 3624/4845/7117 3592/4734/7117
f 3532/4743/7118 3507/4901/7118 3533/4929/7118
f 3592/4734/7119 3624/4845/7119 3623/4885/7119
f 3590/4744/7120 3589/4872/7120 3623/4885/7120
f 3552/4876/7121 3591/4745/7121 3554/4921/7121
f 3589/4872/7122 3592/4734/7122 3623/4885/7122
f 3520/4736/7123 3519/4735/7123 3544/4927/7123
f 3533/4929/7124 3917/4906/7124 3535/4930/7124
f 3583/4931/7125 3578/4811/7125 3579/4812/7125
f 3596/4840/7126 3625/4841/7126 3624/4845/7126
f 3583/4931/7127 3579/4812/7127 3607/4777/7127
f 3590/4744/7128 3554/4921/7128 3591/4745/7128
f 3532/4743/7129 3533/4929/7129 3534/4741/7129
f 3583/4931/7130 3581/4932/7130 3578/4811/7130
f 3607/4777/7131 3608/4772/7131 3609/4769/7131
f 3609/4769/7132 3583/4931/7132 3607/4777/7132
f 3581/4932/7133 3583/4931/7133 3572/4919/7133
f 3623/4885/7134 3624/4845/7134 3674/4846/7134
f 3622/4859/7135 3623/4885/7135 3674/4846/7135
f 3558/4933/7136 3556/4934/7136 3560/4935/7136
f 3578/4811/7137 3581/4932/7137 3551/4798/7137
f 3555/4866/7138 3535/4930/7138 3557/4936/7138
f 3609/4769/7139 3612/4770/7139 3582/4937/7139
f 3582/4937/7140 3572/4919/7140 3583/4931/7140
f 3592/4734/7141 3593/4871/7141 3559/4732/7141
f 3557/4936/7142 3535/4930/7142 3556/4934/7142
f 3557/4936/7143 3556/4934/7143 3558/4933/7143
f 3581/4932/7144 3572/4919/7144 3573/4915/7144
f 3593/4871/7145 3555/4866/7145 3559/4732/7145
f 3582/4937/7146 3612/4770/7146 3572/4919/7146
f 3609/4769/7147 3582/4937/7147 3583/4931/7147
f 3558/4933/7148 3561/4839/7148 3595/4843/7148
f 3545/4938/7149 3544/4927/7149 3573/4915/7149
f 3561/4839/7150 3558/4933/7150 3560/4935/7150
f 3822/4939/7151 3764/4940/7151 3816/4941/7151
f 3555/4866/7152 3534/4741/7152 3535/4930/7152
f 3559/4732/7153 3555/4866/7153 3557/4936/7153
f 3621/4880/7154 3620/2303/7154 3588/4749/7154
f 3558/4933/7155 3559/4732/7155 3557/4936/7155
f 3815/4942/7156 3819/4861/7156 3816/4941/7156
f 3816/4941/7157 3764/4940/7157 3759/4943/7157
f 3559/4732/7158 3558/4933/7158 3595/4843/7158
f 3600/4874/7159 3567/4916/7159 3602/4922/7159
f 3815/4942/7160 3817/4944/7160 3813/4888/7160
f 3819/4861/7161 3813/4888/7161 3818/4863/7161
f 3816/4941/7162 3819/4861/7162 3822/4939/7162
f 3759/4943/7163 3815/4942/7163 3816/4941/7163
f 3815/4942/7164 3759/4943/7164 3760/4945/7164
f 3815/4942/7165 3760/4945/7165 3817/4944/7165
f 3815/4942/7166 3813/4888/7166 3819/4861/7166
f 3762/4946/7167 3708/4947/7167 3761/4948/7167
f 3814/4889/7168 3813/4888/7168 3817/4944/7168
f 3763/4949/7169 3761/4948/7169 3760/4945/7169
f 3763/4949/7170 3759/4943/7170 3712/4950/7170
f 3760/4945/7171 3761/4948/7171 3817/4944/7171
f 3516/4951/7172 3512/4952/7172 4014/4953/7172
f 3761/4948/7173 3763/4949/7173 3762/4946/7173
f 3760/4945/7174 3759/4943/7174 3763/4949/7174
f 3511/4954/7175 3512/4952/7175 3513/4955/7175
f 3679/4884/7176 3726/4852/7176 3678/4848/7176
f 3694/4956/7177 3637/4957/7177 3692/4958/7177
f 3517/4959/7178 3514/4960/7178 3516/4951/7178
f 3694/4961/7179 3641/4897/7179 3637/4957/7179
f 3714/4962/7180 3765/4963/7180 3752/4964/7180
f 3884/4965/7181 3809/4966/7181 3802/4967/7181
f 3865/4968/7182 3884/4969/7182 3886/4970/7182
f 3697/4882/7183 3714/4962/7183 3752/4964/7183
f 3893/4864/7184 3872/4971/7184 2506/4865/7184
f 3751/4972/7185 3765/4963/7185 3764/4940/7185
f 3764/4940/7186 3765/4963/7186 3712/4950/7186
f 3575/4728/7187 3585/4973/7187 3576/4814/7187
f 3759/4943/7188 3764/4940/7188 3712/4950/7188
f 3503/4688/7189 1219/2311/7189 1220/2313/7189
f 3604/4925/7190 3642/4974/7190 3643/4975/7190
f 3822/4939/7191 3900/4976/7191 3823/4977/7191
f 3637/4978/7192 3635/4979/7192 3647/4980/7192
f 3635/4979/7193 3634/4760/7193 3647/4980/7193
f 3823/4977/7194 3751/4972/7194 3822/4939/7194
f 3647/4980/7195 3634/4760/7195 3650/4759/7195
f 3642/4981/7196 3636/4982/7196 3635/4979/7196
f 3604/4983/7197 3636/4982/7197 3642/4981/7197
f 3635/4979/7198 3636/4982/7198 3634/4760/7198
f 3822/4939/7199 3751/4972/7199 3764/4940/7199
f 3533/4929/7200 3507/4901/7200 3917/4906/7200
f 3574/4984/7201 3585/4973/7201 4148/4985/7201
f 3523/4986/7202 3546/4726/7202 3526/1163/7202
f 3827/4987/7203 3751/4972/7203 3823/4977/7203
f 3670/4868/7204 3668/4988/7204 3669/4850/7204
f 3634/4760/7205 3636/4982/7205 3649/4758/7205
f 3828/4816/7206 3827/4987/7206 3826/4989/7206
f 3834/4990/7207 3835/4991/7207 1825/4992/7207
f 3751/4972/7208 3827/4987/7208 3752/4964/7208
f 3824/4993/7209 3830/4818/7209 3825/4817/7209
f 3666/4994/7210 3667/2288/7210 3619/4881/7210
f 3833/4995/7211 2135/2761/7211 3835/1605/7211
f 3826/4989/7212 3821/4996/7212 3824/4993/7212
f 3827/4987/7213 3823/4977/7213 3821/4996/7213
f 3833/4997/7214 3834/4998/7214 3837/4999/7214
f 3828/4816/7215 3753/4837/7215 3752/4964/7215
f 3697/4882/7216 3752/4964/7216 3753/4837/7216
f 3834/5000/7217 3833/5001/7217 3835/5002/7217
f 3834/4998/7218 1825/5003/7218 1823/1578/7218
f 3833/4997/7219 3842/5004/7219 3832/5005/7219
f 3821/4996/7220 3826/4989/7220 3827/4987/7220
f 3836/2810/7221 2135/2761/7221 3833/4995/7221
f 3842/5004/7222 3841/5006/7222 3832/5005/7222
f 3826/4989/7223 3825/4817/7223 3828/4816/7223
f 3837/4999/7224 3834/4998/7224 1823/1578/7224
f 3828/4816/7225 3752/4964/7225 3827/4987/7225
f 3752/4964/7226 3765/4963/7226 3751/4972/7226
f 3836/5007/7227 3833/5008/7227 3832/5009/7227
f 3846/5010/7228 3853/4757/7228 3852/5011/7228
f 3826/4989/7229 3824/4993/7229 3825/4817/7229
f 2140/1608/7230 3835/1605/7230 2135/2761/7230
f 3774/4748/7231 3838/4740/7231 3773/4746/7231
f 3837/4999/7232 3769/5012/7232 3842/5004/7232
f 3838/4740/7233 3775/4804/7233 3773/4746/7233
f 3841/5006/7234 3842/5004/7234 3766/5013/7234
f 3842/5004/7235 3769/5012/7235 3766/5013/7235
f 3850/2812/7236 3851/2710/7236 3852/5011/7236
f 3766/5013/7237 3775/4804/7237 3838/4740/7237
f 3832/5014/7238 2131/5015/7238 3836/5016/7238
f 1669/1633/7239 3837/4999/7239 1823/1578/7239
f 3848/2713/7240 3846/5010/7240 3852/5011/7240
f 3738/4780/7241 3742/4779/7241 3737/5017/7241
f 3841/5006/7242 2142/2794/7242 2131/2793/7242
f 3858/5018/7243 3857/2692/7243 3850/2812/7243
f 3842/5004/7244 3833/4997/7244 3837/4999/7244
f 3737/5017/7245 3739/5019/7245 3738/4780/7245
f 3841/5006/7246 3766/5013/7246 3838/4740/7246
f 3793/5020/7247 3741/5021/7247 3792/5022/7247
f 3740/5023/7248 3793/5020/7248 3733/5024/7248
f 3800/5025/7249 3792/5022/7249 3741/5021/7249
f 3850/5026/7250 2239/5027/7250 3851/5028/7250
f 3854/4754/7251 3850/2812/7251 3852/5011/7251
f 3636/4982/7252 3605/5029/7252 3649/4758/7252
f 3832/5005/7253 3841/5006/7253 2131/2793/7253
f 3636/4982/7254 3604/4983/7254 3605/5029/7254
f 3793/5020/7255 3740/5023/7255 3741/5021/7255
f 3848/2713/7256 3852/5011/7256 3851/2710/7256
f 3749/5030/7257 3742/4779/7257 3750/4894/7257
f 3846/5010/7258 3849/4756/7258 3853/4757/7258
f 3799/5031/7259 3737/5017/7259 3804/5032/7259
f 3858/5018/7260 3854/4754/7260 3855/4753/7260
f 3854/4754/7261 3852/5011/7261 3853/4757/7261
f 3741/5021/7262 3739/5019/7262 3800/5025/7262
f 3800/5025/7263 3739/5019/7263 3799/5031/7263
f 3740/5023/7264 3738/4780/7264 3739/5019/7264
f 3800/5025/7265 3799/5031/7265 3797/5033/7265
f 3858/5018/7266 3850/2812/7266 3854/4754/7266
f 3791/4752/7267 3858/5018/7267 3855/4753/7267
f 3737/5017/7268 3742/4779/7268 3749/5030/7268
f 3799/5031/7269 3739/5019/7269 3737/5017/7269
f 3740/5023/7270 3739/5019/7270 3741/5021/7270
f 3748/5034/7271 3749/5030/7271 3750/4894/7271
f 3690/4904/7272 3748/5034/7272 3750/4894/7272
f 3749/5030/7273 3745/5035/7273 3737/5017/7273
f 3737/5017/7274 3745/5035/7274 3804/5032/7274
f 3745/5036/7275 3810/5037/7275 3804/5032/7275
f 3797/5033/7276 3799/5031/7276 3805/5038/7276
f 3649/4758/7277 3605/5029/7277 3651/4724/7277
f 3798/5039/7278 3797/5033/7278 3805/5038/7278
f 3810/5037/7279 3805/5038/7279 3804/5032/7279
f 3748/5034/7280 3745/5036/7280 3749/5030/7280
f 3805/5038/7281 3799/5031/7281 3804/5032/7281
f 3811/5040/7282 3805/5038/7282 3810/5037/7282
f 3890/5041/7283 3798/5039/7283 3805/5038/7283
f 3811/5042/7284 3890/5043/7284 3805/5044/7284
f 3897/5045/7285 3899/5046/7285 3874/5047/7285
f 3874/5047/7286 2532/3082/7286 2499/3389/7286
f 3810/4823/7287 3806/4720/7287 3811/5048/7287
f 2532/3082/7288 3874/5047/7288 3899/5046/7288
f 3897/5045/7289 3900/4976/7289 3894/4860/7289
f 3897/5045/7290 3894/4860/7290 3899/5046/7290
f 2532/3082/7291 3899/5046/7291 3891/3083/7291
f 3613/4725/7292 3651/4724/7292 3605/5029/7292
f 3894/4860/7293 3820/4862/7293 3893/4864/7293
f 3894/4860/7294 3891/3083/7294 3899/5046/7294
f 3891/3083/7295 3894/4860/7295 3892/3081/7295
f 3822/4939/7296 3819/4861/7296 3894/4860/7296
f 3893/4864/7297 3820/4862/7297 3872/4971/7297
f 3893/4864/7298 3892/3081/7298 3894/4860/7298
f 3894/4860/7299 3900/4976/7299 3822/4939/7299
f 2498/5049/7300 2506/4865/7300 2495/5050/7300
f 3872/4971/7301 2495/5050/7301 2506/4865/7301
f 3604/4983/7302 3603/4911/7302 3605/5029/7302
f 3792/5022/7303 3795/5051/7303 3794/5052/7303
f 3506/5053/7304 3504/4831/7304 3503/4688/7304
f 3631/4792/7305 3640/4896/7305 3638/4793/7305
f 3643/4975/7306 3631/4792/7306 3601/5054/7306
f 4643/5055/7307 3872/4971/7307 3820/4862/7307
f 3792/5022/7308 3800/5025/7308 3795/5051/7308
f 3792/5022/7309 3733/5024/7309 3793/5020/7309
f 3677/4842/7310 3679/4884/7310 3678/4848/7310
f 3678/4848/7311 3625/4841/7311 3677/4842/7311
f 3601/5054/7312 3602/4922/7312 3606/4917/7312
f 3668/4988/7313 3671/4858/7313 3669/4850/7313
f 3643/4975/7314 3640/4896/7314 3631/4792/7314
f 3640/4896/7315 3643/4975/7315 3642/4974/7315
f 3643/4975/7316 3601/5054/7316 3604/4925/7316
f 4129/1094/7317 3523/4986/7317 860/1093/7317
f 3606/4917/7318 3604/4925/7318 3601/5054/7318
f 3565/4873/7319 3538/5056/7319 3568/4918/7319
f 3604/4925/7320 3606/4917/7320 3570/4923/7320
f 3775/4804/7321 3770/5057/7321 3771/4801/7321
f 3768/4807/7322 3767/4805/7322 3771/4801/7322
f 3585/4973/7323 3546/4726/7323 4148/4985/7323
f 3769/5012/7324 3775/4804/7324 3766/5013/7324
f 3523/4986/7325 3526/1163/7325 860/1093/7325
f 3775/4804/7326 3769/5012/7326 3770/5057/7326
f 1669/1633/7327 3768/4807/7327 3770/5057/7327
f 3837/4999/7328 1669/1633/7328 3770/5057/7328
f 3716/4808/7329 3768/4807/7329 1673/1652/7329
f 3769/5012/7330 3837/4999/7330 3770/5057/7330
f 3771/4801/7331 3770/5057/7331 3768/4807/7331
f 3718/1651/7332 3716/4808/7332 1673/1652/7332
f 3867/2803/7333 2421/2705/7333 3859/5058/7333
f 3794/5052/7334 3795/5051/7334 3864/4870/7334
f 3768/4807/7335 1669/1633/7335 1673/1652/7335
f 3867/5059/7336 3859/5060/7336 3868/5061/7336
f 3863/5062/7337 3862/5063/7337 3860/5064/7337
f 3861/5065/7338 3860/5064/7338 3862/5063/7338
f 3870/5066/7339 3868/5067/7339 3871/5068/7339
f 3795/5051/7340 3860/5064/7340 3864/4870/7340
f 3791/4752/7341 3864/4870/7341 3857/2692/7341
f 3800/5025/7342 3863/5062/7342 3795/5051/7342
f 3800/5025/7343 3871/5069/7343 3863/5062/7343
f 3797/5033/7344 3798/5039/7344 3871/5069/7344
f 3869/5070/7345 3867/2803/7345 3868/5071/7345
f 3791/4752/7346 3857/2692/7346 3858/5018/7346
f 3659/5072/7347 3616/5073/7347 3653/5074/7347
f 3860/5064/7348 3795/5051/7348 3863/5062/7348
f 3809/5075/7349 3890/5041/7349 3811/5076/7349
f 3671/4858/7350 3621/4880/7350 3622/4859/7350
f 3616/5073/7351 3617/5077/7351 3614/5078/7351
f 3871/5069/7352 3800/5025/7352 3797/5033/7352
f 3860/5064/7353 3861/5065/7353 3856/5079/7353
f 3790/4869/7354 3794/5052/7354 3864/4870/7354
f 3660/5080/7355 3659/5072/7355 3657/5081/7355
f 3869/5070/7356 3868/5071/7356 3870/5082/7356
f 3616/5073/7357 3659/5072/7357 3618/4778/7357
f 3516/4951/7358 3513/4955/7358 3512/4952/7358
f 3617/5077/7359 3616/5073/7359 3618/4778/7359
f 3661/4773/7360 3618/4778/7360 3659/5072/7360
f 3538/5056/7361 3510/5083/7361 3539/5084/7361
f 3510/5083/7362 3511/4954/7362 3513/4955/7362
f 3514/4960/7363 3513/4955/7363 3516/4951/7363
f 3584/5085/7364 3587/5086/7364 3585/4973/7364
f 3587/5086/7365 3576/4814/7365 3585/4973/7365
f 3618/4778/7366 3607/4777/7366 3580/4810/7366
f 3580/4810/7367 3615/5087/7367 3617/5077/7367
f 3614/5078/7368 3584/5085/7368 3586/5088/7368
f 3586/5088/7369 3585/4973/7369 3574/4984/7369
f 3510/5083/7370 3514/4960/7370 3539/5084/7370
f 3617/5077/7371 3618/4778/7371 3580/4810/7371
f 3510/5083/7372 3513/4955/7372 3514/4960/7372
f 3538/5056/7373 3539/5084/7373 3568/4918/7373
f 3584/5085/7374 3585/4973/7374 3586/5088/7374
f 3789/5089/7375 3796/5090/7375 3790/4869/7375
f 3791/4752/7376 3788/5091/7376 3790/4869/7376
f 3729/5092/7377 3732/5093/7377 3731/5094/7377
f 3730/5095/7378 3731/5094/7378 3789/5089/7378
f 3796/5090/7379 3792/5022/7379 3794/5052/7379
f 3794/5052/7380 3790/4869/7380 3796/5090/7380
f 3736/5096/7381 3732/5093/7381 3682/4890/7381
f 3732/5093/7382 3728/4907/7382 3680/4867/7382
f 3614/5078/7383 3587/5086/7383 3584/5085/7383
f 3717/4730/7384 3670/4868/7384 3719/4731/7384
f 3729/5092/7385 3731/5094/7385 3730/5095/7385
f 3682/4890/7386 3732/5093/7386 3680/4867/7386
f 3736/5096/7387 3731/5094/7387 3732/5093/7387
f 3789/5089/7388 3731/5094/7388 3736/5096/7388
f 3789/5089/7389 3736/5096/7389 3796/5090/7389
f 3796/5090/7390 3736/5096/7390 3733/5024/7390
f 3734/4786/7391 3733/5024/7391 3736/5096/7391
f 3617/5077/7392 3587/5086/7392 3614/5078/7392
f 3670/4868/7393 3717/4730/7393 3664/5097/7393
f 3729/5092/7394 3728/4907/7394 3732/5093/7394
f 3788/5091/7395 3789/5089/7395 3790/4869/7395
f 3722/4806/7396 3777/4802/7396 3720/4729/7396
f 3673/4851/7397 3722/4806/7397 3719/4731/7397
f 3871/5098/7398 3798/5099/7398 3870/5100/7398
f 3780/5101/7399 3722/4806/7399 3721/4857/7399
f 3890/5102/7400 3870/5103/7400 3798/5104/7400
f 3722/4806/7401 3673/4851/7401 3723/4849/7401
f 3721/4857/7402 3722/4806/7402 3723/4849/7402
f 3776/4826/7403 3773/4746/7403 3777/4802/7403
f 3776/4826/7404 3772/4747/7404 3773/4746/7404
f 3778/4821/7405 3776/4826/7405 3779/5105/7405
f 3722/4806/7406 3780/5101/7406 3777/4802/7406
f 3779/5105/7407 3785/5106/7407 3782/4762/7407
f 3776/4826/7408 3780/5101/7408 3779/5105/7408
f 3782/4762/7409 3778/4821/7409 3779/5105/7409
f 3779/5105/7410 3780/5101/7410 3721/4857/7410
f 3724/4856/7411 3779/5105/7411 3721/4857/7411
f 3780/5101/7412 3776/4826/7412 3777/4802/7412
f 3874/5047/7413 2499/3389/7413 3873/3374/7413
f 3856/5079/7414 3864/4870/7414 3860/5064/7414
f 3724/4856/7415 3785/5106/7415 3779/5105/7415
f 3895/5107/7416 3874/5047/7416 3873/3374/7416
f 3874/5047/7417 3895/5107/7417 3897/5045/7417
f 3897/5045/7418 3896/5108/7418 3900/4976/7418
f 3727/4855/7419 3721/4857/7419 3723/4849/7419
f 3895/5107/7420 3896/5108/7420 3897/5045/7420
f 3901/5109/7421 3821/4996/7421 3823/4977/7421
f 3898/5110/7422 3901/5109/7422 3823/4977/7422
f 3902/5111/7423 3903/5112/7423 3824/4993/7423
f 3898/5110/7424 3896/5108/7424 3895/5107/7424
f 3877/5113/7425 3898/5110/7425 3875/3376/7425
f 3877/5113/7426 2576/5114/7426 3876/5115/7426
f 3895/5107/7427 3873/3374/7427 3898/5110/7427
f 3898/5110/7428 3823/4977/7428 3896/5108/7428
f 3877/5113/7429 3901/5109/7429 3898/5110/7429
f 3877/5113/7430 3882/5116/7430 3901/5109/7430
f 3875/3376/7431 2501/3395/7431 3877/5113/7431
f 3896/5108/7432 3823/4977/7432 3900/4976/7432
f 3901/5109/7433 3902/5111/7433 3824/4993/7433
f 3879/5117/7434 3876/5118/7434 3878/5119/7434
f 3882/5116/7435 3877/5113/7435 3876/5118/7435
f 3901/5109/7436 3882/5116/7436 3902/5111/7436
f 3903/5112/7437 3902/5111/7437 3881/5120/7437
f 3879/5117/7438 3888/5121/7438 3881/5120/7438
f 3878/5119/7439 3880/5122/7439 3879/5117/7439
f 3882/5116/7440 3879/5117/7440 3902/5111/7440
f 3880/5122/7441 3888/5121/7441 3879/5117/7441
f 3882/5116/7442 3876/5118/7442 3879/5117/7442
f 3881/5120/7443 3902/5111/7443 3879/5117/7443
f 3733/5024/7444 3734/4786/7444 3740/5023/7444
f 3740/5023/7445 3734/4786/7445 3738/4780/7445
f 3614/5078/7446 4201/5123/7446 3652/5124/7446
f 3656/5125/7447 3655/5126/7447 3654/5127/7447
f 3654/5127/7448 3652/5124/7448 4201/5123/7448
f 4201/5123/7449 3614/5078/7449 3586/5088/7449
f 3652/5124/7450 3654/5127/7450 3658/5128/7450
f 3652/5124/7451 3658/5128/7451 3653/5074/7451
f 3659/5072/7452 3653/5074/7452 3658/5128/7452
f 3657/5081/7453 3659/5072/7453 3658/5128/7453
f 3614/5078/7454 3652/5124/7454 3653/5074/7454
f 3653/5074/7455 3616/5073/7455 3614/5078/7455
f 3630/4878/7456 3629/5129/7456 3633/5130/7456
f 3719/4731/7457 3670/4868/7457 3673/4851/7457
f 3525/4718/7458 3524/4803/7458 3526/1163/7458
f 3809/4795/7459 3806/4720/7459 3803/4719/7459
f 3597/4833/7460 3599/4838/7460 3628/4834/7460
f 3598/5131/7461 3628/4834/7461 3599/4838/7461
f 3628/4834/7462 3598/5131/7462 3627/4879/7462
f 3527/4717/7463 3518/4800/7463 3524/4803/7463
f 3629/5129/7464 3627/4879/7464 3598/5131/7464
f 3627/4879/7465 3626/4832/7465 3628/4834/7465
f 3615/5087/7466 3587/5086/7466 3617/5077/7466
f 3629/5129/7467 3630/4878/7467 3627/4879/7467
f 3697/4882/7468 3757/4835/7468 3702/4775/7468
f 3615/5087/7469 3576/4814/7469 3587/5086/7469
f 3576/4814/7470 3615/5087/7470 3577/4809/7470
f 3615/5087/7471 3580/4810/7471 3577/4809/7471
f 3735/4887/7472 3736/5096/7472 3682/4890/7472
f 3757/4835/7473 3699/5132/7473 3702/4775/7473
f 3753/4837/7474 3757/4835/7474 3697/4882/7474
f 3698/4765/7475 3704/5133/7475 3650/4759/7475
f 3698/4765/7476 3702/4775/7476 3704/5133/7476
f 3699/5132/7477 3704/5133/7477 3702/4775/7477
f 3701/5134/7478 3704/5133/7478 3699/5132/7478
f 3700/5135/7479 3706/5136/7479 3701/5134/7479
f 3699/5132/7480 3757/4835/7480 3700/5135/7480
f 3796/5090/7481 3733/5024/7481 3792/5022/7481
f 3706/5136/7482 3707/5137/7482 3701/5134/7482
f 3704/5133/7483 3707/5137/7483 3703/5138/7483
f 3700/5135/7484 3701/5134/7484 3699/5132/7484
f 3704/5133/7485 3703/5138/7485 3647/4980/7485
f 3744/4789/7486 3705/5139/7486 3758/4790/7486
f 3700/5135/7487 3757/4835/7487 3756/4822/7487
f 3704/5133/7488 3701/5134/7488 3707/5137/7488
f 3705/5139/7489 3700/5135/7489 3756/4822/7489
f 3556/4934/7490 3535/4930/7490 3508/5140/7490
f 3650/4759/7491 3704/5133/7491 3647/4980/7491
f 3706/5136/7492 3700/5135/7492 3705/5139/7492
f 3705/5139/7493 3707/5137/7493 3706/5136/7493
f 3508/5140/7494 3511/4954/7494 3509/5141/7494
f 3511/4954/7495 3508/5140/7495 3918/5142/7495
f 3535/4930/7496 3917/4906/7496 3508/5140/7496
f 3758/4790/7497 3705/5139/7497 3756/4822/7497
f 3560/4935/7498 3556/4934/7498 3537/5143/7498
f 3556/4934/7499 3509/5141/7499 3537/5143/7499
f 3522/5144/7500 3521/4928/7500 3544/4927/7500
f 3509/5141/7501 3556/4934/7501 3508/5140/7501
f 3510/5083/7502 3509/5141/7502 3511/4954/7502
f 3734/4786/7503 3736/5096/7503 3735/4887/7503
f 3880/5122/7504 2582/3471/7504 3887/5145/7504
f 2572/3478/7505 3866/3484/7505 3865/5146/7505
f 3545/4938/7506 3522/5144/7506 3544/4927/7506
f 3865/5147/7507 2589/3481/7507 2572/3478/7507
f 3865/5148/7508 3883/5149/7508 3884/5150/7508
f 3887/5151/7509 2582/3463/7509 3885/5152/7509
f 3866/3484/7510 2565/3477/7510 3869/5070/7510
f 3865/5153/7511 3886/5154/7511 3885/3473/7511
f 3885/3473/7512 3886/5154/7512 3887/5145/7512
f 3865/5155/7513 3866/5156/7513 3883/5157/7513
f 2596/2715/7514 3867/2803/7514 2565/3477/7514
f 3887/5158/7515 3888/5159/7515 3880/5160/7515
f 3869/5161/7516 2565/5162/7516 3867/5163/7516
f 3869/5070/7517 3870/5164/7517 3866/3484/7517
f 3883/5165/7518 3890/5166/7518 3884/5167/7518
f 3809/4795/7519 3884/5150/7519 3890/5168/7519
f 3786/5169/7520 3783/4755/7520 3785/5106/7520
f 3725/5170/7521 3730/5095/7521 3786/5169/7521
f 3783/4755/7522 3787/4761/7522 3785/5106/7522
f 3783/4755/7523 3786/5169/7523 3784/4751/7523
f 3785/5106/7524 3724/4856/7524 3786/5169/7524
f 3784/4751/7525 3730/5095/7525 3788/5091/7525
f 3782/4762/7526 3785/5106/7526 3787/4761/7526
f 3784/4751/7527 3788/5091/7527 3791/4752/7527
f 3729/5092/7528 3730/5095/7528 3725/5170/7528
f 3730/5095/7529 3789/5089/7529 3788/5091/7529
f 3657/5081/7530 3713/5171/7530 3660/5080/7530
f 3727/4855/7531 3786/5169/7531 3724/4856/7531
f 3727/4855/7532 3726/4852/7532 3725/5170/7532
f 3765/4963/7533 3714/4962/7533 3712/4950/7533
f 3786/5169/7534 3727/4855/7534 3725/5170/7534
f 3729/5092/7535 3726/4852/7535 3681/4854/7535
f 3715/4883/7536 3660/5080/7536 3714/4962/7536
f 3901/5109/7537 3824/4993/7537 3821/4996/7537
f 3713/5171/7538 3657/5081/7538 3711/5172/7538
f 3697/4882/7539 3715/4883/7539 3714/4962/7539
f 3712/4950/7540 3714/4962/7540 3713/5171/7540
f 3714/4962/7541 3660/5080/7541 3713/5171/7541
f 3662/4774/7542 3715/4883/7542 3702/4775/7542
f 3660/5080/7543 3661/4773/7543 3659/5072/7543
f 3661/4773/7544 3660/5080/7544 3662/4774/7544
f 3641/4897/7545 3642/4974/7545 3635/5173/7545
f 3662/4774/7546 3660/5080/7546 3715/4883/7546
f 3692/5174/7547 3707/5137/7547 3691/5175/7547
f 3692/5174/7548 3703/5138/7548 3707/5137/7548
f 3696/4892/7549 3693/4893/7549 3694/4961/7549
f 3696/5176/7550 3694/5177/7550 3691/5178/7550
f 3694/5179/7551 3692/5180/7551 3691/5181/7551
f 3599/4838/7552 3629/5129/7552 3598/5131/7552
f 3637/4978/7553 3641/5182/7553 3635/4979/7553
f 3640/4896/7554 3642/4974/7554 3641/4897/7554
f 3629/5129/7555 3600/4874/7555 3633/5130/7555
f 3637/4978/7556 3703/5138/7556 3692/5174/7556
f 3707/5137/7557 3705/5139/7557 3691/5175/7557
f 3703/5138/7558 3637/4978/7558 3647/4980/7558
f 3639/4895/7559 3641/4897/7559 3693/4893/7559
f 3691/5175/7560 3746/4829/7560 3690/4828/7560
f 3690/4828/7561 3696/5183/7561 3691/5175/7561
f 3694/4961/7562 3693/4893/7562 3641/4897/7562
f 3838/4740/7563 3839/4739/7563 3841/5006/7563
f 3744/4789/7564 3691/5175/7564 3705/5139/7564
f 1220/2313/7565 3500/2362/7565 3501/4322/7565
f 3746/4829/7566 3691/5175/7566 3744/4789/7566
f 3840/4738/7567 3838/4740/7567 3774/4748/7567
f 3844/4824/7568 3843/4820/7568 3840/4738/7568
f 3503/4688/7569 1220/2313/7569 3501/4322/7569
f 3839/4739/7570 3840/4738/7570 2250/2736/7570
f 2142/2794/7571 3839/4739/7571 2250/2736/7571
f 3840/4738/7572 3774/4748/7572 3844/4824/7572
f 3846/5010/7573 3843/4820/7573 3781/4763/7573
f 3839/4739/7574 2142/2794/7574 3841/5006/7574
f 3848/2713/7575 2235/2696/7575 3847/2714/7575
f 3563/5184/7576 3536/5185/7576 3538/5056/7576
f 3600/4874/7577 3629/5129/7577 3599/4838/7577
f 3843/4820/7578 3846/5010/7578 3847/2714/7578
f 3563/5184/7579 3560/4935/7579 3536/5185/7579
f 3847/2714/7580 2232/2695/7580 3845/2737/7580
f 3781/4763/7581 3849/4756/7581 3846/5010/7581
f 3898/5110/7582 3873/3374/7582 3875/3376/7582
f 3840/4738/7583 3845/2737/7583 2250/2736/7583
f 3844/4824/7584 3778/4821/7584 3843/4820/7584
f 3845/2737/7585 3840/4738/7585 3843/4820/7585
f 3847/2714/7586 3845/2737/7586 3843/4820/7586
f 3560/4935/7587 3563/5184/7587 3561/4839/7587
f 3848/2713/7588 3847/2714/7588 3846/5010/7588
f 3562/5186/7589 3563/5184/7589 3564/4875/7589
f 3518/4800/7590 3519/4735/7590 4047/4737/7590
f 3599/4838/7591 3564/4875/7591 3600/4874/7591
f 3565/4873/7592 3563/5184/7592 3538/5056/7592
f 3561/4839/7593 3563/5184/7593 3562/5186/7593
f 3564/4875/7594 3563/5184/7594 3565/4873/7594
f 3518/4800/7595 3551/4798/7595 3519/4735/7595
f 3581/4932/7596 3543/5187/7596 3551/4798/7596
f 3562/5186/7597 3564/4875/7597 3599/4838/7597
f 3551/4798/7598 3543/5187/7598 3519/4735/7598
f 3544/4927/7599 3581/4932/7599 3573/4915/7599
f 3599/4838/7600 3561/4839/7600 3562/5186/7600
f 3883/5188/7601 3866/5189/7601 3870/5190/7601
f 3544/4927/7602 3543/5187/7602 3581/4932/7602
f 3883/5191/7603 3870/5192/7603 3890/5193/7603
f 3888/5121/7604 3889/4794/7604 3801/4836/7604
f 3830/4818/7605 3903/5112/7605 3801/4836/7605
f 3888/5121/7606 3886/5154/7606 3889/4794/7606
f 3544/4927/7607 3519/4735/7607 3543/5187/7607
f 3886/5154/7608 3884/5150/7608 3802/5194/7608
f 3730/5095/7609 3784/4751/7609 3786/5169/7609
f 3881/5120/7610 3801/4836/7610 3903/5112/7610
f 3887/5145/7611 3886/5154/7611 3888/5121/7611
f 3824/4993/7612 3903/5112/7612 3830/4818/7612
f 3889/4794/7613 3802/5194/7613 3809/4795/7613
f 3632/4787/7614 3633/5130/7614 3601/5054/7614
f 3725/5170/7615 3726/4852/7615 3729/5092/7615
f 3857/2692/7616 3856/5079/7616 2413/2693/7616
f 3862/5063/7617 3863/5062/7617 3868/5061/7617
f 3868/5061/7618 3863/5062/7618 3871/5069/7618
f 3859/5195/7619 3862/5196/7619 3868/5197/7619
f 3864/4870/7620 3856/5079/7620 3857/2692/7620
f 3539/5084/7621 3514/4960/7621 3517/4959/7621
f 2421/5198/7622 3862/5063/7622 3859/5060/7622
f 3541/4909/7623 3568/4918/7623 3542/5199/7623
f 3568/4918/7624 3540/5200/7624 3542/5199/7624
f 3665/5201/7625 3668/4988/7625 3664/5097/7625
f 3668/4988/7626 3665/5201/7626 3666/4994/7626
f 3664/5097/7627 3668/4988/7627 3670/4868/7627
f 3861/5065/7628 2411/5202/7628 3856/5079/7628
f 3539/5084/7629 3540/5200/7629 3568/4918/7629
f 3515/5203/7630 3517/4959/7630 3516/4951/7630
f 3671/4858/7631 3668/4988/7631 3619/4881/7631
f 3542/5199/7632 3540/5200/7632 3515/5203/7632
f 3539/5084/7633 3517/4959/7633 3540/5200/7633
f 3541/5204/7634 3545/4938/7634 3573/4915/7634
f 3542/5199/7635 3515/5203/7635 3522/5205/7635
f 3542/5206/7636 3522/5144/7636 3545/4938/7636
f 3542/5206/7637 3545/4938/7637 3541/5204/7637
f 3666/4994/7638 3619/4881/7638 3668/4988/7638
f 3517/4959/7639 3515/5203/7639 3540/5200/7639
f 3546/4726/7640 3525/4718/7640 3526/1163/7640
f 3515/5207/7641 3521/4928/7641 3522/5144/7641
f 3717/4730/7642 3663/5208/7642 3664/5097/7642
f 3667/2288/7643 3620/2303/7643 3619/4881/7643
f 3585/4973/7644 3575/4728/7644 3546/4726/7644
f 4148/4985/7645 3546/4726/7645 3523/4986/7645
f 3762/4946/7646 3763/4949/7646 3710/5209/7646
f 3763/4949/7647 3713/5171/7647 3710/5209/7647
f 3603/4911/7648 3613/4725/7648 3605/5029/7648
f 3664/5097/7649 3663/5208/7649 3665/5201/7649
f 3713/5171/7650 3763/4949/7650 3712/4950/7650
f 3710/5209/7651 3711/5172/7651 3655/5126/7651
f 3888/5121/7652 3801/4836/7652 3881/5120/7652
f 3663/5208/7653 3717/4730/7653 3718/1651/7653
f 3655/5126/7654 3709/5210/7654 3710/5209/7654
f 3885/5152/7655 2589/3481/7655 3865/5147/7655
f 1487/2124/7656 3666/4994/7656 3665/5201/7656
f 3713/5171/7657 3711/5172/7657 3710/5209/7657
f 3658/5128/7658 3711/5172/7658 3657/5081/7658
f 3602/4922/7659 3633/5130/7659 3600/4874/7659
f 3654/5127/7660 3655/5126/7660 3658/5128/7660
f 3536/5185/7661 3510/5083/7661 3538/5056/7661
f 3711/5172/7662 3658/5128/7662 3655/5126/7662
f 3537/5143/7663 3509/5141/7663 3510/5083/7663
f 3665/5201/7664 3663/5208/7664 1487/2124/7664
f 3663/5208/7665 3718/1651/7665 1487/2124/7665
f 3666/4994/7666 1487/2124/7666 1486/2125/7666
f 3762/4946/7667 3710/5209/7667 3708/4947/7667
f 3708/4947/7668 3710/5209/7668 3709/5210/7668
f 3889/4794/7669 3886/5154/7669 3802/5194/7669
f 3681/4854/7670 3728/4907/7670 3729/5092/7670
f 3631/4792/7671 3632/4787/7671 3601/5054/7671
f 3560/4935/7672 3537/5143/7672 3536/5185/7672
f 3809/4795/7673 3811/5048/7673 3806/4720/7673
f 3601/5054/7674 3633/5130/7674 3602/4922/7674
f 3632/4787/7675 3630/4878/7675 3633/5130/7675
f 3530/5211/7676 3506/5053/7676 3531/4877/7676
f 3529/4830/7677 3504/4831/7677 3530/5211/7677
f 3531/4877/7678 3506/5053/7678 3505/4902/7678
f 3528/4903/7679 3529/4830/7679 3530/5211/7679
f 3528/4903/7680 3530/5211/7680 3531/4877/7680
f 3530/5211/7681 3504/4831/7681 3506/5053/7681
f 3536/5185/7682 3537/5143/7682 3510/5083/7682
f 3504/4831/7683 1219/2311/7683 3503/4688/7683
f 3529/4830/7684 1330/2301/7684 1219/2311/7684
f 3667/2288/7685 3666/4994/7685 1486/2125/7685
f 3877/5113/7686 2501/3395/7686 2576/5114/7686
f 3904/5212/7687 3994/5213/7687 4084/5214/7687
f 3918/5142/7688 3907/5215/7688 3905/5216/7688
f 3915/5217/7689 3910/5218/7689 3908/5219/7689
f 4030/5220/7690 4036/5221/7690 3933/5222/7690
f 3917/4906/7691 3907/5215/7691 3508/5140/7691
f 4030/5220/7692 3933/5222/7692 4013/5223/7692
f 2891/390/7693 3919/4104/7693 4019/5224/7693
f 4019/5224/7694 83/252/7694 2891/390/7694
f 4019/5224/7695 3919/4104/7695 3922/5225/7695
f 3920/5226/7696 774/957/7696 3914/5227/7696
f 3909/4433/7697 4109/5228/7697 3505/4902/7697
f 4055/5229/7698 3912/5230/7698 3923/5231/7698
f 785/958/7699 3914/5227/7699 774/957/7699
f 3977/5232/7700 4032/5233/7700 3411/4644/7700
f 4032/5233/7701 3924/4427/7701 3411/4644/7701
f 3912/5230/7702 3951/5234/7702 3921/5235/7702
f 4033/5236/7703 3440/4425/7703 3924/4427/7703
f 3922/5225/7704 3919/4104/7704 4045/5237/7704
f 761/1144/7705 774/957/7705 3920/5226/7705
f 3912/5230/7706 3921/5235/7706 3923/5231/7706
f 3945/5238/7707 4031/5239/7707 3929/5240/7707
f 3929/5240/7708 3930/5241/7708 3945/5238/7708
f 102/249/7709 87/253/7709 4111/2459/7709
f 4025/5242/7710 3997/5243/7710 3988/5244/7710
f 4098/5245/7711 4094/5246/7711 3936/5247/7711
f 3924/4427/7712 4032/5233/7712 4033/5236/7712
f 3912/5230/7713 4055/5229/7713 862/1150/7713
f 4017/5248/7714 3939/5249/7714 3988/5250/7714
f 3937/4475/7715 4024/5251/7715 3943/5252/7715
f 4111/2459/7716 3934/5253/7716 1850/2458/7716
f 3936/5247/7717 3943/5252/7717 4098/5245/7717
f 3932/5254/7718 3914/5227/7718 785/958/7718
f 4024/5251/7719 3937/4475/7719 4033/5236/7719
f 862/1150/7720 4055/5229/7720 3911/5255/7720
f 3503/4688/7721 3909/4433/7721 3506/5053/7721
f 3920/5226/7722 3912/5230/7722 862/1150/7722
f 83/252/7723 3934/5253/7723 87/253/7723
f 4033/5236/7724 3937/4475/7724 3440/4425/7724
f 3920/5226/7725 862/1150/7725 761/1144/7725
f 3937/4475/7726 3943/5252/7726 3936/5247/7726
f 87/253/7727 3934/5253/7727 4111/2459/7727
f 3935/5256/7728 3384/4344/7728 3989/4343/7728
f 3939/5249/7729 4084/5214/7729 3994/5213/7729
f 3521/5257/7730 4017/5248/7730 3997/5258/7730
f 83/252/7731 4019/5224/7731 3934/5253/7731
f 3944/5259/7732 3945/5260/7732 3949/5261/7732
f 4110/5262/7733 3957/5263/7733 4048/5264/7733
f 3526/1163/7734 3948/5265/7734 861/1162/7734
f 4083/5266/7735 4065/5267/7735 4082/5268/7735
f 3913/5269/7736 3925/5270/7736 3915/5217/7736
f 4067/5271/7737 3908/5219/7737 3906/5272/7737
f 3908/5219/7738 3913/5269/7738 3915/5217/7738
f 3925/5270/7739 3913/5269/7739 4028/5273/7739
f 3961/5274/7740 3958/5275/7740 3960/5276/7740
f 3961/5274/7741 3960/5276/7741 3962/5277/7741
f 4013/5223/7742 4060/5278/7742 3925/5270/7742
f 3917/4906/7743 4108/5279/7743 3907/5215/7743
f 3909/4433/7744 3482/4434/7744 3957/5263/7744
f 3970/2635/7745 3965/2611/7745 1971/2610/7745
f 3961/5274/7746 4100/5280/7746 4096/5281/7746
f 3966/5282/7747 3961/5274/7747 3962/5277/7747
f 3967/5283/7748 3966/5284/7748 3969/5285/7748
f 4100/5280/7749 3961/5274/7749 3966/5286/7749
f 3969/5287/7750 3966/5282/7750 3964/5288/7750
f 3966/5282/7751 3962/5277/7751 3964/5288/7751
f 3965/2611/7752 3970/2635/7752 3946/5289/7752
f 3921/5235/7753 3951/5234/7753 3926/5290/7753
f 3511/4954/7754 3918/5142/7754 3905/5216/7754
f 829/951/7755 4103/1177/7755 818/952/7755
f 3935/5256/7756 3933/5222/7756 3973/5291/7756
f 4034/5292/7757 3977/5232/7757 3973/5291/7757
f 4036/5221/7758 3952/5293/7758 3933/5222/7758
f 3973/5291/7759 3952/5293/7759 4034/5292/7759
f 4013/5223/7760 3925/5270/7760 4030/5220/7760
f 3952/5293/7761 3973/5291/7761 3933/5222/7761
f 3965/2611/7762 3947/5294/7762 3972/5295/7762
f 3973/5291/7763 3977/5232/7763 3412/4649/7763
f 3935/5256/7764 3973/5291/7764 3412/4649/7764
f 3975/5296/7765 3972/5295/7765 3947/5294/7765
f 3907/5215/7766 3918/5142/7766 3508/5140/7766
f 3975/5296/7767 3950/5297/7767 3979/5298/7767
f 3950/5299/7768 4003/5300/7768 3979/5301/7768
f 3972/5295/7769 3975/5296/7769 3979/5298/7769
f 3953/5302/7770 3972/5295/7770 3979/5298/7770
f 3947/5294/7771 3976/5303/7771 3975/5296/7771
f 3950/5299/7772 3975/5304/7772 3944/5305/7772
f 3506/5053/7773 3909/4433/7773 3505/4902/7773
f 3953/5302/7774 3965/2611/7774 3972/5295/7774
f 3953/5302/7775 1943/2608/7775 3965/2611/7775
f 1943/2608/7776 3953/5302/7776 1944/2614/7776
f 3914/5227/7777 3981/5306/7777 3951/5234/7777
f 3905/5216/7778 3907/5215/7778 3927/5307/7778
f 3907/5215/7779 3983/5308/7779 3927/5307/7779
f 3984/5309/7780 4090/5310/7780 3983/5308/7780
f 3907/5215/7781 3984/5309/7781 3983/5308/7781
f 3995/5311/7782 3985/5312/7782 3969/5287/7782
f 3964/5288/7783 3962/5277/7783 3960/5276/7783
f 3995/5311/7784 3996/5313/7784 3949/5261/7784
f 3994/5314/7785 3990/5315/7785 3988/5244/7785
f 3969/5287/7786 3992/5316/7786 3995/5311/7786
f 3960/5276/7787 3992/5316/7787 3964/5288/7787
f 3991/5317/7788 3998/5318/7788 3994/5314/7788
f 4108/5279/7789 3984/5309/7789 3907/5215/7789
f 3920/5226/7790 3914/5227/7790 3951/5234/7790
f 3995/5311/7791 3949/5261/7791 3945/5260/7791
f 3986/5319/7792 4000/5320/7792 4001/5321/7792
f 3989/4343/7793 3385/4342/7793 3362/4340/7793
f 4025/5242/7794 3988/5244/7794 3990/5315/7794
f 3990/5315/7795 3986/5319/7795 4025/5242/7795
f 3964/5288/7796 3992/5316/7796 3969/5287/7796
f 4000/5320/7797 3986/5319/7797 3998/5318/7797
f 4074/5322/7798 4002/5323/7798 3928/5324/7798
f 3986/5319/7799 3990/5315/7799 3998/5318/7799
f 3999/5325/7800 4008/5326/7800 4002/5323/7800
f 3999/5325/7801 4009/5327/7801 4008/5326/7801
f 3994/5213/7802 3904/5212/7802 3991/5328/7802
f 3995/5311/7803 3992/5316/7803 3996/5313/7803
f 3939/5249/7804 3994/5213/7804 3988/5250/7804
f 4075/5329/7805 3989/4343/7805 3362/4340/7805
f 3927/5307/7806 3983/5308/7806 4104/5330/7806
f 4068/5331/7807 3983/5308/7807 4090/5310/7807
f 3945/5260/7808 3985/5312/7808 3995/5311/7808
f 3945/5260/7809 3930/5332/7809 3985/5312/7809
f 4004/5333/7810 4003/5334/7810 4002/5323/7810
f 3940/4516/7811 4026/2626/7811 3362/5335/7811
f 3339/4515/7812 4026/2626/7812 3940/4516/7812
f 4003/5300/7813 4004/5336/7813 4007/5337/7813
f 3993/4029/7814 2887/4037/7814 4005/5338/7814
f 4057/5339/7815 4006/5340/7815 4018/969/7815
f 4002/5323/7816 4003/5334/7816 3999/5325/7816
f 4007/5337/7817 4011/5341/7817 4003/5300/7817
f 4004/5336/7818 3362/5342/7818 4026/5343/7818
f 2885/4000/7819 4018/960/7819 4006/5344/7819
f 4006/5340/7820 4012/5345/7820 4005/5346/7820
f 2887/4037/7821 2885/4000/7821 4006/5344/7821
f 4008/5326/7822 4013/5223/7822 3933/5222/7822
f 4013/5223/7823 4008/5326/7823 4009/5327/7823
f 4006/5340/7824 4057/5339/7824 4012/5345/7824
f 2887/4037/7825 4006/5344/7825 4005/5338/7825
f 4022/5347/7826 4005/5346/7826 4012/5345/7826
f 3979/5301/7827 4003/5300/7827 4011/5341/7827
f 695/961/7828 4018/960/7828 2885/4000/7828
f 3941/5348/7829 4019/5224/7829 3922/5225/7829
f 3987/5349/7830 3930/5241/7830 4015/5350/7830
f 3922/5225/7831 4015/5350/7831 3941/5348/7831
f 3516/4951/7832 4017/5248/7832 3521/5257/7832
f 3465/4457/7833 4086/5351/7833 3468/4422/7833
f 3929/5240/7834 4015/5350/7834 3930/5241/7834
f 3997/5258/7835 4017/5248/7835 3988/5250/7835
f 4045/5237/7836 4015/5350/7836 3922/5225/7836
f 4045/5237/7837 4022/5352/7837 4015/5350/7837
f 3468/4422/7838 4086/5351/7838 4048/5264/7838
f 3521/5257/7839 3515/5203/7839 3516/4951/7839
f 4022/5352/7840 3987/5349/7840 4015/5350/7840
f 4014/4953/7841 4017/5248/7841 3516/4951/7841
f 3384/4344/7842 3935/5256/7842 3399/4648/7842
f 4048/5264/7843 3482/4434/7843 3468/4422/7843
f 4048/5264/7844 3957/5263/7844 3482/4434/7844
f 4015/5350/7845 3929/5240/7845 3941/5348/7845
f 3935/5256/7846 3412/4649/7846 3399/4648/7846
f 3996/5313/7847 3992/5316/7847 3960/5276/7847
f 4023/5353/7848 4020/5354/7848 3926/5290/7848
f 3520/4736/7849 3521/4928/7849 4025/5242/7849
f 4095/5355/7850 4023/5353/7850 3926/5290/7850
f 3983/5308/7851 4068/5331/7851 4104/5330/7851
f 3926/5290/7852 4020/5354/7852 3921/5235/7852
f 4033/5236/7853 4035/5356/7853 4024/5251/7853
f 4020/5354/7854 3923/5231/7854 3921/5235/7854
f 4025/5242/7855 3521/4928/7855 3997/5243/7855
f 4016/872/7856 742/871/7856 3911/5255/7856
f 3959/5357/7857 3520/4736/7857 4025/5242/7857
f 862/1150/7858 3911/5255/7858 742/871/7858
f 3967/5283/7859 4021/5358/7859 3966/5284/7859
f 4021/5358/7860 3923/5231/7860 4020/5354/7860
f 4007/5359/7861 4026/2626/7861 1973/2613/7861
f 4021/5358/7862 4058/5360/7862 3923/5231/7862
f 4020/5354/7863 4023/5353/7863 4021/5358/7863
f 4025/5242/7864 3986/5319/7864 3959/5357/7864
f 3971/5361/7865 4103/1177/7865 861/1162/7865
f 3932/5254/7866 3980/5362/7866 3914/5227/7866
f 4004/5363/7867 4026/2626/7867 4007/5359/7867
f 3933/5222/7868 3935/5256/7868 3928/5324/7868
f 3926/5290/7869 3951/5234/7869 3982/5364/7869
f 3943/5252/7870 4024/5251/7870 4035/5356/7870
f 4074/5322/7871 3928/5324/7871 3935/5256/7871
f 3912/5230/7872 3920/5226/7872 3951/5234/7872
f 3947/5294/7873 3929/5240/7873 4031/5239/7873
f 3928/5324/7874 4008/5326/7874 3933/5222/7874
f 3986/5319/7875 4001/5321/7875 3959/5357/7875
f 3928/5324/7876 4002/5323/7876 4008/5326/7876
f 3994/5314/7877 3998/5318/7877 3990/5315/7877
f 4035/5356/7878 4032/5233/7878 4034/5292/7878
f 3946/5289/7879 3947/5294/7879 3965/2611/7879
f 4035/5356/7880 4033/5236/7880 4032/5233/7880
f 4029/5365/7881 3947/5294/7881 3946/5289/7881
f 3946/5289/7882 3942/5366/7882 4029/5365/7882
f 3976/5303/7883 4031/5239/7883 3944/5367/7883
f 4029/5365/7884 3929/5240/7884 3947/5294/7884
f 4037/5368/7885 3943/5252/7885 4035/5356/7885
f 3970/2635/7886 3942/5366/7886 3946/5289/7886
f 4032/5233/7887 3977/5232/7887 4034/5292/7887
f 4027/5369/7888 4042/5370/7888 4040/5371/7888
f 3945/5372/7889 3944/5305/7889 4031/5373/7889
f 3968/5374/7890 3978/5375/7890 4041/5376/7890
f 4105/5377/7891 4042/5370/7891 4027/5369/7891
f 4047/4737/7892 3959/5357/7892 4044/5378/7892
f 4031/5239/7893 3976/5303/7893 3947/5294/7893
f 4035/5356/7894 4034/5292/7894 3952/5293/7894
f 4037/5368/7895 4035/5356/7895 4036/5221/7895
f 3978/5375/7896 4039/5379/7896 4041/5376/7896
f 3963/5380/7897 4096/5281/7897 4099/5381/7897
f 4041/5376/7898 4042/5370/7898 4105/5377/7898
f 3975/5304/7899 3976/5382/7899 3944/5305/7899
f 4000/5320/7900 4039/5379/7900 4038/5383/7900
f 3931/5384/7901 4045/5237/7901 3993/4029/7901
f 3910/5218/7902 3963/5380/7902 4099/5381/7902
f 3952/5293/7903 4036/5221/7903 4035/5356/7903
f 3981/5306/7904 3982/5364/7904 3951/5234/7904
f 4096/5281/7905 3963/5380/7905 3961/5274/7905
f 861/1162/7906 3948/5265/7906 3971/5361/7906
f 4001/5321/7907 4000/5320/7907 4038/5383/7907
f 3948/5265/7908 3524/4803/7908 3971/5361/7908
f 3971/5361/7909 3524/4803/7909 4043/5385/7909
f 3963/5380/7910 3910/5218/7910 3916/5386/7910
f 3524/4803/7911 3518/4800/7911 4044/5378/7911
f 3524/4803/7912 3948/5265/7912 3526/1163/7912
f 4047/4737/7913 4044/5378/7913 3518/4800/7913
f 4041/5376/7914 4039/5379/7914 4042/5370/7914
f 2889/4100/7915 3993/4029/7915 3919/4104/7915
f 3919/4104/7916 3993/4029/7916 4045/5237/7916
f 3915/5217/7917 3916/5386/7917 3910/5218/7917
f 4026/2626/7918 3339/4515/7918 1963/601/7918
f 3524/4803/7919 4044/5378/7919 4043/5385/7919
f 3982/5364/7920 3981/5306/7920 4059/5387/7920
f 4046/5388/7921 3963/5380/7921 3916/5386/7921
f 3905/5216/7922 3512/4952/7922 3511/4954/7922
f 3981/5306/7923 3980/5362/7923 4059/5387/7923
f 3977/5232/7924 3411/4644/7924 3412/4649/7924
f 3905/5216/7925 4049/5389/7925 3512/4952/7925
f 4016/872/7926 4018/969/7926 697/907/7926
f 4051/5390/7927 4052/5391/7927 3906/5272/7927
f 4053/2640/7928 3942/5366/7928 3970/2635/7928
f 4050/5392/7929 4059/5387/7929 4040/5371/7929
f 3911/5255/7930 4057/5339/7930 4016/872/7930
f 4054/5393/7931 4055/5229/7931 4058/5360/7931
f 4051/5394/7932 3910/5395/7932 4056/5396/7932
f 4058/5360/7933 4055/5229/7933 3923/5231/7933
f 3512/4952/7934 4049/5389/7934 4014/4953/7934
f 3908/5219/7935 3910/5218/7935 4051/5390/7935
f 3911/5255/7936 4055/5229/7936 4057/5339/7936
f 3905/5216/7937 3927/5307/7937 4073/5397/7937
f 4045/5237/7938 3931/5384/7938 4022/5352/7938
f 4060/5278/7939 4010/5398/7939 3956/5399/7939
f 4060/5278/7940 3956/5399/7940 4046/5388/7940
f 4052/5400/7941 4051/5394/7941 4050/5392/7941
f 4060/5278/7942 4046/5388/7942 3916/5386/7942
f 3906/5272/7943 3908/5219/7943 4051/5390/7943
f 3915/5217/7944 3925/5270/7944 4060/5278/7944
f 4050/5392/7945 4056/5396/7945 4059/5387/7945
f 4056/5396/7946 4050/5392/7946 4051/5394/7946
f 4080/5401/7947 4052/5400/7947 4050/5392/7947
f 4054/5393/7948 4012/5345/7948 4057/5339/7948
f 4060/5278/7949 3916/5386/7949 3915/5217/7949
f 4062/5402/7950 4092/5403/7950 4061/5404/7950
f 4066/5405/7951 3908/5219/7951 4067/5271/7951
f 4054/5393/7952 4057/5339/7952 4055/5229/7952
f 4104/5330/7953 4068/5331/7953 4064/5406/7953
f 1944/2614/7954 3979/5298/7954 4011/5407/7954
f 3953/5302/7955 3979/5298/7955 1944/2614/7955
f 4093/5408/7956 4092/5403/7956 4062/5402/7956
f 4068/5331/7957 4062/5402/7957 4063/5409/7957
f 1944/2614/7958 4007/5359/7958 1973/2613/7958
f 4063/5409/7959 4062/5402/7959 4061/5404/7959
f 4079/5410/7960 4082/5268/7960 4065/5267/7960
f 4094/5246/7961 4070/5411/7961 4072/5412/7961
f 4063/5409/7962 4061/5404/7962 4072/5412/7962
f 4072/5412/7963 4061/5404/7963 4094/5246/7963
f 4070/5411/7964 4071/5413/7964 4066/5405/7964
f 3939/5249/7965 4049/5389/7965 4073/5397/7965
f 4063/5409/7966 4072/5412/7966 4064/5406/7966
f 4072/5412/7967 4069/5414/7967 4081/5415/7967
f 4081/5415/7968 4064/5406/7968 4072/5412/7968
f 4067/5271/7969 4079/5410/7969 4065/5267/7969
f 4064/5406/7970 4068/5331/7970 4063/5409/7970
f 4049/5389/7971 3905/5216/7971 4073/5397/7971
f 4007/5359/7972 1944/2614/7972 4011/5407/7972
f 4013/5223/7973 3938/5416/7973 4060/5278/7973
f 4049/5389/7974 4017/5248/7974 4014/4953/7974
f 3939/5249/7975 4017/5248/7975 4049/5389/7975
f 4013/5223/7976 4009/5327/7976 3938/5416/7976
f 4004/5333/7977 4075/5329/7977 3362/4340/7977
f 4010/5398/7978 3958/5275/7978 3956/5399/7978
f 3970/2635/7979 1972/2636/7979 4053/2640/7979
f 4028/5273/7980 3913/5269/7980 4071/5413/7980
f 4070/5411/7981 4066/5405/7981 4065/5267/7981
f 3914/5227/7982 3980/5362/7982 3981/5306/7982
f 4036/5221/7983 4028/5273/7983 4037/5368/7983
f 3989/4343/7984 4075/5329/7984 4074/5322/7984
f 4109/5228/7985 3957/5263/7985 4108/5279/7985
f 4039/5379/7986 4077/5417/7986 4042/5370/7986
f 4004/5333/7987 4002/5323/7987 4075/5329/7987
f 4089/5418/7988 3938/5416/7988 4009/5327/7988
f 4077/5417/7989 4076/5419/7989 4042/5370/7989
f 4060/5278/7990 3938/5416/7990 4010/5398/7990
f 3913/5269/7991 3908/5219/7991 4066/5405/7991
f 4076/5419/7992 4077/5417/7992 3955/5420/7992
f 4042/5370/7993 4080/5401/7993 4040/5371/7993
f 4077/5417/7994 4078/5421/7994 3955/5420/7994
f 4080/5401/7995 4050/5392/7995 4040/5371/7995
f 4071/5413/7996 3913/5269/7996 4066/5405/7996
f 4078/5421/7997 4077/5417/7997 4000/5320/7997
f 3954/5422/7998 3955/5423/7998 4078/5424/7998
f 4067/5271/7999 4065/5267/7999 4066/5405/7999
f 4039/5379/8000 4000/5320/8000 4077/5417/8000
f 4083/5266/8001 4070/5411/8001 4065/5267/8001
f 4082/5268/8002 4079/5410/8002 4076/5425/8002
f 4083/5266/8003 4082/5268/8003 3955/5423/8003
f 4081/5415/8004 4069/5414/8004 4083/5266/8004
f 4067/5271/8005 4052/5391/8005 4079/5410/8005
f 3991/5317/8006 4078/5421/8006 3998/5318/8006
f 4079/5410/8007 4052/5391/8007 4076/5425/8007
f 3904/5212/8008 3954/5422/8008 4078/5424/8008
f 3955/5423/8009 3954/5422/8009 4083/5266/8009
f 3955/5420/8010 4082/5426/8010 4076/5419/8010
f 4085/5427/8011 4083/5266/8011 3954/5422/8011
f 3904/5212/8012 4085/5427/8012 3954/5422/8012
f 4084/5214/8013 4081/5415/8013 4085/5427/8013
f 4070/5411/8014 4069/5414/8014 4072/5412/8014
f 3998/5318/8015 4078/5421/8015 4000/5320/8015
f 4083/5266/8016 4069/5414/8016 4070/5411/8016
f 4087/5428/8017 3974/4459/8017 4091/5429/8017
f 3904/5212/8018 4078/5424/8018 3991/5328/8018
f 4081/5415/8019 4083/5266/8019 4085/5427/8019
f 4101/4471/8020 3936/5247/8020 4091/5429/8020
f 4101/4471/8021 3937/4475/8021 3936/5247/8021
f 4084/5214/8022 4085/5427/8022 3904/5212/8022
f 3453/4456/8023 3974/4459/8023 4086/5351/8023
f 4052/5400/8024 4080/5401/8024 4076/5419/8024
f 4076/5419/8025 4080/5401/8025 4042/5370/8025
f 4052/5391/8026 4067/5271/8026 3906/5272/8026
f 4086/5351/8027 3974/4459/8027 4087/5428/8027
f 4075/5329/8028 4002/5323/8028 4074/5322/8028
f 4094/5246/8029 4061/5404/8029 4092/5403/8029
f 4087/5428/8030 4068/5331/8030 4090/5310/8030
f 4098/5245/8031 3943/5252/8031 4037/5368/8031
f 4091/5429/8032 3974/4459/8032 4101/4471/8032
f 4064/5406/8033 4081/5415/8033 4084/5214/8033
f 4089/5418/8034 4009/5327/8034 4088/5430/8034
f 4068/5331/8035 4093/5408/8035 4062/5402/8035
f 3936/5247/8036 4092/5403/8036 4091/5429/8036
f 4092/5403/8037 4093/5408/8037 4091/5429/8037
f 3949/5261/8038 3950/5431/8038 3944/5259/8038
f 4087/5428/8039 4091/5429/8039 4093/5408/8039
f 3950/5431/8040 4088/5430/8040 3999/5325/8040
f 3936/5247/8041 4094/5246/8041 4092/5403/8041
f 3989/4343/8042 4074/5322/8042 3935/5256/8042
f 3999/5325/8043 4088/5430/8043 4009/5327/8043
f 3980/5362/8044 4040/5371/8044 4059/5387/8044
f 3950/5431/8045 3999/5325/8045 4003/5334/8045
f 4110/5262/8046 4086/5351/8046 4087/5428/8046
f 3950/5431/8047 3949/5261/8047 4088/5430/8047
f 4027/5369/8048 4040/5371/8048 3980/5362/8048
f 4087/5428/8049 4090/5310/8049 4110/5262/8049
f 4088/5430/8050 3949/5261/8050 4089/5418/8050
f 4096/5432/8051 4095/5355/8051 4097/5433/8051
f 4028/5273/8052 4071/5413/8052 4098/5245/8052
f 4098/5245/8053 4037/5368/8053 4028/5273/8053
f 4087/5428/8054 4093/5408/8054 4068/5331/8054
f 3974/4459/8055 3454/4460/8055 4101/4471/8055
f 4071/5413/8056 4070/5411/8056 4094/5246/8056
f 4056/5396/8057 3910/5395/8057 4099/5434/8057
f 4097/5433/8058 4095/5355/8058 3982/5364/8058
f 4018/969/8059 4016/872/8059 4057/5339/8059
f 4094/5246/8060 4098/5245/8060 4071/5413/8060
f 3987/5435/8061 3985/5436/8061 3930/5437/8061
f 3982/5364/8062 4059/5387/8062 4097/5433/8062
f 4056/5396/8063 4097/5433/8063 4059/5387/8063
f 4043/5385/8064 4044/5378/8064 3959/5357/8064
f 3971/5361/8065 4038/5383/8065 4103/1177/8065
f 3969/5285/8066 4106/5438/8066 3967/5283/8066
f 4097/5433/8067 4056/5396/8067 4099/5434/8067
f 3985/5436/8068 3987/5435/8068 4106/5438/8068
f 4086/5351/8069 3465/4457/8069 3453/4456/8069
f 4099/5434/8070 4096/5432/8070 4097/5433/8070
f 4095/5355/8071 4096/5432/8071 4100/5439/8071
f 4001/5321/8072 4043/5385/8072 3959/5357/8072
f 4089/5418/8073 3996/5313/8073 3960/5276/8073
f 4054/5393/8074 4058/5360/8074 4102/5440/8074
f 4058/5360/8075 4021/5358/8075 4102/5440/8075
f 4106/5438/8076 3969/5285/8076 3985/5436/8076
f 4102/5440/8077 4012/5345/8077 4054/5393/8077
f 4084/5214/8078 4104/5330/8078 4064/5406/8078
f 4022/5441/8079 4102/5440/8079 3987/5435/8079
f 3931/5384/8080 3993/4029/8080 4005/5338/8080
f 4047/4737/8081 3520/4736/8081 3959/5357/8081
f 4106/5438/8082 4102/5440/8082 4021/5358/8082
f 3931/5384/8083 4005/5338/8083 4022/5352/8083
f 3987/5435/8084 4102/5440/8084 4106/5438/8084
f 4023/5353/8085 4095/5355/8085 4100/5439/8085
f 4012/5345/8086 4102/5440/8086 4022/5441/8086
f 3949/5261/8087 3996/5313/8087 4089/5418/8087
f 3967/5283/8088 4106/5438/8088 4021/5358/8088
f 4073/5397/8089 3927/5307/8089 4104/5330/8089
f 3966/5284/8090 4021/5358/8090 4100/5439/8090
f 4107/4905/8091 4109/5228/8091 4108/5279/8091
f 4073/5397/8092 4104/5330/8092 4084/5214/8092
f 4023/5353/8093 4100/5439/8093 4021/5358/8093
f 4107/4905/8094 3507/4901/8094 4109/5228/8094
f 3917/4906/8095 4107/4905/8095 4108/5279/8095
f 4103/1177/8096 3978/5375/8096 818/952/8096
f 3971/5361/8097 4043/5385/8097 4001/5321/8097
f 793/1129/8098 4105/5377/8098 3932/5254/8098
f 3968/5374/8099 4105/5377/8099 793/1129/8099
f 3934/5253/8100 4019/5224/8100 3942/5366/8100
f 3941/5348/8101 3929/5240/8101 4029/5365/8101
f 793/1129/8102 804/917/8102 818/952/8102
f 4053/2640/8103 1850/2458/8103 3942/5366/8103
f 4109/5228/8104 3909/4433/8104 3957/5263/8104
f 4109/5228/8105 3507/4901/8105 3505/4902/8105
f 818/952/8106 3968/5374/8106 793/1129/8106
f 4019/5224/8107 3941/5348/8107 3942/5366/8107
f 818/952/8108 3978/5375/8108 3968/5374/8108
f 3968/5374/8109 4041/5376/8109 4105/5377/8109
f 3942/5366/8110 3941/5348/8110 4029/5365/8110
f 1850/2458/8111 3934/5253/8111 3942/5366/8111
f 4027/5369/8112 3980/5362/8112 4105/5377/8112
f 4105/5377/8113 3980/5362/8113 3932/5254/8113
f 4089/5418/8114 3960/5276/8114 3958/5275/8114
f 97/399/8115 102/249/8115 4111/2459/8115
f 105/398/8116 97/399/8116 4111/2459/8116
f 4038/5383/8117 3978/5375/8117 4103/1177/8117
f 4030/5220/8118 3925/5270/8118 4028/5273/8118
f 3957/5263/8119 4110/5262/8119 4108/5279/8119
f 3982/5364/8120 4095/5355/8120 3926/5290/8120
f 4108/5279/8121 4110/5262/8121 3984/5309/8121
f 785/958/8122 793/1129/8122 3932/5254/8122
f 3956/5399/8123 3958/5275/8123 3961/5274/8123
f 3938/5416/8124 4089/5418/8124 4010/5398/8124
f 4110/5262/8125 4048/5264/8125 4086/5351/8125
f 3963/5380/8126 4046/5388/8126 3956/5399/8126
f 3978/5375/8127 4038/5383/8127 4039/5379/8127
f 3971/5361/8128 4001/5321/8128 4038/5383/8128
f 4110/5262/8129 4090/5310/8129 3984/5309/8129
f 4073/5397/8130 4084/5214/8130 3939/5249/8130
f 4036/5221/8131 4030/5220/8131 4028/5273/8131
f 3956/5399/8132 3961/5274/8132 3963/5380/8132
f 4010/5398/8133 4089/5418/8133 3958/5275/8133
f 3453/4456/8134 3451/4458/8134 3974/4459/8134
f 4297/5442/8135 4294/5443/8135 4300/5444/8135
f 4307/5445/8136 4314/5446/8136 4315/5447/8136
f 4314/5446/8137 4401/5448/8137 4399/5449/8137
f 4393/5450/8138 4301/5451/8138 4385/5452/8138
f 4313/5453/8139 4312/5454/8139 4316/5455/8139
f 4311/5456/8140 4306/5457/8140 4397/5458/8140
f 4396/5459/8141 4311/5456/8141 4397/5458/8141
f 4313/5453/8142 4315/5447/8142 4314/5446/8142
f 4310/5460/8143 4309/5461/8143 4308/5462/8143
f 4243/5463/8144 4316/5455/8144 4312/5454/8144
f 4313/5453/8145 4316/5455/8145 4315/5447/8145
f 4317/5464/8146 4307/5445/8146 4316/5455/8146
f 4245/5465/8147 4309/5461/8147 4317/5464/8147
f 4317/5464/8148 4310/5460/8148 4307/5445/8148
f 4304/5466/8149 4237/5467/8149 4236/5468/8149
f 4316/5455/8150 4243/5463/8150 4245/5465/8150
f 4393/5450/8151 4385/5452/8151 4388/5469/8151
f 4141/5470/8152 4124/5471/8152 4123/1184/8152
f 4399/5449/8153 4313/5453/8153 4314/5446/8153
f 4304/5466/8154 4236/5468/8154 4303/5472/8154
f 4129/1094/8155 4148/4985/8155 3523/4986/8155
f 4311/5456/8156 4307/5445/8156 4306/5457/8156
f 4245/5465/8157 4317/5464/8157 4316/5455/8157
f 4123/1184/8158 4124/5471/8158 4125/864/8158
f 4316/5455/8159 4307/5445/8159 4315/5447/8159
f 4299/5473/8160 4300/5444/8160 4383/5474/8160
f 4317/5464/8161 4309/5461/8161 4310/5460/8161
f 4309/5461/8162 4305/5475/8162 4308/5462/8162
f 4161/5476/8163 4122/5477/8163 4137/5478/8163
f 4141/5470/8164 4139/5479/8164 4140/5480/8164
f 4314/5446/8165 4307/5445/8165 4311/5456/8165
f 4240/5481/8166 4305/5475/8166 4309/5461/8166
f 4314/5446/8167 4311/5456/8167 4401/5448/8167
f 4245/5465/8168 4243/5463/8168 4244/5482/8168
f 4169/5483/8169 4171/5484/8169 4147/5485/8169
f 4306/5457/8170 4307/5445/8170 4310/5460/8170
f 4300/5444/8171 4298/5486/8171 4383/5474/8171
f 4385/5452/8172 4301/5451/8172 4299/5473/8172
f 4308/5462/8173 4306/5457/8173 4310/5460/8173
f 4299/5473/8174 4297/5442/8174 4300/5444/8174
f 4139/5479/8175 4141/5470/8175 4122/5477/8175
f 4330/5487/8176 4250/1816/8176 1659/1821/8176
f 4302/5488/8177 4303/5472/8177 4301/5451/8177
f 4140/5480/8178 4164/5489/8178 4142/5490/8178
f 4301/5451/8179 4236/5468/8179 4234/5491/8179
f 1668/1822/8180 4326/5492/8180 4330/5487/8180
f 4241/5493/8181 4200/5494/8181 4172/5495/8181
f 4141/5470/8182 4123/1184/8182 4122/5477/8182
f 1659/1821/8183 1668/1822/8183 4330/5487/8183
f 1481/1807/8184 4250/1816/8184 4252/5496/8184
f 1988/5497/8185 1992/5498/8185 1991/5499/8185
f 2004/3222/8186 4552/5500/8186 4545/5501/8186
f 4383/5474/8187 4385/5452/8187 4299/5473/8187
f 4551/2259/8188 4549/5502/8188 4547/5503/8188
f 4161/5476/8189 4139/5479/8189 4122/5477/8189
f 4123/1184/8190 4136/5504/8190 4122/5477/8190
f 4171/5484/8191 3574/4984/8191 4147/5485/8191
f 1657/5505/8192 4551/5506/8192 4547/5507/8192
f 4163/5508/8193 4139/5479/8193 4160/5509/8193
f 4160/5509/8194 4139/5479/8194 4161/5476/8194
f 4170/5510/8195 4171/5484/8195 4172/5495/8195
f 4162/5511/8196 4186/5512/8196 4163/5508/8196
f 2004/3222/8197 4545/5501/8197 4550/5513/8197
f 4188/5514/8198 4163/5508/8198 4186/5512/8198
f 4170/5510/8199 4172/5495/8199 4200/5494/8199
f 4147/5485/8200 4144/5515/8200 4169/5483/8200
f 4297/5442/8201 4233/5516/8201 4288/5517/8201
f 4172/5495/8202 4171/5484/8202 4169/5483/8202
f 4164/5489/8203 4163/5508/8203 4190/5518/8203
f 4546/5519/8204 4422/5520/8204 4547/5503/8204
f 4163/5508/8205 4160/5509/8205 4162/5511/8205
f 4200/5494/8206 4241/5493/8206 4199/5521/8206
f 1988/5522/8207 4549/5523/8207 1770/5524/8207
f 1481/1807/8208 4252/5496/8208 1484/1711/8208
f 1988/5525/8209 1989/5526/8209 4550/5527/8209
f 4546/5519/8210 4550/5513/8210 4545/5501/8210
f 4552/5500/8211 4553/5528/8211 4558/5529/8211
f 1770/5530/8212 4549/5531/8212 4551/5532/8212
f 4546/5519/8213 4547/5503/8213 4549/5502/8213
f 4544/5533/8214 3818/4863/8214 3814/4889/8214
f 4552/5500/8215 4558/5529/8215 4546/5519/8215
f 4552/5500/8216 4546/5519/8216 4545/5501/8216
f 1988/5534/8217 4550/5513/8217 4549/5502/8217
f 4553/5528/8218 4552/5500/8218 4564/3223/8218
f 1658/1865/8219 4424/5535/8219 1660/1848/8219
f 2004/3222/8220 4564/3223/8220 4552/5500/8220
f 4549/5502/8221 4550/5513/8221 4546/5519/8221
f 4546/5519/8222 4558/5529/8222 4548/5536/8222
f 4422/5520/8223 4424/5535/8223 4547/5503/8223
f 4437/5537/8224 4554/5538/8224 4556/5539/8224
f 4558/5529/8225 4553/5528/8225 4557/5540/8225
f 4558/5529/8226 4555/5541/8226 4548/5536/8226
f 4544/5533/8227 4412/5542/8227 4537/5543/8227
f 4555/5544/8228 4554/5538/8228 4434/5545/8228
f 1658/1865/8229 1657/2251/8229 4424/5535/8229
f 4412/5542/8230 4411/5546/8230 4537/5543/8230
f 4557/5540/8231 4554/5538/8231 4558/5529/8231
f 4434/5545/8232 4554/5538/8232 4437/5537/8232
f 4548/5547/8233 4420/5548/8233 4422/5520/8233
f 4422/5520/8234 4423/5549/8234 4424/5535/8234
f 4556/5539/8235 4554/5538/8235 4557/5540/8235
f 1657/2251/8236 4547/5503/8236 4424/5535/8236
f 3814/4889/8237 3817/4944/8237 4412/5542/8237
f 4437/5537/8238 4438/5550/8238 4434/5545/8238
f 4546/5519/8239 4548/5536/8239 4422/5520/8239
f 1988/5522/8240 1770/5524/8240 1773/5551/8240
f 4554/5538/8241 4555/5541/8241 4558/5529/8241
f 4555/5544/8242 4434/5545/8242 4548/5547/8242
f 4533/5552/8243 4542/5553/8243 4535/5554/8243
f 4420/5548/8244 4548/5547/8244 4434/5545/8244
f 4415/5555/8245 3761/4948/8245 3708/4947/8245
f 4170/5510/8246 4201/5123/8246 3586/5088/8246
f 4392/5556/8247 4395/5557/8247 4388/5558/8247
f 4544/5533/8248 3814/4889/8248 4412/5542/8248
f 4414/5559/8249 4318/5560/8249 4408/5561/8249
f 4538/5562/8250 4539/5563/8250 4542/5553/8250
f 4509/5564/8251 4516/5565/8251 4392/5566/8251
f 4171/5484/8252 3586/5088/8252 3574/4984/8252
f 4504/5567/8253 4511/5568/8253 4509/5569/8253
f 4503/5570/8254 4508/5571/8254 4511/5572/8254
f 4411/5546/8255 4409/5573/8255 4406/5574/8255
f 2166/3500/8256 2181/3502/8256 4582/5575/8256
f 4635/5576/8257 4637/5577/8257 4630/5578/8257
f 4502/5579/8258 4504/5580/8258 4389/5581/8258
f 2470/5582/8259 4637/5577/8259 4635/5576/8259
f 4522/5583/8260 4395/5584/8260 4516/5585/8260
f 4392/5586/8261 4504/5587/8261 4509/5588/8261
f 4391/5589/8262 4388/5469/8262 4385/5452/8262
f 4502/5579/8263 4511/5590/8263 4504/5580/8263
f 4389/5581/8264 4390/5591/8264 4387/5592/8264
f 4392/5566/8265 4388/5469/8265 4390/5591/8265
f 3818/4863/8266 4544/5533/8266 4543/5593/8266
f 4393/5450/8267 4388/5469/8267 4395/5594/8267
f 4522/5583/8268 4509/5595/8268 4517/5596/8268
f 4420/5548/8269 4423/5549/8269 4422/5520/8269
f 4540/5597/8270 4405/5598/8270 4402/5599/8270
f 4519/5600/8271 4510/5601/8271 4508/5602/8271
f 4504/5580/8272 4392/5566/8272 4390/5591/8272
f 4509/5595/8273 4522/5583/8273 4516/5585/8273
f 4511/5590/8274 4502/5579/8274 4503/5603/8274
f 4488/5604/8275 4507/5605/8275 4501/5606/8275
f 4395/5607/8276 4392/5566/8276 4516/5565/8276
f 4511/5608/8277 4508/5609/8277 4510/5610/8277
f 2473/5611/8278 2454/5612/8278 4637/5613/8278
f 4519/5614/8279 4509/5615/8279 4510/5616/8279
f 4298/5486/8280 4296/5617/8280 4376/5618/8280
f 4509/5619/8281 4511/5620/8281 4510/5621/8281
f 4495/5622/8282 4389/5581/8282 4505/5623/8282
f 4384/5624/8283 4383/5474/8283 4298/5486/8283
f 4502/5579/8284 4389/5581/8284 4495/5622/8284
f 1992/5625/8285 1988/5626/8285 1773/5627/8285
f 4504/5580/8286 4390/5591/8286 4389/5581/8286
f 4387/5592/8287 4386/5628/8287 4389/5581/8287
f 4385/5452/8288 4383/5474/8288 4391/5589/8288
f 4495/5622/8289 4505/5623/8289 4496/5629/8289
f 4501/5606/8290 4502/5579/8290 4495/5622/8290
f 4405/5598/8291 4540/5597/8291 4407/5630/8291
f 4538/5562/8292 4533/5552/8292 4528/5631/8292
f 4404/5632/8293 4540/5597/8293 4402/5599/8293
f 4507/5605/8294 4503/5603/8294 4502/5579/8294
f 4391/5589/8295 4387/5592/8295 4390/5591/8295
f 4388/5469/8296 4391/5589/8296 4390/5591/8296
f 4192/5633/8297 4238/5634/8297 4237/5635/8297
f 4399/5449/8298 4402/5599/8298 4318/5560/8298
f 4539/5563/8299 4537/5543/8299 4535/5554/8299
f 4536/5636/8300 4544/5533/8300 4537/5543/8300
f 4405/5598/8301 4408/5561/8301 4410/5637/8301
f 4386/5628/8302 4384/5624/8302 4382/5638/8302
f 4507/5605/8303 4502/5579/8303 4501/5606/8303
f 4391/5589/8304 4383/5474/8304 4384/5624/8304
f 4537/5543/8305 4411/5546/8305 4535/5554/8305
f 4238/5639/8306 4234/5491/8306 4236/5468/8306
f 4391/5589/8307 4384/5624/8307 4387/5592/8307
f 4505/5623/8308 4389/5581/8308 4386/5628/8308
f 4386/5628/8309 4387/5592/8309 4384/5624/8309
f 4272/5640/8310 4286/5641/8310 4284/5642/8310
f 4193/5643/8311 4235/5644/8311 4192/5645/8311
f 4238/5639/8312 4235/5644/8312 4234/5491/8312
f 4408/5561/8313 4318/5560/8313 4410/5637/8313
f 4534/5646/8314 4541/5647/8314 4536/5636/8314
f 4544/5533/8315 4536/5636/8315 4541/5647/8315
f 4193/5643/8316 4165/5648/8316 4191/5649/8316
f 4237/5467/8317 4238/5639/8317 4236/5468/8317
f 4408/5561/8318 4405/5598/8318 4406/5574/8318
f 4238/5639/8319 4192/5645/8319 4235/5644/8319
f 4147/5485/8320 4129/1094/8320 4127/5650/8320
f 4129/1094/8321 850/1092/8321 4127/5650/8321
f 4123/1184/8322 4125/864/8322 856/1182/8322
f 4407/5630/8323 4535/5554/8323 4411/5546/8323
f 4146/5651/8324 4147/5485/8324 4127/5650/8324
f 4406/5574/8325 4407/5630/8325 4411/5546/8325
f 4410/5637/8326 4318/5560/8326 4402/5599/8326
f 4281/5652/8327 4282/5653/8327 4280/5654/8327
f 3574/4984/8328 4148/4985/8328 4129/1094/8328
f 4541/5647/8329 4543/5593/8329 4544/5533/8329
f 4283/5655/8330 4282/5653/8330 4226/5656/8330
f 4190/5518/8331 4191/5649/8331 4165/5648/8331
f 4539/5563/8332 4535/5554/8332 4542/5553/8332
f 4272/5640/8333 4359/5657/8333 4372/5658/8333
f 4540/5597/8334 4533/5552/8334 4535/5554/8334
f 4373/5659/8335 4285/5660/8335 4372/5658/8335
f 4406/5574/8336 4409/5573/8336 4408/5561/8336
f 4234/5491/8337 4235/5644/8337 4191/5649/8337
f 4274/5661/8338 4270/5662/8338 4272/5640/8338
f 4371/5663/8339 4373/5659/8339 4372/5658/8339
f 4147/5485/8340 4146/5651/8340 4144/5515/8340
f 4411/5546/8341 4412/5542/8341 4409/5573/8341
f 4536/5636/8342 4537/5543/8342 4539/5563/8342
f 4193/5643/8343 4191/5649/8343 4235/5644/8343
f 4538/5562/8344 4542/5553/8344 4533/5552/8344
f 4536/5636/8345 4539/5563/8345 4534/5646/8345
f 4123/1184/8346 844/915/8346 4136/5504/8346
f 4191/5649/8347 4190/5518/8347 4189/5664/8347
f 4275/5665/8348 4270/5662/8348 4273/5666/8348
f 4273/5666/8349 4271/5667/8349 4275/5665/8349
f 4410/5637/8350 4402/5599/8350 4405/5598/8350
f 3820/4862/8351 4642/5668/8351 4643/5055/8351
f 3574/4984/8352 4129/1094/8352 4147/5485/8352
f 3820/4862/8353 4543/5593/8353 4642/5668/8353
f 4189/5664/8354 4190/5518/8354 4163/5508/8354
f 4406/5574/8355 4405/5598/8355 4407/5630/8355
f 4280/5654/8356 4283/5655/8356 4225/5669/8356
f 4189/5664/8357 4163/5508/8357 4188/5514/8357
f 4281/5652/8358 4284/5642/8358 4286/5641/8358
f 4336/5670/8359 4256/5671/8359 4331/5672/8359
f 4224/5673/8360 4189/5664/8360 4187/5674/8360
f 4407/5630/8361 4540/5597/8361 4535/5554/8361
f 4329/5675/8362 4250/1816/8362 4330/5487/8362
f 4284/5642/8363 4281/5652/8363 4274/5661/8363
f 4256/5671/8364 4255/5676/8364 4328/5677/8364
f 4285/5660/8365 4286/5641/8365 4372/5658/8365
f 4540/5597/8366 4530/5678/8366 4533/5552/8366
f 4261/5679/8367 4255/5676/8367 4257/5680/8367
f 4331/5672/8368 4328/5677/8368 4327/5681/8368
f 4231/5682/8369 4224/5673/8369 4229/5683/8369
f 4357/5684/8370 4276/5685/8370 4275/5665/8370
f 4328/5677/8371 4329/5675/8371 4327/5681/8371
f 2495/5050/8372 3872/4971/8372 4643/5055/8372
f 4357/5684/8373 4267/5686/8373 4347/5687/8373
f 4228/5688/8374 4187/5674/8374 4186/5512/8374
f 4231/5682/8375 4232/5689/8375 4224/5673/8375
f 4359/5657/8376 4357/5684/8376 4358/5690/8376
f 4272/5640/8377 4372/5658/8377 4286/5641/8377
f 4230/5691/8378 4229/5683/8378 4224/5673/8378
f 4220/5692/8379 4273/5666/8379 4218/5693/8379
f 4224/5673/8380 4187/5674/8380 4230/5691/8380
f 4232/5689/8381 4231/5682/8381 4233/5516/8381
f 4274/5661/8382 4272/5640/8382 4284/5642/8382
f 4359/5657/8383 4276/5685/8383 4357/5684/8383
f 4256/5671/8384 4328/5677/8384 4331/5672/8384
f 4230/5691/8385 4187/5674/8385 4227/5694/8385
f 4232/5689/8386 4189/5664/8386 4224/5673/8386
f 4256/5671/8387 4257/5680/8387 4255/5676/8387
f 4261/5679/8388 4208/5695/8388 4205/5696/8388
f 4329/5675/8389 4328/5677/8389 4251/5697/8389
f 4329/5675/8390 4251/5697/8390 4250/1816/8390
f 4191/5649/8391 4189/5664/8391 4232/5689/8391
f 4130/5698/8392 4112/1792/8392 1218/1775/8392
f 4208/5695/8393 4261/5679/8393 4259/5699/8393
f 4251/5697/8394 4255/5676/8394 4253/5700/8394
f 4130/5698/8395 4114/5701/8395 4112/1792/8395
f 4189/5664/8396 4188/5514/8396 4187/5674/8396
f 4250/1816/8397 4251/5697/8397 4252/5496/8397
f 4261/5679/8398 4254/5702/8398 4255/5676/8398
f 4255/5676/8399 4251/5697/8399 4328/5677/8399
f 2159/3218/8400 4569/3217/8400 4565/3197/8400
f 4187/5674/8401 4188/5514/8401 4186/5512/8401
f 4115/1169/8402 4113/5703/8402 4114/5701/8402
f 4570/5704/8403 4572/5705/8403 4576/5706/8403
f 2160/3198/8404 4562/5707/8404 4561/3179/8404
f 4569/3217/8405 4570/5704/8405 4565/3197/8405
f 4567/5708/8406 4568/5709/8406 4566/5710/8406
f 4565/3197/8407 4570/5704/8407 4571/5711/8407
f 4254/5702/8408 4207/5712/8408 4253/5700/8408
f 4572/5705/8409 4567/5708/8409 4450/5713/8409
f 4561/3179/8410 4562/5707/8410 2001/3177/8410
f 4115/1169/8411 4114/5701/8411 4133/5714/8411
f 4576/5706/8412 4572/5705/8412 4450/5713/8412
f 4573/5715/8413 4576/5706/8413 4575/5716/8413
f 4562/5707/8414 4559/5717/8414 4560/5718/8414
f 2001/5719/8415 4564/5720/8415 2005/5721/8415
f 4568/5709/8416 4570/5704/8416 4583/5722/8416
f 4574/5723/8417 4575/5716/8417 4450/5713/8417
f 4261/5679/8418 4205/5696/8418 4254/5702/8418
f 4255/5676/8419 4254/5702/8419 4253/5700/8419
f 4450/5713/8420 4443/5724/8420 4446/5725/8420
f 4442/5726/8421 4449/5727/8421 4566/5710/8421
f 4572/5705/8422 4568/5709/8422 4567/5708/8422
f 4568/5709/8423 4572/5705/8423 4570/5704/8423
f 4252/5496/8424 1483/1710/8424 1484/1711/8424
f 4206/5728/8425 4253/5700/8425 4207/5712/8425
f 4299/5473/8426 4234/5491/8426 4297/5442/8426
f 4571/5711/8427 4576/5706/8427 4573/5715/8427
f 4133/5714/8428 4114/5701/8428 4130/5698/8428
f 4562/5707/8429 4553/5528/8429 2001/3177/8429
f 4252/5496/8430 4251/5697/8430 4253/5700/8430
f 4253/5700/8431 4206/5728/8431 4252/5496/8431
f 4567/5708/8432 4449/5727/8432 4450/5713/8432
f 4557/5540/8433 4440/5729/8433 4556/5539/8433
f 4113/5703/8434 4112/1792/8434 4114/5701/8434
f 1483/1710/8435 4252/5496/8435 4206/5728/8435
f 2001/3177/8436 4553/5528/8436 4564/3223/8436
f 4566/5710/8437 4449/5727/8437 4567/5708/8437
f 4158/5730/8438 4137/5478/8438 4136/5504/8438
f 4560/5718/8439 4575/5716/8439 4563/5731/8439
f 4575/5716/8440 4574/5723/8440 4563/5731/8440
f 4149/5732/8441 4133/5714/8441 4130/5698/8441
f 4132/5733/8442 4131/5734/8442 4133/5714/8442
f 4151/5735/8443 4149/5732/8443 4150/5736/8443
f 4132/5733/8444 4133/5714/8444 4149/5732/8444
f 4174/5737/8445 4203/5738/8445 4204/5739/8445
f 4116/1185/8446 4115/1169/8446 4133/5714/8446
f 4220/5692/8447 4221/5740/8447 4222/5741/8447
f 4204/5739/8448 4176/5742/8448 4174/5737/8448
f 4219/5743/8449 4214/5744/8449 4222/5741/8449
f 4151/5735/8450 4150/5736/8450 4174/5737/8450
f 4203/5738/8451 4206/5728/8451 4207/5712/8451
f 4202/1703/8452 4203/5738/8452 4173/1704/8452
f 4135/5745/8453 4138/5746/8453 4158/5730/8453
f 4212/5747/8454 4204/5739/8454 4205/5696/8454
f 4184/5748/8455 4155/5749/8455 4181/5750/8455
f 4185/5751/8456 4159/5752/8456 4184/5748/8456
f 4150/5736/8457 4175/1686/8457 4174/5737/8457
f 4221/5740/8458 4225/5669/8458 4228/5688/8458
f 4149/5732/8459 4151/5735/8459 4132/5733/8459
f 4221/5740/8460 4223/5753/8460 4219/5743/8460
f 4203/5738/8461 4174/5737/8461 4173/1704/8461
f 4203/5738/8462 4202/1703/8462 4206/5728/8462
f 4173/1704/8463 4174/5737/8463 4175/1686/8463
f 4183/5754/8464 4217/5755/8464 4219/5743/8464
f 4112/1792/8465 4113/5703/8465 1215/1797/8465
f 4212/5747/8466 4176/5742/8466 4204/5739/8466
f 4183/5754/8467 4223/5753/8467 4185/5751/8467
f 4227/5694/8468 4187/5674/8468 4225/5669/8468
f 4182/5756/8469 4223/5753/8469 4221/5740/8469
f 4223/5753/8470 4183/5754/8470 4219/5743/8470
f 4207/5712/8471 4205/5696/8471 4203/5738/8471
f 4227/5694/8472 4225/5669/8472 4283/5655/8472
f 4205/5696/8473 4208/5695/8473 4212/5747/8473
f 4182/5756/8474 4186/5512/8474 4159/5752/8474
f 4185/5751/8475 4184/5748/8475 4183/5754/8475
f 4222/5741/8476 4213/5757/8476 4220/5692/8476
f 4181/5750/8477 4183/5754/8477 4184/5748/8477
f 4215/5758/8478 4213/5757/8478 4214/5744/8478
f 4228/5688/8479 4186/5512/8479 4182/5756/8479
f 4180/5759/8480 4179/5760/8480 4217/5755/8480
f 1483/1710/8481 4206/5728/8481 4202/1703/8481
f 4174/5737/8482 4176/5742/8482 4151/5735/8482
f 4221/5740/8483 4228/5688/8483 4182/5756/8483
f 4219/5743/8484 4217/5755/8484 4214/5744/8484
f 4225/5669/8485 4221/5740/8485 4218/5693/8485
f 4215/5758/8486 4179/5760/8486 4216/5761/8486
f 4221/5740/8487 4219/5743/8487 4222/5741/8487
f 4203/5738/8488 4205/5696/8488 4204/5739/8488
f 4183/5754/8489 4181/5750/8489 4180/5759/8489
f 4218/5693/8490 4221/5740/8490 4220/5692/8490
f 4161/5476/8491 4159/5752/8491 4162/5511/8491
f 4182/5756/8492 4159/5752/8492 4185/5751/8492
f 4157/5762/8493 4161/5476/8493 4158/5730/8493
f 4180/5759/8494 4178/5763/8494 4179/5760/8494
f 4177/5764/8495 4178/5763/8495 4176/5742/8495
f 4222/5741/8496 4214/5744/8496 4213/5757/8496
f 4157/5762/8497 4153/5765/8497 4155/5749/8497
f 4223/5753/8498 4182/5756/8498 4185/5751/8498
f 4215/5758/8499 4216/5761/8499 4211/5766/8499
f 4210/5767/8500 4216/5761/8500 4177/5764/8500
f 4211/5766/8501 4216/5761/8501 4210/5767/8501
f 4186/5512/8502 4162/5511/8502 4159/5752/8502
f 4181/5750/8503 4156/5768/8503 4180/5759/8503
f 4134/5769/8504 4153/5765/8504 4158/5730/8504
f 4217/5755/8505 4215/5758/8505 4214/5744/8505
f 4217/5755/8506 4183/5754/8506 4180/5759/8506
f 4153/5765/8507 4157/5762/8507 4158/5730/8507
f 4187/5674/8508 4228/5688/8508 4225/5669/8508
f 4179/5760/8509 4178/5763/8509 4177/5764/8509
f 4161/5476/8510 4157/5762/8510 4159/5752/8510
f 4156/5768/8511 4153/5765/8511 4152/5770/8511
f 4184/5748/8512 4159/5752/8512 4155/5749/8512
f 4211/5766/8513 4210/5767/8513 4209/5771/8513
f 4156/5768/8514 4155/5749/8514 4153/5765/8514
f 4212/5747/8515 4208/5695/8515 4210/5767/8515
f 4156/5768/8516 4181/5750/8516 4155/5749/8516
f 4212/5747/8517 4177/5764/8517 4176/5742/8517
f 4176/5742/8518 4178/5763/8518 4152/5770/8518
f 4155/5749/8519 4159/5752/8519 4157/5762/8519
f 4161/5476/8520 4137/5478/8520 4158/5730/8520
f 4209/5771/8521 4210/5767/8521 4208/5695/8521
f 4210/5767/8522 4177/5764/8522 4212/5747/8522
f 4217/5755/8523 4179/5760/8523 4215/5758/8523
f 4176/5742/8524 4152/5770/8524 4154/5772/8524
f 4179/5760/8525 4177/5764/8525 4216/5761/8525
f 4175/1686/8526 1326/1738/8526 1328/1696/8526
f 4151/5735/8527 4176/5742/8527 4154/5772/8527
f 4127/5650/8528 859/1098/8528 4146/5651/8528
f 4119/5773/8529 4121/5774/8529 4135/5745/8529
f 4153/5765/8530 4154/5772/8530 4152/5770/8530
f 4162/5511/8531 4160/5509/8531 4161/5476/8531
f 4131/5734/8532 4154/5772/8532 4153/5765/8532
f 4175/1686/8533 4150/5736/8533 1326/1738/8533
f 4178/5763/8534 4180/5759/8534 4152/5770/8534
f 4130/5698/8535 1326/1738/8535 4149/5732/8535
f 4156/5768/8536 4152/5770/8536 4180/5759/8536
f 4120/912/8537 4121/5774/8537 4136/5504/8537
f 4134/5769/8538 4131/5734/8538 4153/5765/8538
f 4149/5732/8539 1326/1738/8539 4150/5736/8539
f 4136/5504/8540 4121/5774/8540 4119/5773/8540
f 4134/5769/8541 4158/5730/8541 4138/5746/8541
f 1216/1795/2489 1215/1797/2489 4845/5775/2489
f 4268/5776/8542 4275/5665/8542 4271/5667/8542
f 4132/5733/8543 4151/5735/8543 4154/5772/8543
f 4143/5777/8544 4128/1153/8544 4126/5778/8544
f 4145/5779/8545 4144/5515/8545 4146/5651/8545
f 1218/1775/8546 1326/1738/8546 4130/5698/8546
f 4121/5774/8547 4117/5780/8547 4135/5745/8547
f 855/911/8548 4117/5780/8548 4121/5774/8548
f 4145/5779/8549 859/1098/8549 4128/1153/8549
f 859/1098/8550 4145/5779/8550 4146/5651/8550
f 4136/5504/8551 4119/5773/8551 4158/5730/8551
f 4158/5730/8552 4119/5773/8552 4135/5745/8552
f 857/1152/8553 4126/5781/8553 4128/1153/8553
f 4127/5650/8554 858/1095/8554 859/1098/8554
f 4460/5782/8555 4464/5783/8555 4459/5784/8555
f 4579/5785/8556 4459/5786/8556 4452/5787/8556
f 4143/5777/8557 4145/5779/8557 4128/1153/8557
f 4459/5786/8558 4461/5788/8558 4452/5787/8558
f 4136/5504/8559 4137/5478/8559 4122/5477/8559
f 4132/5733/8560 4154/5772/8560 4131/5734/8560
f 4578/5789/8561 4584/5790/8561 4577/5791/8561
f 4138/5746/8562 4135/5745/8562 4117/5780/8562
f 4138/5746/8563 4117/5780/8563 4134/5769/8563
f 4457/5792/8564 4475/5793/8564 4471/5794/8564
f 2176/3482/8565 4580/5795/8565 4584/5790/8565
f 4457/5792/8566 4479/5796/8566 4483/5797/8566
f 4479/5796/8567 4457/5792/8567 4462/5798/8567
f 4566/5710/8568 4579/5785/8568 4452/5787/8568
f 4116/1185/8569 4133/5714/8569 4131/5734/8569
f 4577/5791/8570 4579/5785/8570 4578/5789/8570
f 4117/5780/8571 855/911/8571 4118/1106/8571
f 4460/5799/8572 4462/5798/8572 4464/5800/8572
f 4585/5801/8573 4580/5795/8573 4582/5575/8573
f 4117/5780/8574 4116/1185/8574 4131/5734/8574
f 4568/5709/8575 4578/5789/8575 4566/5710/8575
f 4583/5722/8576 4569/3217/8576 2154/3219/8576
f 4134/5769/8577 4117/5780/8577 4131/5734/8577
f 4578/5789/8578 4579/5785/8578 4566/5710/8578
f 844/915/8579 4120/912/8579 4136/5504/8579
f 4577/5791/8580 4460/5799/8580 4579/5785/8580
f 4470/5802/8581 4460/5799/8581 4577/5791/8581
f 4118/1106/8582 4116/1185/8582 4117/5780/8582
f 4459/5786/8583 4579/5785/8583 4460/5799/8583
f 4584/5790/8584 4578/5789/8584 4568/5709/8584
f 4595/5803/8585 4590/5804/8585 4592/5805/8585
f 4581/5806/8586 4590/5804/8586 4483/5797/8586
f 4590/5804/8587 4591/5807/8587 4483/5797/8587
f 4587/5808/8588 2181/3502/8588 4599/3523/8588
f 4587/5808/8589 4595/5803/8589 4592/5805/8589
f 4121/5774/8590 4120/912/8590 855/911/8590
f 4592/5805/8591 4590/5804/8591 4581/5806/8591
f 4581/5806/8592 4479/5796/8592 4470/5802/8592
f 4582/5809/8593 4586/5810/8593 2166/5811/8593
f 4584/5790/8594 4580/5795/8594 4577/5791/8594
f 4581/5806/8595 4470/5802/8595 4585/5801/8595
f 4460/5799/8596 4479/5796/8596 4462/5798/8596
f 2176/3482/8597 4584/5790/8597 4583/5722/8597
f 4585/5801/8598 4582/5575/8598 4592/5812/8598
f 4585/5801/8599 4592/5805/8599 4581/5806/8599
f 4470/5802/8600 4577/5791/8600 4585/5801/8600
f 2154/3219/8601 2176/3482/8601 4583/5722/8601
f 4470/5802/8602 4479/5796/8602 4460/5799/8602
f 4580/5795/8603 2176/3482/8603 4586/3483/8603
f 4521/5813/8604 4400/5814/8604 4398/5815/8604
f 4396/5459/8605 4397/5458/8605 4398/5815/8605
f 4400/5814/8606 4401/5448/8606 4396/5459/8606
f 4584/5790/8607 4568/5709/8607 4583/5722/8607
f 4483/5797/8608 4479/5796/8608 4581/5806/8608
f 2181/3502/8609 4587/5808/8609 4582/5575/8609
f 4587/5816/8610 4592/5817/8610 4582/5818/8610
f 4514/5819/8611 4521/5813/8611 4522/5583/8611
f 4577/5791/8612 4580/5795/8612 4585/5801/8612
f 4599/5820/8613 2275/5821/8613 4596/5822/8613
f 4599/3523/8614 4595/5803/8614 4587/5808/8614
f 4591/5807/8615 4590/5804/8615 4595/5803/8615
f 4398/5815/8616 4397/5458/8616 4394/5823/8616
f 4457/5792/8617 4483/5797/8617 4473/5824/8617
f 4403/5825/8618 4401/5448/8618 4400/5814/8618
f 4398/5815/8619 4400/5814/8619 4396/5459/8619
f 4596/5826/8620 4595/5827/8620 4599/5828/8620
f 4586/3483/8621 4582/5575/8621 4580/5795/8621
f 4403/5825/8622 4402/5599/8622 4399/5449/8622
f 4533/5552/8623 4530/5678/8623 4528/5631/8623
f 4395/5584/8624 4522/5583/8624 4398/5815/8624
f 4395/5584/8625 4398/5815/8625 4394/5823/8625
f 4396/5459/8626 4401/5448/8626 4311/5456/8626
f 4521/5813/8627 4398/5815/8627 4522/5583/8627
f 4523/5829/8628 4400/5814/8628 4521/5813/8628
f 4529/5830/8629 4524/5831/8629 4518/5832/8629
f 4530/5678/8630 4531/5833/8630 4523/5829/8630
f 4523/5829/8631 4526/5834/8631 4530/5678/8631
f 4521/5813/8632 4518/5832/8632 4523/5829/8632
f 4597/5835/8633 4591/5807/8633 4595/5803/8633
f 4531/5833/8634 4404/5632/8634 4400/5814/8634
f 4532/5836/8635 4531/5833/8635 4530/5678/8635
f 4515/5837/8636 4518/5832/8636 4514/5819/8636
f 4531/5833/8637 4400/5814/8637 4523/5829/8637
f 4118/1106/8638 854/1170/8638 4116/1185/8638
f 4540/5597/8639 4532/5836/8639 4530/5678/8639
f 4403/5825/8640 4404/5632/8640 4402/5599/8640
f 4525/5838/8641 4526/5834/8641 4529/5830/8641
f 4514/5819/8642 4518/5832/8642 4521/5813/8642
f 4325/5839/8643 4330/5487/8643 4326/5492/8643
f 4400/5814/8644 4404/5632/8644 4403/5825/8644
f 4325/5839/8645 4329/5675/8645 4330/5487/8645
f 4523/5829/8646 4518/5832/8646 4524/5831/8646
f 4515/5837/8647 4529/5830/8647 4518/5832/8647
f 4529/5830/8648 4526/5834/8648 4524/5831/8648
f 4532/5836/8649 4404/5632/8649 4531/5833/8649
f 4254/5702/8650 4205/5696/8650 4207/5712/8650
f 4419/5840/8651 4333/5841/8651 4335/5842/8651
f 4335/5842/8652 4325/5839/8652 4326/5492/8652
f 4540/5597/8653 4404/5632/8653 4532/5836/8653
f 4524/5831/8654 4526/5834/8654 4523/5829/8654
f 1666/1824/8655 4334/5843/8655 1668/1822/8655
f 4556/5539/8656 4440/5729/8656 4439/5844/8656
f 4401/5448/8657 4403/5825/8657 4399/5449/8657
f 4528/5631/8658 4530/5678/8658 4526/5834/8658
f 1668/1822/8659 4335/5842/8659 4326/5492/8659
f 4433/5845/8660 4438/5550/8660 4429/5846/8660
f 4425/1889/8661 4334/5843/8661 1666/1824/8661
f 4574/5723/8662 4446/5725/8662 4451/5847/8662
f 4419/5840/8663 4425/1889/8663 4418/5848/8663
f 4335/5842/8664 4334/5843/8664 4419/5840/8664
f 2182/3178/8665 2160/3198/8665 4561/3179/8665
f 4333/5841/8666 4332/5849/8666 4325/5839/8666
f 4622/5850/8667 4617/5851/8667 4620/5852/8667
f 4420/5548/8668 4417/5853/8668 4423/5549/8668
f 4611/5854/8669 2422/3310/8669 4623/5855/8669
f 4335/5842/8670 4333/5841/8670 4325/5839/8670
f 4419/5840/8671 4334/5843/8671 4425/1889/8671
f 4335/5842/8672 1668/1822/8672 4334/5843/8672
f 1660/1848/8673 4424/5535/8673 4425/1889/8673
f 4421/5856/8674 4416/5857/8674 4433/5845/8674
f 4417/5853/8675 4419/5840/8675 4418/5848/8675
f 4332/5849/8676 4333/5841/8676 4421/5856/8676
f 4431/5858/8677 4332/5849/8677 4421/5856/8677
f 4435/5859/8678 4436/5860/8678 4417/5853/8678
f 4433/5845/8679 4431/5858/8679 4421/5856/8679
f 4622/5861/8680 4623/5855/8680 2422/3310/8680
f 4616/5862/8681 4620/5863/8681 4617/5864/8681
f 4436/5860/8682 4416/5857/8682 4417/5853/8682
f 4419/5840/8683 4416/5857/8683 4333/5841/8683
f 4423/5549/8684 4417/5853/8684 4418/5848/8684
f 4617/5865/8685 4621/5866/8685 4616/5867/8685
f 4421/5856/8686 4333/5841/8686 4416/5857/8686
f 4433/5845/8687 4416/5857/8687 4436/5860/8687
f 4434/5545/8688 4438/5550/8688 4435/5859/8688
f 4520/5868/8689 4519/5869/8689 4512/5870/8689
f 4433/5845/8690 4436/5860/8690 4438/5550/8690
f 4613/5871/8691 4619/5872/8691 2425/3314/8691
f 4417/5853/8692 4416/5857/8692 4419/5840/8692
f 4625/5873/8693 4617/5874/8693 4619/5875/8693
f 4621/5876/8694 4624/5877/8694 4513/5878/8694
f 4624/5877/8695 4512/5879/8695 4513/5878/8695
f 4618/5880/8696 4625/5881/8696 4615/5882/8696
f 4423/5549/8697 4418/5848/8697 4424/5535/8697
f 4431/5858/8698 4433/5845/8698 4429/5846/8698
f 4623/5883/8699 4622/5850/8699 4620/5884/8699
f 4438/5550/8700 4436/5860/8700 4435/5859/8700
f 4418/5848/8701 4425/1889/8701 4424/5535/8701
f 4629/5885/8702 4633/5886/8702 4632/5887/8702
f 4618/5888/8703 4627/5889/8703 4520/5890/8703
f 4627/5889/8704 4632/5887/8704 4633/5886/8704
f 4434/5545/8705 4435/5859/8705 4420/5548/8705
f 4627/5889/8706 4633/5886/8706 4529/5830/8706
f 4617/5865/8707 4618/5891/8707 4621/5866/8707
f 4420/5548/8708 4435/5859/8708 4417/5853/8708
f 4618/5892/8709 4624/5893/8709 4621/5894/8709
f 4297/5442/8710 4234/5491/8710 4233/5516/8710
f 4520/5895/8711 4624/5896/8711 4618/5897/8711
f 4449/5727/8712 4443/5724/8712 4450/5713/8712
f 4635/5576/8713 2625/5898/8713 2470/5582/8713
f 4614/5899/8714 4613/3335/8714 4626/3346/8714
f 4512/5900/8715 4624/5901/8715 4520/5902/8715
f 4617/5903/8716 4622/3312/8716 4619/3415/8716
f 4617/5904/8717 4625/5905/8717 4618/5906/8717
f 4371/5663/8718 4367/5907/8718 4373/5659/8718
f 4625/5908/8719 4619/5909/8719 4614/5910/8719
f 4625/5911/8720 4614/5912/8720 4615/5913/8720
f 4478/5914/8721 4366/5915/8721 4370/5916/8721
f 4615/5917/8722 4627/5889/8722 4618/5888/8722
f 4631/5918/8723 4626/5919/8723 2625/5920/8723
f 4626/3346/8724 4613/3335/8724 2430/3323/8724
f 4627/5889/8725 4529/5830/8725 4515/5837/8725
f 4519/5921/8726 4508/5922/8726 4512/5923/8726
f 4614/5924/8727 4632/5887/8727 4615/5917/8727
f 4364/5925/8728 4480/5926/8728 4370/5916/8728
f 4613/5927/8729 4614/5928/8729 4619/5929/8729
f 4366/5915/8730 4362/5930/8730 4367/5907/8730
f 4632/5887/8731 4627/5889/8731 4615/5917/8731
f 4288/5517/8732 4293/5931/8732 4297/5442/8732
f 4365/5932/8733 4367/5907/8733 4362/5930/8733
f 4478/5914/8734 4369/5933/8734 4362/5930/8734
f 4370/5916/8735 4366/5915/8735 4364/5925/8735
f 2470/5934/8736 2625/5935/8736 2430/5936/8736
f 4480/5926/8737 4363/5937/8737 4453/5938/8737
f 4378/5939/8738 4374/5940/8738 4380/5941/8738
f 4298/5486/8739 4294/5443/8739 4296/5617/8739
f 4365/5932/8740 4295/5942/8740 4289/5943/8740
f 4377/5944/8741 4362/5930/8741 4369/5933/8741
f 4289/5943/8742 4367/5907/8742 4365/5932/8742
f 4472/5945/8743 4477/5946/8743 4476/5947/8743
f 4297/5442/8744 4293/5931/8744 4294/5443/8744
f 4520/5948/8745 4515/5837/8745 4519/5921/8745
f 4520/5948/8746 4627/5889/8746 4515/5837/8746
f 4371/5663/8747 4366/5915/8747 4367/5907/8747
f 4194/5949/8748 4239/5950/8748 4195/5951/8748
f 4626/5952/8749 4632/5887/8749 4614/5924/8749
f 4478/5914/8750 4370/5916/8750 4474/5953/8750
f 4377/5944/8751 4380/5941/8751 4362/5930/8751
f 4378/5939/8752 4380/5941/8752 4377/5944/8752
f 4378/5939/8753 4377/5944/8753 4381/5954/8753
f 4379/5955/8754 4377/5944/8754 4369/5933/8754
f 4631/5956/8755 4632/5957/8755 4626/5958/8755
f 4362/5930/8756 4366/5915/8756 4478/5914/8756
f 4478/5914/8757 4487/5959/8757 4369/5933/8757
f 4631/5960/8758 4629/5885/8758 4632/5887/8758
f 4631/5961/8759 2625/5962/8759 4635/5963/8759
f 4485/5964/8760 4379/5955/8760 4369/5933/8760
f 4242/5965/8761 4240/5481/8761 4244/5482/8761
f 4378/5939/8762 4375/5966/8762 4374/5940/8762
f 4239/5950/8763 4242/5965/8763 4195/5951/8763
f 4245/5465/8764 4240/5481/8764 4309/5461/8764
f 4245/5465/8765 4244/5482/8765 4240/5481/8765
f 4380/5941/8766 4295/5942/8766 4365/5932/8766
f 4172/5495/8767 4198/5967/8767 4241/5493/8767
f 4472/5945/8768 4474/5953/8768 4477/5946/8768
f 4380/5941/8769 4365/5932/8769 4362/5930/8769
f 4474/5953/8770 4370/5916/8770 4477/5946/8770
f 4472/5945/8771 4478/5914/8771 4474/5953/8771
f 4243/5463/8772 4246/5968/8772 4244/5482/8772
f 4242/5965/8773 4198/5967/8773 4195/5951/8773
f 4374/5940/8774 4295/5942/8774 4380/5941/8774
f 4373/5659/8775 4361/5969/8775 4285/5660/8775
f 4287/5970/8776 4278/5971/8776 4282/5653/8776
f 4305/5475/8777 4240/5481/8777 4239/5950/8777
f 4519/5972/8778 4517/5973/8778 4509/5974/8778
f 4361/5969/8779 4367/5907/8779 4289/5943/8779
f 4226/5656/8780 4227/5694/8780 4283/5655/8780
f 4279/5975/8781 4230/5691/8781 4226/5656/8781
f 4361/5969/8782 4289/5943/8782 4287/5970/8782
f 4285/5660/8783 4287/5970/8783 4286/5641/8783
f 4279/5975/8784 4292/5976/8784 4229/5683/8784
f 4515/5837/8785 4514/5819/8785 4519/5921/8785
f 4278/5971/8786 4292/5976/8786 4279/5975/8786
f 4241/5493/8787 4244/5482/8787 4246/5968/8787
f 4246/5968/8788 4199/5521/8788 4241/5493/8788
f 4279/5975/8789 4226/5656/8789 4282/5653/8789
f 4242/5965/8790 4241/5493/8790 4198/5967/8790
f 4292/5976/8791 4278/5971/8791 4277/5977/8791
f 4242/5965/8792 4244/5482/8792 4241/5493/8792
f 4198/5967/8793 4197/5978/8793 4195/5951/8793
f 4292/5976/8794 4290/5979/8794 4288/5517/8794
f 4239/5950/8795 4240/5481/8795 4242/5965/8795
f 4277/5977/8796 4278/5971/8796 4287/5970/8796
f 4278/5971/8797 4279/5975/8797 4282/5653/8797
f 4231/5682/8798 4288/5517/8798 4233/5516/8798
f 4290/5979/8799 4292/5976/8799 4291/5980/8799
f 4519/5921/8800 4514/5819/8800 4517/5596/8800
f 4293/5931/8801 4290/5979/8801 4294/5443/8801
f 4583/5722/8802 4570/5704/8802 4569/3217/8802
f 4522/5583/8803 4517/5596/8803 4514/5819/8803
f 2160/3198/8804 4573/5715/8804 4559/5717/8804
f 4361/5969/8805 4373/5659/8805 4367/5907/8805
f 4226/5656/8806 4230/5691/8806 4227/5694/8806
f 4376/5618/8807 4296/5617/8807 4375/5966/8807
f 4374/5940/8808 4291/5980/8808 4295/5942/8808
f 4281/5652/8809 4286/5641/8809 4287/5970/8809
f 4345/5981/8810 4340/5982/8810 4338/5983/8810
f 4287/5970/8811 4282/5653/8811 4281/5652/8811
f 4289/5943/8812 4277/5977/8812 4287/5970/8812
f 4361/5969/8813 4287/5970/8813 4285/5660/8813
f 4295/5942/8814 4277/5977/8814 4289/5943/8814
f 4229/5683/8815 4230/5691/8815 4279/5975/8815
f 4340/5982/8816 4345/5981/8816 4346/5984/8816
f 4349/5985/8817 4346/5984/8817 4345/5981/8817
f 4290/5979/8818 4296/5617/8818 4294/5443/8818
f 4291/5980/8819 4292/5976/8819 4277/5977/8819
f 4346/5984/8820 4349/5985/8820 4350/5986/8820
f 4290/5979/8821 4293/5931/8821 4288/5517/8821
f 4432/5987/8822 4344/5988/8822 4345/5981/8822
f 4430/5989/8823 4447/5990/8823 4432/5987/8823
f 4432/5987/8824 4345/5981/8824 4338/5983/8824
f 4448/5991/8825 4447/5990/8825 4430/5989/8825
f 4344/5988/8826 4432/5987/8826 4447/5990/8826
f 4291/5980/8827 4374/5940/8827 4375/5966/8827
f 4277/5977/8828 4295/5942/8828 4291/5980/8828
f 4349/5985/8829 4347/5687/8829 4348/5992/8829
f 4231/5682/8830 4229/5683/8830 4288/5517/8830
f 4445/5993/8831 4345/5981/8831 4344/5988/8831
f 4349/5985/8832 4348/5992/8832 4350/5986/8832
f 4288/5517/8833 4229/5683/8833 4292/5976/8833
f 4340/5982/8834 4342/5994/8834 4339/5995/8834
f 4349/5985/8835 4343/5996/8835 4347/5687/8835
f 4296/5617/8836 4291/5980/8836 4375/5966/8836
f 4343/5996/8837 4356/5997/8837 4347/5687/8837
f 4170/5510/8838 3586/5088/8838 4171/5484/8838
f 4427/5998/8839 4426/5999/8839 4431/5858/8839
f 4338/5983/8840 4340/5982/8840 4339/5995/8840
f 4426/5999/8841 4432/5987/8841 4338/5983/8841
f 4445/5993/8842 4468/6000/8842 4343/5996/8842
f 4296/5617/8843 4290/5979/8843 4291/5980/8843
f 4343/5996/8844 4349/5985/8844 4445/5993/8844
f 4447/5990/8845 4448/5991/8845 4444/6001/8845
f 4444/6001/8846 4344/5988/8846 4447/5990/8846
f 4441/6002/8847 4445/5993/8847 4443/5724/8847
f 4430/5989/8848 4426/5999/8848 4427/5998/8848
f 4340/5982/8849 4346/5984/8849 4341/6003/8849
f 4446/5725/8850 4444/6001/8850 4448/5991/8850
f 4430/5989/8851 4432/5987/8851 4426/5999/8851
f 4349/5985/8852 4345/5981/8852 4445/5993/8852
f 4488/6004/8853 4506/6005/8853 4507/6006/8853
f 4461/5788/8854 4466/6007/8854 4441/6002/8854
f 4461/5788/8855 4441/6002/8855 4442/5726/8855
f 4616/6008/8856 4621/6009/8856 4612/6010/8856
f 4428/6011/8857 4430/5989/8857 4427/5998/8857
f 4445/5993/8858 4444/6001/8858 4443/5724/8858
f 4306/5457/8859 4308/5462/8859 4302/6012/8859
f 4397/5458/8860 4306/5457/8860 4302/6012/8860
f 4442/5726/8861 4441/6002/8861 4443/5724/8861
f 4468/6000/8862 4445/5993/8862 4441/6002/8862
f 4445/5993/8863 4344/5988/8863 4444/6001/8863
f 4196/6013/8864 4195/5951/8864 4197/5978/8864
f 850/1092/8865 858/1095/8865 4127/5650/8865
f 4503/6014/8866 4513/6015/8866 4512/6016/8866
f 4442/5726/8867 4443/5724/8867 4449/5727/8867
f 4444/6001/8868 4446/5725/8868 4443/5724/8868
f 4609/6017/8869 4620/6018/8869 4612/6010/8869
f 4304/6019/8870 4303/6020/8870 4302/6012/8870
f 4612/6010/8871 4506/6021/8871 4500/6022/8871
f 4144/5515/8872 4145/5779/8872 4168/6023/8872
f 4508/6024/8873 4503/6025/8873 4512/6026/8873
f 4305/5475/8874 4304/6019/8874 4302/6012/8874
f 4393/5450/8875 4302/5488/8875 4301/5451/8875
f 4612/6027/8876 4620/6028/8876 4616/6029/8876
f 4305/5475/8877 4302/6012/8877 4308/5462/8877
f 4197/5978/8878 4172/5495/8878 4168/6023/8878
f 4168/6023/8879 4172/5495/8879 4169/5483/8879
f 4506/6030/8880 4621/6031/8880 4513/6032/8880
f 4612/6033/8881 4621/6031/8881 4506/6030/8881
f 4506/6021/8882 4503/5603/8882 4507/5605/8882
f 4167/6034/8883 4145/5779/8883 4166/6035/8883
f 4198/5967/8884 4172/5495/8884 4197/5978/8884
f 4197/5978/8885 4145/5779/8885 4167/6034/8885
f 4397/5458/8886 4302/6012/8886 4393/6036/8886
f 4197/5978/8887 4167/6034/8887 4196/6013/8887
f 4475/5793/8888 4473/5824/8888 4476/5947/8888
f 4503/5603/8889 4506/6021/8889 4513/6037/8889
f 4145/5779/8890 4197/5978/8890 4168/6023/8890
f 4637/5577/8891 4628/6038/8891 4630/5578/8891
f 4473/5824/8892 4475/5793/8892 4457/5792/8892
f 4638/6039/8893 4534/5646/8893 4538/5562/8893
f 4620/6040/8894 4609/6041/8894 4623/6042/8894
f 4169/5483/8895 4144/5515/8895 4168/6023/8895
f 4527/6043/8896 4638/6039/8896 4538/5562/8896
f 4541/5647/8897 4640/6044/8897 4642/5668/8897
f 2454/6045/8898 2453/6046/8898 4636/6047/8898
f 4636/6047/8899 2453/6046/8899 4639/6048/8899
f 4527/6043/8900 4628/6038/8900 4638/6039/8900
f 2478/6049/8901 4643/5055/8901 4640/6044/8901
f 4638/6039/8902 4641/6050/8902 4534/5646/8902
f 4638/6039/8903 4639/6048/8903 4641/6050/8903
f 4141/5470/8904 4140/5480/8904 4142/5490/8904
f 2478/6049/8905 2495/5050/8905 4643/5055/8905
f 4528/5631/8906 4527/6043/8906 4538/5562/8906
f 4534/5646/8907 4641/6050/8907 4541/5647/8907
f 4636/6047/8908 4637/5577/8908 2454/6045/8908
f 4164/5489/8909 4139/5479/8909 4163/5508/8909
f 4637/5577/8910 4636/6047/8910 4628/6038/8910
f 4534/5646/8911 4539/5563/8911 4538/5562/8911
f 4140/5480/8912 4139/5479/8912 4164/5489/8912
f 4141/5470/8913 4142/5490/8913 4124/5471/8913
f 4636/6047/8914 4639/6048/8914 4638/6039/8914
f 4465/6051/8915 4461/5788/8915 4459/5786/8915
f 4464/5800/8916 4465/6051/8916 4459/5786/8916
f 2453/6046/8917 2442/6052/8917 2478/6049/8917
f 4639/6048/8918 2453/6046/8918 4640/6044/8918
f 2453/6046/8919 2478/6049/8919 4640/6044/8919
f 4173/1704/8920 4175/1686/8920 1324/1671/8920
f 4636/6047/8921 4638/6039/8921 4628/6038/8921
f 3820/4862/8922 3818/4863/8922 4543/5593/8922
f 4639/6048/8923 4640/6044/8923 4641/6050/8923
f 4573/5715/8924 4565/3197/8924 4571/5711/8924
f 4573/5715/8925 2160/3198/8925 4565/3197/8925
f 4325/5839/8926 4327/5681/8926 4329/5675/8926
f 4541/5647/8927 4641/6050/8927 4640/6044/8927
f 4543/5593/8928 4541/5647/8928 4642/5668/8928
f 4640/6044/8929 4643/5055/8929 4642/5668/8929
f 857/865/8930 4125/864/8930 4126/6053/8930
f 4440/5729/8931 4563/5731/8931 4574/5723/8931
f 4560/5718/8932 4557/5540/8932 4562/5707/8932
f 4337/6054/8933 4338/5983/8933 4339/5995/8933
f 4431/5858/8934 4337/6054/8934 4332/5849/8934
f 4415/5555/8935 3708/4947/8935 4323/6055/8935
f 4249/6056/8936 4248/6057/8936 4247/6058/8936
f 4336/5670/8937 4337/6054/8937 4339/5995/8937
f 4272/5640/8938 4276/5685/8938 4359/5657/8938
f 4440/5729/8939 4574/5723/8939 4451/5847/8939
f 4126/6053/8940 4125/864/8940 4124/5471/8940
f 4145/6059/8941 4143/6060/8941 4124/5471/8941
f 3656/5125/8942 4249/6056/8942 4247/6058/8942
f 4336/5670/8943 4342/5994/8943 4256/5671/8943
f 4325/5839/8944 4332/5849/8944 4327/5681/8944
f 4426/5999/8945 4338/5983/8945 4431/5858/8945
f 4191/5649/8946 4233/5516/8946 4234/5491/8946
f 4557/5540/8947 4553/5528/8947 4562/5707/8947
f 4201/5123/8948 4170/5510/8948 4200/5494/8948
f 4246/5968/8949 4249/6056/8949 4199/5521/8949
f 4493/6061/8950 4476/5947/8950 4473/5824/8950
f 4560/5718/8951 4573/5715/8951 4575/5716/8951
f 4573/5715/8952 4560/5718/8952 4559/5717/8952
f 4126/6053/8953 4124/5471/8953 4143/6060/8953
f 4431/5858/8954 4338/5983/8954 4337/6054/8954
f 4249/6056/8955 4200/5494/8955 4199/5521/8955
f 4336/5670/8956 4331/5672/8956 4327/5681/8956
f 4332/5849/8957 4337/6054/8957 4327/5681/8957
f 4339/5995/8958 4342/5994/8958 4336/5670/8958
f 4191/5649/8959 4232/5689/8959 4233/5516/8959
f 4246/5968/8960 4248/6057/8960 4249/6056/8960
f 4337/6054/8961 4336/5670/8961 4327/5681/8961
f 4487/5959/8962 4472/5945/8962 4493/6061/8962
f 4494/6062/8963 4487/5959/8963 4489/6063/8963
f 3656/5125/8964 3654/5127/8964 4201/5123/8964
f 4487/5959/8965 4478/5914/8965 4472/5945/8965
f 4487/5959/8966 4485/5964/8966 4369/5933/8966
f 4490/6064/8967 4486/6065/8967 4494/6062/8967
f 4379/5955/8968 4486/6065/8968 4377/5944/8968
f 4382/5638/8969 4376/5618/8969 4375/5966/8969
f 4249/6056/8970 3656/5125/8970 4200/5494/8970
f 4476/5947/8971 4493/6061/8971 4472/5945/8971
f 4200/5494/8972 3656/5125/8972 4201/5123/8972
f 4496/5629/8973 4491/6066/8973 4490/6064/8973
f 4486/6065/8974 4379/5955/8974 4485/5964/8974
f 4375/5966/8975 4378/5939/8975 4382/5638/8975
f 4489/6063/8976 4493/6061/8976 4482/6067/8976
f 4393/6036/8977 4394/5823/8977 4397/5458/8977
f 4381/5954/8978 4377/5944/8978 4486/6065/8978
f 4324/6068/8979 4320/6069/8979 4248/6057/8979
f 4248/6057/8980 4246/5968/8980 4243/5463/8980
f 4490/6064/8981 4499/6070/8981 4496/5629/8981
f 4324/6068/8982 4321/6071/8982 4319/6072/8982
f 4494/6062/8983 4486/6065/8983 4485/5964/8983
f 4381/5954/8984 4382/5638/8984 4378/5939/8984
f 4485/5964/8985 4487/5959/8985 4494/6062/8985
f 4496/5629/8986 4505/5623/8986 4491/6066/8986
f 3709/5210/8987 4320/6069/8987 4322/6073/8987
f 4320/6069/8988 3655/5126/8988 4247/6058/8988
f 4320/6069/8989 4247/6058/8989 4248/6057/8989
f 4505/5623/8990 4382/5638/8990 4491/6066/8990
f 4494/6062/8991 4489/6063/8991 4492/6074/8991
f 4319/6072/8992 4322/6073/8992 4324/6068/8992
f 4393/6036/8993 4395/5584/8993 4394/5823/8993
f 4414/5559/8994 4415/5555/8994 4323/6055/8994
f 3709/5210/8995 3655/5126/8995 4320/6069/8995
f 4324/6068/8996 4248/6057/8996 4243/5463/8996
f 4499/6075/8997 4495/6076/8997 4496/6077/8997
f 4491/6066/8998 4382/5638/8998 4381/5954/8998
f 4490/6064/8999 4492/6074/8999 4499/6070/8999
f 4489/6063/9000 4487/5959/9000 4493/6061/9000
f 4384/5624/9001 4376/5618/9001 4382/5638/9001
f 4319/6072/9002 4413/6078/9002 4322/6073/9002
f 4490/6064/9003 4491/6066/9003 4486/6065/9003
f 4322/6073/9004 4320/6069/9004 4324/6068/9004
f 4318/5560/9005 4413/6078/9005 4319/6072/9005
f 4501/5606/9006 4495/5622/9006 4499/6070/9006
f 4323/6055/9007 3709/5210/9007 4322/6073/9007
f 4323/6055/9008 4322/6073/9008 4413/6078/9008
f 4491/6066/9009 4381/5954/9009 4486/6065/9009
f 4488/5604/9010 4501/5606/9010 4499/6070/9010
f 3708/4947/9011 3709/5210/9011 4323/6055/9011
f 4318/5560/9012 4319/6072/9012 4313/5453/9012
f 4353/6079/9013 4352/6080/9013 4358/5690/9013
f 4505/5623/9014 4386/5628/9014 4382/5638/9014
f 4194/5949/9015 4196/6013/9015 4193/6081/9015
f 4490/6064/9016 4494/6062/9016 4492/6074/9016
f 4605/6082/9017 4492/6074/9017 4489/6063/9017
f 3655/5126/9018 3656/5125/9018 4247/6058/9018
f 4352/6080/9019 4368/6083/9019 4358/5690/9019
f 4368/6083/9020 4359/5657/9020 4358/5690/9020
f 4324/6068/9021 4243/5463/9021 4312/5454/9021
f 4355/6084/9022 4356/5997/9022 4343/5996/9022
f 4312/5454/9023 4321/6071/9023 4324/6068/9023
f 4321/6071/9024 4312/5454/9024 4313/5453/9024
f 4357/5684/9025 4356/5997/9025 4358/5690/9025
f 4463/6085/9026 4469/6086/9026 4467/6087/9026
f 4467/6087/9027 4469/6086/9027 4355/6084/9027
f 4368/6083/9028 4351/6088/9028 4360/6089/9028
f 4360/6089/9029 4371/5663/9029 4368/6083/9029
f 4368/6083/9030 4371/5663/9030 4372/5658/9030
f 4352/6080/9031 4353/6079/9031 4354/6090/9031
f 4463/6085/9032 4454/6091/9032 4455/6092/9032
f 4351/6088/9033 4368/6083/9033 4352/6080/9033
f 4319/6072/9034 4321/6071/9034 4313/5453/9034
f 4468/6000/9035 4355/6084/9035 4343/5996/9035
f 4458/6093/9036 4463/6085/9036 4455/6092/9036
f 4323/6055/9037 4413/6078/9037 4414/5559/9037
f 4471/5794/9038 4481/6094/9038 4458/6093/9038
f 4351/6088/9039 4352/6080/9039 4456/6095/9039
f 4468/6000/9040 4467/6087/9040 4355/6084/9040
f 4318/5560/9041 4313/5453/9041 4399/5449/9041
f 4355/6084/9042 4353/6079/9042 4356/5997/9042
f 4364/5925/9043 4371/5663/9043 4360/6089/9043
f 4454/6091/9044 4465/6051/9044 4464/5800/9044
f 4466/6007/9045 4468/6000/9045 4441/6002/9045
f 4471/5794/9046 4475/5793/9046 4481/6094/9046
f 4462/5798/9047 4454/6091/9047 4464/5800/9047
f 4458/6093/9048 4481/6094/9048 4453/5938/9048
f 4471/5794/9049 4458/6093/9049 4455/6092/9049
f 4363/5937/9050 4364/5925/9050 4360/6089/9050
f 4456/6095/9051 4352/6080/9051 4354/6090/9051
f 4452/5787/9052 4461/5788/9052 4442/5726/9052
f 4457/5792/9053 4471/5794/9053 4462/5798/9053
f 4463/6085/9054 4458/6093/9054 4456/6095/9054
f 4463/6085/9055 4354/6090/9055 4469/6086/9055
f 4355/6084/9056 4469/6086/9056 4354/6090/9056
f 4353/6079/9057 4355/6084/9057 4354/6090/9057
f 4465/6051/9058 4454/6091/9058 4463/6085/9058
f 4357/5684/9059 4347/5687/9059 4356/5997/9059
f 4481/6094/9060 4480/5926/9060 4453/5938/9060
f 4462/5798/9061 4471/5794/9061 4455/6092/9061
f 4353/6079/9062 4358/5690/9062 4356/5997/9062
f 4368/6083/9063 4372/5658/9063 4359/5657/9063
f 4453/5938/9064 4363/5937/9064 4456/6095/9064
f 4461/5788/9065 4465/6051/9065 4466/6007/9065
f 4468/6000/9066 4466/6007/9066 4467/6087/9066
f 4481/6094/9067 4477/5946/9067 4480/5926/9067
f 4456/6095/9068 4363/5937/9068 4351/6088/9068
f 4465/6051/9069 4467/6087/9069 4466/6007/9069
f 4463/6085/9070 4456/6095/9070 4354/6090/9070
f 4481/6094/9071 4475/5793/9071 4477/5946/9071
f 4477/5946/9072 4370/5916/9072 4480/5926/9072
f 4480/5926/9073 4364/5925/9073 4363/5937/9073
f 4363/5937/9074 4360/6089/9074 4351/6088/9074
f 4463/6085/9075 4467/6087/9075 4465/6051/9075
f 4563/5731/9076 4440/5729/9076 4560/5718/9076
f 4276/5685/9077 4270/5662/9077 4275/5665/9077
f 4364/5925/9078 4366/5915/9078 4371/5663/9078
f 4571/5711/9079 4570/5704/9079 4576/5706/9079
f 4462/5798/9080 4455/6092/9080 4454/6091/9080
f 4439/5844/9081 4427/5998/9081 4438/5550/9081
f 4451/5847/9082 4428/6011/9082 4439/5844/9082
f 4384/5624/9083 4298/5486/9083 4376/5618/9083
f 4562/5707/9084 2160/3198/9084 4559/5717/9084
f 4458/6093/9085 4453/5938/9085 4456/6095/9085
f 4475/5793/9086 4476/5947/9086 4477/5946/9086
f 4451/5847/9087 4448/5991/9087 4428/6011/9087
f 4448/5991/9088 4430/5989/9088 4428/6011/9088
f 4452/5787/9089 4442/5726/9089 4566/5710/9089
f 4608/6096/9090 4600/6097/9090 4603/6098/9090
f 4428/6011/9091 4427/5998/9091 4439/5844/9091
f 4602/6099/9092 4605/6082/9092 4603/6098/9092
f 4271/5667/9093 4273/5666/9093 4266/6100/9093
f 4450/5713/9094 4575/5716/9094 4576/5706/9094
f 4429/5846/9095 4427/5998/9095 4431/5858/9095
f 4606/6101/9096 4604/6102/9096 4600/6103/9096
f 4451/5847/9097 4439/5844/9097 4440/5729/9097
f 4440/5729/9098 4557/5540/9098 4560/5718/9098
f 4611/6104/9099 4608/6096/9099 2285/3539/9099
f 4607/6105/9100 4601/6106/9100 4603/6098/9100
f 4610/6107/9101 4608/6108/9101 4611/6109/9101
f 4192/5633/9102 4194/5949/9102 4193/6081/9102
f 4605/6082/9103 4607/6105/9103 4603/6098/9103
f 4450/5713/9104 4446/5725/9104 4574/5723/9104
f 4301/5451/9105 4234/5491/9105 4299/5473/9105
f 4446/5725/9106 4448/5991/9106 4451/5847/9106
f 4497/6110/9107 4607/6105/9107 4605/6082/9107
f 4606/6111/9108 4500/6022/9108 4498/6112/9108
f 4604/6113/9109 4488/5604/9109 4499/6070/9109
f 4500/6022/9110 4506/6021/9110 4498/6112/9110
f 4282/5653/9111 4283/5655/9111 4280/5654/9111
f 4281/5652/9112 4280/5654/9112 4274/5661/9112
f 4237/5635/9113 4239/5950/9113 4194/5949/9113
f 4598/6114/9114 4597/5835/9114 4596/2687/9114
f 4438/5550/9115 4427/5998/9115 4429/5846/9115
f 4556/5539/9116 4439/5844/9116 4437/5537/9116
f 4482/6067/9117 4497/6110/9117 4489/6063/9117
f 4195/5951/9118 4196/6013/9118 4194/5949/9118
f 4438/5550/9119 4437/5537/9119 4439/5844/9119
f 2285/3539/9120 4608/6096/9120 4603/6098/9120
f 4237/5635/9121 4304/6019/9121 4239/5950/9121
f 4271/5667/9122 4266/6100/9122 4268/5776/9122
f 4600/6115/9123 4610/6116/9123 4609/6117/9123
f 4612/6010/9124 4600/6097/9124 4609/6017/9124
f 4298/5486/9125 4300/5444/9125 4294/5443/9125
f 4600/6118/9126 4612/6119/9126 4500/6120/9126
f 4596/6121/9127 4601/6122/9127 4594/6123/9127
f 4305/5475/9128 4239/5950/9128 4304/6019/9128
f 4604/6113/9129 4606/6111/9129 4498/6112/9129
f 4506/6021/9130 4488/5604/9130 4498/6112/9130
f 4497/6110/9131 4605/6082/9131 4489/6063/9131
f 4604/6113/9132 4499/6070/9132 4492/6074/9132
f 4598/6114/9133 4588/6124/9133 4591/5807/9133
f 4601/6106/9134 4607/6105/9134 4594/6125/9134
f 4593/2689/9135 2285/3539/9135 4603/6098/9135
f 4598/6114/9136 4594/6125/9136 4589/6126/9136
f 4623/6127/9137 4609/6128/9137 4610/6129/9137
f 4500/6022/9138 4606/6111/9138 4600/6097/9138
f 4237/5635/9139 4194/5949/9139 4192/5633/9139
f 4595/5827/9140 4596/5826/9140 4597/6130/9140
f 4603/6098/9141 4600/6097/9141 4602/6099/9141
f 4611/6131/9142 4623/6132/9142 4610/6107/9142
f 4280/5654/9143 4218/5693/9143 4274/5661/9143
f 4598/6114/9144 4589/6126/9144 4588/6124/9144
f 4602/6099/9145 4600/6097/9145 4604/6113/9145
f 4610/6133/9146 4600/6097/9146 4608/6096/9146
f 4483/5797/9147 4591/5807/9147 4484/6134/9147
f 4498/6112/9148 4488/5604/9148 4604/6113/9148
f 4415/5555/9149 4409/5573/9149 3761/4948/9149
f 4593/2689/9150 4603/6098/9150 4601/6106/9150
f 4482/6067/9151 4589/6126/9151 4497/6110/9151
f 4348/5992/9152 4269/6135/9152 4350/5986/9152
f 4605/6082/9153 4604/6113/9153 4492/6074/9153
f 4236/5468/9154 4301/5451/9154 4303/5472/9154
f 4602/6099/9155 4604/6113/9155 4605/6082/9155
f 4413/6078/9156 4318/5560/9156 4414/5559/9156
f 4601/6136/9157 4596/6137/9157 4593/6138/9157
f 4497/6110/9158 4589/6126/9158 4594/6125/9158
f 4593/2689/9159 2272/3525/9159 2285/3539/9159
f 4275/5665/9160 4267/5686/9160 4357/5684/9160
f 4596/2687/9161 4594/6125/9161 4598/6114/9161
f 4264/6139/9162 4263/6140/9162 4265/6141/9162
f 4482/6067/9163 4493/6061/9163 4484/6134/9163
f 4473/5824/9164 4484/6134/9164 4493/6061/9164
f 4257/5680/9165 4260/6142/9165 4258/6143/9165
f 4268/5776/9166 4265/6141/9166 4269/6135/9166
f 4259/5699/9167 4265/6141/9167 4262/6144/9167
f 4607/6105/9168 4497/6110/9168 4594/6125/9168
f 4258/6143/9169 4265/6141/9169 4259/5699/9169
f 4263/6140/9170 4262/6144/9170 4265/6141/9170
f 4267/5686/9171 4268/5776/9171 4269/6135/9171
f 4267/5686/9172 4269/6135/9172 4348/5992/9172
f 4259/5699/9173 4209/5771/9173 4208/5695/9173
f 4484/6134/9174 4588/6124/9174 4482/6067/9174
f 4112/1792/9175 1215/1797/9175 1217/1793/9175
f 4527/6043/9176 4526/5834/9176 4525/5838/9176
f 4211/5766/9177 4262/6144/9177 4213/5757/9177
f 4634/6145/9178 4527/6043/9178 4525/5838/9178
f 4597/5835/9179 4598/6114/9179 4591/5807/9179
f 3761/4948/9180 4409/5573/9180 4412/5542/9180
f 4341/6003/9181 4350/5986/9181 4269/6135/9181
f 4341/6003/9182 4256/5671/9182 4342/5994/9182
f 4341/6003/9183 4260/6142/9183 4256/5671/9183
f 4167/6034/9184 4166/6146/9184 4196/6013/9184
f 4483/5797/9185 4484/6134/9185 4473/5824/9185
f 4256/5671/9186 4260/6142/9186 4257/5680/9186
f 4196/6013/9187 4166/6146/9187 4193/6081/9187
f 4213/5757/9188 4215/5758/9188 4211/5766/9188
f 4341/6003/9189 4342/5994/9189 4340/5982/9189
f 4482/6067/9190 4588/6124/9190 4589/6126/9190
f 4591/5807/9191 4588/6124/9191 4484/6134/9191
f 4628/6038/9192 4527/6043/9192 4634/6145/9192
f 4348/5992/9193 4347/5687/9193 4267/5686/9193
f 4629/5885/9194 4630/5578/9194 4628/6038/9194
f 4628/6038/9195 4634/6145/9195 4629/5885/9195
f 4629/5885/9196 4634/6145/9196 4633/5886/9196
f 4412/5542/9197 3817/4944/9197 3761/4948/9197
f 4631/5960/9198 4635/5576/9198 4630/5578/9198
f 4341/6003/9199 4269/6135/9199 4260/6142/9199
f 4213/5757/9200 4263/6140/9200 4266/6100/9200
f 4124/5471/9201 4142/5490/9201 4166/6147/9201
f 4268/5776/9202 4267/5686/9202 4275/5665/9202
f 4630/5578/9203 4629/5885/9203 4631/5960/9203
f 4268/5776/9204 4264/6139/9204 4265/6141/9204
f 4408/5561/9205 4415/5555/9205 4414/5559/9205
f 4193/5643/9206 4166/6147/9206 4165/5648/9206
f 4408/5561/9207 4409/5573/9207 4415/5555/9207
f 4273/5666/9208 4220/5692/9208 4266/6100/9208
f 4341/6003/9209 4346/5984/9209 4350/5986/9209
f 4258/6143/9210 4261/5679/9210 4257/5680/9210
f 4165/5648/9211 4142/5490/9211 4164/5489/9211
f 4258/6143/9212 4259/5699/9212 4261/5679/9212
f 4265/6141/9213 4260/6142/9213 4269/6135/9213
f 4260/6142/9214 4265/6141/9214 4258/6143/9214
f 4264/6139/9215 4266/6100/9215 4263/6140/9215
f 4166/6147/9216 4142/5490/9216 4165/5648/9216
f 4525/5838/9217 4633/5886/9217 4634/6145/9217
f 4213/5757/9218 4262/6144/9218 4263/6140/9218
f 4262/6144/9219 4211/5766/9219 4209/5771/9219
f 4266/6100/9220 4220/5692/9220 4213/5757/9220
f 4527/6043/9221 4528/5631/9221 4526/5834/9221
f 4225/5669/9222 4218/5693/9222 4280/5654/9222
f 4525/5838/9223 4529/5830/9223 4633/5886/9223
f 4218/5693/9224 4273/5666/9224 4270/5662/9224
f 4165/5648/9225 4164/5489/9225 4190/5518/9225
f 4274/5661/9226 4218/5693/9226 4270/5662/9226
f 4145/6059/9227 4124/5471/9227 4166/6147/9227
f 4268/5776/9228 4266/6100/9228 4264/6139/9228
f 4270/5662/9229 4276/5685/9229 4272/5640/9229
f 4262/6144/9230 4209/5771/9230 4259/5699/9230
f 4611/6148/9231 2285/6149/9231 2252/3565/9231
f 1182/1511/9232 4691/1551/9232 3484/4476/9232
f 4648/6150/9233 3400/4570/9233 4649/4569/9233
f 3483/4474/9234 3484/4476/9234 4688/6151/9234
f 4685/6152/9235 4652/4606/9235 4654/4614/9235
f 3502/4714/9236 3457/4651/9236 3455/4633/9236
f 3483/4474/9237 4688/6151/9237 4923/6153/9237
f 3457/4651/9238 4650/6154/9238 4660/6155/9238
f 3415/4684/9239 4646/6156/9239 4649/4569/9239
f 3210/4610/9240 4654/4614/9240 4652/4606/9240
f 4714/6157/9241 4723/6158/9241 4658/6159/9241
f 4669/6160/9242 4667/6161/9242 4673/6162/9242
f 4666/6163/9243 4658/6159/9243 4663/6164/9243
f 4937/6165/9244 3180/4307/9244 4672/6166/9244
f 4680/6167/9245 4677/6168/9245 4658/6169/9245
f 4658/6159/9246 4677/6170/9246 4663/6164/9246
f 4664/6171/9247 4662/6172/9247 4748/6173/9247
f 4966/6174/9248 4650/6154/9248 3502/4714/9248
f 4649/4569/9249 3401/4472/9249 3415/4684/9249
f 4674/6175/9250 4675/6176/9250 4665/6177/9250
f 2767/3811/9251 4681/6178/9251 2785/3753/9251
f 4664/6171/9252 4683/3754/9252 4662/6172/9252
f 4665/6177/9253 4675/6176/9253 4687/6179/9253
f 3502/4714/9254 4650/6154/9254 3457/4651/9254
f 4668/6180/9255 3185/4666/9255 4655/6181/9255
f 3415/4684/9256 3413/4585/9256 4844/6182/9256
f 4679/6183/9257 4657/6184/9257 4659/6185/9257
f 2765/3759/9258 4674/6175/9258 2768/3757/9258
f 4654/4614/9259 4849/6186/9259 4685/6152/9259
f 4722/6187/9260 4652/4606/9260 4685/6152/9260
f 4674/6175/9261 4663/6164/9261 4677/6170/9261
f 4674/6175/9262 2765/3759/9262 2766/3782/9262
f 4659/6185/9263 4672/6188/9263 4679/6183/9263
f 2766/3782/9264 4675/6176/9264 4674/6175/9264
f 4683/3754/9265 4682/6189/9265 4662/6172/9265
f 3442/4553/9266 3457/4651/9266 4660/6155/9266
f 4722/6187/9267 4661/6190/9267 4652/4606/9267
f 3185/4715/9268 4668/6191/9268 3180/4307/9268
f 4674/6175/9269 4677/6170/9269 2768/3757/9269
f 4663/6164/9270 4674/6175/9270 4665/6177/9270
f 4688/6151/9271 3484/4476/9271 4691/1551/9271
f 4844/6182/9272 4646/6156/9272 3415/4684/9272
f 4689/6192/9273 4695/6193/9273 4733/6194/9273
f 4668/6180/9274 4655/6181/9274 4661/6190/9274
f 4682/6189/9275 4683/3754/9275 4681/6178/9275
f 4690/6195/9276 3314/4683/9276 4827/6196/9276
f 4655/6181/9277 3185/4666/9277 4652/4606/9277
f 4682/6189/9278 4681/6178/9278 4677/6168/9278
f 4689/6192/9279 4901/6197/9279 4695/6193/9279
f 4667/6161/9280 4666/6163/9280 4673/6162/9280
f 4665/6177/9281 4666/6163/9281 4663/6164/9281
f 4698/3783/9282 4808/6198/9282 4687/6179/9282
f 2768/3757/9283 4677/6170/9283 2767/3801/9283
f 4687/6179/9284 4673/6162/9284 4665/6177/9284
f 4682/6189/9285 4677/6168/9285 4680/6167/9285
f 2767/3811/9286 4677/6199/9286 4681/6178/9286
f 4689/6200/9287 4733/6201/9287 4706/6202/9287
f 4682/6189/9288 4680/6167/9288 4662/6172/9288
f 4691/1551/9289 5000/6203/9289 4688/6151/9289
f 4703/6204/9290 4697/6205/9290 4693/6206/9290
f 4687/6179/9291 4669/6160/9291 4673/6162/9291
f 4689/6192/9292 4718/6207/9292 4694/6208/9292
f 4701/6209/9293 4718/6207/9293 4706/6210/9293
f 4689/6192/9294 4706/6210/9294 4718/6207/9294
f 4676/6211/9295 4672/6212/9295 4644/6213/9295
f 4717/6214/9296 4720/6215/9296 4723/6158/9296
f 4675/6176/9297 2766/3782/9297 4687/6179/9297
f 4700/6216/9298 4723/6158/9298 4720/6215/9298
f 4720/6215/9299 4717/6214/9299 4712/6217/9299
f 4748/6173/9300 4701/6209/9300 4715/6218/9300
f 4714/6157/9301 4666/6163/9301 4667/6161/9301
f 4726/6219/9302 4724/6220/9302 4838/6221/9302
f 4694/6208/9303 4905/6222/9303 4689/6192/9303
f 4708/6223/9304 4693/6206/9304 4697/6205/9304
f 4706/6210/9305 4715/6218/9305 4701/6209/9305
f 4905/6222/9306 4694/6208/9306 4696/6224/9306
f 4734/6225/9307 4695/6226/9307 4724/6220/9307
f 2763/3762/9308 4698/3783/9308 2766/3782/9308
f 4673/6162/9309 4666/6163/9309 4665/6177/9309
f 4999/6227/9310 4991/6228/9310 4710/6229/9310
f 4973/6230/9311 4670/1011/9311 4653/6231/9311
f 4711/6232/9312 4905/6233/9312 4696/6234/9312
f 2766/3782/9313 4698/3783/9313 4687/6179/9313
f 4657/6184/9314 4847/6235/9314 4678/6236/9314
f 4817/6237/9315 4669/6160/9315 4687/6179/9315
f 4920/6238/9316 4728/6239/9316 4653/6231/9316
f 301/411/9317 3180/4307/9317 76/104/9317
f 4707/6240/9318 4692/6241/9318 4998/6242/9318
f 4686/852/9319 4653/6231/9319 4670/1011/9319
f 4937/6243/9320 4672/6188/9320 4659/6185/9320
f 4720/6215/9321 4712/6217/9321 4703/6204/9321
f 2723/3781/9322 4683/6244/9322 2851/3903/9322
f 4700/6245/9323 4694/6208/9323 4718/6207/9323
f 4703/6204/9324 4700/6216/9324 4720/6215/9324
f 4680/6167/9325 4704/6246/9325 4748/6173/9325
f 4731/6247/9326 4726/6219/9326 4753/6248/9326
f 4680/6249/9327 4658/6159/9327 4704/6250/9327
f 4703/6204/9328 4740/6251/9328 4705/6252/9328
f 4748/6173/9329 4662/6172/9329 4680/6167/9329
f 4750/6253/9330 4702/6254/9330 4764/6255/9330
f 4724/6220/9331 4999/6227/9331 4838/6221/9331
f 4700/6216/9332 4718/6256/9332 4704/6250/9332
f 4893/6257/9333 4856/6258/9333 4890/6259/9333
f 4697/6205/9334 4716/6260/9334 4708/6223/9334
f 4722/6187/9335 4684/6261/9335 4679/6183/9335
f 4712/6217/9336 4740/6251/9336 4703/6204/9336
f 4751/6262/9337 4706/6202/9337 4733/6201/9337
f 4678/6236/9338 4659/6185/9338 4657/6184/9338
f 4661/6190/9339 4655/6181/9339 4652/4606/9339
f 4668/6191/9340 4644/6263/9340 3180/4307/9340
f 2859/3891/9341 4753/6248/9341 2849/3882/9341
f 4723/6158/9342 4700/6216/9342 4704/6250/9342
f 4736/6264/9343 4732/6265/9343 4699/6266/9343
f 4708/6223/9344 4716/6260/9344 4711/6232/9344
f 4748/6173/9345 4704/6246/9345 4701/6209/9345
f 4753/6248/9346 4763/6267/9346 4743/6268/9346
f 4693/6206/9347 4700/6216/9347 4703/6204/9347
f 4711/6232/9348 4696/6234/9348 4708/6223/9348
f 4718/6207/9349 4701/6209/9349 4704/6246/9349
f 4740/6251/9350 4957/6269/9350 4705/6252/9350
f 4737/6270/9351 4719/6271/9351 4747/6272/9351
f 4717/6214/9352 4723/6158/9352 4714/6157/9352
f 4704/6250/9353 4658/6159/9353 4723/6158/9353
f 4735/6273/9354 4775/6274/9354 4776/6275/9354
f 4705/6252/9355 4697/6205/9355 4703/6204/9355
f 4699/6266/9356 4766/6276/9356 4702/6254/9356
f 4746/6277/9357 4753/6248/9357 4726/6219/9357
f 4705/6252/9358 4716/6260/9358 4697/6205/9358
f 4699/6266/9359 4702/6254/9359 4736/6264/9359
f 4700/6216/9360 4696/6234/9360 4694/6278/9360
f 4960/6279/9361 4740/6251/9361 4732/6265/9361
f 4666/6163/9362 4714/6157/9362 4658/6159/9362
f 4763/6267/9363 4775/6274/9363 4743/6268/9363
f 4696/6234/9364 4700/6216/9364 4708/6223/9364
f 4708/6223/9365 4700/6216/9365 4693/6206/9365
f 4954/6280/9366 4750/6253/9366 4952/6281/9366
f 4717/6214/9367 4719/6271/9367 4712/6217/9367
f 4771/6282/9368 4753/6248/9368 4746/6277/9368
f 4719/6271/9369 4740/6251/9369 4712/6217/9369
f 4719/6271/9370 4737/6270/9370 4740/6251/9370
f 4752/6283/9371 4769/6284/9371 4754/6285/9371
f 4743/6268/9372 4751/6262/9372 4731/6247/9372
f 4813/6286/9373 4762/6287/9373 4755/6288/9373
f 4734/6225/9374 4733/6201/9374 4695/6226/9374
f 4747/6272/9375 4669/6160/9375 4760/6289/9375
f 4724/6220/9376 4726/6219/9376 4731/6247/9376
f 4646/6156/9377 4844/6182/9377 4788/6290/9377
f 4661/6190/9378 4679/6183/9378 4676/6291/9378
f 4764/6255/9379 4702/6254/9379 4762/6287/9379
f 4667/6161/9380 4717/6214/9380 4714/6157/9380
f 4734/6225/9381 4724/6220/9381 4731/6247/9381
f 4719/6271/9382 4717/6214/9382 4667/6161/9382
f 4749/6292/9383 4768/6293/9383 4645/6294/9383
f 2697/3904/9384 4763/6267/9384 2858/3890/9384
f 4761/6295/9385 4773/6296/9385 4767/6297/9385
f 4699/6266/9386 4737/6270/9386 4766/6276/9386
f 4775/6274/9387 4735/6273/9387 4743/6268/9387
f 4752/6283/9388 4754/6285/9388 3180/4307/9388
f 4664/6298/9389 4748/6299/9389 4715/6300/9389
f 4735/6273/9390 4715/6300/9390 4751/6262/9390
f 4664/6298/9391 4715/6300/9391 4776/6275/9391
f 4715/6300/9392 4706/6202/9392 4751/6262/9392
f 4759/6301/9393 4755/6288/9393 4766/6276/9393
f 4715/6300/9394 4735/6273/9394 4776/6275/9394
f 4669/6160/9395 4747/6272/9395 4719/6271/9395
f 4868/6302/9396 4855/6303/9396 4741/6304/9396
f 4766/6276/9397 4762/6287/9397 4702/6254/9397
f 4667/6161/9398 4669/6160/9398 4719/6271/9398
f 4743/6268/9399 4735/6273/9399 4751/6262/9399
f 4699/6266/9400 4740/6251/9400 4737/6270/9400
f 4732/6265/9401 4740/6251/9401 4699/6266/9401
f 4764/6255/9402 4761/6295/9402 4769/6305/9402
f 4769/6305/9403 4752/6306/9403 4764/6255/9403
f 4752/6306/9404 4756/6307/9404 4952/6281/9404
f 4761/6295/9405 4764/6255/9405 4762/6287/9405
f 4754/6308/9406 4773/6296/9406 4813/6286/9406
f 4773/6296/9407 4754/6308/9407 4767/6297/9407
f 4736/6264/9408 4702/6254/9408 4750/6253/9408
f 4751/6262/9409 4733/6201/9409 4734/6225/9409
f 4731/6247/9410 4751/6262/9410 4734/6225/9410
f 4960/6279/9411 4957/6269/9411 4740/6251/9411
f 4756/6309/9412 4752/6283/9412 3180/4307/9412
f 4736/6264/9413 4954/6280/9413 4732/6265/9413
f 4750/6253/9414 4954/6280/9414 4736/6264/9414
f 4683/6244/9415 4664/6298/9415 4776/6275/9415
f 4769/6284/9416 4767/6310/9416 4754/6285/9416
f 4782/6311/9417 4765/6312/9417 4757/6313/9417
f 4755/6288/9418 4747/6272/9418 4760/6289/9418
f 4755/6288/9419 4814/6314/9419 4813/6286/9419
f 4753/6248/9420 4743/6268/9420 4731/6247/9420
f 4763/6267/9421 4753/6248/9421 2858/3890/9421
f 4773/6296/9422 4761/6295/9422 4813/6286/9422
f 4649/4569/9423 4645/6294/9423 4768/6293/9423
f 4737/6270/9424 4759/6301/9424 4766/6276/9424
f 4798/6315/9425 4780/6316/9425 4749/6292/9425
f 4952/6281/9426 4764/6255/9426 4752/6306/9426
f 4747/6272/9427 4755/6288/9427 4759/6301/9427
f 4737/6270/9428 4747/6272/9428 4759/6301/9428
f 4767/6297/9429 4769/6305/9429 4761/6295/9429
f 4764/6255/9430 4952/6281/9430 4750/6253/9430
f 4762/6287/9431 4813/6286/9431 4761/6295/9431
f 4745/6317/9432 4869/6318/9432 2689/3712/9432
f 2697/3904/9433 2851/3903/9433 4776/6275/9433
f 4755/6288/9434 4762/6287/9434 4766/6276/9434
f 4755/6288/9435 4760/6289/9435 4807/6319/9435
f 2859/3891/9436 2858/3890/9436 4753/6248/9436
f 4781/6320/9437 4780/6316/9437 4779/6321/9437
f 4780/6316/9438 4798/6315/9438 4794/6322/9438
f 4780/6316/9439 4781/6320/9439 4749/6292/9439
f 4763/6267/9440 2697/3904/9440 4775/6274/9440
f 2697/3904/9441 4776/6275/9441 4775/6274/9441
f 4799/6323/9442 4794/6322/9442 4798/6315/9442
f 4787/6324/9443 4799/6323/9443 4798/6315/9443
f 4915/6325/9444 3304/4670/9444 3301/4674/9444
f 4774/923/9445 4786/1180/9445 4825/6326/9445
f 4787/6324/9446 4798/6315/9446 4788/6290/9446
f 4798/6315/9447 4646/6156/9447 4788/6290/9447
f 4799/6323/9448 4810/6327/9448 4809/6328/9448
f 4776/6275/9449 2851/3903/9449 4683/6244/9449
f 4831/4510/9450 4844/6182/9450 3423/4623/9450
f 2858/3890/9451 2848/3892/9451 2697/3904/9451
f 4810/6327/9452 4799/6323/9452 4792/6329/9452
f 4789/6330/9453 4791/6331/9453 4895/6332/9453
f 3301/4674/9454 3305/4675/9454 3314/6333/9454
f 4831/4510/9455 4792/6329/9455 4844/6182/9455
f 4792/6329/9456 4787/6324/9456 4844/6182/9456
f 4793/6334/9457 4995/6335/9457 4810/6327/9457
f 4844/6182/9458 4787/6324/9458 4788/6290/9458
f 4798/6315/9459 4749/6292/9459 4645/6294/9459
f 4787/6324/9460 4792/6329/9460 4799/6323/9460
f 4772/6336/9461 4782/6311/9461 4802/6337/9461
f 4811/6338/9462 4800/6339/9462 4789/6340/9462
f 4745/6317/9463 4802/6337/9463 4803/6341/9463
f 4770/6342/9464 2792/3720/9464 4801/3934/9464
f 4801/3934/9465 2747/3719/9465 4815/6343/9465
f 4768/6293/9466 4648/6150/9466 4649/4569/9466
f 4814/6314/9467 4754/6308/9467 4813/6286/9467
f 4768/6293/9468 4781/6320/9468 4779/6321/9468
f 4804/6344/9469 4800/6339/9469 4834/6345/9469
f 4805/6346/9470 4807/6319/9470 4808/6198/9470
f 2792/3720/9471 4805/6346/9471 4698/3783/9471
f 4782/6311/9472 4757/6313/9472 4802/6337/9472
f 1166/1546/9473 1165/1547/9473 4818/6347/9473
f 4814/6314/9474 4805/6346/9474 4801/3934/9474
f 4995/6335/9475 4730/6348/9475 4809/6328/9475
f 4754/6308/9476 4814/6314/9476 4801/3934/9476
f 4806/6349/9477 4713/6350/9477 4800/6339/9477
f 4800/6339/9478 4811/6338/9478 4806/6349/9478
f 4812/6351/9479 4754/6308/9479 4801/3934/9479
f 4808/6198/9480 4807/6319/9480 4760/6289/9480
f 4819/6352/9481 4791/6353/9481 4820/6354/9481
f 4817/6237/9482 4808/6198/9482 4760/6289/9482
f 3314/6333/9483 4690/6355/9483 4821/6356/9483
f 4791/6353/9484 4892/6357/9484 4820/6354/9484
f 4814/6314/9485 4755/6288/9485 4807/6319/9485
f 4789/6340/9486 4800/6339/9486 4804/6344/9486
f 4841/6358/9487 4802/6337/9487 4757/6313/9487
f 4821/6356/9488 3301/4674/9488 3314/6333/9488
f 4995/6335/9489 4809/6328/9489 4810/6327/9489
f 4817/6237/9490 4760/6289/9490 4669/6160/9490
f 4809/6328/9491 4784/6359/9491 4785/6360/9491
f 4789/6340/9492 4804/6344/9492 4791/6353/9492
f 4808/6198/9493 4698/3783/9493 4805/6346/9493
f 4820/6361/9494 4822/6362/9494 4920/6238/9494
f 4807/6319/9495 4805/6346/9495 4814/6314/9495
f 4800/6339/9496 4713/6350/9496 4834/6345/9496
f 4771/6282/9497 4746/6277/9497 4721/6363/9497
f 4690/6195/9498 4827/6196/9498 4713/6350/9498
f 2751/3717/9499 4815/6343/9499 2747/3719/9499
f 4832/6364/9500 4889/4331/9500 4828/6365/9500
f 1216/1808/9501 4833/6366/9501 4835/1777/9501
f 3364/4687/9502 3387/4686/9502 4829/6367/9502
f 4770/6342/9503 4801/3934/9503 4805/6346/9503
f 4801/3934/9504 4815/6343/9504 4812/6351/9504
f 4837/6368/9505 4965/6369/9505 4836/6370/9505
f 4915/6325/9506 3301/4674/9506 4821/6356/9506
f 4834/6345/9507 4713/6350/9507 4827/6196/9507
f 4790/6371/9508 4833/6372/9508 1216/1795/9508
f 2792/3720/9509 4770/6342/9509 4805/6346/9509
f 1158/1804/9510 1161/1780/9510 4818/6347/9510
f 4834/6345/9511 4830/6373/9511 4804/6344/9511
f 4757/6313/9512 4765/6312/9512 4771/6282/9512
f 4827/6196/9513 4832/6364/9513 4834/6345/9513
f 3314/4683/9514 4832/6364/9514 4827/6196/9514
f 4812/6374/9515 4815/6375/9515 2627/3602/9515
f 4842/6376/9516 3364/4687/9516 4829/6367/9516
f 4841/6358/9517 4838/6221/9517 4725/6377/9517
f 4838/6221/9518 4721/6363/9518 4726/6219/9518
f 4838/6221/9519 4839/6378/9519 4725/6377/9519
f 4836/6370/9520 4833/6366/9520 4837/6368/9520
f 4725/6377/9521 4843/6379/9521 4841/6358/9521
f 3387/4686/9522 4648/6150/9522 4829/6367/9522
f 4835/1777/9523 4833/6366/9523 4836/6370/9523
f 4115/1169/9524 4845/5775/9524 4113/5703/9524
f 4840/6380/9525 4818/6347/9525 1161/1780/9525
f 3387/4686/9526 3400/4570/9526 4648/6150/9526
f 4847/6235/9527 4684/6261/9527 4846/6381/9527
f 1216/1795/9528 4845/5775/9528 4790/6371/9528
f 4115/1169/9529 830/922/9529 4845/5775/9529
f 4839/6378/9530 4656/6382/9530 4725/6377/9530
f 1161/1780/9531 4835/1777/9531 4836/6370/9531
f 1215/1797/9532 4113/5703/9532 4845/5775/9532
f 4846/6381/9533 4849/6186/9533 4848/6383/9533
f 4841/6358/9534 4757/6313/9534 4838/6221/9534
f 4853/6384/9535 4944/6385/9535 4852/6386/9535
f 4656/6382/9536 4843/6379/9536 4725/6377/9536
f 4852/6386/9537 4851/6387/9537 4853/6384/9537
f 4850/6388/9538 4947/6389/9538 4886/6390/9538
f 4836/6370/9539 4840/6380/9539 1161/1780/9539
f 4836/6370/9540 4965/6369/9540 4840/6380/9540
f 4846/6381/9541 4848/6383/9541 4852/6391/9541
f 4816/6392/9542 4841/6358/9542 4843/6379/9542
f 4854/6393/9543 4856/6258/9543 4855/6303/9543
f 4947/6389/9544 4850/6388/9544 4852/6386/9544
f 4945/6394/9545 4850/6395/9545 4886/6396/9545
f 4852/6386/9546 4848/6397/9546 4851/6387/9546
f 4684/6261/9547 4685/6152/9547 4846/6381/9547
f 4846/6381/9548 4685/6152/9548 4849/6186/9548
f 4903/6398/9549 4887/6399/9549 4857/6400/9549
f 4816/6392/9550 4855/6303/9550 4868/6302/9550
f 4857/6400/9551 4873/6401/9551 4876/6402/9551
f 4845/5775/9552 4795/924/9552 4790/6371/9552
f 4855/6303/9553 4816/6392/9553 4854/6393/9553
f 4854/6393/9554 4816/6392/9554 4843/6379/9554
f 4844/6182/9555 3413/4585/9555 3423/4623/9555
f 4921/6403/9556 4854/6393/9556 4843/6379/9556
f 4850/6395/9557 4846/6381/9557 4852/6391/9557
f 4847/6235/9558 4846/6381/9558 4850/6395/9558
f 4795/924/9559 4774/923/9559 4796/6404/9559
f 4997/6405/9560 4858/6406/9560 4784/6359/9560
f 4969/6407/9561 4824/6408/9561 4823/6409/9561
f 4816/6392/9562 4868/6302/9562 4778/6410/9562
f 4793/6334/9563 4792/6329/9563 4831/4510/9563
f 4810/6327/9564 4792/6329/9564 4793/6334/9564
f 4802/6337/9565 4745/6317/9565 4772/6336/9565
f 4826/6411/9566 4869/6318/9566 4860/6412/9566
f 4867/6413/9567 2736/3694/9567 4869/6318/9567
f 4784/6359/9568 4730/6348/9568 4997/6405/9568
f 4901/6197/9569 4689/6192/9569 4902/6414/9569
f 4856/6258/9570 4854/6393/9570 4806/6415/9570
f 4742/6416/9571 4771/6282/9571 4765/6312/9571
f 4865/6417/9572 4864/4314/9572 4866/6418/9572
f 4823/6409/9573 4965/6369/9573 4969/6407/9573
f 4868/6302/9574 4860/6412/9574 4778/6410/9574
f 4649/4569/9575 4646/6156/9575 4645/6294/9575
f 4834/6345/9576 4832/6364/9576 4828/6365/9576
f 4768/6293/9577 4779/6321/9577 4863/6419/9577
f 4707/6240/9578 4730/6348/9578 4995/6335/9578
f 4997/6405/9579 4730/6348/9579 4707/6240/9579
f 4721/6363/9580 4757/6313/9580 4771/6282/9580
f 2689/3712/9581 4783/3709/9581 4745/6317/9581
f 4893/6257/9582 4738/6420/9582 4826/6411/9582
f 4784/6359/9583 4809/6328/9583 4730/6348/9583
f 4786/1180/9584 4976/6421/9584 4825/6326/9584
f 4782/6311/9585 4871/3744/9585 4765/6312/9585
f 4832/6364/9586 3314/4683/9586 4889/4331/9586
f 4864/4314/9587 4727/4313/9587 4866/6418/9587
f 4646/6156/9588 4798/6315/9588 4645/6294/9588
f 4802/6337/9589 4841/6358/9589 4816/6392/9589
f 4771/6282/9590 4742/6416/9590 4753/6248/9590
f 4826/6411/9591 4867/6413/9591 4869/6318/9591
f 4879/6422/9592 4875/6423/9592 4878/6424/9592
f 4802/6337/9593 4816/6392/9593 4778/6410/9593
f 4875/6423/9594 4873/6401/9594 4934/6425/9594
f 4709/1056/9595 2736/3694/9595 4988/1057/9595
f 4934/6425/9596 4880/6426/9596 4875/6423/9596
f 4892/6357/9597 4791/6353/9597 4804/6344/9597
f 4687/6179/9598 4808/6198/9598 4817/6237/9598
f 4778/6410/9599 4803/6341/9599 4802/6337/9599
f 4879/6422/9600 4882/6427/9600 4900/6428/9600
f 4873/6401/9601 4879/6422/9601 4876/6402/9601
f 4862/6429/9602 4874/6430/9602 4913/6431/9602
f 4825/6326/9603 4976/6421/9603 4870/6432/9603
f 4882/6427/9604 4884/6433/9604 4900/6428/9604
f 4900/6428/9605 4877/6434/9605 4876/6402/9605
f 4884/6435/9606 4882/6436/9606 4885/6437/9606
f 4900/6428/9607 4876/6402/9607 4879/6422/9607
f 4875/6423/9608 4886/6396/9608 4878/6424/9608
f 4979/6438/9609 4885/6437/9609 4983/6439/9609
f 4891/6440/9610 4904/6441/9610 4881/6442/9610
f 4934/6425/9611 4873/6401/9611 4872/6443/9611
f 4884/6435/9612 4981/6444/9612 4899/6445/9612
f 4873/6401/9613 4857/6400/9613 4887/6399/9613
f 4945/6394/9614 4875/6423/9614 4880/6426/9614
f 4988/1057/9615 2736/3694/9615 4867/6413/9615
f 4888/6446/9616 4886/6390/9616 4947/6389/9616
f 4883/6447/9617 4945/6394/9617 4880/6426/9617
f 4873/6401/9618 4887/6399/9618 4872/6443/9618
f 4945/6394/9619 4886/6396/9619 4875/6423/9619
f 4979/6438/9620 4884/6435/9620 4885/6437/9620
f 4875/6423/9621 4879/6422/9621 4873/6401/9621
f 4754/6285/9622 4812/6374/9622 2627/3602/9622
f 4878/6448/9623 4885/6437/9623 4882/6436/9623
f 4888/6446/9624 4885/6437/9624 4878/6448/9624
f 4886/6396/9625 4888/6449/9625 4878/6424/9625
f 4898/6450/9626 4828/6365/9626 4897/6451/9626
f 4777/6452/9627 4829/6367/9627 4648/6150/9627
f 4768/6293/9628 4777/6452/9628 4648/6150/9628
f 4869/6318/9629 4803/6341/9629 4860/6412/9629
f 4768/6293/9630 4749/6292/9630 4781/6320/9630
f 4879/6422/9631 4878/6424/9631 4882/6427/9631
f 4993/6453/9632 4899/6445/9632 4981/6444/9632
f 4768/6293/9633 4863/6419/9633 4777/6452/9633
f 4796/6404/9634 4774/923/9634 4825/6326/9634
f 4842/6376/9635 4829/6367/9635 4897/6451/9635
f 4830/6373/9636 4863/6419/9636 4804/6344/9636
f 4989/6454/9637 4983/6439/9637 4888/6446/9637
f 4777/6452/9638 4898/6450/9638 4897/6451/9638
f 4866/6418/9639 3268/4312/9639 3293/4311/9639
f 4885/6437/9640 4888/6446/9640 4983/6439/9640
f 4869/6318/9641 4745/6317/9641 4803/6341/9641
f 4891/6440/9642 4893/6455/9642 4890/6456/9642
f 4828/6365/9643 4830/6373/9643 4834/6345/9643
f 4819/6457/9644 4820/6361/9644 4920/6238/9644
f 4898/6450/9645 4863/6419/9645 4830/6373/9645
f 4881/6442/9646 4758/1025/9646 4671/1036/9646
f 4777/6452/9647 4897/6451/9647 4829/6367/9647
f 4866/6418/9648 3293/4311/9648 4940/6458/9648
f 4889/4331/9649 4842/6376/9649 4828/6365/9649
f 4898/6450/9650 4830/6373/9650 4828/6365/9650
f 4897/6451/9651 4828/6365/9651 4842/6376/9651
f 4865/6417/9652 4853/6459/9652 4864/4314/9652
f 4894/6460/9653 4823/6409/9653 4824/6408/9653
f 4857/6400/9654 4862/6429/9654 4903/6398/9654
f 4729/6461/9655 4872/6443/9655 4887/6399/9655
f 4907/6462/9656 4874/6463/9656 4899/6445/9656
f 4727/4313/9657 3268/4312/9657 4866/6418/9657
f 4857/6400/9658 4876/6402/9658 4877/6434/9658
f 4881/6442/9659 4671/1036/9659 4893/6455/9659
f 4791/6331/9660 4819/6457/9660 4895/6332/9660
f 4803/6341/9661 4778/6410/9661 4860/6412/9661
f 4826/6411/9662 4860/6412/9662 4868/6302/9662
f 4894/6460/9663 5000/6203/9663 4859/6464/9663
f 4819/6457/9664 4975/6465/9664 4904/6441/9664
f 4777/6452/9665 4863/6419/9665 4898/6450/9665
f 4851/6387/9666 4864/4316/9666 4853/6384/9666
f 4910/6466/9667 4861/6467/9667 4905/6233/9667
f 4818/6347/9668 4823/6409/9668 4859/6464/9668
f 4900/6428/9669 4899/6468/9669 4874/6430/9669
f 4909/6469/9670 4908/6470/9670 4913/6431/9670
f 4857/6400/9671 4877/6434/9671 4862/6429/9671
f 4909/6469/9672 4910/6466/9672 4716/6260/9672
f 4861/6467/9673 4906/6471/9673 4913/6431/9673
f 4705/6252/9674 4957/6269/9674 4909/6469/9674
f 4965/6369/9675 4823/6409/9675 4840/6380/9675
f 4870/6432/9676 4976/6421/9676 4858/6472/9676
f 4716/6260/9677 4910/6466/9677 4711/6232/9677
f 4861/6467/9678 4874/6430/9678 4902/6473/9678
f 4823/6409/9679 4894/6460/9679 4859/6464/9679
f 4894/6460/9680 4824/6408/9680 4896/6474/9680
f 4874/6463/9681 4907/6462/9681 4902/6414/9681
f 4840/6380/9682 4823/6409/9682 4818/6347/9682
f 4877/6434/9683 4900/6428/9683 4874/6430/9683
f 4726/6219/9684 4721/6363/9684 4746/6277/9684
f 4895/6332/9685 4819/6457/9685 4904/6441/9685
f 4907/6462/9686 4899/6445/9686 4993/6453/9686
f 4912/6475/9687 4914/6476/9687 4797/6477/9687
f 4900/6428/9688 4884/6478/9688 4899/6468/9688
f 4821/6356/9689 4690/6355/9689 4916/6479/9689
f 4913/6431/9690 4906/6471/9690 4909/6469/9690
f 4908/6470/9691 4909/6469/9691 4957/6269/9691
f 4862/6429/9692 4877/6434/9692 4874/6430/9692
f 4941/6480/9693 4915/6325/9693 4914/6476/9693
f 4861/6467/9694 4910/6466/9694 4906/6471/9694
f 4908/6470/9695 4959/6481/9695 4903/6398/9695
f 4913/6431/9696 4874/6430/9696 4861/6467/9696
f 4757/6313/9697 4721/6363/9697 4838/6221/9697
f 4921/6403/9698 4918/6482/9698 4806/6415/9698
f 4902/6414/9699 4689/6192/9699 4905/6222/9699
f 4686/852/9700 744/851/9700 4920/6238/9700
f 4918/6482/9701 4921/6403/9701 4911/6483/9701
f 4997/6405/9702 4870/6484/9702 4858/6406/9702
f 4785/6360/9703 4799/6323/9703 4809/6328/9703
f 4862/6429/9704 4913/6431/9704 4903/6398/9704
f 4911/6483/9705 4921/6403/9705 4843/6379/9705
f 4916/6479/9706 4917/6485/9706 4914/6476/9706
f 4907/6462/9707 4901/6197/9707 4902/6414/9707
f 4910/6466/9708 4909/6469/9708 4906/6471/9708
f 4905/6233/9709 4861/6467/9709 4902/6473/9709
f 4908/6470/9710 4903/6398/9710 4913/6431/9710
f 4744/3887/9711 4742/6416/9711 4765/6312/9711
f 4914/6476/9712 4912/6475/9712 4941/6480/9712
f 4916/6479/9713 4690/6486/9713 4917/6485/9713
f 3304/4670/9714 4915/6325/9714 4941/6480/9714
f 4647/6487/9715 4924/6488/9715 3180/4307/9715
f 4711/6232/9716 4910/6466/9716 4905/6233/9716
f 4686/852/9717 4920/6238/9717 4653/6231/9717
f 4917/6485/9718 4690/6486/9718 4713/6489/9718
f 4855/6303/9719 4856/6258/9719 4741/6304/9719
f 4925/6490/9720 4928/6491/9720 4927/6492/9720
f 4863/6419/9721 4892/6357/9721 4804/6344/9721
f 4928/6491/9722 4925/6490/9722 4932/6493/9722
f 4926/6494/9723 4930/6495/9723 4927/6492/9723
f 4918/6496/9724 4713/6350/9724 4806/6349/9724
f 4871/3744/9725 4744/3887/9725 4765/6312/9725
f 4941/6480/9726 3293/4311/9726 3304/4670/9726
f 4909/6469/9727 4716/6260/9727 4705/6252/9727
f 4933/6497/9728 4931/6498/9728 4647/6487/9728
f 4918/6482/9729 4917/6485/9729 4713/6489/9729
f 4729/6461/9730 4932/6493/9730 4872/6443/9730
f 4937/6165/9731 4933/6497/9731 3180/4307/9731
f 4742/6416/9732 4744/3887/9732 4753/6248/9732
f 4880/6426/9733 4934/6425/9733 4932/6493/9733
f 4927/6492/9734 4729/6461/9734 4956/6499/9734
f 4904/6441/9735 4891/6440/9735 4895/6332/9735
f 4880/6426/9736 4925/6490/9736 4936/6500/9736
f 4895/6501/9737 4811/6338/9737 4789/6340/9737
f 4956/6499/9738 4926/6494/9738 4927/6492/9738
f 4928/6491/9739 4729/6461/9739 4927/6492/9739
f 4930/6495/9740 4925/6490/9740 4927/6492/9740
f 4647/6502/9741 4930/6495/9741 4924/6503/9741
f 4924/6503/9742 4930/6495/9742 4926/6494/9742
f 4893/6257/9743 4741/6304/9743 4856/6258/9743
f 4854/6393/9744 4921/6403/9744 4806/6415/9744
f 4936/6500/9745 4935/6504/9745 4678/6236/9745
f 4925/6490/9746 4880/6426/9746 4932/6493/9746
f 4926/6494/9747 4929/6505/9747 4924/6503/9747
f 4915/6325/9748 4821/6356/9748 4914/6476/9748
f 4932/6493/9749 4729/6461/9749 4928/6491/9749
f 4930/6495/9750 4647/6502/9750 4931/6506/9750
f 4891/6440/9751 4890/6456/9751 4895/6332/9751
f 4794/6322/9752 4799/6323/9752 4785/6360/9752
f 4936/6500/9617 4945/6394/9617 4883/6447/9617
f 4937/6243/9753 4659/6185/9753 4935/6504/9753
f 3483/4474/9754 4923/6153/9754 3470/4632/9754
f 4937/6243/9755 4931/6506/9755 4933/6507/9755
f 4929/6505/9756 4926/6494/9756 4956/6499/9756
f 4935/6504/9757 4931/6506/9757 4937/6243/9757
f 4772/6336/9758 4871/3744/9758 4782/6311/9758
f 4935/6504/9759 4659/6185/9759 4678/6236/9759
f 4916/6479/9760 4914/6476/9760 4821/6356/9760
f 4872/6443/9761 4932/6493/9761 4934/6425/9761
f 4930/6495/9762 4931/6506/9762 4925/6490/9762
f 4933/6497/9763 4647/6487/9763 3180/4307/9763
f 4925/6490/9764 4931/6506/9764 4935/6504/9764
f 4826/6411/9765 4868/6302/9765 4893/6257/9765
f 4891/6440/9766 4881/6442/9766 4893/6455/9766
f 4672/6188/9767 4676/6291/9767 4679/6183/9767
f 4728/6239/9768 4822/6362/9768 4938/6508/9768
f 4880/6426/9617 4936/6500/9617 4883/6447/9617
f 4780/6316/9769 4822/6509/9769 4892/6357/9769
f 4936/6500/9770 4925/6490/9770 4935/6504/9770
f 4651/3708/9771 4745/6317/9771 4783/3709/9771
f 4780/6316/9772 4794/6322/9772 4938/6510/9772
f 4920/6238/9773 4822/6362/9773 4728/6239/9773
f 4722/6187/9774 4685/6152/9774 4684/6261/9774
f 4772/6336/9775 4745/6317/9775 4651/3708/9775
f 2689/3712/9776 4869/6318/9776 2736/3694/9776
f 4847/6235/9777 4945/6394/9777 4678/6236/9777
f 4942/6511/9778 4940/6458/9778 4941/6480/9778
f 2627/3602/9779 76/104/9779 3180/4307/9779
f 2627/3602/9780 3180/4307/9780 4754/6285/9780
f 4917/6485/9781 4918/6482/9781 4911/6483/9781
f 4911/6483/9782 4656/6382/9782 4917/6485/9782
f 4940/6458/9783 3293/4311/9783 4941/6480/9783
f 4947/6512/9784 4946/6513/9784 4984/6514/9784
f 4938/6510/9785 4794/6322/9785 4739/6515/9785
f 3442/4553/9786 4660/6155/9786 3432/4509/9786
f 4948/6516/9787 3180/4307/9787 4953/6517/9787
f 4845/5775/9788 830/922/9788 4795/924/9788
f 4951/6518/9789 4959/6481/9789 4960/6279/9789
f 4739/6515/9790 4728/6519/9790 4938/6510/9790
f 4948/6516/9791 4756/6309/9791 3180/4307/9791
f 4684/6261/9792 4657/6184/9792 4679/6183/9792
f 4946/6513/9793 4942/6511/9793 4984/6514/9793
f 4948/6520/9794 4952/6281/9794 4756/6307/9794
f 4955/6521/9795 4951/6518/9795 4954/6280/9795
f 4950/6522/9796 4952/6281/9796 4948/6520/9796
f 4822/6509/9797 4780/6316/9797 4938/6510/9797
f 4793/6334/9798 3432/4509/9798 4995/6335/9798
f 4780/6316/9799 4863/6419/9799 4779/6321/9799
f 4962/6523/9800 3180/4307/9800 4924/6488/9800
f 4892/6357/9801 4863/6419/9801 4780/6316/9801
f 4949/6524/9802 4958/6525/9802 4951/6518/9802
f 4959/6481/9803 4958/6525/9803 4729/6461/9803
f 4962/6526/9804 4929/6505/9804 4956/6499/9804
f 4944/6527/9805 4853/6459/9805 4939/6528/9805
f 4951/6518/9806 4732/6265/9806 4954/6280/9806
f 4939/6528/9807 4866/6418/9807 4940/6458/9807
f 4908/6470/9808 4960/6279/9808 4959/6481/9808
f 4865/6417/9809 4866/6418/9809 4939/6528/9809
f 4853/6459/9810 4865/6417/9810 4939/6528/9810
f 4944/6527/9811 4939/6528/9811 4943/6529/9811
f 4729/6461/9812 4887/6399/9812 4959/6481/9812
f 4964/6530/9813 4969/6407/9813 4965/6369/9813
f 4831/4510/9814 3432/4509/9814 4793/6334/9814
f 4660/6155/9815 4995/6335/9815 3432/4509/9815
f 4964/6530/9816 4967/6531/9816 4969/6407/9816
f 4940/6458/9817 4943/6529/9817 4939/6528/9817
f 4961/6532/9818 4955/6521/9818 4950/6522/9818
f 3502/4714/9819 4923/6153/9819 4970/6533/9819
f 4974/6534/9820 4967/6531/9820 4963/6535/9820
f 4958/6525/9821 4949/6524/9821 4956/6499/9821
f 4955/6521/9822 4954/6280/9822 4952/6281/9822
f 4955/6521/9823 4952/6281/9823 4950/6522/9823
f 4953/6536/9824 4962/6526/9824 4949/6524/9824
f 4961/6532/1574 4949/6524/1574 4955/6521/1574
f 4949/6524/9825 4961/6532/9825 4953/6536/9825
f 4956/6499/9826 4729/6461/9826 4958/6525/9826
f 4950/6522/9827 4953/6536/9827 4961/6532/9827
f 4923/6153/9828 3502/4714/9828 3470/4632/9828
f 4962/6526/9829 4956/6499/9829 4949/6524/9829
f 4953/6536/9830 4950/6522/9830 4948/6520/9830
f 4732/6265/9831 4951/6518/9831 4960/6279/9831
f 4960/6279/9832 4908/6470/9832 4957/6269/9832
f 4959/6481/9833 4951/6518/9833 4958/6525/9833
f 4896/6474/9834 4824/6408/9834 4971/6537/9834
f 4949/6524/9835 4951/6518/9835 4955/6521/9835
f 4924/6503/9836 4929/6505/9836 4962/6526/9836
f 4824/6408/9837 4968/6538/9837 4971/6537/9837
f 4964/6530/9838 4965/6369/9838 4837/6368/9838
f 4968/6538/9839 4824/6408/9839 4969/6407/9839
f 4959/6481/9840 4887/6399/9840 4903/6398/9840
f 4864/4316/9841 4972/6539/9841 3246/4317/9841
f 4962/6523/9842 4953/6517/9842 3180/4307/9842
f 4848/6383/9843 4849/6186/9843 4972/6540/9843
f 4972/6540/9844 4849/6186/9844 4654/4614/9844
f 4864/4316/9845 4851/6387/9845 4972/6539/9845
f 4971/6537/9846 4968/6538/9846 4970/6533/9846
f 4893/6257/9847 4868/6302/9847 4741/6304/9847
f 4654/4614/9848 3246/4613/9848 4972/6540/9848
f 4923/6153/9849 4971/6537/9849 4970/6533/9849
f 4967/6531/9850 4974/6534/9850 4968/6538/9850
f 4971/6537/9851 4923/6153/9851 4922/6541/9851
f 3502/4714/9852 4970/6533/9852 4966/6174/9852
f 4679/6183/9853 4661/6190/9853 4722/6187/9853
f 724/1049/9854 4758/1025/9854 4904/6441/9854
f 4786/1180/9855 4973/6230/9855 4976/6421/9855
f 743/853/9856 724/1049/9856 744/851/9856
f 4851/6542/9857 4848/6383/9857 4972/6540/9857
f 4970/6533/9858 4968/6538/9858 4966/6174/9858
f 4967/6531/9859 4968/6538/9859 4969/6407/9859
f 3340/4332/9860 4889/4331/9860 3314/4683/9860
f 4964/6530/9861 4963/6535/9861 4967/6531/9861
f 4975/6465/9862 724/1049/9862 4904/6441/9862
f 4994/6543/9863 4968/6538/9863 4974/6534/9863
f 2849/3882/9864 4753/6248/9864 4744/3887/9864
f 3345/4336/9865 3364/4687/9865 4842/6376/9865
f 4994/6543/9866 4966/6174/9866 4968/6538/9866
f 4896/6474/9867 4971/6537/9867 4922/6541/9867
f 4790/6371/9868 4796/6404/9868 4833/6372/9868
f 4978/6544/9869 4977/6545/9869 4963/6535/9869
f 4920/6238/9870 744/851/9870 4975/6465/9870
f 4795/924/9871 4796/6404/9871 4790/6371/9871
f 4653/6231/9872 4858/6546/9872 4973/6230/9872
f 4819/6457/9873 4920/6238/9873 4975/6465/9873
f 4973/6230/9874 4858/6546/9874 4976/6421/9874
f 4889/4331/9875 3345/4336/9875 4842/6376/9875
f 4964/6530/9876 4978/6544/9876 4963/6535/9876
f 4644/6547/9877 4661/6190/9877 4676/6291/9877
f 4796/6548/9878 4977/6545/9878 4978/6544/9878
f 4980/6549/9879 4979/6550/9879 4985/6551/9879
f 4989/6552/9880 4984/6514/9880 4986/6553/9880
f 4986/6553/9881 4982/6554/9881 4985/6551/9881
f 4986/6553/9882 4984/6514/9882 4942/6511/9882
f 4980/6549/9883 4981/6555/9883 4979/6550/9883
f 4982/6554/9884 4987/6556/9884 4980/6549/9884
f 4945/6394/9885 4936/6500/9885 4678/6236/9885
f 4888/6557/9886 4947/6512/9886 4989/6552/9886
f 4986/6553/9887 4912/6475/9887 4982/6554/9887
f 4947/6512/9888 4944/6527/9888 4946/6513/9888
f 4923/6153/9889 4688/6151/9889 4922/6541/9889
f 4893/6257/9890 4671/1027/9890 4738/6420/9890
f 4738/6420/9891 605/1029/9891 4988/1057/9891
f 4856/6258/9892 4806/6415/9892 4811/6558/9892
f 4811/6558/9893 4890/6559/9893 4856/6258/9893
f 4991/6228/9894 4724/6220/9894 4695/6226/9894
f 4989/6552/9895 4985/6551/9895 4983/6560/9895
f 4982/6554/9896 4999/6227/9896 4987/6556/9896
f 4695/6226/9897 4993/6561/9897 4990/6562/9897
f 4990/6562/9898 4991/6228/9898 4695/6226/9898
f 4986/6553/9899 4985/6551/9899 4989/6552/9899
f 4941/6480/9900 4912/6475/9900 4942/6511/9900
f 4822/6509/9901 4820/6354/9901 4892/6357/9901
f 4981/6555/9902 4884/6563/9902 4979/6550/9902
f 4940/6458/9903 4946/6513/9903 4943/6529/9903
f 4940/6458/9904 4942/6511/9904 4946/6513/9904
f 4890/6456/9905 4811/6564/9905 4895/6332/9905
f 4871/3744/9906 4772/6336/9906 4651/3708/9906
f 4980/6549/9907 4985/6551/9907 4982/6554/9907
f 4797/6477/9908 4982/6554/9908 4912/6475/9908
f 4912/6475/9909 4986/6553/9909 4942/6511/9909
f 4993/6561/9910 4695/6226/9910 4901/6565/9910
f 4946/6513/9911 4944/6527/9911 4943/6529/9911
f 4989/6552/9912 4947/6512/9912 4984/6514/9912
f 4981/6555/9913 4987/6556/9913 4992/6566/9913
f 4988/1057/9914 4867/6413/9914 4826/6411/9914
f 4979/6550/9915 4983/6560/9915 4985/6551/9915
f 4671/1027/9916 605/1029/9916 4738/6420/9916
f 4990/6562/9917 4992/6566/9917 4710/6229/9917
f 4710/6229/9918 4991/6228/9918 4990/6562/9918
f 4994/6543/9919 4692/6241/9919 4996/6567/9919
f 4944/6527/9920 4947/6512/9920 4852/6568/9920
f 4907/6569/9921 4993/6561/9921 4901/6565/9921
f 4657/6184/9922 4684/6261/9922 4847/6235/9922
f 4707/6240/9923 4995/6335/9923 4996/6567/9923
f 4975/6465/9924 744/851/9924 724/1049/9924
f 4993/6561/9925 4992/6566/9925 4990/6562/9925
f 4826/6411/9926 4738/6420/9926 4988/1057/9926
f 4963/6535/9927 4977/6545/9927 4692/6241/9927
f 4847/6235/9928 4850/6395/9928 4945/6394/9928
f 4995/6335/9929 4650/6154/9929 4996/6567/9929
f 4994/6543/9930 4963/6535/9930 4692/6241/9930
f 4978/6544/9931 4837/6368/9931 4833/6366/9931
f 4981/6555/9932 4980/6549/9932 4987/6556/9932
f 4999/6227/9933 4710/6229/9933 4987/6556/9933
f 4692/6241/9934 4707/6240/9934 4996/6567/9934
f 4993/6561/9935 4981/6555/9935 4992/6566/9935
f 4966/6174/9936 4996/6567/9936 4650/6154/9936
f 4839/6378/9937 4999/6227/9937 4982/6554/9937
f 4837/6368/9938 4978/6544/9938 4964/6530/9938
f 4796/6548/9939 4978/6544/9939 4833/6366/9939
f 4998/6242/9940 4997/6405/9940 4707/6240/9940
f 4997/6405/9941 4998/6242/9941 4870/6484/9941
f 4796/6548/9942 4825/6570/9942 4977/6545/9942
f 4660/6155/9943 4650/6154/9943 4995/6335/9943
f 4998/6242/9944 4825/6570/9944 4870/6484/9944
f 4987/6556/9945 4710/6229/9945 4992/6566/9945
f 4999/6227/9946 4839/6378/9946 4838/6221/9946
f 4999/6227/9947 4724/6220/9947 4991/6228/9947
f 4974/6534/9948 4963/6535/9948 4994/6543/9948
f 5000/6203/9949 4922/6541/9949 4688/6151/9949
f 4998/6242/9950 4977/6545/9950 4825/6570/9950
f 4973/6230/9951 806/999/9951 786/996/9951
f 4670/1011/9952 4973/6230/9952 786/996/9952
f 4996/6567/9953 4966/6174/9953 4994/6543/9953
f 4894/6460/9954 4896/6474/9954 5000/6203/9954
f 4758/1025/9955 4881/6442/9955 4904/6441/9955
f 4728/6239/9956 4919/6571/9956 4653/6231/9956
f 4858/6406/9957 4919/6572/9957 4785/6360/9957
f 4668/6180/9958 4661/6190/9958 4644/6547/9958
f 5000/6203/9959 4691/1551/9959 1171/1555/9959
f 1171/1555/9960 1166/1546/9960 4859/6464/9960
f 4911/6483/9961 4843/6379/9961 4656/6382/9961
f 1166/1546/9962 4818/6347/9962 4859/6464/9962
f 5000/6203/9963 4896/6474/9963 4922/6541/9963
f 4977/6545/9964 4998/6242/9964 4692/6241/9964
f 4982/6554/9965 4797/6477/9965 4839/6378/9965
f 700/1006/9966 4758/1025/9966 724/1049/9966
f 4797/6477/9967 4914/6476/9967 4656/6382/9967
f 4786/1180/9968 806/999/9968 4973/6230/9968
f 4917/6485/9969 4656/6382/9969 4914/6476/9969
f 4785/6360/9970 4739/6515/9970 4794/6322/9970
f 4797/6477/9971 4656/6382/9971 4839/6378/9971
f 2855/3716/9972 4744/3887/9972 4871/3744/9972
f 4672/6166/9973 3180/4307/9973 4644/6263/9973
f 5000/6203/9974 1171/1555/9974 4859/6464/9974
f 4739/6515/9975 4785/6360/9975 4919/6572/9975
f 4919/6571/9976 4858/6546/9976 4653/6231/9976
f 4784/6359/9977 4858/6406/9977 4785/6360/9977
f 4919/6572/9978 4728/6519/9978 4739/6515/9978
f 1158/1804/9979 4818/6347/9979 1165/1547/9979
f 4815/6375/9980 2751/3741/9980 2627/3602/9980
f 4681/6178/9981 4683/3754/9981 2785/3753/9981
f 3484/4476/9982 3483/4474/9982 3496/2272/9982
